cell_id,h3_res,dtp_count,has_traffic_light,has_crosswalk,has_bus_stop,is_intersection,is_open_road,has_camera,poi_count_from_data,traffic_lane_amount,lane_width_m,is_multilane,distance_to_intersection_m,distance_to_crosswalk_m,distance_to_bus_stop_m,poi_count_100m,poi_count_300m,crossing_density,stop_density,speed_limit,road_class,landuse_type
88118180d3fffff,8,1,0.0,0.0,0.0,0.0,1.0,0.0,1.0,1.0,30.0,0.0,7660.564451938442,,1937.6996540289097,0.0,0.0,0.0,0.0,60.0,track,forest
8811818443fffff,8,1,0.0,0.0,0.0,0.0,1.0,0.0,1.0,1.0,56.0,0.0,4272.653137541458,,394.5879911794253,0.0,0.0,0.0,0.0,60.0,service,residential
881181844dfffff,8,1,0.0,0.0,0.0,0.0,0.0,0.0,1.0,2.0,36.5,0.0,4882.746872656435,,493.42954880172095,0.0,0.0,0.0,0.0,60.0,service,residential
881181846dfffff,8,1,0.0,0.0,0.0,0.0,1.0,0.0,0.0,2.0,34.0,0.0,7238.087683154881,,196.13056854333405,0.0,2.0,0.0,2.0,60.0,unclassified,forest
8811818551fffff,8,1,0.0,0.0,0.0,0.0,1.0,0.0,1.0,2.0,30.0,0.0,7700.009289646475,,675.6248018860239,0.0,0.0,0.0,0.0,60.0,track_grade4,farmland
881181860bfffff,8,1,0.0,0.0,1.0,1.0,0.0,0.0,2.0,2.0,37.0,0.0,2113.7883947425953,,377.1786810133576,0.0,0.0,0.0,0.0,60.0,track,forest
8811818611fffff,8,1,0.0,0.0,1.0,1.0,0.0,0.0,2.0,4.0,18.5,1.0,484.8755419544614,,412.330533457376,0.0,0.0,0.0,0.0,60.0,path,forest
8811818617fffff,8,7,0.0,0.0,0.2857142857142857,0.7142857142857143,0.2857142857142857,0.0,1.1428571428571428,3.4285714285714284,40.32142857142857,0.7142857142857143,364.7199407324203,,328.7240938569921,0.0,0.0,0.0,0.0,60.0,service,farmland
8811818627fffff,8,2,0.0,0.0,0.0,0.0,1.0,0.0,0.5,2.0,36.0,0.0,4464.946258410235,,435.10236185820287,0.0,0.0,0.0,0.0,50.0,tertiary,farmland
8811818631fffff,8,1,0.0,0.0,0.0,0.0,1.0,0.0,1.0,2.0,33.5,0.0,2109.8797387194645,,802.9120694142539,0.0,0.0,0.0,0.0,60.0,service,forest
8811818635fffff,8,2,0.0,0.0,0.5,0.5,0.5,0.0,2.0,2.0,74.25,0.0,3032.011774077658,,242.65567092780302,0.0,2.0,0.0,2.0,60.0,service,forest
8811818645fffff,8,1,0.0,0.0,1.0,0.0,1.0,0.0,3.0,2.0,48.0,0.0,910.1833299768325,,222.52736344024956,0.0,2.0,0.0,2.0,60.0,footway,forest
8811818647fffff,8,1,0.0,0.0,0.0,1.0,0.0,0.0,1.0,5.0,40.0,1.0,1803.6907790347911,,457.12651333573905,0.0,0.0,0.0,0.0,70.0,primary,farmland
8811818681fffff,8,3,0.0,0.0,0.3333333333333333,1.0,0.0,0.0,0.6666666666666666,3.3333333333333335,30.5,0.6666666666666666,324.5018540510855,,301.24632476533844,0.0,0.0,0.0,0.0,90.0,primary,forest
8811818683fffff,8,1,0.0,0.0,1.0,0.0,0.0,0.0,1.0,2.0,34.5,0.0,385.7165914011179,,353.1395371458892,0.0,0.0,0.0,0.0,90.0,trunk,forest
881181868bfffff,8,13,0.0,0.0,0.23076923076923078,0.6153846153846154,0.3076923076923077,0.0,1.0769230769230769,3.076923076923077,43.32692307692308,0.5384615384615384,381.71314590595625,,229.66697666538073,0.0,1.0,0.0,1.0,60.0,service,forest
881181868dfffff,8,1,0.0,0.0,1.0,1.0,1.0,0.0,3.0,4.0,37.0,1.0,285.8842857084657,,253.0035575553182,0.0,3.0,0.0,1.0,60.0,residential,residential
8811818691fffff,8,8,0.0,0.0,0.25,0.25,0.375,0.0,1.0,3.625,35.9,0.75,307.44318889072713,,306.21583492123983,0.0,0.0,0.0,0.0,60.0,service,industrial
8811818693fffff,8,2,0.0,0.0,0.0,0.0,0.5,0.0,1.0,3.0,36.75,0.5,624.3708719957189,,546.5781635801991,0.0,0.0,0.0,0.0,60.0,service,farmland
8811818697fffff,8,1,0.0,0.0,1.0,0.0,1.0,0.0,3.0,4.0,41.0,1.0,461.6103833668457,,452.21839704393483,0.0,0.0,0.0,0.0,60.0,track,forest
881181869dfffff,8,3,0.0,0.0,0.3333333333333333,0.0,0.6666666666666666,0.0,0.6666666666666666,2.6666666666666665,42.333333333333336,0.3333333333333333,797.172851498814,,766.8824009881502,0.0,0.0,0.0,0.0,60.0,residential,residential
88118186b1fffff,8,3,0.0,0.0,0.0,0.0,1.0,0.0,0.0,2.0,37.0,0.0,2091.378259974652,,344.86831904990373,0.0,0.0,0.0,0.0,90.0,unclassified,farmland
88118186b9fffff,8,2,0.0,0.0,0.0,0.0,1.0,0.0,0.0,3.0,34.0,0.5,1248.088552032367,,1090.5067741447083,0.0,0.0,0.0,0.0,60.0,unclassified,forest
88118186c3fffff,8,1,0.0,0.0,0.0,0.0,0.0,0.0,1.0,1.0,30.0,0.0,1340.715086599252,,738.6133508993255,0.0,0.0,0.0,0.0,60.0,service,allotments
88118186d5fffff,8,2,0.0,0.0,0.0,0.0,0.5,0.0,0.0,2.0,38.5,0.0,1243.963656270873,,948.7567874373957,0.0,0.0,0.0,0.0,90.0,trunk,forest
88118186d7fffff,8,2,0.0,0.0,0.0,0.0,1.0,0.0,0.0,3.0,40.5,0.5,1194.2048076582578,,1081.8814344521227,0.0,0.0,0.0,0.0,60.0,unclassified,forest
88118186ebfffff,8,3,0.0,0.0,0.3333333333333333,0.3333333333333333,0.6666666666666666,0.0,1.0,4.0,23.75,1.0,658.4916315012468,,380.42315559063337,0.0,0.0,0.0,0.0,60.0,residential,forest
8811818721fffff,8,1,0.0,0.0,1.0,1.0,0.0,0.0,3.0,2.0,37.0,0.0,8522.19909554334,,660.8947983242359,0.0,0.0,0.0,0.0,60.0,tertiary,residential
8811818755fffff,8,1,0.0,0.0,1.0,0.0,0.0,0.0,2.0,2.0,37.0,0.0,4591.140457530364,,287.6740529598179,0.0,1.0,0.0,1.0,60.0,service,forest
8811819029fffff,8,1,0.0,0.0,0.0,0.0,1.0,0.0,1.0,2.0,37.5,0.0,6364.768898482129,,132.00335809796866,0.0,1.0,0.0,1.0,60.0,residential,residential
8811819051fffff,8,4,0.0,0.0,0.0,0.0,1.0,0.0,0.75,1.75,46.5,0.0,3784.3767415703223,,428.6221740968781,0.0,0.0,0.0,0.0,60.0,service,forest
8811819053fffff,8,1,,,0.0,0.0,1.0,0.0,0.0,2.0,36.0,0.0,,,,,,,,,,
8811819057fffff,8,1,0.0,0.0,1.0,0.0,1.0,0.0,3.0,2.0,37.0,0.0,3377.456822209509,,503.0112859890021,0.0,0.0,0.0,0.0,40.0,trunk,forest
881181905dfffff,8,2,0.0,0.0,0.0,0.0,1.0,0.0,0.0,2.0,20.5,0.0,4670.1013900394355,,1253.4016204270556,0.0,0.0,0.0,0.0,60.0,service,allotments
8811819099fffff,8,2,0.0,0.0,0.0,0.0,1.0,0.0,0.0,2.0,43.5,0.0,3072.2006539643203,,224.55619400551439,0.0,1.0,0.0,1.0,60.0,service,forest
88118190a5fffff,8,1,0.0,0.0,0.0,0.0,1.0,0.0,0.0,1.0,41.0,0.0,4858.439278488789,,1598.9654237283592,0.0,0.0,0.0,0.0,60.0,unclassified,farmland
88118190c1fffff,8,1,0.0,0.0,1.0,0.0,1.0,0.0,2.0,2.0,37.0,0.0,327.2205799885412,,291.4370838503179,0.0,2.0,0.0,2.0,60.0,service,forest
88118190c3fffff,8,1,0.0,0.0,0.0,0.0,1.0,0.0,0.0,2.0,55.0,0.0,505.1295535714652,,248.40201629508925,0.0,2.0,0.0,2.0,60.0,footway,forest
88118190cdfffff,8,1,0.0,0.0,1.0,0.0,0.0,0.0,1.0,2.0,35.0,0.0,735.7498119125204,,398.66697780859766,0.0,0.0,0.0,0.0,60.0,footway,forest
88118190d5fffff,8,1,0.0,0.0,1.0,0.0,1.0,0.0,1.0,2.0,35.0,0.0,1365.8989743680954,,151.72428319186432,0.0,2.0,0.0,2.0,60.0,footway,forest
88118190d7fffff,8,1,0.0,0.0,0.0,0.0,0.0,0.0,1.0,2.0,40.0,0.0,2251.9792791732802,,120.47105262556131,0.0,2.0,0.0,2.0,60.0,footway,forest
88118190e5fffff,8,1,0.0,0.0,0.0,0.0,1.0,0.0,1.0,1.0,40.0,0.0,3480.708731804992,,619.402736719527,0.0,0.0,0.0,0.0,60.0,unclassified,farmland
881181928dfffff,8,1,0.0,0.0,0.0,0.0,1.0,0.0,0.0,1.0,42.0,0.0,3989.710133833844,,3056.624878511571,0.0,0.0,0.0,0.0,60.0,path,forest
88118192a7fffff,8,2,0.0,0.0,0.5,0.0,1.0,0.0,1.0,2.0,51.75,0.0,1189.0969194210545,,451.407441698645,0.0,0.0,0.0,0.0,60.0,service,farmland
8811819405fffff,8,5,0.0,0.0,0.2,0.2,0.4,0.0,0.8,2.4,45.96666666666667,0.0,272.2936752348832,,263.72600370286676,0.0,4.0,0.0,3.0,60.0,path,forest
8811819407fffff,8,2,0.0,0.0,0.0,1.0,0.0,0.0,1.0,2.5,43.083333333333336,0.0,607.4080861851825,,14.875690797566584,2.0,2.0,0.0,2.0,60.0,trunk,residential
881181940dfffff,8,1,0.0,0.0,0.0,0.0,1.0,0.0,1.0,2.0,37.0,0.0,1085.6605402972518,,617.8234068689881,0.0,0.0,0.0,0.0,60.0,footway,forest
8811819411fffff,8,2,0.0,0.0,0.5,0.0,0.5,0.0,1.0,3.0,48.75,0.5,2215.581436921223,,242.51872191247847,0.0,2.0,0.0,2.0,60.0,service,farmland
8811819415fffff,8,1,0.0,0.0,0.0,0.0,0.0,0.0,0.0,4.0,35.0,1.0,2186.1515081569655,,216.21228122767562,0.0,2.0,0.0,2.0,60.0,service,allotments
8811819423fffff,8,3,0.0,0.0,0.3333333333333333,0.0,0.6666666666666666,0.0,1.3333333333333333,1.6666666666666667,53.333333333333336,0.0,113.90139039186344,,82.64915721908571,1.0,5.0,0.0,4.0,60.0,footway,grass
8811819429fffff,8,2,0.0,0.0,0.5,0.0,0.5,0.0,1.5,2.0,217.5,0.0,756.4793586708771,,376.0251616110641,0.0,0.0,0.0,0.0,60.0,service,residential
881181942bfffff,8,1,0.0,0.0,0.0,0.0,1.0,0.0,0.0,2.0,35.0,0.0,567.954504760004,,542.8597781104614,0.0,0.0,0.0,0.0,60.0,tertiary,forest
8811819433fffff,8,1,0.0,0.0,0.0,0.0,0.0,0.0,1.0,2.0,35.0,0.0,2436.5494773480254,,565.5030923695919,0.0,0.0,0.0,0.0,60.0,service,farmyard
8811819435fffff,8,1,0.0,0.0,0.0,0.0,1.0,0.0,3.0,2.0,25.0,0.0,872.3022178662636,,249.6090133262846,0.0,1.0,0.0,1.0,60.0,residential,residential
8811819441fffff,8,1,0.0,0.0,0.0,0.0,1.0,0.0,1.0,2.0,31.5,0.0,2801.537192763581,,224.25965217706164,0.0,2.0,0.0,2.0,60.0,service,forest
8811819453fffff,8,1,0.0,0.0,0.0,0.0,1.0,0.0,0.0,2.0,26.0,0.0,3157.507440728414,,1967.152924358802,0.0,0.0,0.0,0.0,60.0,unclassified,allotments
88118194c1fffff,8,2,0.0,0.0,0.0,0.5,0.0,0.0,1.5,4.0,36.375,1.0,389.67063782899294,,409.70360937642846,0.0,0.0,0.0,0.0,60.0,service,industrial
88118194c5fffff,8,2,0.0,0.0,0.5,0.0,0.5,0.0,1.5,2.0,33.5,0.0,561.1901147505175,,450.21673551216423,0.0,0.0,0.0,0.0,60.0,track,farmland
88118194cbfffff,8,1,0.0,0.0,0.0,0.0,1.0,0.0,1.0,2.0,33.0,0.0,798.0358240476215,,677.6768833082449,0.0,0.0,0.0,0.0,60.0,service,forest
88118194d1fffff,8,1,0.0,0.0,0.0,0.0,1.0,0.0,0.0,2.0,5.0,0.0,987.9028274873103,,546.0934462587896,0.0,0.0,0.0,0.0,60.0,tertiary,farmland
88118194d3fffff,8,2,0.0,0.0,0.0,0.5,1.0,0.0,1.0,2.0,38.5,0.0,139.07940754641294,,92.86692783469823,1.0,6.0,0.0,3.0,60.0,trunk,farmland
88118194ddfffff,8,2,0.0,0.0,0.0,0.0,0.5,0.0,0.0,3.0,46.25,0.5,1202.249637115284,,325.5427755328418,0.0,0.0,0.0,0.0,60.0,tertiary,farmland
8811819511fffff,8,1,0.0,0.0,0.0,0.0,1.0,0.0,1.0,4.0,35.5,1.0,919.964416812889,,687.7976181174728,0.0,0.0,0.0,0.0,60.0,service,forest
8811819513fffff,8,2,0.0,0.0,0.0,0.5,0.0,0.0,1.0,3.0,61.875,0.5,294.06736434096047,,106.5341422626026,0.0,3.0,0.0,2.0,60.0,residential,grass
881181951dfffff,8,1,0.0,0.0,0.0,0.0,1.0,0.0,0.0,2.0,45.0,0.0,1327.6941656364174,,610.9500740444963,0.0,0.0,0.0,0.0,60.0,path,forest
8811819521fffff,8,1,0.0,0.0,0.0,0.0,1.0,0.0,0.0,2.0,40.0,0.0,3691.0511319779403,,432.55774610316246,0.0,0.0,0.0,0.0,60.0,service,residential
8811819527fffff,8,2,0.0,0.0,0.0,0.5,1.0,0.0,1.0,2.0,38.0,0.0,4394.552073950838,,211.34849120741708,0.0,2.0,0.0,2.0,60.0,service,forest
8811819529fffff,8,1,0.0,0.0,0.0,0.0,1.0,0.0,0.0,2.0,37.5,0.0,2929.464618780012,,532.8477667980059,0.0,0.0,0.0,0.0,60.0,track,forest
881181952bfffff,8,1,0.0,0.0,0.0,0.0,1.0,0.0,0.0,1.0,45.0,0.0,2842.3811540709944,,522.5987206383967,0.0,0.0,0.0,0.0,60.0,unclassified,residential
8811819543fffff,8,3,0.0,0.0,0.0,0.0,0.6666666666666666,0.0,0.0,2.0,39.5,0.0,535.2679024692894,,29.7534780733583,2.0,2.0,0.0,2.0,5.0,service,forest
8811819547fffff,8,1,0.0,0.0,0.0,0.0,1.0,0.0,0.0,2.0,42.0,0.0,598.8690747210999,,857.9877764359344,0.0,0.0,0.0,0.0,70.0,secondary,forest
881181954dfffff,8,4,0.0,0.0,0.25,0.0,0.75,0.0,0.5,2.0,44.375,0.0,1292.5645482555274,,535.6378944610118,0.0,0.0,0.0,0.0,60.0,residential,forest
881181955bfffff,8,1,0.0,0.0,0.0,1.0,0.0,0.0,1.0,2.0,37.0,0.0,2059.5040381167187,,423.4476033981833,0.0,0.0,0.0,0.0,60.0,path,farmland
881181958bfffff,8,1,0.0,0.0,0.0,0.0,1.0,0.0,1.0,3.0,60.666666666666664,0.0,113.63762932781896,,87.57559609537485,1.0,5.0,0.0,3.0,60.0,footway,allotments
8811819591fffff,8,1,0.0,0.0,1.0,1.0,0.0,0.0,2.0,4.0,36.0,1.0,865.8075211456269,,74.18332822583555,1.0,2.0,0.0,2.0,70.0,primary,forest
8811819593fffff,8,1,1.0,0.0,0.0,1.0,0.0,0.0,1.0,2.0,50.0,0.0,60.548329459251825,,50.41232822547422,3.0,4.0,0.0,2.0,60.0,service,residential
88118195c5fffff,8,1,0.0,0.0,0.0,0.0,1.0,0.0,1.0,3.0,40.0,0.0,549.6697183425575,,373.0289283733517,0.0,0.0,0.0,0.0,60.0,service,residential
88118195c7fffff,8,7,0.0,0.0,0.14285714285714285,0.7142857142857143,0.14285714285714285,0.0,1.0,2.4285714285714284,54.48571428571428,0.14285714285714285,430.1824160603248,,128.24160874366646,0.0,2.0,0.0,2.0,60.0,primary,residential
88118195c9fffff,8,2,0.0,0.0,0.0,0.5,0.5,0.0,1.0,2.0,36.5,0.0,751.5601674494395,,179.09845703831132,0.0,2.0,0.0,2.0,60.0,path,residential
88118195e3fffff,8,1,0.0,0.0,0.0,0.0,1.0,0.0,0.0,2.0,36.0,0.0,1792.6754602911699,,1116.261867262805,0.0,0.0,0.0,0.0,60.0,tertiary,forest
881181961bfffff,8,1,0.0,0.0,0.0,0.0,1.0,0.0,0.0,1.0,42.0,0.0,7229.431723465134,,4282.977817708548,0.0,0.0,0.0,0.0,60.0,unclassified,scrub
881181962dfffff,8,1,0.0,0.0,0.0,0.0,1.0,0.0,0.0,2.0,30.0,0.0,5600.701252252489,,534.9650726538576,0.0,0.0,0.0,0.0,60.0,track,forest
8811819693fffff,8,2,0.0,0.0,0.0,0.0,0.0,0.0,1.0,1.5,58.5,0.0,1477.0548482445065,,309.9089403589651,0.0,0.0,0.0,0.0,60.0,path,forest
88118196adfffff,8,1,0.0,0.0,0.0,0.0,1.0,0.0,0.0,2.0,28.0,0.0,3096.1411049791172,,2558.865588454084,0.0,0.0,0.0,0.0,60.0,track,forest
8811819737fffff,8,1,0.0,0.0,1.0,0.0,1.0,0.0,2.0,3.0,38.666666666666664,0.0,1834.3672325753064,,312.16868753943953,0.0,0.0,0.0,0.0,90.0,unclassified,industrial
881181b043fffff,8,1,0.0,0.0,0.0,0.0,1.0,0.0,0.0,2.0,37.0,0.0,523.4555930967316,,545.0947308420409,0.0,0.0,0.0,0.0,60.0,unclassified,residential
881181b04bfffff,8,2,0.0,0.0,1.0,0.0,0.5,0.0,2.5,2.0,48.0,0.0,904.3177426885511,,71.86076827294389,1.0,2.0,0.0,2.0,60.0,service,allotments
881181b053fffff,8,1,0.0,0.0,0.0,0.0,0.0,0.0,1.0,1.0,62.0,0.0,379.89613522944336,,202.85647142792197,0.0,2.0,0.0,2.0,60.0,service,allotments
881181b055fffff,8,1,0.0,0.0,1.0,0.0,0.0,0.0,2.0,2.0,42.0,0.0,593.22812812677,,104.39001614259783,0.0,3.0,0.0,3.0,60.0,service,residential
881181b05dfffff,8,2,0.0,0.0,0.5,0.0,0.0,0.0,1.5,2.0,39.0,0.0,454.9468775487155,,454.2949400055092,0.0,0.0,0.0,0.0,60.0,footway,meadow
881181b20bfffff,8,2,0.0,0.0,0.0,0.0,1.0,0.0,0.0,2.0,38.0,0.0,461.05387325349875,,418.2662807323584,0.0,0.0,0.0,0.0,60.0,track,farmland
881181b213fffff,8,1,0.0,0.0,1.0,0.0,0.0,0.0,2.0,3.0,41.0,0.0,798.6254408111494,,187.14887616806476,0.0,4.0,0.0,4.0,60.0,service,residential
881181b219fffff,8,1,0.0,0.0,0.0,0.0,1.0,0.0,1.0,2.0,50.0,0.0,1181.336543078676,,162.7197372548291,0.0,1.0,0.0,1.0,60.0,service,residential
881181b21dfffff,8,1,0.0,0.0,0.0,1.0,0.0,0.0,1.0,5.0,36.4,1.0,431.0981420210579,,332.4683295717262,0.0,0.0,0.0,0.0,60.0,path,meadow
881181b255fffff,8,1,0.0,0.0,0.0,0.0,1.0,0.0,0.0,2.0,27.0,0.0,1113.694260371965,,460.6557507012971,0.0,0.0,0.0,0.0,60.0,track_grade3,forest
881181b257fffff,8,1,0.0,0.0,0.0,0.0,1.0,0.0,1.0,2.0,37.0,0.0,718.0459481485221,,410.0456231428319,0.0,0.0,0.0,0.0,60.0,secondary,industrial
881181b283fffff,8,7,0.0,0.0,0.2857142857142857,0.14285714285714285,0.2857142857142857,0.0,1.5714285714285714,1.8571428571428572,48.714285714285715,0.0,324.5445336317812,,216.9189974704917,0.0,3.0,0.0,3.0,60.0,residential,residential
881181b287fffff,8,1,0.0,0.0,1.0,0.0,0.0,0.0,1.0,2.0,60.5,0.0,323.00053935596344,,123.36535199309708,0.0,2.0,0.0,2.0,60.0,service,residential
881181b289fffff,8,7,0.0,0.0,0.2857142857142857,0.5714285714285714,0.2857142857142857,0.0,1.5714285714285714,3.7142857142857144,33.82142857142857,0.8571428571428571,409.9250425328729,,411.3384870596611,0.0,0.0,0.0,0.0,60.0,residential,residential
881181b28bfffff,8,3,0.0,0.0,0.0,0.3333333333333333,0.3333333333333333,0.0,1.0,1.3333333333333333,48.0,0.0,243.42712597269028,,244.04871212813586,0.0,4.0,0.0,2.0,60.0,unclassified,forest
881181b291fffff,8,2,0.0,0.0,1.0,1.0,0.0,0.0,2.5,2.0,45.0,0.0,399.2134059777684,,385.1603970402665,0.0,0.0,0.0,0.0,60.0,service,industrial
881181b293fffff,8,1,0.0,0.0,1.0,0.0,1.0,0.0,1.0,4.0,38.25,1.0,1013.6687276536213,,154.77749769824402,0.0,2.0,0.0,2.0,40.0,tertiary,grass
881181b295fffff,8,14,0.0,0.0,0.07142857142857142,0.21428571428571427,0.0,0.0,1.4285714285714286,1.5714285714285714,60.15384615384615,0.0,308.07876076859253,,241.02426656240567,0.0,3.0,0.0,3.0,60.0,footway,residential
881181b297fffff,8,7,0.0,0.0,0.42857142857142855,0.2857142857142857,0.7142857142857143,0.0,1.5714285714285714,4.0,37.42857142857143,0.7142857142857143,483.73822366702797,,110.54620364729688,0.0,3.0,0.0,3.0,60.0,footway,residential
881181b29dfffff,8,10,0.0,0.0,0.1,0.6,0.4,0.0,1.3,3.8,38.99166666666667,0.8,101.73521250957948,,128.93015877730522,0.0,7.0,0.0,3.0,60.0,unclassified,industrial
881181b2abfffff,8,1,0.0,0.0,0.0,0.0,0.0,0.0,1.0,1.0,75.0,0.0,196.4501356011532,,169.7702294932959,0.0,6.0,0.0,4.0,60.0,service,industrial
881181b2adfffff,8,1,0.0,0.0,0.0,0.0,0.0,0.0,1.0,2.0,39.0,0.0,127.90735337833138,,163.75370046347007,0.0,3.0,0.0,2.0,60.0,service,residential
881181b2b1fffff,8,5,0.0,0.0,0.0,0.2,0.4,0.0,0.6,1.8,50.8,0.0,657.2133205819788,,562.9463487510989,0.0,0.0,0.0,0.0,60.0,service,commercial
881181b2b3fffff,8,4,0.0,0.0,0.25,0.25,0.25,0.0,2.0,2.0,59.375,0.25,569.720179280903,,108.99136210448233,0.0,3.0,0.0,3.0,60.0,footway,park
881181b2b9fffff,8,2,0.0,0.0,0.0,0.5,0.5,0.0,1.0,2.5,38.33333333333333,0.0,310.6966639552226,,213.12900539047496,0.0,3.0,0.0,3.0,60.0,service,industrial
881181b2bbfffff,8,13,0.0,0.0,0.38461538461538464,0.23076923076923078,0.3076923076923077,0.0,1.8461538461538463,3.8461538461538463,33.61538461538461,0.6153846153846154,296.19873456341713,,231.33288276697562,0.0,4.0,0.0,3.0,60.0,footway,residential
881181b2bdfffff,8,5,0.0,0.0,0.2,0.2,0.6,0.0,1.2,3.8,36.2,0.4,185.6294199464406,,310.02105980689686,0.0,3.0,0.0,0.0,60.0,footway,industrial
881181b2c1fffff,8,2,0.0,0.0,0.0,0.0,0.5,0.0,1.0,2.0,38.5,0.0,647.62586601374,,180.54383982295434,0.0,2.0,0.0,2.0,60.0,residential,allotments
881181b2c3fffff,8,1,0.0,0.0,0.0,0.0,0.0,0.0,1.0,2.0,29.5,0.0,261.90708967753466,,97.97040792250793,1.0,4.0,0.0,3.0,60.0,service,residential
881181b2c5fffff,8,1,0.0,0.0,0.0,0.0,1.0,0.0,1.0,2.0,43.0,0.0,184.4078289572591,,223.45471655992736,0.0,3.0,0.0,2.0,60.0,service,residential
881181b2c7fffff,8,4,0.0,0.0,0.25,0.0,0.5,0.0,1.0,2.75,45.5625,0.5,220.6671169712411,,229.66497324576585,0.0,5.0,0.0,3.0,60.0,service,residential
881181b2d1fffff,8,5,0.0,0.0,0.4,0.4,0.2,0.0,1.2,3.4,41.9,0.8,418.2004433360409,,221.93598236513554,0.0,2.0,0.0,2.0,60.0,track,residential
881181b2d5fffff,8,11,0.0,0.0,0.2727272727272727,0.8181818181818182,0.18181818181818182,0.0,2.090909090909091,4.090909090909091,40.71818181818182,0.8181818181818182,351.75975882558015,,262.48618377971667,0.0,1.0,0.0,1.0,60.0,tertiary,forest
881181b2d7fffff,8,5,0.0,0.0,0.6,0.4,0.6,0.0,1.2,3.6,37.85,0.8,118.76734751279203,,164.2041254836191,0.0,3.0,0.0,2.0,50.0,secondary,forest
881181b2d9fffff,8,6,0.0,0.0,0.0,0.5,0.5,0.0,1.0,4.166666666666667,39.833333333333336,0.8333333333333334,283.69261548735665,,269.166989819905,0.0,3.0,0.0,1.0,60.0,service,military
881181b2dbfffff,8,1,0.0,0.0,0.0,0.0,1.0,0.0,2.0,5.0,42.0,1.0,710.4005644850233,,595.4729448015748,0.0,0.0,0.0,0.0,60.0,track,residential
881181b2e1fffff,8,2,0.0,0.0,0.0,0.0,0.5,0.0,1.0,2.0,35.0,0.0,272.7425159614696,,184.54885447455933,0.0,4.0,0.0,2.0,60.0,service,residential
881181b2e3fffff,8,1,0.0,0.0,0.0,0.0,0.0,0.0,1.0,2.0,35.0,0.0,312.9040094230215,,237.21837360607213,0.0,2.0,0.0,2.0,60.0,service,forest
881181b2e5fffff,8,1,0.0,0.0,0.0,0.0,1.0,0.0,1.0,1.0,44.0,0.0,825.1630042600759,,677.1032013626225,0.0,0.0,0.0,0.0,60.0,residential,residential
881181b2e7fffff,8,4,0.0,0.0,0.25,0.75,0.0,0.0,1.5,1.75,43.375,0.0,798.7731004056918,,164.63833561864206,0.0,4.0,0.0,4.0,60.0,footway,residential
881181b2e9fffff,8,1,0.0,0.0,0.0,0.0,1.0,0.0,1.0,1.0,70.0,0.0,714.6291656658512,,671.5968884959722,0.0,0.0,0.0,0.0,60.0,residential,forest
881181b2ebfffff,8,2,0.0,0.0,0.0,0.5,0.5,0.0,0.5,2.0,39.0,0.0,357.14623130219076,,294.62743465728084,0.0,1.0,0.0,1.0,60.0,service,industrial
881181b301fffff,8,2,0.0,0.0,0.0,0.0,0.0,0.0,0.0,5.0,42.66666666666667,1.0,1223.5688696515733,,687.7419821507817,0.0,0.0,0.0,0.0,60.0,track,forest
881181b345fffff,8,8,0.0,0.0,0.0,0.625,0.125,0.0,1.375,3.375,98.07291666666667,0.625,204.0039643302491,,251.84878852170434,0.0,7.0,0.0,1.0,90.0,secondary,farmland
881181b347fffff,8,4,0.0,0.0,0.75,0.5,0.25,0.0,1.75,4.0,51.9375,1.0,284.1405352140261,,268.1055315445342,0.0,3.0,0.0,1.0,60.0,service,farmland
881181b34dfffff,8,2,0.0,0.0,0.0,0.0,0.5,0.0,0.5,2.0,38.75,0.0,1066.6856501533389,,541.668260555902,0.0,0.0,0.0,0.0,90.0,secondary,farmland
881181b413fffff,8,3,0.0,0.0,0.0,0.0,1.0,0.0,2.3333333333333335,4.666666666666667,36.166666666666664,1.0,1280.5670850124038,,92.52897329098131,1.0,4.0,0.0,4.0,60.0,service,residential
881181b419fffff,8,16,,,0.125,0.0,0.8125,0.0,1.3125,5.625,38.55,1.0,,,,,,,,,,
881181b41bfffff,8,17,0.0,0.0,0.35294117647058826,0.17647058823529413,0.7647058823529411,0.0,2.411764705882353,5.0588235294117645,37.76274509803922,0.8823529411764706,1113.352577174923,,127.1394347799981,0.0,2.0,0.0,2.0,60.0,path,park
881181b443fffff,8,21,,,0.38095238095238093,0.0,0.9047619047619048,0.0,2.0476190476190474,5.571428571428571,37.66643990929705,1.0,,,,,,,,,,
881181b449fffff,8,16,0.0,0.0,0.0,0.1875,0.8125,0.0,1.0,4.75,40.90833333333333,0.875,562.673841100849,,495.3885711123366,0.0,0.0,0.0,0.0,60.0,path,farmland
881181b44bfffff,8,19,0.0,0.0,0.21052631578947367,0.0,0.7894736842105263,0.0,1.5263157894736843,3.8421052631578947,53.98947368421052,0.631578947368421,590.7881463073987,,75.85174929643061,1.0,4.0,0.0,4.0,60.0,footway,residential
881181b451fffff,8,16,0.0,0.0,0.4375,0.3125,0.25,0.0,2.1875,2.4375,54.68125,0.3125,409.83409408409295,,147.69965371800802,0.0,5.0,0.0,5.0,60.0,service,residential
881181b455fffff,8,37,0.0,0.0,0.24324324324324326,0.16216216216216217,0.5675675675675675,0.0,2.108108108108108,4.594594594594595,45.836036036036035,0.8108108108108109,264.7477642515175,,368.52801937298176,0.0,1.0,0.0,0.0,60.0,trunk,forest
881181b457fffff,8,24,,,0.2916666666666667,0.0,0.9583333333333334,0.0,1.8333333333333333,5.125,41.02361111111111,0.9166666666666666,,,,,,,,,trunk,
881181b459fffff,8,23,0.0,0.0,0.2608695652173913,0.13043478260869565,0.34782608695652173,0.0,2.0434782608695654,4.173913043478261,67.41925465838509,0.5217391304347826,594.466770230257,,181.34041757682803,0.0,4.0,0.0,4.0,60.0,footway,residential
881181b45dfffff,8,26,0.0,0.0,0.5384615384615384,0.4230769230769231,0.3076923076923077,0.0,2.6538461538461537,3.730769230769231,65.12820512820512,0.6153846153846154,120.9221427316815,,47.52239446449136,1.0,6.0,0.0,5.0,60.0,service,residential
881181b499fffff,8,21,0.0,0.0,0.047619047619047616,0.0,0.5714285714285714,0.0,1.2857142857142858,5.0,39.668253968253964,0.9047619047619048,1059.8578620309938,,336.28645510103763,0.0,0.0,0.0,0.0,60.0,footway,farmland
881181b49bfffff,8,10,0.0,0.0,0.2,0.1,0.7,0.0,3.7,5.2,43.019999999999996,1.0,1758.3662156714595,,296.54116457402745,0.0,1.0,0.0,1.0,60.0,service,industrial
881181b4c1fffff,8,11,0.0,0.0,0.2727272727272727,0.0,0.9090909090909091,0.0,1.4545454545454546,4.636363636363637,39.86060606060606,0.9090909090909091,755.0809741880204,,124.37498225710505,0.0,4.0,0.0,4.0,60.0,service,forest
881181b4c3fffff,8,23,0.0,0.0,0.34782608695652173,0.0,0.7391304347826086,0.0,1.6956521739130435,4.086956521739131,52.67971014492754,0.7391304347826086,949.1303660874527,,245.08959118544112,0.0,4.0,0.0,4.0,60.0,path,forest
881181b4c9fffff,8,30,0.0,0.0,0.3333333333333333,0.16666666666666666,0.26666666666666666,0.0,2.3333333333333335,3.3333333333333335,42.945,0.6333333333333333,129.51323049250496,,55.9873937561492,1.0,5.0,0.0,4.0,60.0,service,residential
881181b4cbfffff,8,22,0.0,0.0,0.5,0.36363636363636365,0.18181818181818182,0.0,2.6818181818181817,2.727272727272727,52.33333333333333,0.4090909090909091,200.72851633481147,,52.68148411185204,2.0,9.0,0.0,8.0,60.0,footway,residential
881181b4cdfffff,8,22,0.0,0.0,0.045454545454545456,0.09090909090909091,0.9545454545454546,0.0,1.5,5.136363636363637,37.06774891774892,0.9545454545454546,868.2065446621843,,421.12129249003107,0.0,0.0,0.0,0.0,60.0,service,grass
881181b4d1fffff,8,9,0.0,0.0,0.2222222222222222,0.3333333333333333,0.7777777777777778,0.0,1.7777777777777777,4.666666666666667,41.5,0.6666666666666666,438.38021595772875,,396.7567234706403,0.0,0.0,0.0,0.0,60.0,service,forest
881181b4d3fffff,8,10,0.0,0.0,0.3,0.1,0.5,0.0,1.7,1.5,108.15,0.0,544.0194743010511,,211.17660196378947,0.0,1.0,0.0,1.0,60.0,unclassified,retail
881181b4d5fffff,8,13,0.0,0.0,0.38461538461538464,0.0,1.0,0.0,1.0769230769230769,5.076923076923077,39.76923076923077,1.0,1056.9585453562424,,186.52762613791037,0.0,2.0,0.0,2.0,100.0,trunk,farmland
881181b4d7fffff,8,13,0.0,0.0,0.0,0.15384615384615385,0.7692307692307693,0.0,1.5384615384615385,4.6923076923076925,41.2,0.8461538461538461,563.6048104921765,,447.88103979530126,0.0,0.0,0.0,0.0,60.0,primary_link,farmland
881181b4d9fffff,8,19,0.0,0.0,0.3684210526315789,0.5263157894736842,0.21052631578947367,0.0,2.3684210526315788,2.8947368421052633,55.18671679197995,0.3684210526315789,276.2482320963177,,160.0166494085712,0.0,8.0,0.0,7.0,60.0,footway,residential
881181b4dbfffff,8,2,0.0,0.0,0.0,0.5,0.0,0.0,3.0,2.5,70.25,0.5,557.6323189737745,,458.6209547713929,0.0,0.0,0.0,0.0,60.0,unclassified,forest
881181b4ddfffff,8,17,0.0,0.0,0.47058823529411764,0.0,0.058823529411764705,0.0,1.9411764705882353,2.4705882352941178,80.22058823529412,0.4117647058823529,193.23966400313466,,156.77337533526767,0.0,5.0,0.0,4.0,60.0,service,industrial
881181b601fffff,8,7,1.0,0.0,0.42857142857142855,0.2857142857142857,0.42857142857142855,0.0,2.857142857142857,3.4285714285714284,55.857142857142854,0.5714285714285714,93.50662420863844,,104.04365013588469,1.0,5.0,0.0,4.0,60.0,steps,forest
881181b603fffff,8,6,0.0,0.0,0.0,0.0,0.5,0.0,1.3333333333333333,3.3333333333333335,37.583333333333336,0.6666666666666666,547.3716467159035,,539.3040686536831,0.0,0.0,0.0,0.0,60.0,service,industrial
881181b605fffff,8,2,0.0,0.0,0.5,0.5,0.5,0.0,1.5,2.0,58.5,0.0,416.18752868640854,,398.9740124924241,0.0,0.0,0.0,0.0,60.0,path,industrial
881181b607fffff,8,1,0.0,0.0,1.0,0.0,1.0,0.0,2.0,2.0,41.0,0.0,505.32150223264614,,219.55343006942388,0.0,2.0,0.0,2.0,60.0,service,industrial
881181b609fffff,8,41,0.0,0.0,0.4146341463414634,0.34146341463414637,0.2682926829268293,0.0,2.682926829268293,2.707317073170732,48.80365853658537,0.3170731707317073,288.6019974112338,,122.94727318061912,0.0,7.0,0.0,6.0,60.0,service,residential
881181b60bfffff,8,24,0.0,0.0,0.4583333333333333,0.08333333333333333,0.16666666666666666,0.0,2.6666666666666665,2.4166666666666665,48.481944444444444,0.375,304.62159236168384,,324.5048121028139,0.0,0.0,0.0,0.0,60.0,footway,residential
881181b60dfffff,8,23,0.0,0.0,0.6956521739130435,0.043478260869565216,0.6956521739130435,0.0,2.5652173913043477,3.4782608695652173,48.32826086956521,0.5217391304347826,578.2274647402526,,388.7519358721552,0.0,0.0,0.0,0.0,60.0,footway,residential
881181b611fffff,8,9,0.0,0.0,0.4444444444444444,0.2222222222222222,0.4444444444444444,0.0,1.8888888888888888,3.111111111111111,37.111111111111114,0.1111111111111111,401.3598951126121,,373.2403768416643,0.0,0.0,0.0,0.0,60.0,path,forest
881181b615fffff,8,6,0.0,0.0,0.5,0.16666666666666666,0.5,0.0,1.8333333333333333,3.8333333333333335,34.06349206349206,0.3333333333333333,401.44257211997615,,181.74402489697306,0.0,4.0,0.0,4.0,60.0,path,industrial
881181b617fffff,8,8,0.0,0.0,0.125,0.0,0.25,0.0,2.125,3.0,43.375,0.125,750.2980400580354,,457.39181046710394,0.0,0.0,0.0,0.0,60.0,path,industrial
881181b619fffff,8,19,0.0,0.0,0.631578947368421,0.631578947368421,0.21052631578947367,0.0,2.9473684210526314,4.368421052631579,42.15,0.7368421052631579,333.6287463844656,,294.8703837740126,0.0,2.0,0.0,2.0,60.0,service,industrial
881181b61dfffff,8,16,0.0,0.0,0.75,0.25,0.25,0.0,2.625,3.0,43.067708333333336,0.5625,314.3807870008671,,164.68694661182423,0.0,6.0,0.0,6.0,60.0,footway,park
881181b623fffff,8,21,0.0,0.0,0.14285714285714285,0.14285714285714285,0.5714285714285714,0.0,1.8095238095238095,4.142857142857143,43.25714285714285,0.7619047619047619,792.1823098492265,,276.0855205843138,0.0,1.0,0.0,1.0,60.0,secondary,park
881181b629fffff,8,16,0.0,0.0,0.25,0.125,0.875,0.0,2.0,4.9375,41.95625,1.0,1318.2757246441367,,336.7475360068613,0.0,0.0,0.0,0.0,60.0,service,industrial
881181b62bfffff,8,16,0.0,0.0,0.1875,0.0,0.9375,0.0,1.5,4.6875,42.5375,0.9375,740.2989519243553,,516.2464172265738,0.0,0.0,0.0,0.0,60.0,service,industrial
881181b631fffff,8,13,0.0,0.0,0.5384615384615384,0.23076923076923078,0.07692307692307693,0.0,2.076923076923077,2.076923076923077,47.32692307692308,0.3076923076923077,348.1844377728901,,37.22295434030864,1.0,3.0,0.0,3.0,60.0,tertiary,residential
881181b633fffff,8,20,0.0,0.0,0.45,0.2,0.15,0.0,2.35,2.15,57.1,0.05,387.82329182669974,,64.029436161254,2.0,2.0,0.0,2.0,60.0,service,residential
881181b635fffff,8,9,0.0,0.0,0.5555555555555556,0.2222222222222222,0.2222222222222222,0.0,2.3333333333333335,2.3333333333333335,60.888888888888886,0.2222222222222222,329.7466751750084,,174.56872754050644,0.0,3.0,0.0,3.0,60.0,footway,residential
881181b637fffff,8,21,0.0,0.0,0.2857142857142857,0.19047619047619047,0.2857142857142857,0.0,2.3333333333333335,2.0476190476190474,50.73809523809524,0.0,404.859509654498,,133.89467212346437,0.0,3.0,0.0,3.0,60.0,service,park
881181b639fffff,8,20,0.0,0.0,0.35,0.55,0.55,0.0,2.4,4.0,40.91666666666667,0.55,259.71581663913764,,79.58382630378428,1.0,10.0,0.0,7.0,60.0,residential,residential
881181b63bfffff,8,8,0.0,0.0,0.25,0.0,0.25,0.0,2.0,2.375,54.25,0.25,324.65331131064346,,260.87258482442115,0.0,3.0,0.0,3.0,60.0,footway,residential
881181b63dfffff,8,12,0.0,0.0,0.25,0.5,0.16666666666666666,0.0,1.8333333333333333,2.6666666666666665,51.770833333333336,0.25,147.62841130782448,,144.37228626014306,0.0,7.0,0.0,4.0,60.0,service,grass
881181b643fffff,8,15,0.0,0.0,0.26666666666666666,0.2,0.06666666666666667,0.0,2.0,1.7333333333333334,66.42222222222223,0.0,189.67557300418918,,70.45109993451412,2.0,7.0,0.0,6.0,60.0,secondary,park
881181b645fffff,8,19,0.0,0.0,0.42105263157894735,0.10526315789473684,0.631578947368421,0.0,1.9473684210526316,4.2105263157894735,50.58421052631579,0.6842105263157895,539.5663271494446,,153.00777049721376,0.0,6.0,0.0,6.0,60.0,service,residential
881181b647fffff,8,4,0.0,0.0,0.0,0.0,0.25,0.0,1.5,1.75,117.75,0.25,459.1669366166658,,424.32593188597065,0.0,0.0,0.0,0.0,60.0,footway,forest
881181b64dfffff,8,9,0.0,0.0,0.1111111111111111,0.0,1.0,0.0,0.5555555555555556,5.666666666666667,36.08518518518518,1.0,789.8327751764558,,585.2911925520239,0.0,0.0,0.0,0.0,60.0,path,forest
881181b651fffff,8,44,0.0,0.0,0.6590909090909091,0.22727272727272727,0.36363636363636365,0.0,3.0681818181818183,3.4318181818181817,44.901948051948054,0.5227272727272727,273.97308535731065,,126.75222341666208,0.0,6.0,0.0,4.0,60.0,steps,residential
881181b653fffff,8,27,1.0,0.0,0.6666666666666666,0.2222222222222222,0.7777777777777778,0.0,2.925925925925926,3.5925925925925926,41.419135802469135,0.48148148148148145,99.19150625163877,,100.55157485823902,1.0,6.0,0.0,3.0,60.0,footway,industrial
881181b655fffff,8,36,0.0,0.0,0.3888888888888889,0.05555555555555555,0.25,0.0,2.0,2.611111111111111,60.192129629629626,0.3888888888888889,363.61900591291754,,124.73698368637916,0.0,6.0,0.0,6.0,60.0,service,residential
881181b657fffff,8,29,0.0,0.0,0.20689655172413793,0.27586206896551724,0.3793103448275862,0.0,2.4827586206896552,2.8620689655172415,47.10344827586207,0.4827586206896552,420.09725373295356,,396.76977259894846,0.0,0.0,0.0,0.0,20.0,service,residential
881181b659fffff,8,19,0.0,0.0,0.6842105263157895,0.21052631578947367,0.2631578947368421,0.0,2.526315789473684,2.5789473684210527,42.74473684210526,0.2631578947368421,100.87494580749457,,97.64900642414348,1.0,13.0,0.0,6.0,60.0,footway,residential
881181b65bfffff,8,18,0.0,0.0,0.4444444444444444,0.0,0.2777777777777778,0.0,2.4444444444444446,2.9444444444444446,38.15277777777778,0.6111111111111112,356.4802919592057,,348.06030959579186,0.0,0.0,0.0,0.0,60.0,footway,park
881181b65dfffff,8,26,0.0,0.0,0.46153846153846156,0.19230769230769232,0.23076923076923078,0.0,2.3076923076923075,1.8461538461538463,55.24358974358975,0.07692307692307693,105.47015812508506,,132.74972008798534,0.0,10.0,0.0,4.0,60.0,secondary,residential
881181b661fffff,8,25,0.0,0.0,0.12,0.28,0.64,0.0,1.8,3.68,43.04,0.64,355.4889996746483,,38.03336785590317,1.0,4.0,0.0,4.0,60.0,service,park
881181b663fffff,8,17,0.0,0.0,0.29411764705882354,0.11764705882352941,0.8823529411764706,0.0,2.235294117647059,4.764705882352941,42.727450980392156,0.9411764705882353,662.8672070152065,,295.27828462176086,0.0,1.0,0.0,1.0,100.0,trunk,forest
881181b665fffff,8,18,0.0,0.0,0.16666666666666666,0.3333333333333333,0.8333333333333334,0.0,1.0555555555555556,4.166666666666667,41.175925925925924,0.8333333333333334,414.9078942964856,,345.53798660629946,0.0,0.0,0.0,0.0,80.0,primary,industrial
881181b667fffff,8,8,0.0,0.0,0.0,0.125,0.875,0.0,1.125,4.125,38.02708333333333,0.875,479.41757844417634,,385.46021999453285,0.0,0.0,0.0,0.0,60.0,service,industrial
881181b669fffff,8,14,0.0,0.0,0.21428571428571427,0.14285714285714285,0.21428571428571427,0.0,1.5,3.0,39.04166666666667,0.5,311.5172927079249,,146.43069014614247,0.0,4.0,0.0,4.0,60.0,footway,residential
881181b66bfffff,8,41,0.0,0.0,0.1951219512195122,0.04878048780487805,0.6829268292682927,0.0,1.6341463414634145,4.341463414634147,44.06585365853659,0.7560975609756098,210.4583143446353,,246.93233182988138,0.0,2.0,0.0,1.0,60.0,service,commercial
881181b66dfffff,8,16,0.0,0.0,0.125,0.125,0.25,0.0,1.375,3.0,133.66666666666666,0.375,520.5078113503596,,270.723339042197,0.0,3.0,0.0,3.0,60.0,footway,residential
881181b681fffff,8,4,0.0,0.0,0.25,0.0,0.25,0.0,2.5,2.25,59.1875,0.25,448.73583558598324,,265.1243367237861,0.0,2.0,0.0,2.0,60.0,footway,park
881181b683fffff,8,23,0.0,0.0,0.6956521739130435,0.43478260869565216,0.21739130434782608,0.0,2.782608695652174,3.4782608695652173,46.1963768115942,0.5652173913043478,425.2355552194873,,205.64208093026429,0.0,2.0,0.0,2.0,60.0,footway,park
881181b685fffff,8,18,1.0,0.0,0.5,0.3888888888888889,0.3333333333333333,0.0,3.5,2.6666666666666665,49.21759259259259,0.3333333333333333,72.74499202024967,,75.89424618986281,5.0,12.0,0.0,7.0,60.0,footway,residential
881181b687fffff,8,26,0.0,0.0,0.4230769230769231,0.34615384615384615,0.2692307692307692,0.0,2.769230769230769,2.730769230769231,48.64957264957265,0.19230769230769232,204.37120286517737,,172.1808038629994,0.0,6.0,0.0,5.0,60.0,service,residential
881181b689fffff,8,5,0.0,0.0,1.0,0.0,0.2,0.0,2.2,1.8,130.4,0.0,211.6654428509706,,210.53026244964968,0.0,5.0,0.0,4.0,60.0,footway,park
881181b68dfffff,8,3,0.0,0.0,1.0,0.3333333333333333,0.6666666666666666,0.0,3.0,2.6666666666666665,56.0,0.3333333333333333,663.2559234084218,,256.26436707856004,0.0,2.0,0.0,2.0,60.0,footway,park
881181b691fffff,8,3,0.0,0.0,1.0,0.0,0.3333333333333333,0.0,3.0,3.0,54.111111111111114,0.3333333333333333,207.74604940119332,,188.78772513033718,0.0,6.0,0.0,4.0,60.0,footway,park
881181b693fffff,8,18,0.0,0.0,0.6666666666666666,0.5555555555555556,0.1111111111111111,0.0,3.4444444444444446,3.111111111111111,43.58796296296296,0.6111111111111112,126.77865369810226,,99.46648882046713,1.0,12.0,0.0,6.0,60.0,steps,park
881181b695fffff,8,9,0.0,0.0,0.6666666666666666,0.0,0.4444444444444444,0.0,3.111111111111111,3.3333333333333335,45.5,0.7777777777777778,825.1089148380821,,346.2654641221658,0.0,0.0,0.0,0.0,60.0,footway,park
881181b697fffff,8,7,0.0,0.0,0.5714285714285714,0.14285714285714285,0.14285714285714285,0.0,2.5714285714285716,3.4285714285714284,45.785714285714285,0.7142857142857143,273.3934262045124,,222.02240116558391,0.0,3.0,0.0,2.0,60.0,service,park
881181b699fffff,8,8,0.0,0.0,0.25,0.375,0.625,0.0,2.625,3.0,41.90625,0.5,133.35587142685412,,254.43563659997764,0.0,5.0,0.0,4.0,60.0,footway,residential
881181b69bfffff,8,27,0.0,0.0,0.5185185185185185,0.07407407407407407,0.1111111111111111,0.0,3.2222222222222223,2.4444444444444446,51.851851851851855,0.37037037037037035,343.2082206567056,,126.24227084994995,0.0,4.0,0.0,4.0,60.0,service,residential
881181b69dfffff,8,21,1.0,0.0,0.38095238095238093,0.5714285714285714,0.42857142857142855,0.0,2.761904761904762,4.571428571428571,36.72962962962963,0.9523809523809523,39.87031423702686,,7.269691620239017,3.0,3.0,0.0,2.0,40.0,secondary,park
881181b6a1fffff,8,13,0.0,0.0,0.3076923076923077,0.07692307692307693,0.07692307692307693,0.0,2.769230769230769,2.923076923076923,52.56410256410257,0.5384615384615384,344.83561394855656,,50.71928711542562,2.0,4.0,0.0,4.0,60.0,service,residential
881181b6a3fffff,8,46,0.0,0.0,0.8043478260869565,0.43478260869565216,0.32608695652173914,0.0,3.4565217391304346,3.4130434782608696,46.13073671497584,0.391304347826087,129.98433500594447,,99.31210259752284,1.0,12.0,0.0,10.0,60.0,secondary,retail
881181b6a7fffff,8,39,0.0,0.0,0.358974358974359,0.46153846153846156,0.38461538461538464,0.0,2.41025641025641,3.5128205128205128,51.03917378917379,0.5128205128205128,213.5790149881671,,173.3339598702589,0.0,14.0,0.0,3.0,60.0,service,residential
881181b6a9fffff,8,9,0.0,0.0,0.7777777777777778,0.0,0.3333333333333333,0.0,2.3333333333333335,3.3333333333333335,42.98148148148148,0.5555555555555556,255.56888157878407,,279.68509541399027,0.0,2.0,0.0,1.0,60.0,path,park
881181b6abfffff,8,17,0.0,0.0,0.5294117647058824,0.23529411764705882,0.23529411764705882,0.0,2.5294117647058822,2.4705882352941178,50.74313725490196,0.4117647058823529,153.49242011582143,,94.42119078002996,1.0,9.0,0.0,8.0,60.0,service,residential
881181b6b1fffff,8,30,0.0,0.0,0.4666666666666667,0.36666666666666664,0.16666666666666666,0.0,2.433333333333333,2.433333333333333,49.275555555555556,0.3,128.51080873166555,,108.11652565405267,0.0,6.0,0.0,4.0,60.0,service,residential
881181b6b3fffff,8,32,0.0,0.0,0.5,0.3125,0.0625,0.0,2.65625,2.09375,66.16666666666667,0.21875,148.61734689685636,,70.28520754491504,1.0,8.0,0.0,7.0,60.0,steps,residential
881181b6b5fffff,8,26,0.0,0.0,0.5384615384615384,0.19230769230769232,0.11538461538461539,0.0,2.576923076923077,2.730769230769231,49.89358974358974,0.4230769230769231,129.29751677071732,,96.75818885920036,1.0,12.0,0.0,10.0,60.0,footway,residential
881181b6b7fffff,8,19,0.0,0.0,0.5263157894736842,0.2631578947368421,0.15789473684210525,0.0,2.4210526315789473,2.0,56.27280701754386,0.15789473684210525,355.17378358071977,,25.508347959708882,2.0,4.0,0.0,4.0,60.0,footway,residential
881181b6b9fffff,8,20,0.0,0.0,0.55,0.2,0.15,0.0,2.65,2.4,66.375,0.4,242.50905467907265,,193.58344278506684,0.0,6.0,0.0,5.0,60.0,service,residential
881181b6bbfffff,8,5,0.0,0.0,0.4,0.0,0.2,0.0,1.6,1.8,54.8,0.0,710.7114315723608,,421.83899058505705,0.0,0.0,0.0,0.0,60.0,footway,forest
881181b6bdfffff,8,18,1.0,0.0,0.2222222222222222,0.05555555555555555,0.3888888888888889,0.0,2.5555555555555554,2.5555555555555554,51.65277777777778,0.3333333333333333,20.897632585625725,,14.79049344495622,3.0,7.0,0.0,5.0,60.0,footway,industrial
881181b6c1fffff,8,28,0.0,0.0,0.5357142857142857,0.5714285714285714,0.2857142857142857,0.0,2.5714285714285716,3.0714285714285716,45.939625850340136,0.25,162.00295720649004,,199.6930891945928,0.0,11.0,0.0,4.0,60.0,footway,residential
881181b6c3fffff,8,11,0.0,0.0,0.5454545454545454,0.09090909090909091,0.0,0.0,2.0,1.7272727272727273,48.54545454545455,0.0,312.94531296630834,,152.42015344036233,0.0,6.0,0.0,6.0,60.0,service,residential
881181b6c5fffff,8,23,1.0,0.0,0.4782608695652174,0.21739130434782608,0.391304347826087,0.0,3.0869565217391304,2.8260869565217392,46.030020703933744,0.21739130434782608,85.61710601418311,,69.35665427923824,2.0,7.0,0.0,4.0,60.0,service,residential
881181b6c7fffff,8,28,1.0,0.0,0.75,0.35714285714285715,0.42857142857142855,0.0,3.0357142857142856,3.0,54.97916666666667,0.42857142857142855,77.63460433458002,,56.169693749152614,3.0,16.0,0.0,10.0,60.0,service,residential
881181b6c9fffff,8,19,1.0,0.0,0.631578947368421,0.15789473684210525,0.21052631578947367,0.0,2.526315789473684,2.210526315789474,48.20175438596491,0.10526315789473684,23.674635758386373,,97.27603979111825,5.0,12.0,0.0,6.0,60.0,tertiary,park
881181b6cbfffff,8,12,1.0,0.0,0.4166666666666667,0.0,0.08333333333333333,0.0,2.5,2.1666666666666665,45.47222222222222,0.08333333333333333,44.368749962687275,,77.42476828276897,3.0,8.0,0.0,6.0,60.0,footway,residential
881181b6cdfffff,8,4,0.0,0.0,0.25,0.0,0.25,0.0,2.0,1.75,51.25,0.0,138.9008936610459,,235.23521284623035,0.0,3.0,0.0,2.0,60.0,footway,park
881181b6d1fffff,8,16,0.0,0.0,0.6875,0.1875,0.5625,0.0,2.8125,4.1875,40.378125,0.8125,455.3732243339617,,71.49081169005738,2.0,2.0,0.0,2.0,60.0,service,industrial
881181b6d3fffff,8,7,0.0,0.0,0.14285714285714285,0.0,0.42857142857142855,0.0,1.7142857142857142,2.857142857142857,42.785714285714285,0.2857142857142857,450.9785924355687,,453.0968805748036,0.0,0.0,0.0,0.0,60.0,tertiary,industrial
881181b6d5fffff,8,16,0.0,0.0,0.375,0.25,0.1875,0.0,2.1875,2.5,51.421875,0.375,253.12957032829408,,189.47328672113744,0.0,8.0,0.0,7.0,60.0,footway,residential
881181b6d7fffff,8,34,0.0,0.0,0.5882352941176471,0.20588235294117646,0.5,0.0,2.8529411764705883,4.029411764705882,38.88611111111111,0.5882352941176471,369.69159684276093,,237.49628575038818,0.0,4.0,0.0,4.0,60.0,service,residential
881181b6d9fffff,8,23,0.0,0.0,0.4782608695652174,0.391304347826087,0.391304347826087,0.0,2.652173913043478,3.3043478260869565,50.7108695652174,0.5652173913043478,362.41961805226055,,70.76406774217855,1.0,2.0,0.0,2.0,60.0,steps,grass
881181b6dbfffff,8,3,0.0,0.0,0.3333333333333333,0.6666666666666666,0.0,0.0,2.6666666666666665,2.3333333333333335,59.666666666666664,0.3333333333333333,418.23436881906173,,213.178376281771,0.0,2.0,0.0,2.0,60.0,service,park
881181b6ddfffff,8,15,0.0,0.0,0.26666666666666666,0.4,0.0,0.0,2.2,2.2666666666666666,63.96666666666667,0.26666666666666666,331.0763818728126,,77.53213468596506,2.0,7.0,0.0,7.0,60.0,footway,residential
881181b6e1fffff,8,16,0.0,0.0,0.4375,0.4375,0.3125,0.0,3.125,2.5625,58.60416666666667,0.0625,222.9613257385355,,285.3525587207731,0.0,6.0,0.0,1.0,60.0,path,park
881181b6e5fffff,8,8,0.0,0.0,0.25,0.0,0.5,0.0,1.625,2.25,64.8125,0.0,121.48389133002671,,165.22736896387252,0.0,6.0,0.0,2.0,60.0,footway,park
881181b6e9fffff,8,31,0.0,0.0,0.5161290322580645,0.41935483870967744,0.3548387096774194,0.0,2.6129032258064515,3.2580645161290325,47.007488479262676,0.5483870967741935,277.56628129627103,,125.31823584084754,0.0,8.0,0.0,6.0,60.0,footway,industrial
881181b6ebfffff,8,2,0.0,0.0,1.0,0.0,0.0,0.0,2.5,2.0,61.0,0.0,590.6879830941226,,319.3163333579885,0.0,0.0,0.0,0.0,60.0,footway,forest
881181b6edfffff,8,15,0.0,0.0,0.5333333333333333,0.3333333333333333,0.0,0.0,2.3333333333333335,2.8,46.67095238095238,0.3333333333333333,283.8054954076432,,47.375219117799766,2.0,5.0,0.0,3.0,60.0,footway,residential
881181b741fffff,8,10,0.0,0.0,0.2,0.2,0.6,0.0,1.2,5.0,40.26428571428572,0.8,595.6615537323083,,164.98446591402808,0.0,2.0,0.0,2.0,60.0,service,residential
881181b749fffff,8,7,0.0,0.0,0.14285714285714285,0.0,0.14285714285714285,0.0,1.5714285714285714,3.142857142857143,59.642857142857146,0.7142857142857143,1102.2445278299742,,183.3782779558199,0.0,2.0,0.0,2.0,60.0,service,industrial
881181b74bfffff,8,10,0.0,0.0,0.2,0.1,0.8,0.0,1.3,4.3,38.75555555555555,0.7,510.37721883640495,,79.00164704339194,1.0,2.0,0.0,2.0,60.0,footway,forest
881181b74dfffff,8,4,0.0,0.0,0.0,0.0,0.75,0.0,0.75,5.5,40.25892857142857,1.0,509.7580986981838,,340.0081955405975,0.0,0.0,0.0,0.0,60.0,service,industrial
881181b765fffff,8,9,0.0,0.0,0.1111111111111111,0.1111111111111111,0.1111111111111111,0.0,1.3333333333333333,2.7777777777777777,40.69444444444444,0.4444444444444444,239.90296002366145,,81.63089493950955,1.0,5.0,0.0,4.0,60.0,tertiary,residential
881181b76dfffff,8,11,0.0,0.0,0.2727272727272727,0.18181818181818182,0.36363636363636365,0.0,1.6363636363636365,2.272727272727273,67.30303030303031,0.2727272727272727,354.90145735757153,,253.55665666937645,0.0,2.0,0.0,2.0,60.0,footway,residential
88118524b7fffff,8,1,0.0,0.0,0.0,0.0,1.0,0.0,0.0,2.0,38.0,0.0,4241.6722733836405,,589.2463826802614,0.0,0.0,0.0,0.0,60.0,service,residential
8811852515fffff,8,1,0.0,0.0,0.0,0.0,0.0,0.0,0.0,2.0,35.0,0.0,1593.9715368437394,,774.1501332973365,0.0,0.0,0.0,0.0,60.0,unclassified,forest
8811852531fffff,8,3,0.0,0.0,0.0,0.6666666666666666,1.0,0.0,0.6666666666666666,3.3333333333333335,36.666666666666664,0.6666666666666666,114.99282919366016,,109.82454000800733,0.0,7.0,0.0,2.0,90.0,trunk,forest
8811852587fffff,8,2,0.0,0.0,0.0,0.0,1.0,0.0,0.0,4.0,29.0,1.0,2709.046111443978,,383.9628657692734,0.0,0.0,0.0,0.0,60.0,footway,forest
8811852591fffff,8,1,0.0,0.0,1.0,0.0,1.0,0.0,2.0,2.0,32.0,0.0,1398.9362448661,,1049.8661083853112,0.0,0.0,0.0,0.0,60.0,unclassified,forest
88118525bbfffff,8,1,0.0,0.0,1.0,0.0,0.0,0.0,1.0,4.0,18.0,1.0,972.113961348957,,209.1767026676247,0.0,2.0,0.0,2.0,60.0,service,farmland
88118525e3fffff,8,1,0.0,0.0,0.0,0.0,1.0,0.0,0.0,2.0,40.0,0.0,1670.0780889257264,,1328.8252957657025,0.0,0.0,0.0,0.0,60.0,path,forest
88118525e5fffff,8,9,0.0,0.0,0.0,0.5555555555555556,0.5555555555555556,0.0,1.6666666666666667,3.0,42.69444444444444,0.6666666666666666,250.70810699803255,,173.31251968840508,0.0,6.0,0.0,4.0,60.0,service,residential
88118525e7fffff,8,5,0.0,0.0,0.0,0.0,1.0,0.0,0.2,3.0,38.6,0.6,1077.3715294350804,,741.6891411771502,0.0,0.0,0.0,0.0,60.0,path,forest
8811852ebbfffff,8,1,0.0,0.0,0.0,0.0,1.0,0.0,0.0,1.0,40.0,0.0,5054.503084158511,,851.5647670304546,0.0,0.0,0.0,0.0,60.0,unclassified,forest
8811aa0001fffff,8,1,0.0,0.0,0.0,1.0,0.0,0.0,3.0,4.0,43.5,1.0,604.9283863808686,,330.9151432156337,0.0,0.0,0.0,0.0,60.0,residential,forest
8811aa0003fffff,8,6,0.0,0.0,0.6666666666666666,0.16666666666666666,0.0,0.0,1.8333333333333333,4.0,40.0,1.0,805.4068660432132,,328.26724256788344,0.0,0.0,0.0,0.0,60.0,residential,residential
8811aa0005fffff,8,6,0.0,0.0,0.6666666666666666,0.16666666666666666,0.0,0.0,3.0,1.8333333333333333,55.27777777777778,0.16666666666666666,811.5280398902278,,169.42276014610908,0.0,3.0,0.0,3.0,60.0,path,forest
8811aa0017fffff,8,2,0.0,0.0,0.0,0.5,0.0,0.0,1.5,2.0,57.0,0.0,690.555093932252,,296.5173351493774,0.0,1.0,0.0,1.0,60.0,service,industrial
8811aa001dfffff,8,1,0.0,0.0,1.0,0.0,0.0,0.0,2.0,1.0,360.0,0.0,1210.5216038543044,,174.45602258525753,0.0,4.0,0.0,4.0,5.0,service,industrial
8811aa0021fffff,8,34,,,0.5588235294117647,0.3235294117647059,0.0,0.0,3.6470588235294117,3.588235294117647,45.535353535353536,0.7352941176470589,,,,,,,,,,
8811aa0023fffff,8,30,0.0,0.0,0.4666666666666667,0.3,0.13333333333333333,0.0,3.8333333333333335,3.7333333333333334,53.286989795918366,0.5666666666666667,181.73001001955305,,107.28532718052324,0.0,13.0,0.0,5.0,60.0,footway,grass
8811aa0025fffff,8,8,0.0,0.0,0.75,0.375,0.0,0.0,3.125,4.625,99.55208333333334,0.625,243.5465818974731,,180.21105535542446,0.0,8.0,0.0,5.0,60.0,footway,residential
8811aa0027fffff,8,11,0.0,0.0,0.6363636363636364,0.6363636363636364,0.09090909090909091,0.0,4.090909090909091,3.272727272727273,47.65909090909091,0.5454545454545454,371.8467901653101,,192.8882909191483,0.0,3.0,0.0,3.0,60.0,service,residential
8811aa0029fffff,8,27,0.0,0.0,0.7407407407407407,0.2962962962962963,0.037037037037037035,0.0,3.5185185185185186,4.333333333333333,77.41025641025641,0.6296296296296297,106.21938823100196,,114.31344291346753,0.0,5.0,0.0,3.0,60.0,service,residential
8811aa002bfffff,8,10,,,0.8,0.5,0.1,0.0,4.1,4.0,41.075,0.8,,,,,,,,,,
8811aa002dfffff,8,19,0.0,0.0,0.42105263157894735,0.3157894736842105,0.0,0.0,3.3157894736842106,3.0,43.254901960784316,0.5263157894736842,313.2241674637116,,251.80971952383732,0.0,2.0,0.0,2.0,60.0,footway,residential
8811aa0031fffff,8,13,0.0,0.0,0.5384615384615384,0.0,0.0,0.0,2.769230769230769,1.8461538461538463,191.530303030303,0.15384615384615385,441.5416334050605,,327.92579084584526,0.0,0.0,0.0,0.0,60.0,service,residential
8811aa0033fffff,8,9,0.0,0.0,0.7777777777777778,0.8888888888888888,0.0,0.0,4.111111111111111,5.555555555555555,39.87037037037037,0.7777777777777778,120.86145927868137,,114.28827278643024,0.0,5.0,0.0,2.0,60.0,service,industrial
8811aa0035fffff,8,14,0.0,0.0,0.07142857142857142,0.7857142857142857,0.21428571428571427,0.0,3.142857142857143,5.428571428571429,35.256410256410255,0.9285714285714286,250.1891595636575,,255.96127545441507,0.0,5.0,0.0,1.0,60.0,service,residential
8811aa0037fffff,8,5,0.0,0.0,0.0,0.0,0.0,0.0,2.6,1.4,40.4,0.0,596.9023380678982,,568.1427908796909,0.0,0.0,0.0,0.0,60.0,path,forest
8811aa0039fffff,8,1,0.0,0.0,0.0,0.0,0.0,0.0,2.0,0.0,,0.0,932.5911263896619,,673.952261530298,0.0,0.0,0.0,0.0,60.0,path,forest
8811aa003dfffff,8,3,0.0,0.0,0.6666666666666666,0.3333333333333333,0.0,0.0,2.3333333333333335,3.0,68.0,0.6666666666666666,388.2479439468703,,45.01118035229924,2.0,2.0,0.0,2.0,60.0,footway,residential
8811aa0055fffff,8,1,0.0,0.0,1.0,0.0,0.0,0.0,5.0,4.0,38.25,1.0,420.8126168915074,,174.7403423391192,0.0,3.0,0.0,3.0,60.0,path,cemetery
8811aa0063fffff,8,5,0.0,0.0,1.0,0.4,0.0,0.0,3.6,3.8,47.66666666666667,0.8,498.50417026961185,,336.6031855639169,0.0,0.0,0.0,0.0,60.0,service,cemetery
8811aa00e1fffff,8,3,0.0,0.0,0.6666666666666666,0.3333333333333333,0.0,0.0,3.0,2.3333333333333335,48.916666666666664,0.3333333333333333,1032.4004177949812,,88.12326432208908,1.0,3.0,0.0,3.0,60.0,service,grass
8811aa00e5fffff,8,15,0.0,0.0,0.6666666666666666,0.5333333333333333,0.0,0.0,3.466666666666667,3.0,51.7,0.6666666666666666,372.39273170632913,,393.00660316501586,0.0,0.0,0.0,0.0,60.0,footway,residential
8811aa00e9fffff,8,4,0.0,0.0,0.0,0.25,0.25,0.0,1.0,2.0,39.0,0.0,1228.962562728958,,71.73835624877131,1.0,1.0,0.0,1.0,90.0,trunk,forest
8811aa00edfffff,8,8,0.0,0.0,0.375,0.375,0.0,0.0,2.375,3.75,37.9375,0.5,308.6251852181567,,273.75606314006814,0.0,2.0,0.0,2.0,60.0,footway,forest
8811aa0113fffff,8,4,0.0,0.0,0.5,0.5,0.0,0.0,2.75,4.5,185.20089285714286,0.5,283.68947564386065,,284.99863252908636,0.0,2.0,0.0,1.0,60.0,footway,residential
8811aa0117fffff,8,2,0.0,0.0,0.0,0.5,0.0,0.0,2.0,4.0,47.33333333333333,0.5,339.48976358164003,,255.32596751592155,0.0,2.0,0.0,2.0,60.0,service,scrub
8811aa011bfffff,8,11,0.0,0.0,0.45454545454545453,0.36363636363636365,0.09090909090909091,0.0,3.272727272727273,3.3636363636363638,41.621212121212125,0.36363636363636365,281.2143998407896,,278.989428794943,0.0,2.0,0.0,1.0,60.0,track,forest
8811aa0153fffff,8,9,0.0,0.0,0.4444444444444444,0.4444444444444444,0.2222222222222222,0.0,3.3333333333333335,3.7777777777777777,61.42592592592593,0.5555555555555556,341.3500020829882,,189.74312971969857,0.0,4.0,0.0,4.0,60.0,service,residential
8811aa015bfffff,8,1,0.0,0.0,1.0,1.0,0.0,0.0,6.0,3.0,78.66666666666667,0.0,415.50762127186965,,119.94722648906573,0.0,2.0,0.0,2.0,60.0,service,residential
8811aa0183fffff,8,2,0.0,0.0,1.0,0.5,0.0,0.0,3.5,4.0,39.375,1.0,377.144055070647,,133.54092577791747,0.0,2.0,0.0,2.0,60.0,service,industrial
8811aa018bfffff,8,5,0.0,0.0,0.4,0.6,0.2,0.0,3.0,3.2,114.85,0.6,410.5657402367442,,83.62989901992005,1.0,4.0,0.0,4.0,60.0,service,forest
8811aa0191fffff,8,1,0.0,0.0,1.0,1.0,0.0,0.0,2.0,2.0,40.0,0.0,1484.2580630158325,,414.91332078231386,0.0,0.0,0.0,0.0,70.0,trunk,residential
8811aa0199fffff,8,2,0.0,0.0,0.0,0.0,0.0,0.0,0.5,3.0,39.66666666666667,0.0,1293.1023696129182,,118.03106507513898,0.0,2.0,0.0,2.0,60.0,path,forest
8811aa019dfffff,8,2,0.0,0.0,0.5,1.0,0.0,0.0,3.0,2.0,82.5,0.0,912.212308064544,,416.74864244665804,0.0,0.0,0.0,0.0,60.0,path,park
8811aa01b9fffff,8,2,0.0,0.0,1.0,0.0,0.5,0.0,4.5,1.5,65.0,0.0,554.1542264737847,,210.69359352802553,0.0,3.0,0.0,3.0,60.0,tertiary,industrial
8811aa01bbfffff,8,1,0.0,0.0,0.0,0.0,0.0,0.0,2.0,2.0,415.0,0.0,1117.5021402730986,,199.1611297240685,0.0,1.0,0.0,1.0,90.0,secondary,forest
8811aa01c1fffff,8,2,0.0,0.0,0.5,1.0,0.0,0.0,3.0,6.0,38.66666666666667,1.0,427.5718329518882,,555.7602237596377,0.0,0.0,0.0,0.0,60.0,path,forest
8811aa01c3fffff,8,6,0.0,0.0,0.6666666666666666,0.16666666666666666,0.16666666666666666,0.0,4.0,3.1666666666666665,41.111111111111114,0.5,529.7387607332859,,106.11572870709841,0.0,2.0,0.0,2.0,60.0,footway,grass
8811aa01c9fffff,8,20,0.0,0.0,0.35,0.45,0.05,0.0,3.05,4.35,66.17543859649122,0.65,171.87769221002128,,280.658307012939,0.0,12.0,0.0,3.0,60.0,service,grass
8811aa01cdfffff,8,7,0.0,0.0,0.2857142857142857,0.7142857142857143,0.0,0.0,3.142857142857143,3.2857142857142856,41.75,0.5714285714285714,230.52676461801758,,172.4624997934337,0.0,6.0,0.0,5.0,60.0,service,residential
8811aa01d1fffff,8,11,0.0,0.0,0.2727272727272727,0.18181818181818182,0.0,0.0,2.8181818181818183,1.7272727272727273,90.00925925925927,0.18181818181818182,420.5052571481787,,188.99398459158726,0.0,2.0,0.0,2.0,60.0,footway,forest
8811aa01d3fffff,8,7,0.0,0.0,0.42857142857142855,0.7142857142857143,0.0,0.0,2.7142857142857144,2.4285714285714284,52.285714285714285,0.2857142857142857,961.7989622559711,,289.38555894819666,0.0,1.0,0.0,1.0,60.0,service,residential
8811aa01d5fffff,8,9,0.0,0.0,0.4444444444444444,0.4444444444444444,0.0,0.0,4.111111111111111,3.5555555555555554,46.93703703703704,0.4444444444444444,214.00830622906477,,223.3722384994847,0.0,4.0,0.0,2.0,60.0,steps,grass
8811aa01d7fffff,8,4,0.0,0.0,0.0,0.25,0.0,0.0,1.5,1.75,83.125,0.25,489.48531994186334,,453.2626539594033,0.0,0.0,0.0,0.0,60.0,footway,park
8811aa01d9fffff,8,28,0.0,0.0,0.39285714285714285,0.35714285714285715,0.0,0.0,3.1785714285714284,2.642857142857143,43.58,0.39285714285714285,127.05531295994183,,64.92740459838049,1.0,12.0,0.0,6.0,60.0,service,residential
8811aa01ddfffff,8,23,0.0,0.0,0.43478260869565216,0.5217391304347826,0.08695652173913043,0.0,4.434782608695652,3.652173913043478,41.42424242424243,0.4782608695652174,165.12842718716982,,130.33758106717207,0.0,9.0,0.0,3.0,60.0,footway,residential
8811aa01e9fffff,8,1,0.0,0.0,0.0,0.0,1.0,0.0,1.0,4.0,37.5,1.0,1017.5023198269706,,67.74054370460362,2.0,2.0,0.0,2.0,60.0,residential,residential
8811aa01edfffff,8,2,0.0,0.0,0.5,0.5,0.0,0.0,1.5,4.0,27.25,1.0,1191.4094836266224,,289.8722067492411,0.0,1.0,0.0,1.0,60.0,service,grass
8811aa08a5fffff,8,3,0.0,0.0,0.3333333333333333,1.0,0.3333333333333333,0.0,4.333333333333333,4.666666666666667,31.46666666666667,1.0,229.03755761015643,,150.81836162501082,0.0,5.0,0.0,2.0,90.0,primary,forest
8811aa08b3fffff,8,2,0.0,0.0,0.5,0.0,0.5,0.0,2.5,3.0,41.0,0.5,653.7702751837046,,261.0075811668659,0.0,2.0,0.0,2.0,60.0,service,residential
8811aa08b7fffff,8,7,0.0,0.0,0.0,0.14285714285714285,0.5714285714285714,0.0,1.4285714285714286,2.142857142857143,35.69047619047619,0.0,280.43880000937315,,186.2404317696099,0.0,5.0,0.0,4.0,60.0,footway,forest
8811aa0929fffff,8,1,0.0,0.0,0.0,0.0,1.0,0.0,0.0,2.0,36.0,0.0,1331.7082308464287,,333.539760941101,0.0,0.0,0.0,0.0,60.0,service,residential
8811aa092dfffff,8,1,0.0,0.0,1.0,0.0,1.0,0.0,1.0,2.0,37.5,0.0,803.7243959210131,,664.3308501015833,0.0,0.0,0.0,0.0,60.0,path,meadow
8811aa0931fffff,8,7,0.0,0.0,0.5714285714285714,0.2857142857142857,0.0,0.0,1.4285714285714286,2.4285714285714284,40.19047619047619,0.0,423.02645007853204,,355.3869950115101,0.0,0.0,0.0,0.0,60.0,footway,forest
8811aa0933fffff,8,1,0.0,0.0,0.0,0.0,1.0,0.0,0.0,5.0,42.0,1.0,1242.291917269549,,460.4426569834103,0.0,0.0,0.0,0.0,110.0,motorway,industrial
8811aa0937fffff,8,4,0.0,0.0,0.75,0.5,0.25,0.0,2.25,2.5,33.291666666666664,0.0,851.4130496383206,,321.7555201045302,0.0,0.0,0.0,0.0,60.0,service,industrial
8811aa093dfffff,8,3,0.0,0.0,0.6666666666666666,0.0,1.0,0.0,1.3333333333333333,2.0,36.666666666666664,0.0,646.4265129276766,,637.7551623675864,0.0,0.0,0.0,0.0,60.0,residential,residential
8811aa0981fffff,8,3,0.0,0.0,0.3333333333333333,0.3333333333333333,0.3333333333333333,0.0,1.6666666666666667,2.6666666666666665,44.666666666666664,0.3333333333333333,936.6267152793292,,402.4978273561489,0.0,0.0,0.0,0.0,60.0,service,industrial
8811aa0983fffff,8,26,1.0,0.0,0.4230769230769231,0.2692307692307692,0.34615384615384615,0.0,2.076923076923077,3.6538461538461537,40.08836996336996,0.5769230769230769,88.7017061090584,,106.10094365933209,2.0,10.0,0.0,6.0,20.0,living_street,residential
8811aa0987fffff,8,14,0.0,0.0,0.35714285714285715,0.35714285714285715,0.21428571428571427,0.0,1.9285714285714286,3.0714285714285716,37.73461538461539,0.5714285714285714,316.96073005415076,,8.700717625599037,1.0,5.0,0.0,5.0,60.0,footway,grass
8811aa0991fffff,8,33,0.0,0.0,0.45454545454545453,0.3939393939393939,0.3939393939393939,0.0,2.515151515151515,3.303030303030303,50.27164502164502,0.5151515151515151,135.97085218533843,,87.47365806349255,1.0,6.0,0.0,4.0,60.0,footway,residential
8811aa0993fffff,8,5,0.0,0.0,0.6,0.0,0.6,0.0,1.6,1.6,52.5,0.0,881.4312342696863,,247.90366847073045,0.0,1.0,0.0,1.0,60.0,path,forest
8811aa0995fffff,8,43,,,0.46511627906976744,0.20930232558139536,0.13953488372093023,0.0,2.0697674418604652,2.8372093023255816,45.20940170940171,0.4418604651162791,,,,,,,,,secondary,retail
8811aa0997fffff,8,21,0.0,0.0,0.47619047619047616,0.5238095238095238,0.2857142857142857,0.0,2.5238095238095237,3.5714285714285716,41.65208333333333,0.47619047619047616,196.29800781937024,,160.2939464008096,0.0,9.0,0.0,2.0,60.0,path,forest
8811aa0999fffff,8,28,0.0,0.0,0.42857142857142855,0.10714285714285714,0.25,0.0,2.107142857142857,3.0714285714285716,57.84863945578231,0.42857142857142855,328.0300406580705,,242.69496307047388,0.0,4.0,0.0,4.0,60.0,service,residential
8811aa099bfffff,8,1,0.0,0.0,0.0,0.0,0.0,0.0,0.0,3.0,44.333333333333336,0.0,607.9309251143894,,241.33633604263233,0.0,2.0,0.0,2.0,60.0,service,forest
8811aa099dfffff,8,28,,,0.21428571428571427,0.2857142857142857,0.17857142857142858,0.0,1.9285714285714286,2.142857142857143,62.93518518518518,0.2857142857142857,,,,,,,,,,
8811aa09a3fffff,8,2,0.0,0.0,0.0,0.0,0.5,0.0,2.0,3.5,41.0,0.5,138.50861503247032,,92.47709528878157,1.0,8.0,0.0,5.0,60.0,service,residential
8811aa09abfffff,8,2,0.0,0.0,0.5,0.5,0.0,0.0,2.0,4.0,35.0,1.0,707.8678692308159,,292.57188125268704,0.0,1.0,0.0,1.0,60.0,service,industrial
8811aa09b1fffff,8,3,0.0,0.0,0.0,0.0,0.6666666666666666,0.0,1.6666666666666667,3.3333333333333335,35.333333333333336,0.3333333333333333,532.7890254896239,,533.2403490829462,0.0,0.0,0.0,0.0,60.0,footway,forest
8811aa09b3fffff,8,38,0.0,0.0,0.3157894736842105,0.23684210526315788,0.23684210526315788,0.0,2.0526315789473686,3.6315789473684212,44.09732947232947,0.6052631578947368,239.02785267477975,,155.2111883408371,0.0,9.0,0.0,7.0,60.0,service,residential
8811aa09b5fffff,8,6,0.0,0.0,0.5,0.16666666666666666,0.6666666666666666,0.0,2.0,3.8333333333333335,36.375,0.8333333333333334,136.3862241532088,,107.9515021234912,0.0,5.0,0.0,2.0,60.0,secondary,residential
8811aa09b7fffff,8,7,0.0,0.0,0.14285714285714285,0.0,0.8571428571428571,0.0,1.8571428571428572,3.4285714285714284,40.92857142857143,0.42857142857142855,618.5632198475063,,455.16149311840996,0.0,0.0,0.0,0.0,60.0,footway,forest
8811aa09b9fffff,8,19,0.0,0.0,0.15789473684210525,0.05263157894736842,0.2631578947368421,0.0,1.6842105263157894,3.4210526315789473,40.53947368421053,0.6842105263157895,481.9252880231459,,292.52580176959907,0.0,1.0,0.0,1.0,60.0,footway,park
8811aa09bbfffff,8,36,1.0,0.0,0.3055555555555556,0.3611111111111111,0.3611111111111111,0.0,1.8333333333333333,3.5277777777777777,58.83938775510204,0.7222222222222222,39.07034512772325,,85.39255492177142,5.0,13.0,0.0,7.0,60.0,footway,commercial
8811aa0d0bfffff,8,1,0.0,0.0,0.0,0.0,1.0,0.0,0.0,3.0,35.0,0.0,1332.14982347445,,359.11194470193647,0.0,0.0,0.0,0.0,60.0,track,forest
8811aa0d0dfffff,8,5,0.0,0.0,0.2,0.2,1.0,0.0,1.2,2.8,39.733333333333334,0.0,1291.0105393931174,,245.5288804159567,0.0,2.0,0.0,2.0,60.0,service,industrial
8811aa0d25fffff,8,12,0.0,0.0,0.08333333333333333,0.16666666666666666,0.9166666666666666,0.0,1.25,3.3333333333333335,38.59722222222222,0.3333333333333333,420.4449816875867,,166.92528491798797,0.0,2.0,0.0,2.0,60.0,service,industrial
8811aa0d29fffff,8,8,0.0,0.0,0.125,0.0,0.875,0.0,1.5,3.25,35.520833333333336,0.375,469.5873216348324,,294.9022777170134,0.0,1.0,0.0,1.0,60.0,service,forest
8811aa0d2dfffff,8,11,0.0,0.0,0.09090909090909091,0.0,0.7272727272727273,0.0,1.9090909090909092,3.1818181818181817,38.375757575757575,0.09090909090909091,247.99380388909387,,111.37919713852949,0.0,4.0,0.0,2.0,60.0,service,residential
8811aa0d41fffff,8,13,0.0,0.0,0.38461538461538464,0.23076923076923078,0.7692307692307693,0.0,1.8461538461538463,3.230769230769231,38.64102564102564,0.07692307692307693,685.6862666675662,,256.0665149799394,0.0,2.0,0.0,2.0,60.0,living_street,residential
8811aa0d43fffff,8,3,0.0,0.0,0.0,0.0,0.3333333333333333,0.0,2.3333333333333335,1.3333333333333333,265.6666666666667,0.0,1534.8486887557053,,336.22212798747586,0.0,0.0,0.0,0.0,60.0,service,residential
8811aa0d45fffff,8,2,0.0,0.0,0.5,1.0,0.0,0.0,4.5,2.5,33.91666666666667,0.0,175.45768039484068,,124.9839439692588,0.0,5.0,0.0,4.0,60.0,service,residential
8811aa0d47fffff,8,6,0.0,0.0,0.5,0.3333333333333333,0.8333333333333334,0.0,1.6666666666666667,3.5,40.77777777777778,0.5,808.7627765351496,,92.36008726401765,1.0,2.0,0.0,2.0,60.0,service,residential
8811aa0d4bfffff,8,7,0.0,0.0,0.42857142857142855,0.2857142857142857,0.7142857142857143,0.0,2.0,3.142857142857143,71.42857142857143,0.14285714285714285,1564.4892662322625,,410.230937917184,0.0,0.0,0.0,0.0,60.0,service,residential
8811aa0d4dfffff,8,4,0.0,0.0,0.5,0.5,0.5,0.0,3.0,2.25,36.333333333333336,0.0,436.1671033742645,,400.5970626366385,0.0,0.0,0.0,0.0,60.0,bridleway,forest
8811aa0d51fffff,8,1,0.0,0.0,0.0,0.0,0.0,0.0,0.0,1.0,63.0,0.0,967.9074332934351,,979.3210411004455,0.0,0.0,0.0,0.0,60.0,service,allotments
8811aa0d57fffff,8,1,0.0,0.0,0.0,0.0,1.0,0.0,1.0,4.0,46.75,1.0,445.76123501825435,,454.07296368154636,0.0,0.0,0.0,0.0,60.0,path,scrub
8811aa0d5dfffff,8,2,0.0,0.0,0.0,0.0,1.0,0.0,0.5,2.0,44.5,0.0,1772.2071619002509,,151.4878399141164,0.0,1.0,0.0,1.0,60.0,service,residential
8811aa0d61fffff,8,9,0.0,0.0,0.0,0.3333333333333333,0.5555555555555556,0.0,2.3333333333333335,3.6666666666666665,45.18650793650794,0.5555555555555556,132.53208226157219,,83.29961697419395,1.0,9.0,0.0,5.0,60.0,service,residential
8811aa0d63fffff,8,6,0.0,0.0,0.3333333333333333,0.0,0.3333333333333333,0.0,1.6666666666666667,3.3333333333333335,39.083333333333336,0.3333333333333333,658.7023582932214,,194.94270237402316,0.0,2.0,0.0,2.0,60.0,secondary,retail
8811aa0d65fffff,8,11,0.0,0.0,0.5454545454545454,0.09090909090909091,0.36363636363636365,0.0,2.6363636363636362,3.909090909090909,36.57575757575757,0.7272727272727273,222.06396603355185,,149.73513797889078,0.0,7.0,0.0,6.0,60.0,footway,residential
8811aa0d69fffff,8,1,0.0,0.0,0.0,0.0,1.0,0.0,3.0,4.0,41.0,1.0,864.1826129435924,,256.3329528679129,0.0,1.0,0.0,1.0,60.0,service,forest
8811aa0d6bfffff,8,10,0.0,0.0,0.2,0.0,0.7,0.0,1.5,2.9,47.06666666666667,0.1,644.0747453436488,,76.26839241845757,2.0,2.0,0.0,2.0,60.0,service,cemetery
8811aa0f23fffff,8,4,0.0,0.0,1.0,0.0,0.25,0.0,1.5,2.0,37.375,0.0,853.9657711321773,,110.61802505582791,0.0,2.0,0.0,2.0,60.0,service,forest
8811aa0f27fffff,8,3,0.0,0.0,0.6666666666666666,0.3333333333333333,0.0,0.0,2.0,2.0,42.333333333333336,0.0,1287.0304038743418,,417.4967253964822,0.0,0.0,0.0,0.0,60.0,service,forest
8811aa0f2bfffff,8,1,0.0,0.0,1.0,1.0,0.0,0.0,2.0,2.0,40.0,0.0,722.5304486877978,,387.0763064510892,0.0,0.0,0.0,0.0,60.0,residential,residential
8811aa0f31fffff,8,6,0.0,0.0,0.16666666666666666,0.0,1.0,0.0,1.0,3.5,41.30555555555556,0.5,1069.379466993912,,461.103123174272,0.0,0.0,0.0,0.0,60.0,track,forest
8811aa0f35fffff,8,14,0.0,0.0,0.0,0.5714285714285714,0.2857142857142857,0.0,1.3571428571428572,2.5,38.31547619047619,0.07142857142857142,961.4272104698721,,114.69747997987967,0.0,4.0,0.0,4.0,60.0,path,residential
8811aa0f39fffff,8,15,0.0,0.0,0.06666666666666667,0.0,0.9333333333333333,0.0,1.2666666666666666,2.6,46.29444444444445,0.06666666666666667,830.1857599933762,,500.9148621942138,0.0,0.0,0.0,0.0,60.0,service,residential
8811aa0f3dfffff,8,9,0.0,0.0,0.3333333333333333,0.3333333333333333,0.1111111111111111,0.0,2.6666666666666665,1.7777777777777777,84.66666666666667,0.0,173.84626076703455,,180.3634377886979,0.0,3.0,0.0,2.0,60.0,service,residential
8811aa4001fffff,8,3,0.0,0.0,0.0,0.3333333333333333,0.3333333333333333,0.0,1.6666666666666667,1.3333333333333333,54.833333333333336,0.0,1368.932484990058,,643.5199338846875,0.0,0.0,0.0,0.0,60.0,path,park
8811aa4003fffff,8,4,0.0,0.0,0.25,0.25,0.5,0.0,1.0,2.5,39.0,0.25,1417.6121121433985,,232.4103722918865,0.0,2.0,0.0,2.0,60.0,service,residential
8811aa4005fffff,8,3,0.0,0.0,0.0,0.3333333333333333,0.6666666666666666,0.0,1.0,2.0,42.0,0.0,2268.8522053199204,,183.23650436308137,0.0,2.0,0.0,2.0,20.0,service,residential
8811aa4007fffff,8,4,0.0,0.0,0.0,0.5,0.25,0.0,0.75,2.0,40.5,0.0,2089.8802721759826,,612.9039544867871,0.0,0.0,0.0,0.0,60.0,residential,residential
8811aa400dfffff,8,1,0.0,0.0,1.0,0.0,1.0,0.0,2.0,2.0,46.5,0.0,1827.105715442267,,429.04698894895597,0.0,0.0,0.0,0.0,60.0,service,residential
8811aa4013fffff,8,1,0.0,0.0,0.0,1.0,0.0,0.0,1.0,2.0,37.0,0.0,1917.6520890729284,,1226.040385019439,0.0,0.0,0.0,0.0,60.0,footway,forest
8811aa4019fffff,8,2,0.0,0.0,0.0,1.0,0.5,0.0,1.5,1.5,211.5,0.0,1563.5051100127666,,223.75249449079928,0.0,2.0,0.0,2.0,60.0,residential,residential
8811aa4021fffff,8,2,0.0,0.0,0.0,0.0,1.0,0.0,0.5,6.0,36.0,1.0,3205.9734158288875,,902.665778441855,0.0,0.0,0.0,0.0,90.0,trunk,forest
8811aa4023fffff,8,6,0.0,0.0,0.0,0.0,1.0,0.0,0.3333333333333333,5.0,39.041666666666664,1.0,2393.224736907457,,678.1149687688693,0.0,0.0,0.0,0.0,60.0,path,forest
8811aa402bfffff,8,1,0.0,0.0,0.0,0.0,1.0,0.0,2.0,4.0,24.0,1.0,2905.6366129847943,,307.7150255518726,0.0,0.0,0.0,0.0,60.0,track,forest
8811aa402dfffff,8,6,0.0,0.0,0.5,0.0,0.8333333333333334,0.0,1.1666666666666667,6.0,38.25833333333333,1.0,2783.244807924509,,332.1625513099679,0.0,0.0,0.0,0.0,20.0,service,forest
8811aa4033fffff,8,3,0.0,0.0,0.3333333333333333,0.0,0.6666666666666666,0.0,2.0,3.3333333333333335,37.25,0.6666666666666666,1937.67023813962,,304.1318108498823,0.0,0.0,0.0,0.0,60.0,service,forest
8811aa4035fffff,8,3,0.0,0.0,0.3333333333333333,0.0,1.0,0.0,0.6666666666666666,6.0,29.7,1.0,1666.4155056961674,,360.8542866605365,0.0,0.0,0.0,0.0,40.0,unclassified,forest
8811aa4039fffff,8,5,0.0,0.0,0.2,0.0,0.8,0.0,1.2,2.0,37.0,0.0,2277.670232554428,,75.67840239894933,1.0,2.0,0.0,2.0,20.0,service,forest
8811aa403dfffff,8,2,0.0,0.0,0.0,0.0,1.0,0.0,1.5,3.0,38.25,0.5,2494.60163446641,,364.44252176287023,0.0,0.0,0.0,0.0,20.0,service,industrial
8811aa4041fffff,8,2,0.0,0.0,0.0,0.0,0.5,0.0,1.0,2.5,47.91666666666667,0.0,384.2431168693941,,181.68030616314348,0.0,2.0,0.0,2.0,20.0,living_street,residential
8811aa4045fffff,8,1,0.0,0.0,0.0,0.0,1.0,0.0,1.0,4.0,37.0,1.0,429.40359019401274,,244.58527776622395,0.0,1.0,0.0,1.0,60.0,residential,residential
8811aa4047fffff,8,1,0.0,0.0,0.0,1.0,0.0,0.0,1.0,1.0,40.0,0.0,1168.6964115560374,,654.8457194659541,0.0,0.0,0.0,0.0,20.0,living_street,residential
8811aa404bfffff,8,2,1.0,0.0,0.5,1.0,0.0,0.0,2.0,3.0,28.125,0.5,45.77331391935879,,96.90784551359071,7.0,12.0,0.0,6.0,60.0,secondary,forest
8811aa4055fffff,8,2,0.0,0.0,0.5,0.5,0.5,0.0,3.0,2.0,43.0,0.0,331.6042226991928,,238.26177861437236,0.0,2.0,0.0,2.0,20.0,service,grass
8811aa4057fffff,8,1,0.0,0.0,0.0,0.0,1.0,0.0,2.0,2.0,33.0,0.0,690.7654271015964,,221.27405294592114,0.0,1.0,0.0,1.0,20.0,service,forest
8811aa4065fffff,8,3,0.0,0.0,0.3333333333333333,0.0,0.6666666666666666,0.0,0.6666666666666666,2.6666666666666665,171.8888888888889,0.3333333333333333,1672.6826950833881,,143.9341408748028,0.0,2.0,0.0,2.0,60.0,footway,forest
8811aa4067fffff,8,1,0.0,0.0,0.0,0.0,1.0,0.0,0.0,3.0,60.0,0.0,1921.692497458826,,590.766953403418,0.0,0.0,0.0,0.0,60.0,track,forest
8811aa4069fffff,8,4,0.0,0.0,0.0,0.75,0.25,0.0,0.75,3.5,46.3125,0.75,205.82930717819764,,195.049807944975,0.0,6.0,0.0,4.0,60.0,secondary,industrial
8811aa406bfffff,8,2,0.0,0.0,0.5,0.0,1.0,0.0,1.5,1.5,57.25,0.0,951.6021077327372,,26.297587933818022,2.0,2.0,0.0,2.0,60.0,footway,residential
8811aa4085fffff,8,3,0.0,0.0,0.6666666666666666,0.3333333333333333,0.3333333333333333,0.0,4.0,2.6666666666666665,57.25,0.3333333333333333,345.10939553907855,,308.0626742908612,0.0,0.0,0.0,0.0,20.0,service,residential
8811aa4087fffff,8,2,0.0,0.0,0.0,0.0,1.0,0.0,1.0,7.0,26.8125,1.0,728.24499926666,,457.9128345655417,0.0,0.0,0.0,0.0,60.0,track,cemetery
8811aa4089fffff,8,2,0.0,0.0,0.5,0.0,0.0,0.0,1.5,2.0,35.75,0.0,890.4585552390207,,187.9212698073177,0.0,2.0,0.0,2.0,60.0,secondary,forest
8811aa408dfffff,8,4,1.0,0.0,0.0,0.0,0.25,0.0,1.75,2.0,48.625,0.0,46.8314622829147,,29.529572985871663,2.0,6.0,0.0,4.0,40.0,tertiary,scrub
8811aa4091fffff,8,1,0.0,0.0,0.0,0.0,1.0,0.0,0.0,4.0,36.5,1.0,307.91398836804285,,452.34246162676726,0.0,0.0,0.0,0.0,60.0,path,forest
8811aa4095fffff,8,4,0.0,0.0,0.25,0.0,1.0,0.0,0.5,3.5,33.625,0.75,980.4725041081239,,31.279579636003323,1.0,3.0,0.0,3.0,60.0,footway,forest
8811aa4097fffff,8,1,0.0,0.0,0.0,0.0,1.0,0.0,0.0,4.0,37.75,1.0,486.9752412092208,,449.393145943219,0.0,0.0,0.0,0.0,60.0,path,forest
8811aa40a1fffff,8,17,0.0,0.0,0.35294117647058826,0.5294117647058824,0.29411764705882354,0.0,3.0,4.0588235294117645,44.51960784313726,0.6470588235294118,140.18993718359295,,84.30862586246063,1.0,15.0,0.0,5.0,60.0,footway,park
8811aa40a3fffff,8,4,0.0,0.0,0.0,0.25,0.25,0.0,2.5,1.75,126.25,0.0,770.9639934285268,,49.57440167389947,1.0,1.0,0.0,1.0,60.0,residential,residential
8811aa40a7fffff,8,2,0.0,0.0,0.5,0.0,1.0,0.0,2.0,3.5,40.58333333333333,0.5,462.29229093680317,,430.1422934600445,0.0,0.0,0.0,0.0,60.0,secondary,forest
8811aa40b1fffff,8,5,0.0,0.0,0.2,0.4,0.4,0.0,1.8,2.6,56.333333333333336,0.2,175.58214368469802,,161.36378894216045,0.0,5.0,0.0,4.0,60.0,service,residential
8811aa40b3fffff,8,1,0.0,0.0,0.0,0.0,0.0,0.0,1.0,2.0,80.0,0.0,627.4084617853354,,92.5618712322787,1.0,4.0,0.0,4.0,40.0,tertiary,residential
8811aa40b7fffff,8,1,0.0,0.0,0.0,0.0,0.0,0.0,0.0,1.0,0.0,0.0,731.0700365208176,,810.508468694579,0.0,0.0,0.0,0.0,60.0,footway,forest
8811aa40b9fffff,8,4,0.0,0.0,0.0,0.0,0.5,0.0,1.25,4.5,35.208333333333336,0.75,475.2097006991775,,431.27475819180734,0.0,0.0,0.0,0.0,60.0,footway,forest
8811aa40bbfffff,8,4,0.0,0.0,0.0,0.5,0.0,0.0,1.0,2.75,65.25,0.5,380.27549762603815,,396.149995407153,0.0,0.0,0.0,0.0,60.0,service,residential
8811aa40bdfffff,8,2,0.0,0.0,0.0,0.0,0.0,0.0,1.0,2.0,36.0,0.0,452.31506227267727,,388.7265411113245,0.0,0.0,0.0,0.0,20.0,residential,residential
8811aa40d1fffff,8,1,0.0,0.0,0.0,0.0,0.0,0.0,0.0,2.0,25.0,0.0,358.3662596998785,,325.7257328379766,0.0,0.0,0.0,0.0,40.0,residential,residential
8811aa40d3fffff,8,2,0.0,0.0,1.0,0.0,1.0,0.0,1.5,4.0,36.5,1.0,451.681577124768,,66.88809369232713,1.0,2.0,0.0,2.0,40.0,secondary_link,forest
8811aa40d5fffff,8,1,0.0,0.0,0.0,0.0,0.0,0.0,1.0,2.0,36.0,0.0,1074.209753202767,,274.8427432790644,0.0,1.0,0.0,1.0,60.0,service,residential
8811aa40e3fffff,8,2,0.0,0.0,0.5,0.0,1.0,0.0,3.0,2.0,38.5,0.0,367.61061955120675,,232.889601978661,0.0,2.0,0.0,2.0,60.0,residential,industrial
8811aa40e7fffff,8,1,0.0,0.0,1.0,0.0,0.0,0.0,1.0,2.0,39.0,0.0,1135.3498700855675,,492.11521868085646,0.0,0.0,0.0,0.0,60.0,service,grass
8811aa40edfffff,8,3,0.0,0.0,0.3333333333333333,0.0,1.0,0.0,1.3333333333333333,6.0,35.666666666666664,1.0,1632.1733131146113,,94.536117622189,1.0,2.0,0.0,2.0,60.0,steps,forest
8811aa4101fffff,8,3,0.0,0.0,0.3333333333333333,0.3333333333333333,0.6666666666666666,0.0,1.6666666666666667,3.3333333333333335,48.5,0.6666666666666666,107.91709274032881,,158.27947738158238,0.0,3.0,0.0,2.0,60.0,service,forest
8811aa4107fffff,8,2,0.0,0.0,0.0,0.5,0.5,0.0,1.0,2.0,37.0,0.0,236.92091753289606,,130.83134495508284,0.0,6.0,0.0,4.0,60.0,footway,forest
8811aa4109fffff,8,4,0.0,0.0,0.25,0.25,0.5,0.0,1.0,2.25,55.875,0.25,968.478603299275,,214.97516192569836,0.0,1.0,0.0,1.0,60.0,service,residential
8811aa4113fffff,8,1,0.0,0.0,0.0,0.0,1.0,0.0,1.0,2.0,27.5,0.0,2955.373345499504,,2098.3623066543337,0.0,0.0,0.0,0.0,60.0,residential,forest
8811aa4129fffff,8,1,0.0,0.0,0.0,0.0,1.0,0.0,1.0,2.0,37.0,0.0,1818.8480431759892,,754.955090060121,0.0,0.0,0.0,0.0,60.0,service,residential
8811aa412bfffff,8,2,0.0,0.0,0.0,0.5,0.0,0.0,1.5,2.0,33.0,0.0,1138.8900253525298,,21.810785361030344,1.0,4.0,0.0,4.0,60.0,service,residential
8811aa4135fffff,8,1,0.0,0.0,0.0,0.0,1.0,0.0,1.0,1.0,57.0,0.0,331.0232184129756,,301.89078724273367,0.0,0.0,0.0,0.0,60.0,tertiary,forest
8811aa4143fffff,8,1,0.0,0.0,1.0,0.0,0.0,0.0,1.0,4.0,18.25,1.0,634.0068890123837,,81.40484926477453,1.0,4.0,0.0,4.0,90.0,secondary,allotments
8811aa4149fffff,8,4,0.0,0.0,0.5,0.25,0.25,0.0,2.25,2.0,34.125,0.0,817.5854509345365,,270.0027984404938,0.0,2.0,0.0,2.0,60.0,track,allotments
8811aa414bfffff,8,5,0.0,0.0,0.2,0.8,0.4,0.0,1.6,4.0,35.1,1.0,154.29328062855905,,110.18903232723801,0.0,9.0,0.0,1.0,60.0,footway,allotments
8811aa414dfffff,8,1,0.0,0.0,0.0,0.0,1.0,0.0,1.0,2.0,37.0,0.0,1475.40325389208,,630.362715476553,0.0,0.0,0.0,0.0,60.0,service,forest
8811aa4183fffff,8,3,0.0,0.0,0.0,1.0,0.0,0.0,1.0,4.0,37.833333333333336,1.0,2020.3804579911364,,73.54079626926016,1.0,3.0,0.0,3.0,40.0,unclassified,allotments
8811aa4189fffff,8,1,0.0,0.0,0.0,0.0,1.0,0.0,0.0,1.0,55.0,0.0,1164.5500562461862,,768.3112249066616,0.0,0.0,0.0,0.0,60.0,residential,forest
8811aa4199fffff,8,8,0.0,0.0,0.0,0.125,1.0,0.0,0.875,4.25,37.575,1.0,299.68935408500624,,1184.8676928382117,0.0,1.0,0.0,0.0,60.0,path,allotments
8811aa419bfffff,8,6,0.0,0.0,0.0,0.0,1.0,0.0,0.8333333333333334,4.666666666666667,37.916666666666664,1.0,900.7886509507485,,958.781745069959,0.0,0.0,0.0,0.0,90.0,trunk,forest
8811aa41a3fffff,8,1,0.0,0.0,1.0,0.0,1.0,0.0,3.0,3.0,35.0,0.0,1336.5923039341378,,600.5056487602257,0.0,0.0,0.0,0.0,60.0,path,residential
8811aa41a7fffff,8,1,0.0,0.0,1.0,0.0,0.0,0.0,2.0,2.0,40.0,0.0,1867.1005795264937,,178.7960233676064,0.0,2.0,0.0,2.0,60.0,path,forest
8811aa41b5fffff,8,1,0.0,0.0,0.0,0.0,1.0,0.0,0.0,4.0,37.75,1.0,512.861402450346,,280.1340189591832,0.0,1.0,0.0,1.0,60.0,service,industrial
8811aa41c9fffff,8,2,0.0,0.0,0.0,0.0,1.0,0.0,0.5,1.0,67.0,0.0,1755.8042978960245,,255.2571092200287,0.0,1.0,0.0,1.0,60.0,service,forest
8811aa41cbfffff,8,2,0.0,0.0,0.0,0.0,1.0,0.0,1.0,4.5,35.625,1.0,903.7555962583853,,267.13617928259976,0.0,1.0,0.0,1.0,60.0,residential,forest
8811aa41cdfffff,8,1,0.0,0.0,0.0,1.0,0.0,0.0,0.0,1.0,74.0,0.0,2259.7218051039363,,1172.7243075360439,0.0,0.0,0.0,0.0,60.0,residential,residential
8811aa41d1fffff,8,2,0.0,0.0,0.0,0.0,1.0,0.0,1.0,5.0,68.5,1.0,783.9953815261213,,562.1397319529257,0.0,0.0,0.0,0.0,90.0,trunk,forest
8811aa41d3fffff,8,6,0.0,0.0,0.0,0.0,1.0,0.0,1.0,4.5,40.84166666666667,1.0,368.9656097268485,,1340.830627510239,0.0,0.0,0.0,0.0,60.0,service,grass
8811aa41d7fffff,8,1,0.0,0.0,0.0,0.0,1.0,0.0,1.0,4.0,37.0,1.0,531.4074413602369,,446.56691154858686,0.0,0.0,0.0,0.0,20.0,service,forest
8811aa41ddfffff,8,9,,,0.2222222222222222,0.1111111111111111,0.7777777777777778,0.0,1.3333333333333333,4.333333333333333,63.525925925925925,0.8888888888888888,,,,,,,,,,
8811aa4221fffff,8,1,0.0,0.0,0.0,0.0,1.0,0.0,1.0,1.0,70.0,0.0,846.1282499488898,,803.0943611322798,0.0,0.0,0.0,0.0,20.0,service,allotments
8811aa4229fffff,8,3,0.0,0.0,0.0,0.3333333333333333,0.6666666666666666,0.0,2.3333333333333335,3.0,36.44444444444444,0.3333333333333333,311.27958695999683,,346.3449654900748,0.0,0.0,0.0,0.0,20.0,residential,residential
8811aa422dfffff,8,5,0.0,0.0,0.2,0.2,0.4,0.0,1.2,2.4,34.2,0.2,565.5220976461418,,112.55174629366445,0.0,2.0,0.0,2.0,40.0,secondary,residential
8811aa4263fffff,8,1,0.0,0.0,0.0,0.0,1.0,0.0,1.0,1.0,500.0,0.0,980.3531215620457,,419.31152570729034,0.0,0.0,0.0,0.0,20.0,residential,forest
8811aa42d1fffff,8,4,0.0,0.0,0.5,0.0,0.75,0.0,0.75,2.0,37.0,0.0,322.8048559225243,,316.56690802042857,0.0,0.0,0.0,0.0,60.0,service,forest
8811aa42d5fffff,8,3,0.0,0.0,1.0,0.3333333333333333,0.6666666666666666,0.0,1.6666666666666667,2.0,37.333333333333336,0.0,600.9847112479691,,301.68809768403355,0.0,0.0,0.0,0.0,60.0,path,retail
8811aa42d9fffff,8,2,0.0,0.0,0.0,1.0,0.0,0.0,0.0,3.0,38.875,0.5,820.0088538432736,,521.7691236444883,0.0,0.0,0.0,0.0,90.0,secondary,forest
8811aa4307fffff,8,2,0.0,0.0,0.0,0.0,1.0,0.0,1.5,6.0,39.0,1.0,1617.7870551458375,,406.31864669361073,0.0,0.0,0.0,0.0,20.0,service,forest
8811aa4311fffff,8,1,0.0,0.0,1.0,0.0,0.0,0.0,1.0,2.0,40.0,0.0,565.4288892615682,,316.2346256833377,0.0,0.0,0.0,0.0,20.0,residential,residential
8811aa4315fffff,8,2,0.0,0.0,0.5,1.0,0.0,0.0,0.5,2.0,36.0,0.0,703.0690874222371,,237.66913948855574,0.0,2.0,0.0,2.0,60.0,service,forest
8811aa4319fffff,8,1,0.0,0.0,1.0,0.0,0.0,0.0,2.0,2.0,37.0,0.0,391.1359383603456,,148.0942680674208,0.0,2.0,0.0,2.0,20.0,service,allotments
8811aa4325fffff,8,1,0.0,0.0,0.0,0.0,1.0,0.0,1.0,2.0,37.0,0.0,2294.0458236735876,,150.79679908175416,0.0,3.0,0.0,3.0,20.0,service,industrial
8811aa4327fffff,8,3,0.0,0.0,0.3333333333333333,0.3333333333333333,0.0,0.0,1.6666666666666667,2.0,37.666666666666664,0.0,1471.8473605639317,,283.57098509245196,0.0,1.0,0.0,1.0,60.0,service,residential
8811aa432bfffff,8,1,0.0,0.0,0.0,0.0,0.0,0.0,0.0,0.0,,0.0,1399.1196846610349,,723.2417194332755,0.0,0.0,0.0,0.0,60.0,service,forest
8811aa4331fffff,8,1,0.0,0.0,0.0,0.0,1.0,0.0,1.0,8.0,45.0,1.0,907.690921496316,,496.4483657956387,0.0,0.0,0.0,0.0,60.0,footway,forest
8811aa4339fffff,8,1,0.0,0.0,0.0,0.0,0.0,0.0,1.0,2.0,35.0,0.0,725.5967067852571,,819.6674184010367,0.0,0.0,0.0,0.0,90.0,secondary_link,forest
8811aa4353fffff,8,1,0.0,0.0,0.0,1.0,1.0,0.0,2.0,2.0,40.0,0.0,437.8723596266585,,214.28151626432728,0.0,2.0,0.0,2.0,10.0,service,industrial
8811aa4357fffff,8,1,0.0,0.0,0.0,0.0,1.0,0.0,1.0,2.0,49.0,0.0,915.3998059126855,,595.4885144550085,0.0,0.0,0.0,0.0,60.0,service,residential
8811aa4411fffff,8,22,0.0,0.0,0.0,0.0,0.9090909090909091,0.0,0.6363636363636364,4.681818181818182,44.09090909090909,0.9090909090909091,687.5715699088745,,855.3754757335705,0.0,0.0,0.0,0.0,90.0,trunk_link,forest
8811aa4415fffff,8,13,0.0,0.0,0.07692307692307693,0.07692307692307693,0.8461538461538461,0.0,1.5384615384615385,4.846153846153846,43.53846153846154,0.9230769230769231,481.9296634456071,,472.10216396838325,0.0,0.0,0.0,0.0,90.0,primary,retail
8811aa4417fffff,8,6,0.0,0.0,0.5,0.16666666666666666,0.3333333333333333,0.0,3.8333333333333335,3.8333333333333335,42.36111111111111,0.8333333333333334,419.1351171635968,,118.59313914406427,0.0,4.0,0.0,4.0,60.0,path,forest
8811aa441bfffff,8,7,0.0,0.0,0.0,0.0,1.0,0.0,0.14285714285714285,5.0,43.42857142857143,1.0,1555.9701213980047,,892.4945655056157,0.0,0.0,0.0,0.0,60.0,path,forest
8811aa4421fffff,8,1,0.0,0.0,0.0,1.0,0.0,0.0,3.0,2.0,38.0,0.0,1849.0408469094946,,88.71895793619653,2.0,2.0,0.0,2.0,60.0,path,forest
8811aa4423fffff,8,1,0.0,0.0,0.0,0.0,1.0,0.0,2.0,2.0,36.5,0.0,1255.834618703356,,275.49114749684105,0.0,2.0,0.0,2.0,60.0,footway,forest
8811aa442dfffff,8,1,0.0,0.0,0.0,1.0,1.0,0.0,3.0,2.0,41.0,0.0,2052.52564592195,,183.75691254191554,0.0,3.0,0.0,3.0,60.0,footway,park
8811aa4431fffff,8,26,0.0,0.0,0.19230769230769232,0.0,0.8461538461538461,0.0,2.1538461538461537,4.653846153846154,46.303663003663004,0.8076923076923077,577.0269774563066,,62.27009698319153,1.0,6.0,0.0,6.0,60.0,footway,park
8811aa4433fffff,8,16,0.0,0.0,0.5,0.3125,0.1875,0.0,2.3125,2.6875,52.21875,0.3125,172.74307677723405,,124.12198661177969,0.0,12.0,0.0,8.0,60.0,service,residential
8811aa4435fffff,8,28,0.0,0.0,0.21428571428571427,0.0,0.75,0.0,2.142857142857143,4.0,44.642857142857146,0.6428571428571429,1022.5923628995093,,265.76787080589725,0.0,2.0,0.0,2.0,60.0,service,retail
8811aa4437fffff,8,22,0.0,0.0,0.5454545454545454,0.45454545454545453,0.2727272727272727,0.0,2.727272727272727,3.5454545454545454,39.87954545454546,0.36363636363636365,261.53691813455407,,194.48338248066364,0.0,10.0,0.0,8.0,20.0,service,residential
8811aa4439fffff,8,6,0.0,0.0,0.16666666666666666,0.16666666666666666,0.3333333333333333,0.0,1.5,3.5,35.333333333333336,0.5,554.6607108740628,,301.22123008176015,0.0,0.0,0.0,0.0,60.0,residential,residential
8811aa443bfffff,8,16,0.0,0.0,0.3125,0.125,0.6875,0.0,2.6875,3.625,43.125,0.625,339.5477291996303,,296.10483754479776,0.0,1.0,0.0,1.0,60.0,service,industrial
8811aa443dfffff,8,1,0.0,0.0,0.0,0.0,1.0,0.0,1.0,6.0,38.333333333333336,1.0,1279.239221930796,,79.58204785560396,1.0,2.0,0.0,2.0,60.0,footway,retail
8811aa4481fffff,8,9,0.0,0.0,0.6666666666666666,0.2222222222222222,0.3333333333333333,0.0,2.888888888888889,3.5555555555555554,46.148148148148145,0.4444444444444444,499.5881492181462,,179.4958330289593,0.0,3.0,0.0,3.0,60.0,path,park
8811aa4485fffff,8,7,0.0,0.0,0.2857142857142857,0.14285714285714285,1.0,0.0,1.7142857142857142,5.0,31.029591836734692,0.7142857142857143,375.94157869727826,,352.4585715431958,0.0,0.0,0.0,0.0,60.0,service,park
8811aa4487fffff,8,6,0.0,0.0,0.3333333333333333,0.16666666666666666,0.5,0.0,1.1666666666666667,4.0,48.625,0.5,258.7498422195308,,255.04890476747383,0.0,3.0,0.0,2.0,60.0,service,forest
8811aa4489fffff,8,7,0.0,0.0,0.14285714285714285,0.14285714285714285,0.14285714285714285,0.0,2.142857142857143,2.142857142857143,47.07142857142857,0.2857142857142857,207.50640258863828,,152.17912939825283,0.0,5.0,0.0,4.0,60.0,service,residential
8811aa448bfffff,8,7,0.0,0.0,0.8571428571428571,0.14285714285714285,0.14285714285714285,0.0,2.0,3.4285714285714284,40.32142857142857,0.7142857142857143,595.6721552171755,,99.1651336087465,1.0,2.0,0.0,2.0,60.0,cycleway,park
8811aa448dfffff,8,15,0.0,0.0,0.2,0.26666666666666666,0.2,0.0,2.2,2.7333333333333334,43.53888888888889,0.4,198.79007294933552,,189.85981069296392,0.0,9.0,0.0,7.0,60.0,footway,residential
8811aa4493fffff,8,44,0.0,0.0,0.3409090909090909,0.11363636363636363,0.4090909090909091,0.0,1.8636363636363635,3.477272727272727,43.62131782945737,0.4318181818181818,559.9296488101448,,177.09688530229084,0.0,8.0,0.0,8.0,60.0,service,residential
8811aa4497fffff,8,3,0.0,0.0,0.3333333333333333,0.0,0.3333333333333333,0.0,3.0,2.0,46.666666666666664,0.0,368.2728423083965,,216.63055992354649,0.0,2.0,0.0,2.0,60.0,path,forest
8811aa4499fffff,8,11,0.0,0.0,0.0,0.0,0.2727272727272727,0.0,1.4545454545454546,5.909090909090909,40.16060606060606,0.9090909090909091,765.0866033637011,,572.9292260550735,0.0,0.0,0.0,0.0,80.0,primary,park
8811aa449bfffff,8,26,0.0,0.0,0.38461538461538464,0.23076923076923078,0.11538461538461539,0.0,1.5769230769230769,2.8461538461538463,63.15384615384615,0.4230769230769231,146.47530807293137,,104.11889943562477,0.0,9.0,0.0,8.0,60.0,footway,residential
8811aa44a1fffff,8,13,0.0,0.0,0.6923076923076923,0.23076923076923078,0.46153846153846156,0.0,2.6153846153846154,2.4615384615384617,43.46153846153846,0.0,216.72096068203473,,104.64560173478984,0.0,6.0,0.0,5.0,60.0,service,grass
8811aa44a3fffff,8,3,0.0,0.0,0.0,0.0,0.0,0.0,2.3333333333333335,2.0,44.0,0.0,499.90787085728317,,393.8775797971644,0.0,0.0,0.0,0.0,60.0,path,forest
8811aa44a5fffff,8,40,0.0,0.0,0.65,0.275,0.35,0.0,2.2,3.65,39.312916666666666,0.475,157.96960435916517,,121.48252558426061,0.0,11.0,0.0,6.0,60.0,service,residential
8811aa44a7fffff,8,10,0.0,0.0,0.2,0.4,0.3,0.0,2.7,2.7,45.55,0.3,276.84526222407686,,172.85154290524076,0.0,5.0,0.0,4.0,60.0,footway,forest
8811aa44a9fffff,8,26,0.0,0.0,0.5769230769230769,0.34615384615384615,0.3076923076923077,0.0,2.576923076923077,2.769230769230769,40.06666666666667,0.34615384615384615,298.26712413973115,,15.458296278642926,2.0,9.0,0.0,8.0,60.0,footway,residential
8811aa44adfffff,8,7,,,0.2857142857142857,0.0,0.0,0.0,2.4285714285714284,2.0,48.642857142857146,0.14285714285714285,,,,,,,,,,
8811aa44b5fffff,8,1,0.0,0.0,1.0,1.0,0.0,0.0,3.0,2.0,52.0,0.0,722.0158317764735,,423.34726504560234,0.0,0.0,0.0,0.0,60.0,path,forest
8811aa44b9fffff,8,7,0.0,0.0,0.0,0.0,1.0,0.0,0.7142857142857143,4.571428571428571,40.214285714285715,0.7142857142857143,903.790202116647,,287.3782016329755,0.0,1.0,0.0,1.0,60.0,secondary,forest
8811aa44bbfffff,8,5,1.0,0.0,0.6,0.8,0.4,0.0,2.4,4.6,36.31428571428571,0.6,83.89638754929457,,42.38509214953467,4.0,6.0,0.0,4.0,60.0,secondary,forest
8811aa44c1fffff,8,6,0.0,0.0,0.5,0.0,0.5,0.0,1.1666666666666667,3.5,38.73333333333333,0.3333333333333333,248.57393673603488,,193.88520718182164,0.0,3.0,0.0,2.0,60.0,service,forest
8811aa44c3fffff,8,24,0.0,0.0,0.5416666666666666,0.20833333333333334,0.20833333333333334,0.0,3.25,2.8333333333333335,92.27430555555556,0.25,393.46780155111566,,161.87283983909617,0.0,7.0,0.0,7.0,60.0,service,residential
8811aa44c7fffff,8,34,1.0,0.0,0.6470588235294118,0.47058823529411764,0.11764705882352941,0.0,3.4411764705882355,3.2941176470588234,36.88186274509804,0.4411764705882353,74.6285022521206,,28.912403380342163,3.0,9.0,0.0,7.0,60.0,footway,grass
8811aa44c9fffff,8,4,0.0,0.0,0.0,0.25,0.75,0.0,1.0,3.0,39.083333333333336,0.25,552.5528088857528,,224.22996327768058,0.0,2.0,0.0,2.0,60.0,service,forest
8811aa44cbfffff,8,2,0.0,0.0,0.0,0.0,1.0,0.0,0.0,4.0,37.0,0.5,689.9898331833576,,629.7207478981614,0.0,0.0,0.0,0.0,60.0,path,forest
8811aa44d1fffff,8,10,0.0,0.0,0.7,0.4,0.4,0.0,3.0,4.1,38.43,0.7,215.79973196351517,,214.56308698264448,0.0,4.0,0.0,3.0,60.0,footway,park
8811aa44d5fffff,8,5,0.0,0.0,0.4,0.2,0.0,0.0,3.0,3.2,44.2,0.6,612.1927883905047,,260.16986183129245,0.0,2.0,0.0,2.0,60.0,service,residential
8811aa44d7fffff,8,6,0.0,0.0,0.3333333333333333,0.8333333333333334,0.16666666666666666,0.0,3.6666666666666665,5.0,39.13492063492063,0.8333333333333334,310.81096383383084,,268.8421454990842,0.0,1.0,0.0,1.0,60.0,service,forest
8811aa44d9fffff,8,7,0.0,0.0,0.0,0.0,0.14285714285714285,0.0,0.42857142857142855,3.0,36.285714285714285,0.0,614.4839840825463,,331.65395430630724,0.0,0.0,0.0,0.0,60.0,footway,forest
8811aa44ddfffff,8,15,0.0,0.0,0.6,0.26666666666666666,0.13333333333333333,0.0,2.6666666666666665,3.2666666666666666,47.27111111111112,0.6666666666666666,314.8886807996063,,56.394905212394114,1.0,3.0,0.0,3.0,60.0,service,industrial
8811aa44e1fffff,8,38,0.0,0.0,0.5263157894736842,0.5,0.4473684210526316,0.0,3.5,5.447368421052632,35.54756683375105,0.6842105263157895,197.33013161394732,,128.10211590897725,0.0,18.0,0.0,8.0,60.0,service,residential
8811aa44e3fffff,8,30,0.0,0.0,0.36666666666666664,0.4666666666666667,0.4,0.0,2.966666666666667,4.7,48.67398148148148,0.5,170.50151151511753,,97.98397597864364,1.0,14.0,0.0,6.0,60.0,service,residential
8811aa44e5fffff,8,28,0.0,0.0,0.4642857142857143,0.42857142857142855,0.25,0.0,2.7142857142857144,2.1785714285714284,47.13095238095239,0.10714285714285714,267.0476797936581,,161.8352463135715,0.0,6.0,0.0,5.0,60.0,service,industrial
8811aa44e7fffff,8,17,0.0,0.0,0.47058823529411764,0.5294117647058824,0.17647058823529413,0.0,2.823529411764706,2.9411764705882355,48.300000000000004,0.29411764705882354,235.10914884849015,,188.78024890119474,0.0,11.0,0.0,6.0,60.0,service,residential
8811aa44e9fffff,8,9,0.0,0.0,0.3333333333333333,0.5555555555555556,0.2222222222222222,0.0,2.7777777777777777,1.8888888888888888,45.55555555555556,0.0,445.7721060282745,,85.35630667455727,1.0,3.0,0.0,3.0,60.0,tertiary,residential
8811aa44ebfffff,8,6,0.0,0.0,0.6666666666666666,0.16666666666666666,0.16666666666666666,0.0,2.5,2.0,52.333333333333336,0.0,395.34258453149204,,202.00461616591647,0.0,2.0,0.0,2.0,60.0,footway,residential
8811aa44edfffff,8,3,0.0,0.0,0.3333333333333333,0.0,1.0,0.0,2.0,3.3333333333333335,40.0,0.3333333333333333,586.9375440275508,,392.0538579937498,0.0,0.0,0.0,0.0,60.0,unclassified,industrial
8811aa4501fffff,8,2,0.0,0.0,0.5,0.0,1.0,0.0,2.5,2.0,28.0,0.0,1045.2790023295152,,374.34209527207554,0.0,0.0,0.0,0.0,60.0,path,forest
8811aa4505fffff,8,2,0.0,0.0,0.0,1.0,0.0,0.0,1.0,1.0,108.5,0.0,812.5971957874762,,200.4654641444038,0.0,2.0,0.0,2.0,60.0,footway,residential
8811aa4507fffff,8,1,0.0,0.0,1.0,0.0,1.0,0.0,2.0,2.0,36.0,0.0,959.4129223462877,,460.7750835179961,0.0,0.0,0.0,0.0,60.0,service,forest
8811aa450dfffff,8,8,0.0,0.0,0.125,0.625,0.0,0.0,2.75,2.625,43.104166666666664,0.25,161.3015318755995,,54.338350681376745,2.0,5.0,0.0,3.0,20.0,residential,cemetery
8811aa4521fffff,8,6,0.0,0.0,0.5,0.8333333333333334,0.16666666666666666,0.0,2.8333333333333335,4.166666666666667,42.51190476190476,0.6666666666666666,157.9469239050722,,88.75929604764242,2.0,8.0,0.0,6.0,60.0,footway,residential
8811aa4523fffff,8,8,0.0,0.0,0.5,0.5,0.125,0.0,3.125,2.5,58.125,0.375,256.75823341824287,,102.43835878411107,0.0,3.0,0.0,2.0,60.0,service,forest
8811aa4525fffff,8,1,0.0,0.0,0.0,0.0,1.0,0.0,3.0,1.0,76.0,0.0,734.0905862382218,,720.052261761932,0.0,0.0,0.0,0.0,60.0,footway,residential
8811aa4527fffff,8,9,1.0,0.0,0.4444444444444444,0.3333333333333333,0.2222222222222222,0.0,2.6666666666666665,2.7777777777777777,39.922222222222224,0.4444444444444444,91.09407699904726,,54.07908216887428,2.0,9.0,0.0,5.0,60.0,footway,forest
8811aa4529fffff,8,24,0.0,0.0,0.5833333333333334,0.625,0.3333333333333333,0.0,3.625,4.416666666666667,43.38768115942029,0.5416666666666666,179.94547878836306,,202.94254000407764,0.0,6.0,0.0,4.0,60.0,footway,residential
8811aa452bfffff,8,16,1.0,0.0,0.75,0.375,0.4375,0.0,3.3125,7.4375,33.838368055555556,1.0,32.780028332292005,,81.42306343926924,3.0,7.0,0.0,5.0,60.0,steps,grass
8811aa452dfffff,8,14,0.0,0.0,0.5714285714285714,0.2857142857142857,0.21428571428571427,0.0,3.642857142857143,3.2857142857142856,42.44642857142857,0.5714285714285714,252.0957972028779,,123.60947437993637,0.0,7.0,0.0,6.0,20.0,service,residential
8811aa4531fffff,8,4,0.0,0.0,0.25,0.25,0.75,0.0,1.5,4.75,33.026785714285715,0.5,414.803134081154,,337.6840139838922,0.0,0.0,0.0,0.0,60.0,path,forest
8811aa4533fffff,8,1,0.0,0.0,0.0,0.0,1.0,0.0,4.0,2.0,70.0,0.0,544.4819760757711,,511.82647433045463,0.0,0.0,0.0,0.0,60.0,path,forest
8811aa4535fffff,8,20,0.0,0.0,0.6,0.35,0.15,0.0,2.95,2.45,45.52916666666667,0.25,207.42469121777677,,152.66724983556773,0.0,6.0,0.0,5.0,60.0,footway,residential
8811aa4537fffff,8,25,0.0,0.0,0.68,0.36,0.12,0.0,3.36,3.64,52.94444444444444,0.36,479.5917585662195,,177.96756103205684,0.0,4.0,0.0,4.0,20.0,service,residential
8811aa453dfffff,8,11,0.0,0.0,0.7272727272727273,0.6363636363636364,0.18181818181818182,0.0,2.5454545454545454,5.2727272727272725,45.46590909090909,0.6363636363636364,395.00473529191555,,200.61364304268736,0.0,3.0,0.0,3.0,60.0,footway,residential
8811aa4547fffff,8,1,0.0,0.0,0.0,1.0,0.0,0.0,2.0,2.0,83.5,0.0,440.6867179194072,,97.10333430815292,1.0,2.0,0.0,2.0,60.0,footway,residential
8811aa4553fffff,8,2,0.0,0.0,0.0,0.5,0.5,0.0,1.0,2.0,57.0,0.0,2070.8201857771073,,140.32821647972153,0.0,4.0,0.0,4.0,60.0,path,grass
8811aa4561fffff,8,22,0.0,0.0,0.5,0.4090909090909091,0.13636363636363635,0.0,2.727272727272727,3.227272727272727,45.26136363636363,0.6818181818181818,338.23400505591485,,15.317249665026765,2.0,3.0,0.0,3.0,60.0,tertiary,residential
8811aa4563fffff,8,7,0.0,0.0,0.42857142857142855,0.14285714285714285,0.0,0.0,1.5714285714285714,3.142857142857143,48.07142857142857,0.7142857142857143,238.66741606931168,,172.1106321860775,0.0,6.0,0.0,4.0,60.0,residential,residential
8811aa4565fffff,8,16,0.0,0.0,0.6875,0.5,0.0625,0.0,3.125,3.25,52.94895833333334,0.5625,207.24674021992612,,69.98180897310341,3.0,18.0,0.0,14.0,60.0,secondary_link,grass
8811aa4567fffff,8,36,0.0,0.0,0.6388888888888888,0.3333333333333333,0.16666666666666666,0.0,2.888888888888889,2.6666666666666665,52.1287037037037,0.3888888888888889,268.6700064264168,,103.0335925190518,0.0,4.0,0.0,3.0,60.0,service,residential
8811aa4569fffff,8,3,0.0,0.0,0.6666666666666666,0.3333333333333333,0.3333333333333333,0.0,1.0,2.3333333333333335,51.0,0.3333333333333333,472.4874155378911,,112.98805636458712,0.0,2.0,0.0,2.0,60.0,path,residential
8811aa456dfffff,8,8,0.0,0.0,0.125,0.5,0.0,0.0,1.25,2.375,114.3125,0.25,201.93228061665462,,82.71039966628146,1.0,8.0,0.0,6.0,60.0,footway,grass
8811aa4583fffff,8,3,0.0,0.0,0.0,0.6666666666666666,0.6666666666666666,0.0,1.6666666666666667,5.666666666666667,38.51984126984127,1.0,701.5324691587424,,216.29986839780722,0.0,2.0,0.0,2.0,60.0,service,industrial
8811aa4585fffff,8,6,0.0,0.0,0.3333333333333333,0.0,0.3333333333333333,0.0,2.6666666666666665,3.6666666666666665,178.94444444444446,0.5,558.9880586281696,,227.58936874773426,0.0,2.0,0.0,2.0,60.0,footway,forest
8811aa4587fffff,8,13,0.0,0.0,0.6153846153846154,0.23076923076923078,0.6923076923076923,0.0,3.3076923076923075,4.615384615384615,43.92307692307692,0.6153846153846154,595.3963830674999,,137.70528745140885,0.0,4.0,0.0,4.0,60.0,service,residential
8811aa4589fffff,8,9,0.0,0.0,0.6666666666666666,0.0,0.4444444444444444,0.0,3.4444444444444446,4.333333333333333,45.68809523809524,0.5555555555555556,911.0910122222552,,256.1402655734908,0.0,3.0,0.0,3.0,60.0,service,industrial
8811aa458dfffff,8,9,0.0,0.0,0.4444444444444444,0.8888888888888888,0.1111111111111111,0.0,4.222222222222222,6.555555555555555,35.8452380952381,1.0,384.1909556738332,,72.74365806560037,1.0,2.0,0.0,2.0,60.0,footway,industrial
8811aa4591fffff,8,12,0.0,0.0,0.3333333333333333,0.08333333333333333,0.3333333333333333,0.0,2.5833333333333335,4.75,41.117592592592594,0.4166666666666667,534.7435249837873,,306.2269089797539,0.0,0.0,0.0,0.0,60.0,footway,residential
8811aa4593fffff,8,3,0.0,0.0,0.6666666666666666,0.0,0.3333333333333333,0.0,2.6666666666666665,2.6666666666666665,28.444444444444446,0.3333333333333333,491.45435896251735,,317.56083775961747,0.0,0.0,0.0,0.0,60.0,footway,forest
8811aa4595fffff,8,21,0.0,0.0,0.38095238095238093,0.3333333333333333,0.2857142857142857,0.0,3.142857142857143,3.0952380952380953,42.09126984126984,0.6190476190476191,145.59150114520133,,44.92528215599307,1.0,9.0,0.0,7.0,60.0,service,residential
8811aa4597fffff,8,16,0.0,0.0,0.5625,0.125,0.125,0.0,2.4375,3.0,43.71875,0.625,163.77236144468355,,118.58061118202455,0.0,4.0,0.0,3.0,60.0,service,residential
8811aa4599fffff,8,16,0.0,0.0,0.5625,0.3125,0.625,0.0,3.0625,4.5,36.38511904761905,0.5,316.7065160779111,,319.74033125007315,0.0,0.0,0.0,0.0,60.0,footway,residential
8811aa459bfffff,8,23,0.0,0.0,0.6086956521739131,0.2608695652173913,0.2608695652173913,0.0,2.8260869565217392,3.0434782608695654,42.118530020703936,0.34782608695652173,321.18463096948705,,197.62654274040295,0.0,3.0,0.0,3.0,60.0,service,residential
8811aa459dfffff,8,6,0.0,0.0,0.5,0.5,0.0,0.0,2.8333333333333335,2.1666666666666665,40.22222222222222,0.0,442.8138452600122,,69.54354374966687,1.0,7.0,0.0,7.0,60.0,tertiary,industrial
8811aa45a1fffff,8,20,,,0.65,0.6,0.25,0.0,3.1,3.5,42.38095238095238,0.3,,,,,,,,,,
8811aa45a3fffff,8,19,0.0,0.0,0.5789473684210527,0.42105263157894735,0.2631578947368421,0.0,3.526315789473684,4.473684210526316,44.46729323308271,0.47368421052631576,323.7608899723153,,284.72347237480585,0.0,2.0,0.0,2.0,60.0,footway,grass
8811aa45a5fffff,8,24,0.0,0.0,0.5833333333333334,0.2916666666666667,0.3333333333333333,0.0,3.2083333333333335,3.4166666666666665,51.58611111111111,0.5833333333333334,404.6756995428457,,252.93364157274993,0.0,1.0,0.0,1.0,60.0,service,residential
8811aa45a7fffff,8,14,0.0,0.0,0.21428571428571427,0.2857142857142857,0.2857142857142857,0.0,2.9285714285714284,3.2857142857142856,47.517857142857146,0.35714285714285715,589.466588680231,,234.81670426203056,0.0,1.0,0.0,1.0,60.0,service,residential
8811aa45a9fffff,8,4,0.0,0.0,0.25,0.25,0.5,0.0,3.75,1.75,48.875,0.0,710.1875055131236,,209.30539536363972,0.0,1.0,0.0,1.0,60.0,service,industrial
8811aa45abfffff,8,8,0.0,0.0,0.375,0.5,0.0,0.0,2.75,1.5,69.5,0.0,1110.3233553527023,,41.19114978280161,1.0,3.0,0.0,3.0,60.0,steps,industrial
8811aa45adfffff,8,10,0.0,0.0,0.3,0.3,0.3,0.0,3.3,3.8,48.07380952380952,0.5,412.07008983744635,,126.11069200342551,0.0,2.0,0.0,2.0,60.0,service,commercial
8811aa45b1fffff,8,19,0.0,0.0,0.42105263157894735,0.5789473684210527,0.42105263157894735,0.0,3.736842105263158,4.473684210526316,39.79887218045113,0.5263157894736842,254.51065665719756,,255.0648276896967,0.0,7.0,0.0,5.0,60.0,service,industrial
8811aa45b3fffff,8,2,0.0,0.0,0.0,0.0,0.0,0.0,1.5,2.0,33.0,0.0,524.3030088592724,,345.27639501945276,0.0,0.0,0.0,0.0,60.0,unclassified,forest
8811aa45b5fffff,8,18,0.0,0.0,0.3333333333333333,0.7777777777777778,0.2777777777777778,0.0,4.0,6.666666666666667,37.11446208112875,0.8333333333333334,234.9943723440228,,116.06292257887114,0.0,9.0,0.0,5.0,60.0,service,grass
8811aa45b7fffff,8,16,0.0,0.0,0.5625,0.375,0.1875,0.0,3.1875,2.5625,46.450892857142854,0.1875,302.57523125339776,,153.69598807918206,0.0,5.0,0.0,5.0,60.0,footway,residential
8811aa45b9fffff,8,21,0.0,0.0,0.5714285714285714,0.3333333333333333,0.42857142857142855,0.0,3.5714285714285716,3.857142857142857,39.34297052154195,0.5238095238095238,304.87382106798566,,21.018775226920862,2.0,10.0,0.0,10.0,60.0,service,industrial
8811aa45bbfffff,8,12,1.0,0.0,0.5,0.25,0.5,0.0,2.9166666666666665,3.4166666666666665,44.794444444444444,0.4166666666666667,84.18765896665518,,19.111676224296613,2.0,6.0,0.0,3.0,60.0,footway,grass
8811aa45bdfffff,8,9,0.0,0.0,0.6666666666666666,0.3333333333333333,0.0,0.0,2.5555555555555554,2.0,44.77777777777778,0.0,629.9087753343853,,147.12953171009943,0.0,2.0,0.0,2.0,60.0,footway,residential
8811aa45c1fffff,8,25,0.0,0.0,0.04,0.0,0.96,0.0,1.2,5.08,43.33333333333333,1.0,433.38328509789625,,280.09982846997667,0.0,3.0,0.0,3.0,60.0,path,residential
8811aa45c3fffff,8,4,0.0,0.0,0.25,0.25,0.25,0.0,3.5,4.0,49.5625,0.5,317.1793313416762,,66.28138455273402,1.0,2.0,0.0,2.0,60.0,footway,cemetery
8811aa45c7fffff,8,19,0.0,0.0,0.0,0.0,1.0,0.0,0.8421052631578947,5.105263157894737,44.09022556390977,1.0,1193.3339492168757,,681.6585829830256,0.0,0.0,0.0,0.0,60.0,footway,cemetery
8811aa45c9fffff,8,1,0.0,0.0,1.0,1.0,0.0,0.0,3.0,2.0,37.0,0.0,393.81968411701905,,420.14233882386975,0.0,0.0,0.0,0.0,60.0,service,industrial
8811aa45cbfffff,8,23,,,0.30434782608695654,0.043478260869565216,0.6521739130434783,0.0,2.130434782608696,3.8260869565217392,54.48913043478261,0.7391304347826086,,,,,,,,,,
8811aa45d1fffff,8,12,0.0,0.0,0.5,0.4166666666666667,0.25,0.0,2.5,3.3333333333333335,46.208333333333336,0.3333333333333333,300.5413327136705,,97.12256439321429,1.0,5.0,0.0,5.0,60.0,service,grass
8811aa45d3fffff,8,41,0.0,0.0,0.36585365853658536,0.17073170731707318,0.34146341463414637,0.0,2.5121951219512195,3.048780487804878,54.994308943089436,0.2926829268292683,151.56651228131523,,265.69468903667524,0.0,4.0,0.0,3.0,60.0,service,residential
8811aa45d5fffff,8,3,0.0,0.0,1.0,0.0,0.3333333333333333,0.0,3.6666666666666665,4.0,40.111111111111114,0.3333333333333333,565.9334027208338,,144.85177223597643,0.0,2.0,0.0,2.0,60.0,service,industrial
8811aa45d7fffff,8,5,0.0,0.0,0.4,0.4,0.2,0.0,3.4,2.2,46.4,0.2,161.3335972091149,,31.614233369876665,1.0,4.0,0.0,3.0,60.0,service,industrial
8811aa45d9fffff,8,28,0.0,0.0,0.5,0.35714285714285715,0.21428571428571427,0.0,3.5714285714285716,3.142857142857143,42.98988095238095,0.2857142857142857,208.43903598711185,,176.17549714296067,0.0,9.0,0.0,5.0,60.0,footway,residential
8811aa45dbfffff,8,31,,,0.4838709677419355,0.16129032258064516,0.1935483870967742,0.0,2.193548387096774,2.6129032258064515,41.48924731182796,0.06451612903225806,,,,,,,,,,
8811aa45ddfffff,8,11,0.0,0.0,0.45454545454545453,0.2727272727272727,0.36363636363636365,0.0,3.272727272727273,3.1818181818181817,46.21969696969697,0.45454545454545453,627.4172359581563,,350.37768247497394,0.0,0.0,0.0,0.0,60.0,service,industrial
8811aa45e1fffff,8,15,0.0,0.0,0.0,0.06666666666666667,0.8666666666666667,0.0,0.6666666666666666,4.8,42.74444444444444,0.8666666666666667,469.8497520411678,,109.40854001517593,0.0,3.0,0.0,3.0,60.0,service,residential
8811aa45e3fffff,8,9,0.0,0.0,0.6666666666666666,0.2222222222222222,0.2222222222222222,0.0,3.3333333333333335,5.111111111111111,44.12896825396825,0.6666666666666666,582.3967452176802,,310.47272179418337,0.0,0.0,0.0,0.0,60.0,service,military
8811aa45e7fffff,8,28,0.0,0.0,0.21428571428571427,0.0,0.9642857142857143,0.0,0.9285714285714286,4.857142857142857,45.5,0.9642857142857143,595.9994638391029,,303.32749760808065,0.0,0.0,0.0,0.0,60.0,unclassified,industrial
8811aa45ebfffff,8,17,0.0,0.0,0.0,0.0,1.0,0.0,1.1176470588235294,4.882352941176471,44.588235294117645,0.9411764705882353,351.8066952173536,,211.27712964464672,0.0,1.0,0.0,1.0,60.0,service,retail
8811aa4605fffff,8,3,0.0,0.0,0.3333333333333333,0.3333333333333333,0.6666666666666666,0.0,1.0,2.6666666666666665,37.0,0.3333333333333333,463.11487709072225,,401.60096784751823,0.0,0.0,0.0,0.0,60.0,service,residential
8811aa4607fffff,8,5,0.0,0.0,0.4,0.4,0.4,0.0,0.6,2.4,34.5,0.0,551.0019144581448,,99.06097509425086,1.0,2.0,0.0,2.0,60.0,tertiary,residential
8811aa460dfffff,8,5,0.0,0.0,0.2,0.0,0.0,0.0,0.2,2.4,34.8,0.0,315.80104297748,,362.35033835646345,0.0,0.0,0.0,0.0,60.0,residential,residential
8811aa4621fffff,8,4,0.0,0.0,0.5,0.25,0.0,0.0,0.75,2.0,36.125,0.0,193.05404006726377,,138.15290289231328,0.0,5.0,0.0,4.0,60.0,footway,residential
8811aa462bfffff,8,1,0.0,0.0,0.0,0.0,1.0,0.0,0.0,2.0,37.0,0.0,937.2187531696057,,619.9742973969987,0.0,0.0,0.0,0.0,60.0,path,forest
8811aa462dfffff,8,1,0.0,0.0,0.0,0.0,1.0,0.0,1.0,2.0,37.0,0.0,748.3077079983287,,123.34022640721501,0.0,2.0,0.0,2.0,60.0,service,residential
8811aa4631fffff,8,1,0.0,0.0,0.0,0.0,1.0,0.0,0.0,2.0,35.0,0.0,534.0221993080461,,499.0689715288469,0.0,0.0,0.0,0.0,60.0,service,forest
8811aa4633fffff,8,1,0.0,0.0,0.0,0.0,1.0,0.0,0.0,2.0,35.0,0.0,223.84418906766078,,1109.9101475620926,0.0,1.0,0.0,0.0,60.0,path,park
8811aa4639fffff,8,3,0.0,0.0,1.0,0.6666666666666666,0.3333333333333333,0.0,1.0,4.0,35.583333333333336,1.0,360.0219683350511,,302.31925992355957,0.0,0.0,0.0,0.0,60.0,service,forest
8811aa4641fffff,8,2,0.0,0.0,0.5,1.0,0.0,0.0,2.0,3.0,35.625,0.5,402.94293886941034,,406.83411916269046,0.0,0.0,0.0,0.0,60.0,residential,residential
8811aa4643fffff,8,3,0.0,0.0,0.3333333333333333,0.6666666666666666,0.3333333333333333,0.0,1.3333333333333333,2.6666666666666665,37.333333333333336,0.3333333333333333,233.1008839427401,,601.0589528140675,0.0,1.0,0.0,0.0,60.0,footway,residential
8811aa4645fffff,8,14,0.0,0.0,0.6428571428571429,0.2857142857142857,0.35714285714285715,0.0,1.2857142857142858,2.4285714285714284,41.142857142857146,0.0,235.77577185262342,,259.25838735657277,0.0,4.0,0.0,1.0,60.0,residential,forest
8811aa464bfffff,8,2,0.0,0.0,0.0,0.0,1.0,0.0,0.5,2.0,36.5,0.0,630.8299732107316,,615.0873057510821,0.0,0.0,0.0,0.0,60.0,service,residential
8811aa4651fffff,8,2,0.0,0.0,0.0,0.0,1.0,0.0,0.5,2.0,36.0,0.0,865.9261865017727,,543.652400369943,0.0,0.0,0.0,0.0,60.0,path,meadow
8811aa465bfffff,8,8,1.0,0.0,0.625,0.375,0.0,0.0,1.5,2.0,40.375,0.0,51.45009532178507,,92.95150718739532,3.0,7.0,0.0,3.0,60.0,service,residential
8811aa465dfffff,8,7,1.0,0.0,0.14285714285714285,0.5714285714285714,0.0,0.0,1.5714285714285714,2.2857142857142856,39.785714285714285,0.14285714285714285,88.76013291946882,,232.32547234770695,1.0,3.0,0.0,2.0,60.0,footway,residential
8811aa466bfffff,8,4,0.0,0.0,0.25,0.75,0.0,0.0,0.5,3.25,32.25,0.25,609.0725809395805,,512.4185361456159,0.0,0.0,0.0,0.0,60.0,footway,residential
8811aa4681fffff,8,2,0.0,0.0,0.0,0.0,1.0,0.0,2.0,2.0,33.0,0.0,1964.851052069351,,771.9101726485864,0.0,0.0,0.0,0.0,60.0,service,forest
8811aa4683fffff,8,7,0.0,0.0,0.2857142857142857,0.2857142857142857,0.2857142857142857,0.0,2.142857142857143,1.8571428571428572,44.0,0.0,1218.6175380349323,,198.79040984623748,0.0,2.0,0.0,2.0,40.0,residential,forest
8811aa4691fffff,8,2,0.0,0.0,0.0,0.5,0.5,0.0,0.5,5.0,36.7,1.0,534.4165175623925,,309.1879142612631,0.0,0.0,0.0,0.0,60.0,path,park
8811aa4693fffff,8,14,0.0,0.0,0.07142857142857142,0.0,1.0,0.0,1.0714285714285714,4.857142857142857,43.142857142857146,0.9285714285714286,328.4705988284256,,299.0119354708781,0.0,1.0,0.0,1.0,60.0,residential,residential
8811aa4695fffff,8,23,,,0.043478260869565216,0.043478260869565216,0.782608695652174,0.0,1.3478260869565217,4.3478260869565215,41.71521739130435,0.782608695652174,,,,,,,,,,
8811aa4697fffff,8,18,0.0,0.0,0.05555555555555555,0.0,0.9444444444444444,0.0,0.9444444444444444,4.888888888888889,43.18888888888889,0.9444444444444444,425.56926162755326,,252.70416536823575,0.0,3.0,0.0,3.0,60.0,service,scrub
8811aa4699fffff,8,13,0.0,0.0,0.0,0.0,0.9230769230769231,0.0,0.15384615384615385,4.769230769230769,35.0,0.9230769230769231,714.6656067073293,,635.3139841952899,0.0,0.0,0.0,0.0,60.0,unclassified,forest
8811aa469dfffff,8,16,0.0,0.0,0.1875,0.0625,0.75,0.0,1.0625,3.9375,31.45625,0.6875,373.31395303358823,,126.25052785966137,0.0,2.0,0.0,2.0,60.0,service,grass
8811aa46a3fffff,8,22,0.0,0.0,0.09090909090909091,0.09090909090909091,0.8636363636363636,0.0,0.9545454545454546,4.136363636363637,46.65909090909091,0.7272727272727273,729.1236879514852,,604.9101782577003,0.0,0.0,0.0,0.0,60.0,secondary_link,grass
8811aa46a7fffff,8,19,0.0,0.0,0.0,0.0,0.8947368421052632,0.0,0.47368421052631576,5.0,44.0,1.0,1293.481202511109,,85.01493360301488,1.0,2.0,0.0,2.0,60.0,path,forest
8811aa46a9fffff,8,5,0.0,0.0,0.0,0.0,0.8,0.0,0.2,2.0,36.6,0.0,2212.7064279307974,,1625.9720332591198,0.0,0.0,0.0,0.0,60.0,cycleway,forest
8811aa46abfffff,8,2,0.0,0.0,0.0,0.0,0.5,0.0,0.0,2.0,36.5,0.0,1474.5614273396882,,841.6973290122878,0.0,0.0,0.0,0.0,60.0,path,forest
8811aa46b3fffff,8,5,0.0,0.0,0.0,0.0,0.0,0.0,0.0,3.0,36.4,0.0,1101.4163330535976,,915.1851239706439,0.0,0.0,0.0,0.0,60.0,path,residential
8811aa46b5fffff,8,12,0.0,0.0,0.4166666666666667,0.0,0.4166666666666667,0.0,1.5,2.5833333333333335,44.88194444444445,0.3333333333333333,313.25519822588615,,138.20658897585827,0.0,1.0,0.0,1.0,60.0,service,retail
8811aa46b9fffff,8,19,0.0,0.0,0.0,0.0,1.0,0.0,0.5263157894736842,5.0,44.10526315789474,1.0,1257.4974159833405,,591.3619210704722,0.0,0.0,0.0,0.0,60.0,path,forest
8811aa46bbfffff,8,2,0.0,0.0,0.0,0.5,0.0,0.0,1.0,4.0,37.2,0.5,487.39268490088665,,467.28864500643675,0.0,0.0,0.0,0.0,60.0,path,forest
8811aa46bdfffff,8,12,0.0,0.0,0.0,0.0,1.0,0.0,1.0,4.75,43.416666666666664,0.9166666666666666,1027.9754676223415,,133.878799388082,0.0,2.0,0.0,2.0,60.0,primary,grass
8811aa46d1fffff,8,15,0.0,0.0,0.0,0.0,0.6,0.0,0.06666666666666667,5.066666666666666,31.003333333333334,1.0,932.171477853999,,798.7494505930894,0.0,0.0,0.0,0.0,60.0,track_grade4,forest
8811aa46d3fffff,8,2,0.0,0.0,0.0,0.0,1.0,0.0,0.5,5.0,40.8,1.0,833.6226283402362,,219.20615747012292,0.0,2.0,0.0,2.0,60.0,track,forest
8811aa46d7fffff,8,2,0.0,0.0,0.0,0.0,1.0,0.0,0.0,5.0,34.5,1.0,1025.2996409826592,,354.7271130376242,0.0,0.0,0.0,0.0,60.0,footway,park
8811aa46d9fffff,8,15,0.0,0.0,0.3333333333333333,0.26666666666666666,0.3333333333333333,0.0,1.4666666666666666,2.6666666666666665,38.011111111111106,0.2,901.9284926826127,,254.7655799040373,0.0,1.0,0.0,1.0,90.0,secondary,grass
8811aa46e5fffff,8,3,0.0,0.0,0.0,0.0,1.0,0.0,0.0,2.0,37.0,0.0,940.8742799787283,,1954.0055716515774,0.0,0.0,0.0,0.0,60.0,path,forest
8811aa46e7fffff,8,1,0.0,0.0,0.0,0.0,1.0,0.0,0.0,2.0,37.0,0.0,1823.1938042091415,,2141.068323821096,0.0,0.0,0.0,0.0,60.0,path,forest
8811aa4701fffff,8,15,0.0,0.0,0.06666666666666667,0.4,0.3333333333333333,0.0,1.0666666666666667,3.7333333333333334,37.13333333333333,0.8666666666666667,316.79539823576084,,87.77248916068582,1.0,1.0,0.0,1.0,60.0,service,forest
8811aa4705fffff,8,9,0.0,0.0,0.0,0.7777777777777778,0.3333333333333333,0.0,1.7777777777777777,3.5555555555555554,36.861111111111114,0.7777777777777778,239.41096784936474,,171.9173601034325,0.0,6.0,0.0,5.0,60.0,service,forest
8811aa4709fffff,8,1,0.0,0.0,0.0,1.0,0.0,0.0,1.0,2.0,37.0,0.0,949.7212725347971,,160.69990998667788,0.0,4.0,0.0,4.0,60.0,service,forest
8811aa4743fffff,8,1,0.0,0.0,0.0,0.0,1.0,0.0,0.0,2.0,34.0,0.0,1421.0424041760475,,312.04522457184476,0.0,0.0,0.0,0.0,60.0,track,forest
8811aa474bfffff,8,3,0.0,0.0,0.6666666666666666,0.3333333333333333,0.3333333333333333,0.0,1.0,3.3333333333333335,35.333333333333336,0.6666666666666666,1959.7213871903198,,266.8125899075278,0.0,1.0,0.0,1.0,60.0,secondary,forest
8811aa4753fffff,8,4,0.0,0.0,0.0,0.5,0.75,0.0,0.5,2.0,36.25,0.0,1533.7228390892085,,178.45545691725934,0.0,2.0,0.0,2.0,60.0,service,residential
8811aa4757fffff,8,3,0.0,0.0,0.0,0.0,1.0,0.0,0.0,3.0,34.75,0.3333333333333333,2169.2531224706886,,1024.9054524326073,0.0,0.0,0.0,0.0,60.0,path,forest
8811aa4801fffff,8,8,0.0,0.0,0.5,0.875,0.125,0.0,2.75,5.5,39.9375,0.875,1323.1469742953266,,186.774357745794,0.0,1.0,0.0,1.0,60.0,unclassified,residential
8811aa4809fffff,8,1,0.0,0.0,0.0,0.0,0.0,0.0,1.0,1.0,195.0,0.0,1143.831584116915,,458.2145782602482,0.0,0.0,0.0,0.0,60.0,service,residential
8811aa480bfffff,8,1,0.0,0.0,0.0,0.0,1.0,0.0,0.0,4.0,35.0,1.0,732.9450336769165,,619.1836824976996,0.0,0.0,0.0,0.0,80.0,trunk,forest
8811aa480dfffff,8,1,0.0,0.0,0.0,0.0,1.0,0.0,2.0,4.0,28.0,1.0,629.7904626713149,,507.7669859772881,0.0,0.0,0.0,0.0,60.0,service,industrial
8811aa4819fffff,8,5,0.0,0.0,0.2,0.6,0.0,0.0,1.4,2.6,43.3,0.2,191.6184408217173,,49.22742636522418,2.0,7.0,0.0,5.0,60.0,service,industrial
8811aa481bfffff,8,4,0.0,0.0,0.0,0.0,1.0,0.0,0.25,4.25,39.36309523809524,0.5,823.3057106462496,,488.67693556564853,0.0,0.0,0.0,0.0,80.0,trunk,forest
8811aa4821fffff,8,1,0.0,0.0,1.0,0.0,1.0,0.0,3.0,3.0,39.0,0.0,1750.972288267859,,305.0795464800217,0.0,0.0,0.0,0.0,60.0,track,residential
8811aa4835fffff,8,2,0.0,0.0,0.5,0.5,0.5,0.0,2.0,1.5,43.5,0.0,2931.7902968218173,,478.9507434988827,0.0,0.0,0.0,0.0,60.0,unclassified,residential
8811aa4839fffff,8,2,0.0,0.0,0.0,0.0,1.0,0.0,0.5,2.0,37.5,0.0,1938.432362599287,,548.9482500029203,0.0,0.0,0.0,0.0,60.0,residential,forest
8811aa483bfffff,8,1,0.0,0.0,0.0,0.0,0.0,0.0,1.0,1.0,32.0,0.0,2140.7673678044316,,1229.3492923753568,0.0,0.0,0.0,0.0,60.0,path,forest
8811aa484dfffff,8,2,0.0,0.0,0.5,0.5,0.0,0.0,1.5,2.0,32.75,0.0,1584.5845323568626,,348.2567384327783,0.0,0.0,0.0,0.0,60.0,service,residential
8811aa4851fffff,8,2,0.0,0.0,0.0,1.0,0.0,0.0,1.5,4.0,37.0,1.0,417.2420412089242,,450.4101634747653,0.0,0.0,0.0,0.0,60.0,footway,forest
8811aa4853fffff,8,6,0.0,0.0,0.5,0.16666666666666666,0.0,0.0,1.5,3.0,45.5,0.6666666666666666,333.061045672861,,164.4443450058051,0.0,3.0,0.0,3.0,60.0,service,residential
8811aa4857fffff,8,10,0.0,0.0,0.6,0.5,0.2,0.0,2.0,3.4,39.804761904761904,0.3,358.8239279394667,,111.81906913258794,0.0,2.0,0.0,2.0,60.0,footway,recreation_ground
8811aa4861fffff,8,2,0.0,0.0,0.0,0.0,1.0,0.0,0.0,5.0,27.5,1.0,561.5630681616042,,601.2316420951919,0.0,0.0,0.0,0.0,60.0,track,industrial
8811aa4863fffff,8,4,1.0,0.0,0.25,0.5,0.5,0.0,1.25,5.75,33.666666666666664,0.75,65.00112216142254,,222.62769885585817,2.0,9.0,0.0,4.0,60.0,footway,industrial
8811aa4865fffff,8,6,0.0,0.0,0.16666666666666666,0.3333333333333333,0.6666666666666666,0.0,1.0,4.666666666666667,32.7037037037037,0.5,318.71503468323687,,176.41117628049236,0.0,3.0,0.0,3.0,60.0,service,scrub
8811aa486bfffff,8,1,1.0,0.0,0.0,0.0,1.0,0.0,0.0,2.0,40.0,0.0,50.746533197616046,,212.64435378936275,1.0,7.0,0.0,2.0,60.0,footway,industrial
8811aa4887fffff,8,1,0.0,0.0,0.0,0.0,1.0,0.0,2.0,4.0,32.0,1.0,830.0929268770551,,561.7493433510355,0.0,0.0,0.0,0.0,60.0,residential,forest
8811aa488dfffff,8,1,0.0,0.0,0.0,1.0,1.0,0.0,2.0,4.0,40.5,1.0,720.0684290593417,,330.4701259838477,0.0,0.0,0.0,0.0,60.0,secondary,forest
8811aa4895fffff,8,1,0.0,0.0,0.0,0.0,1.0,0.0,0.0,2.0,32.0,0.0,959.3101730540919,,581.9010413016767,0.0,0.0,0.0,0.0,60.0,track,forest
8811aa48b3fffff,8,1,0.0,0.0,1.0,0.0,1.0,0.0,1.0,2.0,37.0,0.0,1138.3478055124988,,351.08435001981604,0.0,0.0,0.0,0.0,60.0,residential,residential
8811aa48b9fffff,8,2,1.0,0.0,0.0,0.5,0.5,0.0,0.0,2.0,39.0,0.0,32.49744218473194,,96.65821435914187,6.0,10.0,0.0,4.0,90.0,tertiary,grass
8811aa48c5fffff,8,1,0.0,0.0,0.0,0.0,1.0,0.0,1.0,1.0,56.0,0.0,616.4879400636921,,538.3572025953238,0.0,0.0,0.0,0.0,60.0,service,forest
8811aa48c9fffff,8,4,0.0,0.0,0.5,0.25,0.25,0.0,1.5,2.5,41.5625,0.25,159.45876097733276,,72.52022798577953,2.0,7.0,0.0,6.0,60.0,footway,residential
8811aa48d1fffff,8,1,0.0,0.0,1.0,0.0,0.0,0.0,3.0,2.0,37.0,0.0,795.8450981965885,,297.88483066647893,0.0,1.0,0.0,1.0,60.0,residential,military
8811aa48d3fffff,8,1,0.0,0.0,0.0,0.0,0.0,0.0,2.0,1.0,64.0,0.0,790.4859113705011,,540.6148315265924,0.0,0.0,0.0,0.0,60.0,service,forest
8811aa48d5fffff,8,1,0.0,0.0,0.0,0.0,1.0,0.0,0.0,2.0,37.0,0.0,1715.492002477377,,1066.1598751909396,0.0,0.0,0.0,0.0,60.0,service,military
8811aa48d9fffff,8,3,0.0,0.0,0.0,0.0,0.3333333333333333,0.0,1.0,1.6666666666666667,49.0,0.0,535.5693142359762,,111.20751849326435,0.0,7.0,0.0,7.0,60.0,trunk,residential
8811aa48dbfffff,8,8,0.0,0.0,0.375,0.625,0.25,0.0,1.875,3.25,32.75,0.125,141.31321716075718,,78.51769070231444,1.0,7.0,0.0,2.0,60.0,tertiary,farmland
8811aa48e1fffff,8,1,0.0,0.0,0.0,0.0,1.0,0.0,1.0,1.0,64.0,0.0,1604.4262136715718,,1606.394145773602,0.0,0.0,0.0,0.0,60.0,track_grade5,forest
8811aa4907fffff,8,3,0.0,0.0,0.0,0.0,1.0,0.0,0.3333333333333333,2.6666666666666665,36.166666666666664,0.3333333333333333,1040.6426470623715,,2870.334836855978,0.0,0.0,0.0,0.0,110.0,motorway,forest
8811aa490dfffff,8,2,0.0,0.0,0.0,0.0,1.0,0.0,0.5,2.0,28.25,0.0,542.9415454178728,,1989.2680300239588,0.0,0.0,0.0,0.0,60.0,unclassified,forest
8811aa4931fffff,8,1,0.0,0.0,0.0,0.0,1.0,0.0,0.0,2.0,32.0,0.0,2516.887466217819,,1506.0812730958103,0.0,0.0,0.0,0.0,110.0,motorway,forest
8811aa4937fffff,8,3,0.0,0.0,0.3333333333333333,0.0,0.6666666666666666,0.0,0.3333333333333333,2.0,36.333333333333336,0.0,2887.3777359894816,,643.1550644479089,0.0,0.0,0.0,0.0,110.0,motorway,forest
8811aa493dfffff,8,4,0.0,0.0,0.0,0.0,0.75,0.0,0.5,2.0,38.875,0.0,1878.9737423183594,,2051.2991613687773,0.0,0.0,0.0,0.0,90.0,trunk,forest
8811aa4941fffff,8,1,0.0,0.0,0.0,0.0,1.0,0.0,0.0,4.0,34.25,1.0,2020.0377331517527,,475.0099204729723,0.0,0.0,0.0,0.0,110.0,motorway,forest
8811aa4947fffff,8,2,0.0,0.0,0.0,0.0,1.0,0.0,0.0,3.5,23.75,0.5,1230.226368260597,,1160.362982764066,0.0,0.0,0.0,0.0,60.0,track_grade5,forest
8811aa4949fffff,8,2,0.0,0.0,0.0,0.0,1.0,0.0,0.0,3.5,43.0,0.5,1253.7947904187936,,659.567978858722,0.0,0.0,0.0,0.0,60.0,service,forest
8811aa4951fffff,8,1,0.0,0.0,0.0,0.0,1.0,0.0,1.0,2.0,31.5,0.0,1864.1469571262378,,1153.9922395268648,0.0,0.0,0.0,0.0,60.0,residential,forest
8811aa495bfffff,8,3,0.0,0.0,0.6666666666666666,0.3333333333333333,0.0,0.0,2.3333333333333335,2.0,36.333333333333336,0.0,1169.8598513757984,,375.80283724921645,0.0,0.0,0.0,0.0,60.0,service,industrial
8811aa4981fffff,8,1,0.0,0.0,0.0,0.0,0.0,0.0,1.0,1.0,60.0,0.0,4853.168706901136,,315.24936842703795,0.0,0.0,0.0,0.0,20.0,service,residential
8811aa4989fffff,8,1,0.0,0.0,0.0,0.0,1.0,0.0,1.0,4.0,20.5,1.0,5353.709749642654,,289.17119633336586,0.0,2.0,0.0,2.0,60.0,residential,residential
8811aa49a3fffff,8,4,0.0,0.0,0.5,0.25,0.5,0.0,2.0,2.5,38.625,0.25,2518.510800092489,,348.16463031606315,0.0,0.0,0.0,0.0,60.0,secondary,forest
8811aa49a9fffff,8,2,0.0,0.0,0.0,0.0,0.5,0.0,1.0,1.5,27.5,0.0,3403.9244734898716,,1470.4755844538097,0.0,0.0,0.0,0.0,60.0,service,farmyard
8811aa49bdfffff,8,3,0.0,0.0,0.0,1.0,0.0,0.0,1.0,2.3333333333333335,38.44444444444445,0.0,3251.863607729032,,250.69798341725854,0.0,2.0,0.0,2.0,60.0,service,industrial
8811aa49c9fffff,8,3,0.0,0.0,0.0,0.0,1.0,0.0,0.0,2.0,37.333333333333336,0.0,3093.732315671059,,130.98000381117123,0.0,2.0,0.0,2.0,60.0,unclassified,residential
8811aa4a37fffff,8,1,0.0,0.0,0.0,0.0,0.0,0.0,1.0,1.0,200.0,0.0,1525.0674052116717,,1422.9904162408436,0.0,0.0,0.0,0.0,60.0,track,forest
8811aa4a85fffff,8,3,0.0,0.0,0.0,0.0,0.3333333333333333,0.0,0.3333333333333333,2.0,34.833333333333336,0.0,788.7246830398991,,493.2959962832967,0.0,0.0,0.0,0.0,60.0,residential,allotments
8811aa4a8dfffff,8,1,0.0,0.0,1.0,0.0,0.0,0.0,1.0,4.0,46.75,1.0,311.48468474359544,,180.1765293678336,0.0,2.0,0.0,2.0,60.0,service,residential
8811aa4aa1fffff,8,16,0.0,0.0,0.25,0.1875,0.0625,0.0,1.6875,1.8125,52.74444444444444,0.0625,278.1872680487562,,45.415371532169,1.0,3.0,0.0,2.0,60.0,footway,residential
8811aa4aa3fffff,8,2,0.0,0.0,0.0,0.5,0.5,0.0,1.0,2.0,41.0,0.0,519.4083101817831,,257.42966945346177,0.0,1.0,0.0,1.0,60.0,service,allotments
8811aa4aa5fffff,8,4,0.0,0.0,0.0,0.25,0.5,0.0,1.0,2.5,40.625,0.25,970.0519805165131,,215.87138908515936,0.0,2.0,0.0,2.0,60.0,service,industrial
8811aa4aa7fffff,8,3,0.0,0.0,0.0,0.6666666666666666,0.3333333333333333,0.0,1.3333333333333333,4.0,34.166666666666664,1.0,323.02912214117833,,323.7081328766998,0.0,0.0,0.0,0.0,60.0,service,allotments
8811aa4aa9fffff,8,2,0.0,0.0,0.0,0.0,0.0,0.0,1.0,1.5,59.0,0.0,636.2835821105773,,592.7611907908,0.0,0.0,0.0,0.0,60.0,service,industrial
8811aa4aadfffff,8,1,0.0,0.0,0.0,1.0,0.0,0.0,2.0,2.0,40.5,0.0,681.9550464222486,,102.27761582615103,0.0,3.0,0.0,3.0,60.0,service,forest
8811aa4ab1fffff,8,1,0.0,0.0,0.0,0.0,0.0,0.0,1.0,1.0,60.0,0.0,876.1259246425523,,299.1854972013142,0.0,1.0,0.0,1.0,60.0,path,forest
8811aa4ab5fffff,8,6,,,0.6666666666666666,0.16666666666666666,0.16666666666666666,0.0,1.5,2.6666666666666665,45.75,0.5,,,,,,,,,residential,residential
8811aa4ab7fffff,8,3,0.0,0.0,0.0,0.0,0.0,0.0,0.0,3.3333333333333335,45.333333333333336,0.3333333333333333,589.9917195031485,,231.97539337910337,0.0,2.0,0.0,2.0,20.0,service,industrial
8811aa4abbfffff,8,1,0.0,0.0,0.0,1.0,0.0,0.0,1.0,2.0,40.0,0.0,1457.9243037979988,,86.02366560046067,2.0,4.0,0.0,4.0,40.0,tertiary,residential
8811aa4abdfffff,8,1,0.0,0.0,0.0,0.0,0.0,0.0,2.0,1.0,80.0,0.0,1088.9891294387494,,598.8120862710439,0.0,0.0,0.0,0.0,60.0,residential,residential
8811aa4ac5fffff,8,1,0.0,0.0,1.0,0.0,0.0,0.0,2.0,4.0,36.5,1.0,644.8694296805837,,240.88884346434554,0.0,2.0,0.0,2.0,60.0,footway,forest
8811aa4acdfffff,8,4,0.0,0.0,0.75,0.25,0.0,0.0,0.75,4.0,41.875,1.0,572.2458485316336,,302.95493502825605,0.0,0.0,0.0,0.0,60.0,service,forest
8811aa4ae5fffff,8,5,0.0,0.0,0.0,0.4,0.4,0.0,0.8,1.8,50.3,0.0,338.6311134979065,,32.739207642865665,1.0,2.0,0.0,2.0,60.0,footway,residential
8811aa4aebfffff,8,1,0.0,0.0,0.0,0.0,1.0,0.0,1.0,4.0,35.0,1.0,263.04345720959697,,195.01658519362556,0.0,2.0,0.0,1.0,60.0,service,forest
8811aa4b21fffff,8,6,0.0,0.0,0.6666666666666666,0.6666666666666666,0.16666666666666666,0.0,1.8333333333333333,4.666666666666667,34.50297619047619,0.6666666666666666,157.88426709478244,,124.89016594650325,0.0,8.0,0.0,4.0,60.0,residential,residential
8811aa4b23fffff,8,1,0.0,0.0,0.0,0.0,1.0,0.0,0.0,4.0,37.5,1.0,731.1911079360693,,681.2859276485084,0.0,0.0,0.0,0.0,80.0,trunk,forest
8811aa4b31fffff,8,4,0.0,0.0,0.5,0.0,0.75,0.0,1.0,4.0,36.854166666666664,0.5,324.6984001599193,,337.56033101012235,0.0,0.0,0.0,0.0,60.0,unclassified,industrial
8811aa4b33fffff,8,1,0.0,0.0,0.0,0.0,1.0,0.0,1.0,4.0,30.0,1.0,906.5610675299049,,531.8824354503333,0.0,0.0,0.0,0.0,80.0,trunk,forest
8811aa4b35fffff,8,1,0.0,0.0,0.0,0.0,1.0,0.0,1.0,4.0,36.0,1.0,660.2666277323887,,612.4178170684797,0.0,0.0,0.0,0.0,60.0,service,forest
8811aa4b37fffff,8,1,0.0,0.0,0.0,0.0,0.0,0.0,1.0,1.0,68.0,0.0,587.8103781579555,,556.207973197147,0.0,0.0,0.0,0.0,60.0,service,forest
8811aa4b39fffff,8,1,0.0,0.0,0.0,0.0,1.0,0.0,1.0,2.0,37.0,0.0,1160.1370466780027,,1149.0215919082536,0.0,0.0,0.0,0.0,60.0,track,industrial
8811aa4b3dfffff,8,1,0.0,0.0,0.0,1.0,0.0,0.0,1.0,2.0,35.5,0.0,943.7289190076539,,878.3672138690957,0.0,0.0,0.0,0.0,60.0,unclassified,farmland
8811aa4b41fffff,8,1,0.0,0.0,0.0,0.0,1.0,0.0,1.0,2.0,37.0,0.0,830.8180227077966,,676.3355114331074,0.0,0.0,0.0,0.0,60.0,path,forest
8811aa4b43fffff,8,2,0.0,0.0,0.0,0.0,1.0,0.0,0.0,3.0,32.5,0.5,1167.8260640565113,,1040.246797506854,0.0,0.0,0.0,0.0,60.0,footway,forest
8811aa4b45fffff,8,3,0.0,0.0,0.3333333333333333,0.0,0.0,0.0,1.6666666666666667,1.6666666666666667,60.0,0.0,584.6180429463857,,198.94598485832094,0.0,2.0,0.0,2.0,60.0,footway,residential
8811aa4b47fffff,8,4,0.0,0.0,0.25,0.0,0.5,0.0,1.0,2.25,36.833333333333336,0.0,316.8360762687124,,303.0023559356449,0.0,0.0,0.0,0.0,60.0,footway,forest
8811aa4b63fffff,8,3,0.0,0.0,0.3333333333333333,0.0,0.6666666666666666,0.0,1.3333333333333333,3.0,38.111111111111114,0.3333333333333333,1502.2699249118452,,332.7043786591347,0.0,0.0,0.0,0.0,90.0,trunk,industrial
8811aa4b6bfffff,8,1,0.0,0.0,1.0,0.0,0.0,0.0,2.0,2.0,37.0,0.0,745.2826365091212,,146.22788959516103,0.0,2.0,0.0,2.0,60.0,service,farmland
8811aa4b6dfffff,8,1,0.0,0.0,0.0,1.0,0.0,0.0,1.0,2.0,37.0,0.0,2190.9273475327996,,720.620345582987,0.0,0.0,0.0,0.0,60.0,track,forest
8811aa4c03fffff,8,1,0.0,0.0,0.0,0.0,1.0,0.0,1.0,1.0,62.0,0.0,434.7987074929384,,126.28257206427214,0.0,2.0,0.0,2.0,60.0,tertiary,forest
8811aa4c05fffff,8,9,0.0,0.0,0.1111111111111111,0.0,0.5555555555555556,0.0,1.0,5.0,41.291666666666664,0.7777777777777778,622.4515836075068,,110.94781735800743,0.0,3.0,0.0,3.0,60.0,service,residential
8811aa4c07fffff,8,7,0.0,0.0,0.14285714285714285,0.0,0.42857142857142855,0.0,1.5714285714285714,5.571428571428571,38.54166666666667,0.7142857142857143,221.78692630546826,,152.71592850038195,0.0,10.0,0.0,7.0,60.0,residential,commercial
8811aa4c09fffff,8,1,0.0,0.0,0.0,1.0,0.0,0.0,2.0,4.0,37.0,1.0,142.41069223935324,,18.221833886215965,2.0,8.0,0.0,4.0,60.0,footway,grass
8811aa4c0bfffff,8,2,0.0,0.0,0.0,0.5,0.0,0.0,1.5,1.5,142.5,0.0,345.4346158044467,,25.4232467815041,1.0,3.0,0.0,3.0,60.0,footway,forest
8811aa4c11fffff,8,2,0.0,0.0,0.0,0.0,0.5,0.0,1.0,1.0,150.0,0.0,756.1522564378532,,425.7559846722389,0.0,0.0,0.0,0.0,60.0,unclassified,retail
8811aa4c13fffff,8,13,0.0,0.0,0.23076923076923078,0.07692307692307693,0.6153846153846154,0.0,1.4615384615384615,4.846153846153846,38.679487179487175,0.7692307692307693,365.15014938784566,,115.42872716353577,0.0,6.0,0.0,6.0,60.0,secondary,residential
8811aa4c15fffff,8,3,0.0,0.0,0.0,0.0,0.6666666666666666,0.0,0.6666666666666666,3.3333333333333335,30.61111111111111,0.3333333333333333,576.4956897501495,,74.07965544716367,1.0,2.0,0.0,2.0,60.0,steps,residential
8811aa4c17fffff,8,3,0.0,0.0,0.3333333333333333,0.0,1.0,0.0,0.6666666666666666,5.333333333333333,42.550000000000004,0.6666666666666666,778.4577554826459,,578.3459085818995,0.0,0.0,0.0,0.0,60.0,service,residential
8811aa4c19fffff,8,1,0.0,0.0,0.0,0.0,1.0,0.0,1.0,2.0,50.0,0.0,542.6786712512398,,229.98701017689925,0.0,1.0,0.0,1.0,60.0,residential,retail
8811aa4c1bfffff,8,8,0.0,0.0,0.375,0.0,0.5,0.0,2.25,4.125,34.53125,0.875,210.23438712675608,,107.78015932579888,0.0,7.0,0.0,3.0,60.0,footway,residential
8811aa4c1dfffff,8,2,0.0,0.0,0.0,0.0,0.0,0.0,1.0,1.5,30.0,0.0,686.9391652197453,,308.7702667751309,0.0,0.0,0.0,0.0,60.0,footway,residential
8811aa4c21fffff,8,1,0.0,0.0,0.0,0.0,1.0,0.0,0.0,1.0,105.0,0.0,902.2220854607557,,174.3410847820012,0.0,2.0,0.0,2.0,60.0,secondary,scrub
8811aa4c23fffff,8,6,1.0,0.0,0.16666666666666666,0.0,0.6666666666666666,0.0,1.3333333333333333,2.1666666666666665,50.958333333333336,0.3333333333333333,99.92490356829848,,80.67878377403214,2.0,5.0,0.0,3.0,60.0,footway,park
8811aa4c25fffff,8,1,0.0,0.0,0.0,0.0,1.0,0.0,2.0,2.0,35.0,0.0,1134.2550344696276,,481.92176143683025,0.0,0.0,0.0,0.0,60.0,residential,forest
8811aa4c27fffff,8,1,0.0,0.0,0.0,0.0,1.0,0.0,1.0,5.0,43.4,1.0,859.8339839330564,,125.54259393329089,0.0,2.0,0.0,2.0,60.0,footway,forest
8811aa4c29fffff,8,5,0.0,0.0,0.2,0.0,1.0,0.0,1.2,4.0,32.9,1.0,282.9982681243867,,358.2378469692778,0.0,3.0,0.0,0.0,60.0,footway,cemetery
8811aa4c31fffff,8,4,0.0,0.0,0.0,0.0,0.0,0.0,1.0,2.0,35.75,0.0,695.5510417844788,,290.51509086546486,0.0,1.0,0.0,1.0,60.0,track,residential
8811aa4c35fffff,8,14,0.0,0.0,0.14285714285714285,0.2857142857142857,0.14285714285714285,0.0,1.3571428571428572,2.5,51.375,0.2857142857142857,280.93263781760936,,93.8348526564032,2.0,5.0,0.0,3.0,60.0,footway,residential
8811aa4c37fffff,8,3,0.0,0.0,0.0,0.3333333333333333,0.0,0.0,1.3333333333333333,2.3333333333333335,54.833333333333336,0.3333333333333333,534.9535378703099,,287.68296666068727,0.0,1.0,0.0,1.0,60.0,service,industrial
8811aa4c39fffff,8,11,0.0,0.0,0.18181818181818182,0.5454545454545454,0.09090909090909091,0.0,1.5454545454545454,3.5454545454545454,39.48863636363637,0.36363636363636365,162.32337540848923,,194.22448636503648,0.0,7.0,0.0,2.0,60.0,secondary_link,commercial
8811aa4c3bfffff,8,2,0.0,0.0,0.0,0.5,0.5,0.0,0.5,4.0,39.1,0.5,254.65422538789772,,658.822472623625,0.0,2.0,0.0,0.0,60.0,residential,residential
8811aa4c3dfffff,8,5,1.0,0.0,0.6,0.4,0.0,0.0,2.2,2.6,57.633333333333326,0.4,80.08433378989051,,43.7524943810244,3.0,9.0,0.0,3.0,60.0,footway,residential
8811aa4c43fffff,8,1,0.0,0.0,0.0,0.0,1.0,0.0,2.0,5.0,45.0,1.0,882.5855670865652,,440.61673472546835,0.0,0.0,0.0,0.0,60.0,track,forest
8811aa4c45fffff,8,1,0.0,0.0,0.0,0.0,1.0,0.0,0.0,1.0,100.0,0.0,790.6856372626872,,90.6552882416402,1.0,3.0,0.0,3.0,60.0,footway,landfill
8811aa4c49fffff,8,1,0.0,0.0,0.0,1.0,0.0,0.0,1.0,8.0,35.0,1.0,391.3941634915545,,325.0668124124257,0.0,0.0,0.0,0.0,60.0,service,residential
8811aa4c53fffff,8,1,0.0,0.0,0.0,0.0,1.0,0.0,3.0,2.0,37.0,0.0,546.0837680605438,,49.26022050560761,1.0,3.0,0.0,3.0,60.0,service,cemetery
8811aa4c57fffff,8,1,0.0,0.0,0.0,0.0,0.0,0.0,1.0,1.0,87.0,0.0,590.214886472759,,468.5772094537182,0.0,0.0,0.0,0.0,60.0,service,residential
8811aa4c5dfffff,8,3,0.0,0.0,0.0,0.0,0.3333333333333333,0.0,1.3333333333333333,2.6666666666666665,56.333333333333336,0.3333333333333333,802.5236816498432,,352.8118914069399,0.0,0.0,0.0,0.0,60.0,footway,forest
8811aa4c63fffff,8,2,0.0,0.0,0.0,0.5,0.0,0.0,2.0,2.5,44.125,0.5,341.6574882140588,,268.3734446722395,0.0,1.0,0.0,1.0,60.0,service,industrial
8811aa4c65fffff,8,5,0.0,0.0,0.2,0.4,0.4,0.0,1.2,4.2,42.02142857142857,0.8,238.94755574048048,,98.08481963889909,1.0,9.0,0.0,7.0,60.0,footway,residential
8811aa4c67fffff,8,9,0.0,0.0,0.1111111111111111,0.0,0.8888888888888888,0.0,1.0,5.444444444444445,38.583333333333336,0.8888888888888888,361.1057475417774,,213.90161310379935,0.0,3.0,0.0,3.0,60.0,footway,industrial
8811aa4c81fffff,8,11,0.0,0.0,0.18181818181818182,0.0,0.18181818181818182,0.0,1.9090909090909092,3.090909090909091,42.79545454545455,0.6363636363636364,459.90114428774666,,36.99513233339391,2.0,4.0,0.0,4.0,60.0,path,forest
8811aa4c83fffff,8,9,0.0,0.0,0.1111111111111111,0.1111111111111111,0.3333333333333333,0.0,1.5555555555555556,2.2222222222222223,55.05555555555556,0.1111111111111111,105.92865851216776,,11.528855906855052,1.0,8.0,0.0,5.0,60.0,secondary,park
8811aa4c85fffff,8,26,0.0,0.0,0.4230769230769231,0.38461538461538464,0.15384615384615385,0.0,2.269230769230769,3.1153846153846154,44.67333333333333,0.23076923076923078,196.0366396959483,,142.56065713892707,0.0,8.0,0.0,6.0,60.0,service,residential
8811aa4c87fffff,8,30,0.0,0.0,0.16666666666666666,0.2,0.13333333333333333,0.0,1.9666666666666666,2.1333333333333333,95.03055555555555,0.2,200.88942629053426,,188.82762068769628,0.0,5.0,0.0,4.0,60.0,service,residential
8811aa4c89fffff,8,8,0.0,0.0,0.375,0.0,0.5,0.0,2.25,4.0,41.22678571428571,0.5,404.1896590409692,,377.2029749638115,0.0,0.0,0.0,0.0,60.0,path,forest
8811aa4c8dfffff,8,18,0.0,0.0,0.05555555555555555,0.3888888888888889,0.1111111111111111,0.0,2.0555555555555554,3.888888888888889,49.21388888888889,0.6111111111111112,339.4799580558061,,200.66538685120813,0.0,4.0,0.0,4.0,60.0,service,residential
8811aa4c99fffff,8,15,0.0,0.0,0.13333333333333333,0.26666666666666666,0.5333333333333333,0.0,1.9333333333333333,3.066666666666667,39.044444444444444,0.4,142.58174210544522,,163.44474604176403,0.0,4.0,0.0,3.0,60.0,footway,residential
8811aa4c9bfffff,8,3,0.0,0.0,0.3333333333333333,1.0,0.3333333333333333,0.0,3.0,6.666666666666667,42.06349206349207,1.0,179.6711104895268,,214.17339062660903,0.0,4.0,0.0,2.0,60.0,path,forest
8811aa4c9dfffff,8,2,0.0,0.0,0.5,0.5,1.0,0.0,2.0,3.0,38.83333333333333,0.0,789.3214746799059,,168.93534880092864,0.0,2.0,0.0,2.0,60.0,service,forest
8811aa4ca1fffff,8,5,0.0,0.0,0.2,0.0,0.2,0.0,1.2,2.2,51.666666666666664,0.2,681.7332473321989,,223.25731733073772,0.0,5.0,0.0,5.0,60.0,footway,residential
8811aa4ca3fffff,8,1,0.0,0.0,1.0,0.0,0.0,0.0,3.0,4.0,60.0,1.0,642.4891774513702,,84.60114441778951,1.0,2.0,0.0,2.0,60.0,service,forest
8811aa4ca5fffff,8,13,0.0,0.0,0.23076923076923078,0.0,1.0,0.0,1.1538461538461537,5.461538461538462,36.669230769230765,1.0,1291.9590539970652,,303.3597038805358,0.0,0.0,0.0,0.0,60.0,service,forest
8811aa4ca7fffff,8,4,0.0,0.0,0.25,0.0,1.0,0.0,1.0,5.5,38.31666666666666,1.0,1514.6423114710683,,603.2228741575539,0.0,0.0,0.0,0.0,60.0,path,forest
8811aa4ca9fffff,8,13,0.0,0.0,0.38461538461538464,0.5384615384615384,0.3076923076923077,0.0,2.076923076923077,3.076923076923077,68.66410256410256,0.46153846153846156,230.31581615569687,,144.26042453000824,0.0,8.0,0.0,5.0,60.0,service,forest
8811aa4cabfffff,8,11,0.0,0.0,0.18181818181818182,0.09090909090909091,0.09090909090909091,0.0,1.5454545454545454,2.1818181818181817,64.45,0.2727272727272727,185.93803252787777,,152.0633300009907,0.0,5.0,0.0,4.0,60.0,footway,residential
8811aa4cadfffff,8,20,,,0.1,0.1,0.85,0.0,1.0,5.45,35.93333333333333,0.95,,,,,,,,,,
8811aa4cb3fffff,8,2,0.0,0.0,0.5,0.0,0.5,0.0,2.0,2.5,51.0,0.5,925.7280690132145,,409.03544539369227,0.0,0.0,0.0,0.0,60.0,footway,orchard
8811aa4cb7fffff,8,2,0.0,0.0,0.5,0.0,0.0,0.0,2.5,1.5,55.0,0.0,784.6941173182206,,146.22660039040247,0.0,4.0,0.0,4.0,60.0,service,residential
8811aa4cb9fffff,8,4,0.0,0.0,1.0,0.0,0.25,0.0,2.0,2.25,57.25,0.25,760.4650740195393,,130.38741679937218,0.0,3.0,0.0,3.0,60.0,tertiary,scrub
8811aa4cbdfffff,8,1,0.0,0.0,0.0,0.0,1.0,0.0,1.0,3.0,3.3333333333333335,0.0,493.451985420437,,464.49579588696326,0.0,0.0,0.0,0.0,60.0,footway,residential
8811aa4cc1fffff,8,24,0.0,0.0,0.125,0.125,0.6666666666666666,0.0,1.1666666666666667,4.375,42.65,0.75,149.15117063777205,,162.66991542403773,0.0,11.0,0.0,7.0,60.0,footway,residential
8811aa4cc3fffff,8,38,1.0,0.0,0.4473684210526316,0.3684210526315789,0.21052631578947367,0.0,2.3684210526315788,2.710526315789474,47.74078947368421,0.21052631578947367,17.012458299446646,,74.89652553967046,11.0,30.0,0.0,13.0,60.0,footway,grass
8811aa4cc5fffff,8,22,0.0,0.0,0.045454545454545456,0.13636363636363635,0.7272727272727273,0.0,0.8636363636363636,4.5,44.050000000000004,0.6818181818181818,651.4215857591212,,273.6949470754208,0.0,2.0,0.0,2.0,30.0,unclassified,retail
8811aa4cc9fffff,8,25,0.0,0.0,0.04,0.0,1.0,0.0,0.8,5.04,38.906,0.88,780.2831445881595,,45.35629801575326,2.0,5.0,0.0,5.0,60.0,footway,grass
8811aa4ccbfffff,8,14,0.0,0.0,0.14285714285714285,0.21428571428571427,0.07142857142857142,0.0,1.6428571428571428,2.5714285714285716,101.125,0.5,400.85530011173006,,93.88965465348792,1.0,4.0,0.0,4.0,60.0,footway,residential
8811aa4ccdfffff,8,1,0.0,0.0,0.0,0.0,0.0,0.0,1.0,1.0,105.0,0.0,547.0090465751784,,251.2455748034265,0.0,2.0,0.0,2.0,60.0,service,forest
8811aa4cd1fffff,8,26,,,0.4230769230769231,0.23076923076923078,0.34615384615384615,0.0,2.076923076923077,3.576923076923077,49.4481684981685,0.4230769230769231,,,,,,,,,,
8811aa4cd3fffff,8,28,0.0,0.0,0.25,0.03571428571428571,0.32142857142857145,0.0,1.9642857142857142,3.5714285714285716,74.0046768707483,0.5357142857142857,235.6354727558017,,204.6247504995359,0.0,3.0,0.0,2.0,60.0,footway,residential
8811aa4cd5fffff,8,22,0.0,0.0,0.13636363636363635,0.45454545454545453,0.2727272727272727,0.0,2.227272727272727,5.0,47.84279155188246,0.5454545454545454,302.6162565614116,,209.2738262054346,0.0,3.0,0.0,3.0,60.0,path,forest
8811aa4cd7fffff,8,6,0.0,0.0,0.16666666666666666,0.0,0.16666666666666666,0.0,1.1666666666666667,1.8333333333333333,48.416666666666664,0.0,320.45067542629994,,195.23292707282226,0.0,2.0,0.0,2.0,60.0,footway,forest
8811aa4cd9fffff,8,7,0.0,0.0,0.7142857142857143,0.2857142857142857,0.0,0.0,1.7142857142857142,2.0,88.57142857142857,0.0,690.7265495968425,,351.15241202801366,0.0,0.0,0.0,0.0,60.0,path,forest
8811aa4cdbfffff,8,6,0.0,0.0,0.16666666666666666,0.0,0.3333333333333333,0.0,2.0,1.8333333333333333,36.0,0.0,660.8420577296382,,507.3491490934293,0.0,0.0,0.0,0.0,60.0,footway,residential
8811aa4cddfffff,8,1,0.0,0.0,0.0,0.0,1.0,0.0,1.0,1.0,50.0,0.0,580.8540604253158,,582.5727385043787,0.0,0.0,0.0,0.0,60.0,footway,residential
8811aa4ce1fffff,8,9,0.0,0.0,0.1111111111111111,0.0,1.0,0.0,1.2222222222222223,5.666666666666667,37.05820105820106,1.0,953.8270847023445,,292.28759407626274,0.0,1.0,0.0,1.0,60.0,track,forest
8811aa4ce3fffff,8,5,1.0,0.0,0.2,0.2,0.2,0.0,1.8,1.8,53.06666666666668,0.0,60.608089311072504,,81.16757420159526,2.0,6.0,0.0,5.0,60.0,footway,forest
8811aa4ce7fffff,8,13,0.0,0.0,0.07692307692307693,0.0,1.0,0.0,1.0,6.153846153846154,34.73274161735701,1.0,809.709632757092,,241.8428965072205,0.0,1.0,0.0,1.0,60.0,path,military
8811aa4cebfffff,8,22,0.0,0.0,0.18181818181818182,0.045454545454545456,0.8636363636363636,0.0,1.5,5.0,43.58560606060606,0.8636363636363636,253.39947343211978,,180.26246057470257,0.0,5.0,0.0,3.0,60.0,service,forest
8811aa4d03fffff,8,1,0.0,0.0,0.0,0.0,1.0,0.0,1.0,2.0,31.5,0.0,1442.696108622649,,356.3394597251219,0.0,0.0,0.0,0.0,60.0,tertiary,industrial
8811aa4d09fffff,8,3,0.0,0.0,0.3333333333333333,0.3333333333333333,0.3333333333333333,0.0,1.3333333333333333,4.0,35.75,1.0,690.0669363419908,,205.41737289365042,0.0,3.0,0.0,3.0,60.0,path,industrial
8811aa4d11fffff,8,1,0.0,0.0,0.0,0.0,0.0,0.0,1.0,0.0,,0.0,452.0348370831629,,181.9205816314135,0.0,2.0,0.0,2.0,60.0,footway,residential
8811aa4d13fffff,8,8,1.0,0.0,0.5,0.25,0.125,0.0,1.625,3.125,41.65625,0.5,85.46584484610423,,21.67059315298424,3.0,9.0,0.0,4.0,60.0,footway,residential
8811aa4d1bfffff,8,1,0.0,0.0,0.0,0.0,0.0,0.0,1.0,1.0,50.0,0.0,488.6627324918293,,584.3454480419101,0.0,0.0,0.0,0.0,60.0,path,residential
8811aa4d33fffff,8,3,0.0,0.0,0.0,0.0,0.3333333333333333,0.0,0.6666666666666666,1.6666666666666667,48.0,0.0,667.00106795184,,159.37547030808162,0.0,2.0,0.0,2.0,60.0,residential,residential
8811aa4d3bfffff,8,1,0.0,0.0,0.0,0.0,1.0,0.0,1.0,1.0,30.0,0.0,1184.7500028071788,,637.2439745571063,0.0,0.0,0.0,0.0,60.0,service,allotments
8811aa4d43fffff,8,2,0.0,0.0,0.0,0.0,1.0,0.0,1.0,2.5,43.0,0.5,892.9190484301336,,882.2393044941778,0.0,0.0,0.0,0.0,60.0,residential,allotments
8811aa4d51fffff,8,3,0.0,0.0,0.3333333333333333,0.6666666666666666,0.0,0.0,1.3333333333333333,4.0,37.25,1.0,204.60340918390503,,219.70912760809486,0.0,3.0,0.0,2.0,60.0,unclassified,forest
8811aa4d53fffff,8,1,0.0,0.0,0.0,0.0,0.0,0.0,1.0,1.0,61.0,0.0,703.0491042573699,,632.4865338852703,0.0,0.0,0.0,0.0,60.0,path,forest
8811aa4d55fffff,8,5,0.0,0.0,0.0,0.2,0.2,0.0,1.4,2.4,38.3,0.2,270.30037125039564,,164.8490963158617,0.0,6.0,0.0,4.0,60.0,service,forest
8811aa4d57fffff,8,3,0.0,0.0,0.0,0.6666666666666666,0.0,0.0,1.3333333333333333,4.333333333333333,36.05555555555555,0.6666666666666666,370.4971226506379,,154.31543455388203,0.0,2.0,0.0,2.0,60.0,footway,residential
8811aa4d63fffff,8,1,0.0,0.0,0.0,0.0,0.0,0.0,1.0,2.0,30.0,0.0,2538.819158187709,,211.18315272475976,0.0,3.0,0.0,3.0,60.0,track,residential
8811aa4d81fffff,8,5,0.0,0.0,0.2,0.6,0.4,0.0,2.0,3.4,37.43333333333334,0.4,342.4976618411566,,126.87660400306137,0.0,3.0,0.0,3.0,60.0,track_grade5,forest
8811aa4d85fffff,8,13,0.0,0.0,0.23076923076923078,0.3076923076923077,0.15384615384615385,0.0,2.0,2.8461538461538463,53.371794871794876,0.5384615384615384,209.84437710777956,,153.5779066880539,0.0,3.0,0.0,2.0,60.0,footway,residential
8811aa4d87fffff,8,22,0.0,0.0,0.36363636363636365,0.3181818181818182,0.13636363636363635,0.0,2.0,3.227272727272727,47.23030303030303,0.5,360.5249655618118,,105.91458561960157,0.0,4.0,0.0,4.0,60.0,footway,residential
8811aa4d8dfffff,8,12,0.0,0.0,0.08333333333333333,0.5,0.3333333333333333,0.0,2.4166666666666665,3.1666666666666665,75.0,0.6666666666666666,118.47013749304746,,102.03426690950874,0.0,8.0,0.0,6.0,60.0,service,industrial
8811aa4d91fffff,8,5,0.0,0.0,0.0,0.0,0.8,0.0,1.8,5.2,44.16666666666667,0.8,468.37083540604743,,416.2321943220004,0.0,0.0,0.0,0.0,60.0,path,forest
8811aa4d93fffff,8,19,0.0,0.0,0.10526315789473684,0.2631578947368421,0.631578947368421,0.0,2.0,4.7368421052631575,44.93959899749373,0.7894736842105263,100.42711826661174,,49.031708140778974,3.0,5.0,0.0,3.0,60.0,service,grass
8811aa4d95fffff,8,12,0.0,0.0,0.16666666666666666,0.5833333333333334,0.25,0.0,2.1666666666666665,5.333333333333333,42.720238095238095,0.8333333333333334,190.25920103875572,,166.82837829687347,0.0,9.0,0.0,2.0,60.0,service,forest
8811aa4d97fffff,8,25,0.0,0.0,0.24,0.2,0.4,0.0,2.28,3.12,46.324285714285715,0.56,394.37906995087155,,185.95665667840268,0.0,2.0,0.0,2.0,60.0,footway,park
8811aa4d9bfffff,8,10,0.0,0.0,0.0,0.0,0.9,0.0,0.4,5.2,38.193333333333335,0.9,837.230414636551,,856.9165954422181,0.0,0.0,0.0,0.0,60.0,footway,forest
8811aa4da3fffff,8,6,0.0,0.0,0.3333333333333333,0.16666666666666666,0.0,0.0,1.8333333333333333,1.6666666666666667,50.25,0.0,241.79308488227062,,178.514062174596,0.0,3.0,0.0,2.0,60.0,footway,residential
8811aa4da9fffff,8,15,0.0,0.0,0.4,0.4,0.06666666666666667,0.0,1.9333333333333333,3.066666666666667,49.5,0.6,267.74028398290454,,192.4123092867102,0.0,7.0,0.0,6.0,60.0,service,residential
8811aa4dabfffff,8,17,1.0,0.0,0.35294117647058826,0.17647058823529413,0.17647058823529413,0.0,2.0588235294117645,3.235294117647059,43.42843137254902,0.5882352941176471,63.81566060894382,,151.69473425589055,3.0,7.0,0.0,4.0,60.0,tertiary,residential
8811aa4dadfffff,8,4,0.0,0.0,0.5,0.0,0.75,0.0,2.5,3.5,38.6875,0.75,515.5048837346836,,449.10074952430693,0.0,0.0,0.0,0.0,60.0,path,scrub
8811aa4db1fffff,8,1,0.0,0.0,0.0,0.0,0.0,0.0,2.0,2.0,60.5,0.0,790.9461650402762,,463.4026071375693,0.0,0.0,0.0,0.0,60.0,path,forest
8811aa4db3fffff,8,19,0.0,0.0,0.05263157894736842,0.05263157894736842,0.7368421052631579,0.0,1.5789473684210527,3.6842105263157894,43.438596491228076,0.631578947368421,482.18375478341335,,339.38673496779506,0.0,0.0,0.0,0.0,60.0,path,forest
8811aa4db5fffff,8,7,0.0,0.0,0.5714285714285714,0.42857142857142855,0.14285714285714285,0.0,2.5714285714285716,1.4285714285714286,67.5,0.0,570.7538665008292,,238.66210570933058,0.0,4.0,0.0,4.0,60.0,residential,residential
8811aa4db7fffff,8,28,0.0,0.0,0.32142857142857145,0.4642857142857143,0.4642857142857143,0.0,1.8928571428571428,4.857142857142857,39.248015873015866,0.7857142857142857,357.07454084217005,,183.18777290948609,0.0,3.0,0.0,3.0,60.0,residential,residential
8811aa4db9fffff,8,16,0.0,0.0,0.3125,0.125,0.375,0.0,1.625,3.6875,40.11607142857143,0.5625,334.66085252392884,,368.07429571379464,0.0,0.0,0.0,0.0,60.0,path,forest
8811aa4dbbfffff,8,4,0.0,0.0,0.0,0.0,0.25,0.0,1.25,1.25,67.5,0.0,639.2754438022185,,240.40814698110245,0.0,2.0,0.0,2.0,60.0,footway,grass
8811aa4dbdfffff,8,21,0.0,0.0,0.5238095238095238,0.19047619047619047,0.09523809523809523,0.0,2.380952380952381,2.4285714285714284,55.05952380952381,0.3333333333333333,294.14613863339656,,280.65709422672893,0.0,2.0,0.0,1.0,60.0,service,residential
8811aa4dc1fffff,8,1,0.0,0.0,0.0,1.0,1.0,0.0,2.0,2.0,47.5,0.0,125.5002681111703,,87.8218655464669,1.0,9.0,0.0,5.0,60.0,service,residential
8811aa4dc7fffff,8,5,0.0,0.0,0.2,0.0,0.2,0.0,1.4,2.8,30.9,0.6,147.6299528426448,,54.25154628081101,1.0,16.0,0.0,7.0,60.0,service,residential
8811aa4dc9fffff,8,6,,,0.5,0.3333333333333333,0.0,0.0,1.5,3.3333333333333335,39.875,0.6666666666666666,,,,,,,,,,
8811aa4dcbfffff,8,3,0.0,0.0,0.0,0.0,0.3333333333333333,0.0,1.3333333333333333,1.3333333333333333,63.0,0.0,717.0060718245926,,305.3283762454041,0.0,0.0,0.0,0.0,60.0,residential,residential
8811aa4dcdfffff,8,5,0.0,0.0,0.4,0.0,0.0,0.0,1.4,3.4,43.7,0.8,394.37973241428995,,45.38607702894538,1.0,6.0,0.0,6.0,60.0,service,grass
8811aa4ddbfffff,8,1,0.0,0.0,0.0,0.0,0.0,0.0,1.0,1.0,11.0,0.0,1381.1344271264352,,1047.5879317061804,0.0,0.0,0.0,0.0,60.0,service,military
8811aa4de1fffff,8,18,0.0,0.0,0.2222222222222222,0.1111111111111111,0.1111111111111111,0.0,1.6666666666666667,2.7777777777777777,47.29901960784314,0.5555555555555556,108.70387194266266,,78.16843164625571,1.0,4.0,0.0,3.0,60.0,footway,park
8811aa4de3fffff,8,20,0.0,0.0,0.3,0.4,0.25,0.0,2.25,2.95,48.6,0.55,342.2871083847879,,297.11987703913394,0.0,1.0,0.0,1.0,60.0,service,residential
8811aa4de5fffff,8,16,0.0,0.0,0.125,0.3125,0.1875,0.0,1.625,3.3125,62.546875,0.75,279.4596851378014,,155.25067999332433,0.0,9.0,0.0,7.0,60.0,footway,residential
8811aa4de7fffff,8,13,0.0,0.0,0.23076923076923078,0.23076923076923078,0.38461538461538464,0.0,2.0,2.5384615384615383,39.63461538461539,0.38461538461538464,278.7667764829851,,251.84533418502633,0.0,5.0,0.0,3.0,60.0,footway,residential
8811aa4de9fffff,8,12,0.0,0.0,0.3333333333333333,0.4166666666666667,0.3333333333333333,0.0,1.8333333333333333,3.8333333333333335,35.72678571428572,0.8333333333333334,128.0619675867052,,41.9793523950576,2.0,8.0,0.0,6.0,60.0,residential,residential
8811aa4debfffff,8,10,1.0,0.0,0.3,0.3,0.5,0.0,2.3,3.2,45.6,0.7,76.58602308755677,,38.16317457640426,3.0,9.0,0.0,6.0,60.0,footway,park
8811aa4dedfffff,8,7,0.0,0.0,0.14285714285714285,0.0,0.0,0.0,1.5714285714285714,2.7142857142857144,51.67857142857143,0.5714285714285714,581.263061943254,,200.8562874313001,0.0,4.0,0.0,4.0,60.0,service,residential
8811aa4e01fffff,8,8,0.0,0.0,0.375,0.0,0.0,0.0,1.0,1.875,51.5,0.125,138.07980140440708,,76.65847057140401,1.0,7.0,0.0,5.0,60.0,service,residential
8811aa4e05fffff,8,6,0.0,0.0,0.3333333333333333,0.16666666666666666,0.0,0.0,1.6666666666666667,2.0,57.208333333333336,0.16666666666666666,279.93960909425226,,116.67711875074178,0.0,5.0,0.0,4.0,60.0,footway,residential
8811aa4e09fffff,8,25,0.0,0.0,0.24,0.28,0.68,0.0,1.28,4.12,39.47866666666667,0.72,274.078077699994,,163.4677693185414,0.0,8.0,0.0,6.0,60.0,footway,residential
8811aa4e0bfffff,8,8,0.0,0.0,0.0,0.0,1.0,0.0,0.5,5.0,37.58958333333333,1.0,886.4353746055623,,686.0994375843687,0.0,0.0,0.0,0.0,90.0,trunk,grass
8811aa4e0dfffff,8,10,0.0,0.0,0.3,0.3,0.2,0.0,2.0,3.0,48.15,0.5,152.57455545401308,,77.89112746662937,1.0,10.0,0.0,6.0,60.0,service,residential
8811aa4e11fffff,8,7,0.0,0.0,0.42857142857142855,0.0,0.7142857142857143,0.0,2.7142857142857144,4.142857142857143,49.05238095238095,0.7142857142857143,1270.4058779361349,,386.09517972362573,0.0,0.0,0.0,0.0,60.0,service,forest
8811aa4e15fffff,8,5,0.0,0.0,0.0,0.0,0.8,0.0,0.6,3.8,54.589999999999996,0.8,1094.7358463447997,,115.14440423769982,0.0,1.0,0.0,1.0,60.0,footway,residential
8811aa4e17fffff,8,4,0.0,0.0,0.0,0.0,1.0,0.0,0.25,4.75,37.775,1.0,889.9455443494173,,766.2020749474036,0.0,0.0,0.0,0.0,60.0,residential,residential
8811aa4e1bfffff,8,1,0.0,0.0,1.0,0.0,1.0,0.0,2.0,2.0,79.0,0.0,456.4702606256543,,454.51549117936145,0.0,0.0,0.0,0.0,60.0,track,industrial
8811aa4e1dfffff,8,3,0.0,0.0,0.0,0.0,1.0,0.0,1.0,4.333333333333333,54.0,1.0,1628.6499557203035,,653.9441277286726,0.0,0.0,0.0,0.0,60.0,secondary_link,forest
8811aa4e25fffff,8,4,0.0,0.0,0.0,0.75,0.0,0.0,1.5,4.0,36.666666666666664,0.75,199.57946888765417,,42.976785033190495,2.0,5.0,0.0,3.0,60.0,footway,residential
8811aa4e27fffff,8,1,0.0,0.0,0.0,0.0,0.0,0.0,1.0,2.0,38.5,0.0,780.3853055195707,,341.64892705357846,0.0,0.0,0.0,0.0,60.0,residential,residential
8811aa4e29fffff,8,3,0.0,0.0,0.0,0.3333333333333333,0.0,0.0,1.0,2.6666666666666665,65.08333333333333,0.3333333333333333,454.59167194099354,,326.08476750645434,0.0,0.0,0.0,0.0,60.0,residential,industrial
8811aa4e2bfffff,8,6,0.0,0.0,0.0,0.3333333333333333,0.16666666666666666,0.0,1.1666666666666667,1.0,54.0,0.0,355.4172132769888,,326.16263251755527,0.0,0.0,0.0,0.0,60.0,service,residential
8811aa4e31fffff,8,5,0.0,0.0,0.0,0.0,0.8,0.0,0.6,3.2,31.29047619047619,0.2,263.0487898078614,,345.30722189583565,0.0,3.0,0.0,0.0,60.0,service,forest
8811aa4e37fffff,8,7,1.0,0.0,0.42857142857142855,0.8571428571428571,0.0,0.0,1.8571428571428572,5.142857142857143,40.03741496598639,0.8571428571428571,48.60233360374342,,30.402846773415735,4.0,10.0,0.0,4.0,60.0,tertiary,allotments
8811aa4e41fffff,8,17,,,0.4117647058823529,0.058823529411764705,0.8823529411764706,0.0,1.4705882352941178,5.0,35.858823529411765,1.0,,,,,,,,,residential,residential
8811aa4e43fffff,8,4,0.0,0.0,0.25,0.0,0.5,0.0,1.5,3.0,91.25,0.5,1128.9658848527022,,312.3179693882798,0.0,0.0,0.0,0.0,60.0,footway,forest
8811aa4e47fffff,8,11,0.0,0.0,0.0,0.36363636363636365,0.45454545454545453,0.0,1.1818181818181819,4.0,38.21818181818182,0.7272727272727273,555.3905074637069,,396.1549388816213,0.0,0.0,0.0,0.0,60.0,service,forest
8811aa4e4bfffff,8,1,0.0,0.0,0.0,0.0,0.0,0.0,1.0,1.0,25.0,0.0,1133.8274717986144,,853.8832483871639,0.0,0.0,0.0,0.0,60.0,path,allotments
8811aa4e4dfffff,8,16,0.0,0.0,0.3125,0.0625,0.875,0.0,2.125,4.875,33.7125,0.9375,1323.3681375172782,,105.02219607354641,0.0,2.0,0.0,2.0,60.0,footway,forest
8811aa4e51fffff,8,1,0.0,0.0,0.0,0.0,0.0,0.0,2.0,1.0,40.0,0.0,773.3251941007004,,788.9807020770443,0.0,0.0,0.0,0.0,60.0,footway,forest
8811aa4e59fffff,8,3,0.0,0.0,0.3333333333333333,0.6666666666666666,0.0,0.0,1.6666666666666667,2.3333333333333335,35.333333333333336,0.3333333333333333,553.0906014144327,,17.982648477826196,2.0,2.0,0.0,2.0,60.0,service,forest
8811aa4e5bfffff,8,4,0.0,0.0,0.25,0.25,0.75,0.0,2.25,4.25,34.75,0.5,793.487050003388,,389.3835294285203,0.0,0.0,0.0,0.0,80.0,secondary,forest
8811aa4e5dfffff,8,2,0.0,0.0,0.0,0.0,0.0,0.0,1.0,5.0,26.208333333333336,1.0,374.55885080906427,,72.72589825152777,1.0,2.0,0.0,2.0,60.0,secondary,forest
8811aa4e63fffff,8,2,0.0,0.0,0.0,0.0,0.0,0.0,1.5,1.5,43.25,0.0,415.3162130734995,,209.9381427080357,0.0,2.0,0.0,2.0,60.0,service,forest
8811aa4e67fffff,8,1,0.0,0.0,1.0,0.0,0.0,0.0,1.0,4.0,3.0,1.0,398.8205022681541,,256.135889728468,0.0,2.0,0.0,2.0,60.0,service,residential
8811aa4e6bfffff,8,4,0.0,0.0,0.25,0.25,0.25,0.0,2.0,3.0,40.4375,0.5,468.25788211870514,,309.1384967337207,0.0,0.0,0.0,0.0,60.0,footway,residential
8811aa4e81fffff,8,3,0.0,0.0,0.3333333333333333,0.3333333333333333,0.3333333333333333,0.0,1.6666666666666667,2.6666666666666665,78.0,0.3333333333333333,1353.8876329380296,,482.1581267076596,0.0,0.0,0.0,0.0,60.0,path,forest
8811aa4e83fffff,8,26,0.0,0.0,0.0,0.0,0.9230769230769231,0.0,1.0,4.538461538461538,42.95192307692308,0.8846153846153846,924.7036724669676,,734.4389474805555,0.0,0.0,0.0,0.0,100.0,trunk,forest
8811aa4e85fffff,8,9,0.0,0.0,0.3333333333333333,0.1111111111111111,0.7777777777777778,0.0,2.3333333333333335,4.777777777777778,35.196296296296296,0.8888888888888888,501.54853248262395,,428.4130544877102,0.0,0.0,0.0,0.0,60.0,service,residential
8811aa4e87fffff,8,16,0.0,0.0,0.1875,0.0625,0.875,0.0,2.625,4.875,34.41354166666667,0.875,1382.768983869797,,248.1014541212364,0.0,1.0,0.0,1.0,60.0,footway,residential
8811aa4e8dfffff,8,12,0.0,0.0,0.08333333333333333,0.0,0.6666666666666666,0.0,1.5833333333333333,3.6666666666666665,45.58472222222222,0.6666666666666666,825.1991061809623,,295.91021694556804,0.0,1.0,0.0,1.0,60.0,service,grass
8811aa4e91fffff,8,8,0.0,0.0,0.375,0.5,0.125,0.0,3.125,2.75,55.28125,0.5,287.079052861782,,216.7299432727446,0.0,4.0,0.0,2.0,60.0,path,forest
8811aa4e93fffff,8,24,0.0,0.0,0.5833333333333334,0.3333333333333333,0.2916666666666667,0.0,3.3333333333333335,2.3333333333333335,64.79166666666667,0.20833333333333334,472.8727689491572,,265.8358507887107,0.0,4.0,0.0,4.0,60.0,service,residential
8811aa4e95fffff,8,5,0.0,0.0,0.8,0.0,0.6,0.0,2.8,3.8,62.21333333333333,0.6,163.24844143314166,,140.58250848753008,0.0,3.0,0.0,2.0,60.0,footway,forest
8811aa4e97fffff,8,16,0.0,0.0,0.3125,0.3125,0.5625,0.0,3.0625,4.6875,38.35104166666667,0.6875,401.57600776243896,,221.26384728642742,0.0,2.0,0.0,2.0,60.0,footway,park
8811aa4e99fffff,8,1,0.0,0.0,0.0,0.0,1.0,0.0,4.0,2.0,47.0,0.0,779.7978061906191,,367.5873893701002,0.0,0.0,0.0,0.0,60.0,service,cemetery
8811aa4e9bfffff,8,12,0.0,0.0,0.5833333333333334,0.5,0.25,0.0,4.0,3.6666666666666665,47.125,0.6666666666666666,201.1884342216974,,119.3756113709407,0.0,8.0,0.0,6.0,60.0,tertiary,residential
8811aa4e9dfffff,8,15,0.0,0.0,0.0,0.0,1.0,0.0,0.3333333333333333,5.066666666666666,43.511111111111106,1.0,1017.0128934425995,,992.7690766217513,0.0,0.0,0.0,0.0,60.0,service,industrial
8811aa4ea1fffff,8,3,0.0,0.0,0.0,0.0,0.3333333333333333,0.0,1.0,1.6666666666666667,124.83333333333333,0.0,253.59324017948902,,125.34817698865713,0.0,3.0,0.0,2.0,60.0,service,cemetery
8811aa4ea3fffff,8,3,0.0,0.0,0.0,0.0,0.3333333333333333,0.0,0.6666666666666666,1.6666666666666667,59.0,0.0,740.1071620845355,,303.70328252029464,0.0,0.0,0.0,0.0,60.0,service,residential
8811aa4ea5fffff,8,2,0.0,0.0,0.5,1.0,0.0,0.0,3.0,3.0,36.0,0.5,179.36785278636074,,243.60782423908424,0.0,4.0,0.0,3.0,60.0,service,industrial
8811aa4ea7fffff,8,2,0.0,0.0,0.0,0.5,0.5,0.0,1.0,2.0,40.75,0.0,627.6085849955191,,23.64970398891321,2.0,3.0,0.0,3.0,20.0,service,residential
8811aa4ea9fffff,8,4,1.0,0.0,0.25,0.5,0.25,0.0,1.25,2.75,61.125,0.5,29.85639109874793,,58.19426472908945,3.0,3.0,0.0,2.0,60.0,footway,retail
8811aa4eadfffff,8,1,0.0,0.0,0.0,0.0,1.0,0.0,2.0,1.0,165.0,0.0,381.30814046712385,,23.249581918056364,1.0,1.0,0.0,1.0,60.0,service,industrial
8811aa4eb1fffff,8,8,0.0,0.0,0.25,0.25,0.125,0.0,1.75,2.375,56.20833333333333,0.25,355.90760109918887,,157.64339310405012,0.0,2.0,0.0,2.0,60.0,footway,forest
8811aa4eb3fffff,8,9,0.0,0.0,0.1111111111111111,0.0,0.0,0.0,1.5555555555555556,1.6666666666666667,51.4375,0.1111111111111111,514.8407891365941,,321.78212982473366,0.0,0.0,0.0,0.0,60.0,footway,park
8811aa4eb5fffff,8,17,0.0,0.0,0.11764705882352941,0.11764705882352941,0.5294117647058824,0.0,1.0588235294117647,4.117647058823529,39.84019607843137,0.7647058823529411,297.37370299274215,,336.03144008324466,0.0,1.0,0.0,0.0,60.0,service,residential
8811aa4eb9fffff,8,13,0.0,0.0,0.07692307692307693,0.07692307692307693,0.7692307692307693,0.0,1.2307692307692308,3.6923076923076925,45.36282051282051,0.5384615384615384,806.1286106966616,,311.8150164466745,0.0,0.0,0.0,0.0,60.0,path,park
8811aa4ebbfffff,8,15,0.0,0.0,0.4,0.06666666666666667,0.6,0.0,2.533333333333333,3.4,49.31333333333334,0.5333333333333333,713.8483674812886,,374.2181032154467,0.0,0.0,0.0,0.0,60.0,service,residential
8811aa4ebdfffff,8,26,0.0,0.0,0.038461538461538464,0.0,0.9615384615384616,0.0,1.5,4.8076923076923075,44.73626373626374,0.8846153846153846,824.4342348417938,,36.05837848220133,1.0,3.0,0.0,3.0,60.0,footway,commercial
8811aa4ec1fffff,8,10,0.0,0.0,0.7,0.5,0.1,0.0,3.2,3.1,41.22666666666667,0.4,246.98891624916578,,228.97951528132316,0.0,6.0,0.0,4.0,60.0,service,residential
8811aa4ec3fffff,8,1,0.0,0.0,1.0,0.0,0.0,0.0,4.0,2.0,63.0,0.0,632.9320899552034,,281.750515291471,0.0,1.0,0.0,1.0,60.0,service,allotments
8811aa4ec5fffff,8,6,0.0,0.0,0.5,0.5,0.16666666666666666,0.0,2.6666666666666665,4.0,37.208333333333336,1.0,131.26966619489858,,50.760139929958434,1.0,4.0,0.0,3.0,60.0,secondary,grass
8811aa4ec7fffff,8,4,0.0,0.0,0.0,0.5,0.25,0.0,1.0,4.0,43.95,0.75,336.171017387366,,214.28877034139683,0.0,3.0,0.0,3.0,60.0,service,residential
8811aa4ec9fffff,8,10,0.0,0.0,0.3,0.2,0.0,0.0,2.2,2.0,62.25,0.1,112.15766357589129,,111.78691886995644,0.0,4.0,0.0,3.0,60.0,steps,residential
8811aa4ecbfffff,8,16,0.0,0.0,0.5,0.375,0.0625,0.0,2.9375,2.0,57.239583333333336,0.0,173.2011357332573,,109.67953086272588,0.0,7.0,0.0,6.0,60.0,footway,residential
8811aa4ecdfffff,8,4,0.0,0.0,1.0,0.25,0.25,0.0,2.0,3.5,47.3125,0.75,445.33990254776427,,310.52744462416126,0.0,0.0,0.0,0.0,60.0,service,industrial
8811aa4ed1fffff,8,9,0.0,0.0,0.2222222222222222,0.2222222222222222,0.2222222222222222,0.0,2.111111111111111,3.888888888888889,60.48677248677249,0.5555555555555556,782.6004400664358,,95.72666427683717,1.0,1.0,0.0,1.0,60.0,footway,retail
8811aa4ed3fffff,8,11,0.0,0.0,0.5454545454545454,0.2727272727272727,0.5454545454545454,0.0,2.8181818181818183,4.909090909090909,43.45800865800866,0.8181818181818182,263.84637690795086,,87.66950041211554,1.0,6.0,0.0,4.0,60.0,footway,cemetery
8811aa4ed7fffff,8,16,,,0.3125,0.0,0.9375,0.0,1.375,4.8125,44.0,0.9375,,,,,,,,,,
8811aa4ed9fffff,8,30,1.0,0.0,0.7333333333333333,0.3,0.4,0.0,3.1666666666666665,4.6,44.17107279693487,0.6,77.95269139627784,,11.941008050655405,5.0,8.0,0.0,5.0,60.0,footway,residential
8811aa4edbfffff,8,20,0.0,0.0,0.05,0.05,0.85,0.0,1.4,4.65,41.99583333333333,0.9,335.670384624228,,98.49621046111498,1.0,3.0,0.0,3.0,60.0,residential,grass
8811aa4eddfffff,8,9,0.0,0.0,0.8888888888888888,0.2222222222222222,0.4444444444444444,0.0,3.2222222222222223,1.8888888888888888,52.44444444444444,0.0,669.7687715864632,,266.6916120803998,0.0,1.0,0.0,1.0,60.0,service,allotments
8811aa4ee1fffff,8,4,1.0,0.0,0.5,0.25,0.25,0.0,1.75,3.25,36.9375,0.75,84.75279019314655,,16.024331377719733,2.0,20.0,0.0,9.0,60.0,tertiary,residential
8811aa4ee3fffff,8,2,0.0,0.0,0.0,0.0,0.5,0.0,2.0,3.0,49.25,0.5,439.98046852190816,,458.9909763374245,0.0,0.0,0.0,0.0,60.0,service,industrial
8811aa4ee9fffff,8,4,0.0,0.0,0.0,0.25,1.0,0.0,0.25,4.5,40.4375,1.0,626.97986861687,,638.1979068153023,0.0,0.0,0.0,0.0,60.0,path,forest
8811aa4eebfffff,8,10,,,0.3,0.0,1.0,0.0,1.9,4.8,37.864999999999995,1.0,,,,,,,,,,
8811aa4eedfffff,8,2,1.0,0.0,0.0,0.5,0.0,0.0,2.0,0.5,110.0,0.0,31.41857077679554,,28.881252490157063,3.0,4.0,0.0,2.0,60.0,footway,residential
8811aa4f01fffff,8,2,0.0,0.0,0.5,0.0,0.5,0.0,1.0,4.0,34.5,1.0,766.456084290705,,275.3919761442403,0.0,1.0,0.0,1.0,60.0,residential,residential
8811aa4f05fffff,8,3,0.0,0.0,0.0,0.6666666666666666,0.0,0.0,1.0,3.0,33.166666666666664,0.3333333333333333,213.9939049289313,,102.13199108852008,0.0,5.0,0.0,3.0,60.0,secondary,residential
8811aa4f09fffff,8,1,0.0,0.0,0.0,0.0,1.0,0.0,1.0,4.0,37.5,1.0,1479.3799284811,,338.5449197584067,0.0,0.0,0.0,0.0,60.0,residential,residential
8811aa4f1bfffff,8,3,1.0,0.0,0.0,0.6666666666666666,0.3333333333333333,0.0,0.6666666666666666,5.0,41.888888888888886,1.0,19.374706450055818,,101.45485574813473,1.0,6.0,0.0,3.0,60.0,footway,residential
8811aa4f21fffff,8,9,0.0,0.0,0.1111111111111111,0.1111111111111111,0.4444444444444444,0.0,0.5555555555555556,4.888888888888889,34.27777777777778,0.6666666666666666,1215.9307909573668,,205.39356273009454,0.0,4.0,0.0,4.0,60.0,footway,retail
8811aa4f2bfffff,8,1,0.0,0.0,0.0,0.0,1.0,0.0,0.0,8.0,36.75,1.0,393.0509392175185,,353.4028476793929,0.0,0.0,0.0,0.0,60.0,secondary,industrial
8811aa4f2dfffff,8,6,0.0,0.0,0.3333333333333333,0.16666666666666666,1.0,0.0,1.1666666666666667,4.0,37.63888888888889,0.6666666666666666,607.5652999074816,,169.04760945453884,0.0,4.0,0.0,4.0,60.0,residential,residential
8811aa4f31fffff,8,1,0.0,0.0,0.0,0.0,1.0,0.0,1.0,8.0,40.0,1.0,610.8674011252076,,236.90521108170182,0.0,2.0,0.0,2.0,80.0,trunk,forest
8811aa4f35fffff,8,1,0.0,0.0,0.0,0.0,1.0,0.0,1.0,2.0,30.0,0.0,729.7800686595518,,867.335600608174,0.0,0.0,0.0,0.0,60.0,service,forest
8811aa4f3dfffff,8,6,0.0,0.0,0.16666666666666666,0.3333333333333333,0.6666666666666666,0.0,1.3333333333333333,3.8333333333333335,38.983333333333334,0.8333333333333334,282.52245402712475,,17.53083502284548,3.0,5.0,0.0,3.0,60.0,footway,industrial
8811aa4f49fffff,8,3,0.0,0.0,0.6666666666666666,0.3333333333333333,0.0,0.0,1.3333333333333333,2.0,60.333333333333336,0.0,1020.4195456996498,,55.70989007551864,1.0,2.0,0.0,2.0,60.0,service,residential
8811aa4f4bfffff,8,19,0.0,0.0,0.3684210526315789,0.5789473684210527,0.15789473684210525,0.0,1.263157894736842,3.526315789473684,37.78508771929825,0.5263157894736842,282.1262228875469,,231.20393488597583,0.0,3.0,0.0,2.0,60.0,residential,residential
8811aa4f51fffff,8,2,0.0,0.0,0.0,0.5,0.5,0.0,1.0,1.0,57.5,0.0,681.5529428849367,,592.5232885453115,0.0,0.0,0.0,0.0,60.0,service,residential
8811aa4f5bfffff,8,5,0.0,0.0,0.2,0.6,0.2,0.0,1.4,3.6,38.15,0.4,296.57559418351417,,63.13485512243553,1.0,4.0,0.0,3.0,60.0,service,residential
8811aa4f5dfffff,8,2,0.0,0.0,0.5,0.0,1.0,0.0,1.5,3.0,34.0,0.5,809.7814025780642,,400.6419523995161,0.0,0.0,0.0,0.0,60.0,service,residential
8811aa4f65fffff,8,4,0.0,0.0,0.25,0.0,0.0,0.0,1.5,1.25,83.5,0.0,403.7243014210639,,124.84406880016857,0.0,5.0,0.0,5.0,60.0,service,residential
8811aa5421fffff,8,1,0.0,0.0,0.0,0.0,0.0,0.0,0.0,4.0,37.5,1.0,2208.8269762836817,,471.2614103476713,0.0,0.0,0.0,0.0,60.0,path,scrub
8811aa5423fffff,8,1,0.0,0.0,0.0,0.0,1.0,0.0,0.0,2.0,36.0,0.0,2920.7453038225253,,235.57479960475388,0.0,1.0,0.0,1.0,60.0,service,residential
8811aa542dfffff,8,3,0.0,0.0,0.0,0.3333333333333333,0.6666666666666666,0.0,1.0,2.3333333333333335,36.333333333333336,0.0,1681.1760359864902,,398.71849260421845,0.0,0.0,0.0,0.0,60.0,track,farmyard
8811aa5435fffff,8,7,0.0,0.0,0.2857142857142857,0.14285714285714285,0.8571428571428571,0.0,0.7142857142857143,2.0,43.642857142857146,0.0,2633.2366096171513,,325.960322488529,0.0,0.0,0.0,0.0,60.0,residential,forest
8811aa5437fffff,8,2,0.0,0.0,0.0,0.5,0.5,0.0,0.5,2.0,54.0,0.0,1968.8473325830405,,797.8143243575215,0.0,0.0,0.0,0.0,60.0,residential,forest
8811aa5445fffff,8,2,0.0,0.0,0.5,0.0,1.0,0.0,0.5,2.0,42.0,0.0,1557.887632889158,,507.1837101774991,0.0,0.0,0.0,0.0,60.0,residential,residential
8811aa544dfffff,8,2,0.0,0.0,0.5,0.5,0.5,0.0,1.5,2.0,37.5,0.0,1075.1546970712195,,800.8134591540205,0.0,0.0,0.0,0.0,60.0,service,residential
8811aa5461fffff,8,10,1.0,0.0,0.2,0.3,0.6,0.0,0.5,2.7,37.96666666666667,0.0,64.65021917572513,,98.69348518933535,2.0,3.0,0.0,2.0,90.0,secondary,forest
8811aa5467fffff,8,3,0.0,0.0,0.0,0.6666666666666666,0.3333333333333333,0.0,0.3333333333333333,2.3333333333333335,37.833333333333336,0.0,821.3280019394188,,330.8420608166782,0.0,0.0,0.0,0.0,60.0,path,forest
8811aa546dfffff,8,1,0.0,0.0,1.0,0.0,0.0,0.0,2.0,2.0,38.0,0.0,957.0892681544697,,411.0239313924866,0.0,0.0,0.0,0.0,60.0,residential,farmland
8811aa54a1fffff,8,4,0.0,0.0,0.75,0.25,0.25,0.0,1.5,3.0,37.25,0.5,2218.069637683958,,260.40857096598035,0.0,2.0,0.0,2.0,60.0,service,residential
8811aa54a3fffff,8,2,0.0,0.0,0.5,0.0,0.5,0.0,0.5,2.0,49.5,0.0,2040.6776233125684,,437.16601033887326,0.0,0.0,0.0,0.0,60.0,residential,residential
8811aa54adfffff,8,4,0.0,0.0,0.25,1.0,0.0,0.0,0.5,2.0,38.125,0.0,2074.359293069769,,305.3454347338865,0.0,0.0,0.0,0.0,60.0,service,forest
8811aa54b5fffff,8,1,0.0,0.0,0.0,0.0,1.0,0.0,0.0,2.0,37.0,0.0,1406.4854781595996,,474.4538618483792,0.0,0.0,0.0,0.0,60.0,track,forest
8811aa54e7fffff,8,3,0.0,0.0,0.0,0.6666666666666666,0.3333333333333333,0.0,0.6666666666666666,2.0,36.0,0.0,2507.747284442767,,182.26598140455522,0.0,1.0,0.0,1.0,60.0,service,residential
8811aa5511fffff,8,5,0.0,0.0,0.2,0.2,0.8,0.0,0.4,2.0,36.6,0.0,450.35767009279715,,418.87074293471443,0.0,0.0,0.0,0.0,10.0,service,forest
8811aa5517fffff,8,3,0.0,0.0,0.6666666666666666,1.0,0.0,0.0,0.6666666666666666,2.3333333333333335,25.111111111111114,0.0,430.0753412761156,,282.30036920881076,0.0,2.0,0.0,2.0,60.0,service,residential
8811aa551bfffff,8,1,0.0,0.0,0.0,0.0,1.0,0.0,1.0,2.0,37.5,0.0,1271.5717766085074,,1231.9545490893377,0.0,0.0,0.0,0.0,60.0,service,forest
8811aa5533fffff,8,3,0.0,0.0,0.3333333333333333,0.3333333333333333,0.3333333333333333,0.0,0.3333333333333333,2.0,37.0,0.0,396.54171621465247,,255.93043342201602,0.0,1.0,0.0,1.0,60.0,residential,residential
8811aa553bfffff,8,2,0.0,0.0,0.0,1.0,0.0,0.0,0.5,2.0,36.0,0.0,186.7049921504224,,249.84059853865907,0.0,2.0,0.0,1.0,60.0,service,residential
8811aa5543fffff,8,1,0.0,0.0,0.0,0.0,1.0,0.0,0.0,2.0,35.0,0.0,3314.0318341833163,,298.73082803621446,0.0,1.0,0.0,1.0,60.0,residential,residential
8811aa5547fffff,8,1,0.0,0.0,0.0,0.0,1.0,0.0,1.0,2.0,36.0,0.0,2390.1353706168015,,738.8389838631302,0.0,0.0,0.0,0.0,60.0,service,forest
8811aa554bfffff,8,1,0.0,0.0,1.0,0.0,0.0,0.0,1.0,2.0,37.5,0.0,3391.716656668083,,257.57036611524717,0.0,2.0,0.0,2.0,60.0,residential,residential
8811aa555bfffff,8,1,0.0,0.0,0.0,0.0,1.0,0.0,0.0,2.0,35.0,0.0,1540.3484334350653,,563.7703963798795,0.0,0.0,0.0,0.0,60.0,service,residential
8811aa5563fffff,8,4,0.0,0.0,0.5,0.75,0.25,0.0,1.25,2.0,37.5,0.0,1169.8454458987019,,344.2877052401162,0.0,0.0,0.0,0.0,60.0,path,forest
8811aa5583fffff,8,4,0.0,0.0,0.0,0.75,0.25,0.0,0.25,2.0,35.25,0.0,1148.5302745677843,,85.27167932791188,1.0,2.0,0.0,2.0,60.0,unclassified,forest
8811aa558bfffff,8,1,0.0,0.0,0.0,0.0,1.0,0.0,0.0,2.0,35.0,0.0,765.7597096402748,,137.94530647571935,0.0,5.0,0.0,5.0,60.0,service,residential
8811aa5591fffff,8,7,0.0,0.0,0.42857142857142855,0.42857142857142855,0.2857142857142857,0.0,0.8571428571428571,2.857142857142857,38.476190476190474,0.2857142857142857,175.6438329419991,,167.2621305543577,0.0,6.0,0.0,2.0,60.0,service,residential
8811aa5593fffff,8,3,0.0,0.0,0.3333333333333333,0.0,1.0,0.0,0.6666666666666666,2.0,37.0,0.0,950.0120391447186,,426.9345928419967,0.0,0.0,0.0,0.0,60.0,path,forest
8811aa55b1fffff,8,1,0.0,0.0,0.0,0.0,1.0,0.0,0.0,2.0,36.0,0.0,2546.048823533534,,634.2101875126833,0.0,0.0,0.0,0.0,90.0,secondary,forest
8811aa55b5fffff,8,1,0.0,0.0,0.0,1.0,0.0,0.0,1.0,2.0,35.0,0.0,2673.2178259262364,,219.8815255045403,0.0,3.0,0.0,3.0,60.0,path,forest
8811aa55d5fffff,8,1,0.0,0.0,1.0,0.0,1.0,0.0,2.0,4.0,40.25,1.0,498.761793060295,,460.5088541590802,0.0,0.0,0.0,0.0,60.0,service,industrial
8811aa55d7fffff,8,2,0.0,0.0,0.0,0.5,0.5,0.0,0.5,2.5,34.0,0.0,398.0971416714629,,482.946093474878,0.0,0.0,0.0,0.0,60.0,secondary,forest
8811aa55ddfffff,8,3,0.0,0.0,0.6666666666666666,0.6666666666666666,0.0,0.0,1.3333333333333333,2.0,37.0,0.0,1149.496568497313,,20.318224797761705,2.0,2.0,0.0,2.0,60.0,footway,forest
8811aa5627fffff,8,5,0.0,0.0,0.0,0.8,0.2,0.0,0.6,2.0,35.8,0.0,222.0311810483791,,241.07693447823561,0.0,2.0,0.0,1.0,60.0,living_street,residential
8811aa562dfffff,8,2,0.0,0.0,0.0,0.0,1.0,0.0,0.0,2.0,38.75,0.0,1354.1679435138678,,601.2955721359986,0.0,0.0,0.0,0.0,60.0,path,farmland
8811aa5661fffff,8,5,0.0,0.0,0.4,0.0,0.8,0.0,1.2,2.2,38.96666666666667,0.0,2894.922744663533,,80.52013615319713,1.0,2.0,0.0,2.0,60.0,footway,cemetery
8811aa5703fffff,8,1,0.0,0.0,1.0,1.0,0.0,0.0,1.0,2.0,36.0,0.0,3223.318598781803,,374.2245914915054,0.0,0.0,0.0,0.0,60.0,path,forest
8811aa570bfffff,8,5,0.0,0.0,0.6,0.6,0.0,0.0,1.0,2.8,40.46666666666667,0.2,3284.5314186933138,,56.01061933013786,1.0,2.0,0.0,2.0,60.0,service,farmyard
8811aa5733fffff,8,1,0.0,0.0,0.0,0.0,1.0,0.0,0.0,2.0,38.0,0.0,1652.6402394658983,,434.3005222067299,0.0,0.0,0.0,0.0,60.0,residential,scrub
8811aa5737fffff,8,3,0.0,0.0,0.0,0.6666666666666666,0.3333333333333333,0.0,0.0,2.6666666666666665,38.833333333333336,0.3333333333333333,2502.081524519248,,505.0455455124368,0.0,0.0,0.0,0.0,60.0,secondary,forest
8811aa573bfffff,8,4,0.0,0.0,0.25,0.5,0.0,0.0,1.0,2.0,29.75,0.0,1850.887500934455,,303.31842810739516,0.0,0.0,0.0,0.0,60.0,service,forest
8811aa5893fffff,8,2,0.0,0.0,0.0,0.0,1.0,0.0,1.0,1.5,51.0,0.0,2308.6054587864137,,1432.1780706779575,0.0,0.0,0.0,0.0,60.0,residential,residential
8811aa589bfffff,8,2,0.0,0.0,0.0,0.0,1.0,0.0,1.0,2.0,37.0,0.0,2319.2594756066574,,877.8978478769819,0.0,0.0,0.0,0.0,60.0,service,forest
8811aa5987fffff,8,1,0.0,0.0,0.0,0.0,1.0,0.0,0.0,4.0,37.0,1.0,293.1940316826176,,819.1430822112902,0.0,1.0,0.0,0.0,60.0,track,forest
8811aa59bdfffff,8,1,0.0,0.0,0.0,0.0,1.0,0.0,0.0,4.0,18.5,1.0,569.0668271475384,,562.2966979672283,0.0,0.0,0.0,0.0,60.0,unclassified,forest
8811aa59d5fffff,8,1,0.0,0.0,0.0,0.0,1.0,0.0,0.0,3.0,50.666666666666664,0.0,2605.6378151620497,,2641.9964223125826,0.0,0.0,0.0,0.0,60.0,unclassified,forest
8811aa59e3fffff,8,1,0.0,0.0,0.0,0.0,1.0,0.0,1.0,1.0,50.0,0.0,1943.1696105944964,,507.01350642667495,0.0,0.0,0.0,0.0,60.0,residential,residential
8811aa59e5fffff,8,1,0.0,0.0,0.0,0.0,1.0,0.0,0.0,1.0,440.0,0.0,3370.6753995062936,,170.8888528281332,0.0,2.0,0.0,2.0,60.0,residential,residential
8811aa5a0dfffff,8,2,0.0,0.0,0.0,0.0,1.0,0.0,0.0,5.0,35.0,1.0,2228.3906158306763,,1926.9469385517866,0.0,0.0,0.0,0.0,60.0,unclassified,forest
8811aa5a4bfffff,8,1,0.0,0.0,1.0,0.0,0.0,0.0,1.0,2.0,58.5,0.0,3316.5976438449925,,138.57566754456676,0.0,1.0,0.0,1.0,60.0,residential,residential
8811aa5a4dfffff,8,2,0.0,0.0,0.5,0.0,0.5,0.0,2.5,2.0,36.0,0.0,1988.8854896363664,,131.4878360248198,0.0,2.0,0.0,2.0,60.0,service,residential
8811aa5a65fffff,8,2,0.0,0.0,1.0,0.5,0.0,0.0,1.5,2.5,32.5,0.0,1180.029916315783,,205.10210268498736,0.0,1.0,0.0,1.0,60.0,residential,grass
8811aa5a69fffff,8,8,0.0,0.0,0.0,0.0,0.875,0.0,0.125,3.25,33.0625,0.625,554.003121132988,,366.4348447354836,0.0,0.0,0.0,0.0,60.0,service,forest
8811aa5a6dfffff,8,4,0.0,0.0,0.0,0.25,0.75,0.0,1.25,3.25,36.75,0.25,351.69537921101295,,144.46513660671744,0.0,2.0,0.0,2.0,60.0,service,park
8811aa5b3dfffff,8,1,0.0,0.0,0.0,0.0,1.0,0.0,0.0,1.0,40.0,0.0,6534.883513996645,,693.5677121241519,0.0,0.0,0.0,0.0,60.0,track_grade5,farmland
8811aa5b4bfffff,8,2,0.0,0.0,0.0,0.0,1.0,0.0,0.0,2.0,36.0,0.0,3085.404446242385,,957.6893700566662,0.0,0.0,0.0,0.0,60.0,service,farmland
8811aa5b55fffff,8,1,0.0,0.0,0.0,0.0,1.0,0.0,1.0,2.0,37.0,0.0,3449.13206804558,,472.7275663636898,0.0,0.0,0.0,0.0,60.0,service,residential
8811aa5b59fffff,8,2,0.0,0.0,0.0,0.0,0.0,0.0,0.5,2.0,36.0,0.0,1900.2361769008544,,301.18163691293773,0.0,0.0,0.0,0.0,60.0,service,residential
8811aa5b5dfffff,8,3,0.0,0.0,0.0,0.3333333333333333,0.3333333333333333,0.0,1.0,2.0,52.333333333333336,0.0,2746.632276203128,,161.0569165394885,0.0,2.0,0.0,2.0,60.0,tertiary,farmland
8811aa6005fffff,8,9,0.0,0.0,0.4444444444444444,0.4444444444444444,0.0,0.0,2.6666666666666665,1.8888888888888888,132.77777777777777,0.2222222222222222,146.53933008705798,,57.82980848886916,1.0,6.0,0.0,5.0,60.0,service,residential
8811aa6007fffff,8,1,0.0,0.0,0.0,0.0,0.0,0.0,3.0,2.0,29.0,0.0,768.632250690294,,214.40712136635847,0.0,1.0,0.0,1.0,60.0,service,residential
8811aa6013fffff,8,7,0.0,0.0,0.0,0.0,1.0,0.0,0.14285714285714285,5.0,42.457142857142856,1.0,3206.069624918175,,3105.1709407030407,0.0,0.0,0.0,0.0,60.0,service,forest
8811aa6017fffff,8,8,,,0.0,0.0,1.0,0.0,0.125,5.0,40.275,1.0,,,,,,,,,,
8811aa601bfffff,8,6,0.0,0.0,0.0,0.0,1.0,0.0,0.16666666666666666,6.833333333333333,37.07222222222222,1.0,3764.4702926888763,,3054.0967249005394,0.0,0.0,0.0,0.0,100.0,trunk,forest
8811aa6021fffff,8,19,0.0,0.0,0.3684210526315789,0.3684210526315789,0.5789473684210527,0.0,2.6315789473684212,2.8421052631578947,47.0,0.3684210526315789,232.89697956986666,,158.05349038514632,0.0,4.0,0.0,3.0,60.0,service,industrial
8811aa6023fffff,8,15,0.0,0.0,0.4666666666666667,0.6666666666666666,0.13333333333333333,0.0,3.066666666666667,2.533333333333333,73.03,0.26666666666666666,230.9168238248545,,157.95805797071287,0.0,7.0,0.0,6.0,60.0,footway,industrial
8811aa6025fffff,8,22,0.0,0.0,0.22727272727272727,0.36363636363636365,0.36363636363636365,0.0,2.772727272727273,2.090909090909091,66.60606060606061,0.13636363636363635,201.2000963581997,,130.47084959056332,0.0,7.0,0.0,4.0,60.0,service,residential
8811aa6027fffff,8,30,0.0,0.0,0.43333333333333335,0.6,0.2,0.0,2.9,3.466666666666667,55.54638888888889,0.5333333333333333,190.7070755045148,,82.70916970149943,2.0,8.0,0.0,5.0,60.0,footway,residential
8811aa6029fffff,8,2,0.0,0.0,0.0,0.0,0.0,0.0,2.0,1.0,47.5,0.0,757.0295433485162,,490.29027538890824,0.0,0.0,0.0,0.0,60.0,service,scrub
8811aa602bfffff,8,3,0.0,0.0,0.6666666666666666,0.3333333333333333,0.0,0.0,4.0,3.6666666666666665,35.861111111111114,0.6666666666666666,304.51594467119105,,189.0028825457467,0.0,3.0,0.0,3.0,60.0,service,industrial
8811aa602dfffff,8,18,0.0,0.0,0.3888888888888889,0.16666666666666666,0.3333333333333333,0.0,2.5,2.9444444444444446,56.41203703703704,0.3888888888888889,131.93023182564744,,97.59192973795798,1.0,5.0,0.0,4.0,60.0,footway,residential
8811aa6035fffff,8,7,0.0,0.0,0.42857142857142855,0.2857142857142857,0.14285714285714285,0.0,2.857142857142857,3.142857142857143,44.16666666666667,0.5714285714285714,314.3051810446747,,301.41224175965357,0.0,0.0,0.0,0.0,60.0,footway,residential
8811aa6037fffff,8,7,0.0,0.0,0.2857142857142857,0.5714285714285714,0.2857142857142857,0.0,3.0,2.0,46.357142857142854,0.0,229.16552872626653,,218.39533110143043,0.0,2.0,0.0,1.0,60.0,service,residential
8811aa603dfffff,8,1,0.0,0.0,0.0,0.0,0.0,0.0,1.0,2.0,60.0,0.0,553.8417360918272,,561.5051361791753,0.0,0.0,0.0,0.0,60.0,path,industrial
8811aa6045fffff,8,3,0.0,0.0,0.0,0.3333333333333333,1.0,0.0,3.0,3.3333333333333335,58.194444444444436,0.3333333333333333,462.78091659119923,,155.6031758576499,0.0,2.0,0.0,2.0,60.0,service,industrial
8811aa6047fffff,8,2,0.0,0.0,0.5,1.0,0.0,0.0,3.0,2.0,35.5,0.0,1233.077945867113,,454.75171511039457,0.0,0.0,0.0,0.0,60.0,path,forest
8811aa604dfffff,8,8,0.0,0.0,0.125,0.0,0.625,0.0,0.625,2.625,46.979166666666664,0.0,312.6198645797098,,400.46253150538996,0.0,0.0,0.0,0.0,60.0,footway,forest
8811aa6061fffff,8,23,1.0,0.0,0.391304347826087,0.34782608695652173,0.30434782608695654,0.0,3.0869565217391304,3.0,77.05797101449275,0.5217391304347826,93.72073450469999,,75.43627376344055,3.0,6.0,0.0,3.0,60.0,footway,residential
8811aa6063fffff,8,21,0.0,0.0,0.38095238095238093,0.6666666666666666,0.14285714285714285,0.0,2.857142857142857,2.4761904761904763,42.75416666666667,0.23809523809523808,294.26971177323253,,36.47089023216586,1.0,5.0,0.0,4.0,60.0,secondary,residential
8811aa6065fffff,8,1,0.0,0.0,0.0,0.0,1.0,0.0,1.0,2.0,47.0,0.0,648.6629253338348,,591.7084865902727,0.0,0.0,0.0,0.0,60.0,footway,park
8811aa6067fffff,8,6,0.0,0.0,0.0,0.0,0.6666666666666666,0.0,1.5,4.166666666666667,37.80555555555555,0.6666666666666666,733.6623030446736,,563.9160986455402,0.0,0.0,0.0,0.0,60.0,unclassified,grass
8811aa6069fffff,8,16,0.0,0.0,0.625,0.75,0.0,0.0,2.8125,1.6875,69.6875,0.0,257.78460253253974,,153.03429131138,0.0,8.0,0.0,6.0,60.0,service,residential
8811aa606bfffff,8,4,0.0,0.0,0.0,0.0,0.75,0.0,0.75,3.75,41.604166666666664,0.75,680.5088640928689,,102.58921143305288,0.0,2.0,0.0,2.0,60.0,service,forest
8811aa606dfffff,8,23,0.0,0.0,0.30434782608695654,0.6521739130434783,0.13043478260869565,0.0,2.8260869565217392,2.3043478260869565,73.92753623188405,0.21739130434782608,224.86819173591547,,234.92832214674948,0.0,5.0,0.0,2.0,60.0,service,residential
8811aa60e5fffff,8,7,0.0,0.0,0.0,0.0,1.0,0.0,0.14285714285714285,5.142857142857143,39.719047619047615,1.0,1038.8024924167028,,1064.3337266076426,0.0,0.0,0.0,0.0,60.0,path,forest
8811aa60edfffff,8,7,0.0,0.0,0.0,0.0,1.0,0.0,0.14285714285714285,5.0,41.68571428571429,1.0,1653.6024587457684,,1562.564056482442,0.0,0.0,0.0,0.0,100.0,trunk,forest
8811aa6101fffff,8,2,0.0,0.0,0.0,0.5,1.0,0.0,1.0,2.5,39.16666666666667,0.0,455.4034368581034,,413.26133068909263,0.0,0.0,0.0,0.0,60.0,footway,forest
8811aa6105fffff,8,3,0.0,0.0,0.0,0.0,0.6666666666666666,0.0,1.0,2.3333333333333335,43.611111111111114,0.0,524.5717122259315,,477.063547883248,0.0,0.0,0.0,0.0,60.0,path,forest
8811aa6109fffff,8,9,0.0,0.0,0.0,0.3333333333333333,0.5555555555555556,0.0,2.5555555555555554,3.7777777777777777,42.69444444444444,0.7777777777777778,191.99948042682178,,75.26737633636853,1.0,3.0,0.0,2.0,60.0,path,park
8811aa610bfffff,8,1,0.0,0.0,1.0,0.0,1.0,0.0,3.0,2.0,37.5,0.0,559.3587966027188,,203.63197863799203,0.0,2.0,0.0,2.0,60.0,path,park
8811aa610dfffff,8,11,0.0,0.0,0.0,0.18181818181818182,0.8181818181818182,0.0,1.9090909090909092,4.363636363636363,38.234848484848484,0.8181818181818182,195.76758331096926,,364.40616541087263,0.0,1.0,0.0,0.0,60.0,footway,forest
8811aa6111fffff,8,33,0.0,0.0,0.36363636363636365,0.6363636363636364,0.09090909090909091,0.0,2.515151515151515,2.787878787878788,57.56565656565657,0.3939393939393939,198.2267287703656,,162.8956963600706,0.0,7.0,0.0,5.0,60.0,service,residential
8811aa6113fffff,8,30,0.0,0.0,0.5,0.5666666666666667,0.13333333333333333,0.0,2.8333333333333335,3.033333333333333,47.81944444444444,0.5666666666666667,141.79330207823477,,105.25352566066836,0.0,17.0,0.0,9.0,60.0,service,residential
8811aa6117fffff,8,4,0.0,0.0,0.0,1.0,0.5,0.0,2.75,2.0,52.875,0.0,408.5617379428364,,449.17695013954204,0.0,0.0,0.0,0.0,60.0,service,park
8811aa6119fffff,8,20,0.0,0.0,0.3,0.25,0.25,0.0,2.55,2.1,52.19583333333334,0.2,200.26134711479398,,199.12214992696354,0.0,4.0,0.0,3.0,60.0,path,residential
8811aa611bfffff,8,21,0.0,0.0,0.3333333333333333,0.5238095238095238,0.14285714285714285,0.0,2.4761904761904763,2.142857142857143,65.4484126984127,0.14285714285714285,103.9198377162397,,85.07714899498635,1.0,7.0,0.0,4.0,60.0,service,residential
8811aa611dfffff,8,4,0.0,0.0,0.25,0.5,0.5,0.0,2.0,2.5,63.5,0.5,432.6552495375547,,423.90448984147247,0.0,0.0,0.0,0.0,60.0,cycleway,park
8811aa6121fffff,8,14,0.0,0.0,0.2857142857142857,0.5714285714285714,0.07142857142857142,0.0,3.0,2.2857142857142856,46.13095238095239,0.14285714285714285,168.17069230936767,,145.8142435039779,0.0,5.0,0.0,3.0,60.0,service,residential
8811aa6123fffff,8,14,1.0,0.0,0.5714285714285714,0.5714285714285714,0.21428571428571427,0.0,3.2857142857142856,2.7142857142857144,74.94642857142857,0.42857142857142855,75.44357452465283,,87.93956732811819,4.0,6.0,0.0,2.0,60.0,footway,residential
8811aa6125fffff,8,11,0.0,0.0,0.45454545454545453,0.45454545454545453,0.09090909090909091,0.0,2.272727272727273,3.1818181818181817,35.43181818181818,0.6363636363636364,249.03172116799962,,201.0860532645947,0.0,6.0,0.0,5.0,60.0,service,residential
8811aa6127fffff,8,21,0.0,0.0,0.3333333333333333,0.6190476190476191,0.2857142857142857,0.0,2.4761904761904763,3.1904761904761907,47.57539682539683,0.5714285714285714,201.45302803923468,,237.22179914981504,0.0,6.0,0.0,4.0,60.0,footway,residential
8811aa6129fffff,8,7,0.0,0.0,0.14285714285714285,0.2857142857142857,0.8571428571428571,0.0,2.7142857142857144,4.0,34.07142857142857,1.0,543.9043851081975,,398.66472416616915,0.0,0.0,0.0,0.0,60.0,service,industrial
8811aa612bfffff,8,25,0.0,0.0,0.52,0.76,0.32,0.0,3.28,4.52,56.03333333333333,0.8,224.0138352617956,,143.6532737162675,0.0,15.0,0.0,9.0,60.0,service,residential
8811aa612dfffff,8,15,0.0,0.0,0.4,0.6666666666666666,0.06666666666666667,0.0,3.1333333333333333,3.066666666666667,58.64444444444444,0.4666666666666667,140.74018479282432,,114.93610764486117,0.0,13.0,0.0,11.0,60.0,service,industrial
8811aa6131fffff,8,4,0.0,0.0,0.5,0.5,0.5,0.0,1.5,4.0,37.6875,1.0,798.4014134695049,,366.51199495583063,0.0,0.0,0.0,0.0,60.0,path,forest
8811aa6135fffff,8,7,0.0,0.0,0.0,0.14285714285714285,0.2857142857142857,0.0,1.7142857142857142,1.5714285714285714,90.75,0.14285714285714285,462.85466777792954,,431.24700129032783,0.0,0.0,0.0,0.0,60.0,footway,park
8811aa6137fffff,8,8,0.0,0.0,0.125,0.25,1.0,0.0,1.125,4.0,37.21875,1.0,741.1569374990814,,532.1125366468459,0.0,0.0,0.0,0.0,60.0,path,forest
8811aa613dfffff,8,17,0.0,0.0,0.4117647058823529,0.5882352941176471,0.4117647058823529,0.0,2.8823529411764706,3.588235294117647,44.4264705882353,0.7647058823529411,176.6205726840522,,98.71302900229281,1.0,8.0,0.0,3.0,60.0,path,park
8811aa6141fffff,8,10,0.0,0.0,0.4,0.6,0.0,0.0,2.5,2.3,44.31666666666667,0.1,208.57503337990255,,95.455873205198,1.0,7.0,0.0,5.0,60.0,service,residential
8811aa6143fffff,8,23,,,0.2608695652173913,0.6521739130434783,0.2608695652173913,0.0,2.739130434782609,3.5652173913043477,54.74440052700922,0.43478260869565216,,,,,,,,,,
8811aa6145fffff,8,20,0.0,0.0,0.35,0.1,0.3,0.0,2.6,2.35,52.38333333333334,0.1,356.06103683608325,,209.33389237743253,0.0,2.0,0.0,2.0,60.0,service,residential
8811aa6147fffff,8,5,0.0,0.0,0.0,0.6,0.0,0.0,2.8,2.0,48.6,0.2,348.0693613124095,,173.16295967996604,0.0,2.0,0.0,2.0,60.0,service,commercial
8811aa6149fffff,8,20,0.0,0.0,0.2,0.85,0.25,0.0,3.05,3.05,78.4,0.45,268.57678846763105,,206.29008515266247,0.0,9.0,0.0,5.0,60.0,service,industrial
8811aa614bfffff,8,37,0.0,0.0,0.4864864864864865,0.5675675675675675,0.10810810810810811,0.0,3.027027027027027,2.081081081081081,53.4009009009009,0.10810810810810811,129.7650681568034,,184.44658166221058,0.0,10.0,0.0,5.0,30.0,unclassified,residential
8811aa614dfffff,8,8,0.0,0.0,0.375,0.25,0.125,0.0,2.875,2.25,43.95,0.125,431.85434592522506,,192.55217121613717,0.0,2.0,0.0,2.0,60.0,footway,residential
8811aa6151fffff,8,17,0.0,0.0,0.11764705882352941,0.29411764705882354,0.7647058823529411,0.0,2.1176470588235294,4.0,41.81372549019608,0.7058823529411765,283.0427385778638,,158.15699606503114,0.0,2.0,0.0,1.0,60.0,service,commercial
8811aa6155fffff,8,10,0.0,0.0,0.5,0.6,0.5,0.0,3.3,3.7,38.37,0.7,225.76855220847605,,196.0706129737399,0.0,4.0,0.0,1.0,60.0,footway,park
8811aa6157fffff,8,5,0.0,0.0,1.0,1.0,0.6,0.0,3.6,2.8,48.1,0.4,188.57252686658566,,208.32246493548058,0.0,3.0,0.0,2.0,60.0,path,park
8811aa6159fffff,8,10,0.0,0.0,0.6,0.0,0.5,0.0,2.9,4.0,37.49583333333333,0.7,459.6284438362065,,268.1286499944346,0.0,2.0,0.0,2.0,60.0,service,residential
8811aa615bfffff,8,30,1.0,0.0,0.3333333333333333,0.3,0.3,0.0,2.7,2.9,54.64944444444445,0.4,90.53171862651828,,103.58093103280379,1.0,12.0,0.0,11.0,60.0,primary,grass
8811aa615dfffff,8,29,0.0,0.0,0.06896551724137931,0.6206896551724138,0.13793103448275862,0.0,1.8620689655172413,1.9655172413793103,41.174712643678156,0.06896551724137931,200.61527456508057,,114.83975706174068,0.0,12.0,0.0,10.0,60.0,footway,residential
8811aa6161fffff,8,11,0.0,0.0,0.09090909090909091,0.5454545454545454,0.36363636363636365,0.0,2.272727272727273,3.1818181818181817,71.30303030303031,0.36363636363636365,142.06885712273098,,99.60120707552552,1.0,10.0,0.0,6.0,60.0,secondary_link,industrial
8811aa6163fffff,8,25,0.0,0.0,0.36,0.36,0.48,0.0,2.64,3.88,42.48295238095238,0.64,283.9420817449447,,163.5501271892769,0.0,5.0,0.0,2.0,60.0,service,commercial
8811aa6165fffff,8,8,0.0,0.0,0.25,0.0,0.375,0.0,1.5,3.875,44.84090909090909,0.375,300.6395942397834,,258.2503875609148,0.0,2.0,0.0,2.0,60.0,primary,industrial
8811aa6167fffff,8,2,0.0,0.0,0.0,0.5,0.0,0.0,2.5,3.5,117.66666666666667,0.5,209.7474394321522,,117.14685742529814,0.0,6.0,0.0,5.0,60.0,service,industrial
8811aa6169fffff,8,5,0.0,0.0,0.0,0.4,0.0,0.0,1.8,2.4,120.1,0.2,573.273732481869,,570.8025041986471,0.0,0.0,0.0,0.0,60.0,service,forest
8811aa616bfffff,8,19,0.0,0.0,0.42105263157894735,0.42105263157894735,0.21052631578947367,0.0,2.5789473684210527,2.8947368421052633,128.15350877192984,0.21052631578947367,310.8479903920252,,202.17524083378407,0.0,4.0,0.0,4.0,60.0,service,residential
8811aa616dfffff,8,10,0.0,0.0,0.3,0.1,0.8,0.0,2.6,3.9,35.43333333333333,0.7,561.3884566005722,,316.06205726826926,0.0,0.0,0.0,0.0,60.0,footway,industrial
8811aa6181fffff,8,14,0.0,0.0,0.21428571428571427,0.21428571428571427,0.7857142857142857,0.0,2.142857142857143,5.428571428571429,42.457142857142856,1.0,870.1364752148313,,121.01979948275383,0.0,5.0,0.0,5.0,60.0,footway,residential
8811aa6185fffff,8,9,0.0,0.0,0.0,0.0,1.0,0.0,0.1111111111111111,5.666666666666667,37.52222222222222,1.0,953.4777746739437,,548.2048529601864,0.0,0.0,0.0,0.0,60.0,path,forest
8811aa6189fffff,8,27,0.0,0.0,0.14814814814814814,0.6296296296296297,0.2222222222222222,0.0,2.925925925925926,3.3703703703703702,41.81388888888888,0.2962962962962963,251.02562943736734,,165.8572397646913,0.0,12.0,0.0,4.0,60.0,footway,residential
8811aa618bfffff,8,13,0.0,0.0,0.15384615384615385,0.5384615384615384,0.9230769230769231,0.0,2.6153846153846154,4.846153846153846,38.991025641025644,0.9230769230769231,650.0939396620271,,161.1711368780413,0.0,2.0,0.0,2.0,60.0,primary_link,grass
8811aa618dfffff,8,7,1.0,0.0,0.0,0.0,0.2857142857142857,0.0,1.5714285714285714,1.7142857142857142,43.642857142857146,0.0,90.34874367332138,,71.04104133866458,3.0,10.0,0.0,3.0,60.0,footway,residential
8811aa6195fffff,8,3,0.0,0.0,0.0,0.6666666666666666,0.3333333333333333,0.0,2.0,2.0,38.333333333333336,0.3333333333333333,592.3376357032762,,421.6496938172147,0.0,0.0,0.0,0.0,60.0,footway,residential
8811aa6197fffff,8,6,0.0,0.0,0.3333333333333333,0.5,0.3333333333333333,0.0,2.8333333333333335,2.3333333333333335,106.08333333333333,0.0,371.45751314992276,,122.55344448498415,0.0,3.0,0.0,3.0,60.0,footway,residential
8811aa61a5fffff,8,1,0.0,0.0,0.0,0.0,1.0,0.0,1.0,5.0,46.4,1.0,359.7281672252956,,181.9891351306098,0.0,1.0,0.0,1.0,20.0,service,industrial
8811aa61a9fffff,8,12,0.0,0.0,0.0,0.0,1.0,0.0,0.4166666666666667,5.333333333333333,39.858333333333334,1.0,811.2037464454421,,565.9999466156986,0.0,0.0,0.0,0.0,60.0,track,forest
8811aa61adfffff,8,19,0.0,0.0,0.21052631578947367,0.21052631578947367,0.8947368421052632,0.0,2.0526315789473686,5.052631578947368,42.44736842105263,0.9473684210526315,145.70766638566892,,210.69549283387673,0.0,4.0,0.0,3.0,60.0,track_grade4,industrial
8811aa61bbfffff,8,1,0.0,0.0,0.0,0.0,1.0,0.0,2.0,2.0,37.5,0.0,351.67639101151144,,760.0546484393526,0.0,0.0,0.0,0.0,60.0,unclassified,allotments
8811aa61c1fffff,8,35,,,0.37142857142857144,0.42857142857142855,0.2,0.0,3.1714285714285713,2.742857142857143,53.89761904761905,0.22857142857142856,,,,,,,,,,
8811aa61c3fffff,8,13,0.0,0.0,0.7692307692307693,0.7692307692307693,0.0,0.0,3.076923076923077,2.0,40.73076923076923,0.0,304.40440482406524,,275.8578919024337,0.0,1.0,0.0,1.0,60.0,service,residential
8811aa61c5fffff,8,18,0.0,0.0,0.2777777777777778,0.7777777777777778,0.1111111111111111,0.0,2.2222222222222223,1.9444444444444444,67.61111111111111,0.0,213.50744544478627,,180.5062743213637,0.0,11.0,0.0,3.0,60.0,path,residential
8811aa61c7fffff,8,16,0.0,0.0,0.1875,0.3125,0.3125,0.0,2.5,2.3125,44.536458333333336,0.25,265.03124227961024,,164.80863940432408,0.0,5.0,0.0,4.0,60.0,service,residential
8811aa61c9fffff,8,53,0.0,0.0,0.37735849056603776,0.4339622641509434,0.1509433962264151,0.0,2.7735849056603774,2.811320754716981,56.42169811320755,0.39622641509433965,273.54730185227515,,99.91340121557157,1.0,6.0,0.0,5.0,60.0,footway,residential
8811aa61cbfffff,8,13,0.0,0.0,0.46153846153846156,0.15384615384615385,0.23076923076923078,0.0,2.3076923076923075,2.0,77.42307692307692,0.07692307692307693,386.6000936255722,,67.6032118399682,1.0,5.0,0.0,5.0,60.0,footway,residential
8811aa61cdfffff,8,40,0.0,0.0,0.325,0.575,0.175,0.0,2.45,2.7,86.85625,0.45,175.1234901518806,,203.36985328295276,0.0,11.0,0.0,6.0,60.0,footway,residential
8811aa61d1fffff,8,11,0.0,0.0,0.45454545454545453,0.45454545454545453,0.2727272727272727,0.0,2.6363636363636362,3.272727272727273,44.199999999999996,0.45454545454545453,310.307300922899,,42.603612437357945,2.0,9.0,0.0,9.0,60.0,service,residential
8811aa61d5fffff,8,17,0.0,0.0,0.4117647058823529,0.35294117647058826,0.058823529411764705,0.0,2.588235294117647,1.8235294117647058,51.088235294117645,0.0,177.80260473310977,,144.90246058097875,0.0,9.0,0.0,5.0,60.0,footway,residential
8811aa61d7fffff,8,6,0.0,0.0,0.16666666666666666,0.0,1.0,0.0,1.5,5.0,43.86666666666667,1.0,542.843484175592,,504.00348682569285,0.0,0.0,0.0,0.0,60.0,service,allotments
8811aa61d9fffff,8,5,0.0,0.0,0.0,0.2,0.6,0.0,0.8,4.2,41.04,0.8,110.78289701853723,,194.43893071851716,0.0,6.0,0.0,4.0,60.0,footway,forest
8811aa61dbfffff,8,2,0.0,0.0,0.0,0.0,1.0,0.0,0.5,5.0,42.8,1.0,710.4249119061349,,596.5648328963957,0.0,0.0,0.0,0.0,60.0,path,forest
8811aa61ddfffff,8,10,0.0,0.0,0.4,0.1,0.2,0.0,2.4,1.7,47.85,0.0,543.1804583899266,,108.11191124267941,0.0,4.0,0.0,4.0,60.0,footway,residential
8811aa61e1fffff,8,8,0.0,0.0,0.125,0.625,0.375,0.0,2.5,1.75,36.875,0.0,268.57333433300806,,78.50655128146711,1.0,3.0,0.0,2.0,60.0,service,park
8811aa61e5fffff,8,2,,,0.5,0.5,0.0,0.0,2.0,3.5,37.33333333333333,0.5,,,,,,,,,,
8811aa61e7fffff,8,1,0.0,0.0,0.0,0.0,0.0,0.0,1.0,1.0,70.0,0.0,886.566487152649,,355.89246653547127,0.0,0.0,0.0,0.0,60.0,path,park
8811aa61e9fffff,8,19,0.0,0.0,0.5789473684210527,0.8421052631578947,0.21052631578947367,0.0,3.1052631578947367,2.8421052631578947,49.38157894736842,0.47368421052631576,187.45298539467964,,146.25049785830802,0.0,11.0,0.0,6.0,60.0,service,residential
8811aa61ebfffff,8,14,1.0,0.0,0.42857142857142855,0.5714285714285714,0.07142857142857142,0.0,2.4285714285714284,1.8571428571428572,51.32142857142857,0.07142857142857142,47.80208929372653,,136.30470602619351,2.0,9.0,0.0,5.0,60.0,service,residential
8811aa6201fffff,8,18,0.0,0.0,0.3333333333333333,0.3888888888888889,0.2777777777777778,0.0,2.6666666666666665,3.2777777777777777,37.64705882352941,0.7222222222222222,239.4585776221896,,170.74529803079795,0.0,5.0,0.0,4.0,60.0,service,park
8811aa6203fffff,8,12,0.0,0.0,0.4166666666666667,0.16666666666666666,0.5,0.0,2.9166666666666665,2.4166666666666665,59.97222222222222,0.16666666666666666,418.3262105850501,,337.3717710368845,0.0,0.0,0.0,0.0,60.0,footway,residential
8811aa6205fffff,8,28,1.0,0.0,0.2857142857142857,0.32142857142857145,0.21428571428571427,0.0,3.0357142857142856,5.0,36.05922619047619,0.6071428571428571,29.01709618653322,,144.4910959517776,4.0,7.0,0.0,1.0,60.0,secondary,grass
8811aa6207fffff,8,20,0.0,0.0,0.3,0.2,0.4,0.0,2.9,3.5,42.08125,0.25,238.0648736900087,,134.60888703390833,0.0,9.0,0.0,8.0,60.0,service,residential
8811aa6209fffff,8,27,0.0,0.0,0.25925925925925924,0.48148148148148145,0.18518518518518517,0.0,2.962962962962963,2.3703703703703702,45.97619047619048,0.2962962962962963,183.91681416535417,,174.00891430898338,0.0,8.0,0.0,5.0,60.0,tertiary,residential
8811aa620bfffff,8,23,0.0,0.0,0.21739130434782608,0.2608695652173913,0.13043478260869565,0.0,2.5652173913043477,2.608695652173913,42.01009316770187,0.34782608695652173,357.4846646996381,,128.32014944505895,0.0,4.0,0.0,4.0,60.0,service,residential
8811aa620dfffff,8,17,1.0,0.0,0.17647058823529413,0.47058823529411764,0.11764705882352941,0.0,2.2941176470588234,2.3529411764705883,34.98039215686274,0.17647058823529413,22.029677639337283,,81.68115732315583,2.0,2.0,0.0,1.0,60.0,footway,residential
8811aa6211fffff,8,9,0.0,0.0,0.4444444444444444,0.3333333333333333,0.1111111111111111,0.0,2.7777777777777777,1.6666666666666667,61.5,0.0,116.13968061274664,,76.53071783241586,1.0,8.0,0.0,6.0,60.0,footway,residential
8811aa6213fffff,8,11,0.0,0.0,0.5454545454545454,0.18181818181818182,0.09090909090909091,0.0,3.090909090909091,1.7272727272727273,50.28787878787878,0.0,304.0449663653433,,174.83142973299584,0.0,6.0,0.0,6.0,60.0,residential,residential
8811aa6215fffff,8,13,0.0,0.0,0.46153846153846156,0.23076923076923078,0.46153846153846156,0.0,3.076923076923077,3.5384615384615383,36.03846153846154,0.23076923076923078,556.6958253076315,,334.13370255243274,0.0,0.0,0.0,0.0,60.0,footway,forest
8811aa6217fffff,8,31,0.0,0.0,0.5483870967741935,0.25806451612903225,0.3225806451612903,0.0,3.903225806451613,3.161290322580645,42.13440860215054,0.16129032258064516,339.4629210916757,,249.59428673522464,0.0,4.0,0.0,4.0,60.0,footway,residential
8811aa6219fffff,8,13,1.0,0.0,0.3076923076923077,0.5384615384615384,0.0,0.0,2.769230769230769,3.076923076923077,40.3974358974359,0.5384615384615384,61.154812209965264,,98.39110594912599,3.0,7.0,0.0,4.0,60.0,service,residential
8811aa621bfffff,8,28,0.0,0.0,0.25,0.35714285714285715,0.10714285714285714,0.0,2.7857142857142856,2.0357142857142856,56.202380952380956,0.0,246.2484159857748,,98.0744459414673,2.0,7.0,0.0,6.0,60.0,path,residential
8811aa621dfffff,8,45,0.0,0.0,0.4,0.28888888888888886,0.15555555555555556,0.0,3.0,2.6222222222222222,50.26230158730158,0.4444444444444444,259.01399869904645,,70.56983475071019,1.0,6.0,0.0,5.0,60.0,footway,residential
8811aa6221fffff,8,3,0.0,0.0,0.0,0.0,1.0,0.0,1.0,3.0,48.77777777777778,0.0,1026.2664435646811,,577.9122102920865,0.0,0.0,0.0,0.0,60.0,service,grass
8811aa6227fffff,8,4,0.0,0.0,0.0,0.0,1.0,0.0,0.75,3.0,39.66666666666667,0.0,918.7241353568684,,257.6283396752749,0.0,2.0,0.0,2.0,60.0,path,grass
8811aa6229fffff,8,5,0.0,0.0,0.0,0.2,0.0,0.0,2.0,3.0,40.67857142857143,0.2,163.36584837978518,,283.4691405562554,0.0,2.0,0.0,1.0,60.0,path,grass
8811aa6239fffff,8,14,0.0,0.0,0.21428571428571427,0.35714285714285715,0.14285714285714285,0.0,3.2857142857142856,4.785714285714286,35.875,0.5714285714285714,384.13983907913433,,331.6516311502319,0.0,0.0,0.0,0.0,60.0,path,grass
8811aa623bfffff,8,7,0.0,0.0,0.14285714285714285,0.14285714285714285,0.42857142857142855,0.0,3.0,3.142857142857143,131.51190476190476,0.2857142857142857,591.0820036303618,,468.46048778779584,0.0,0.0,0.0,0.0,60.0,service,cemetery
8811aa6241fffff,8,5,0.0,0.0,0.4,0.0,0.4,0.0,2.4,1.2,176.0,0.0,852.088444590316,,258.1210799224164,0.0,1.0,0.0,1.0,60.0,path,park
8811aa6243fffff,8,13,1.0,0.0,0.23076923076923078,0.6153846153846154,0.07692307692307693,0.0,2.6923076923076925,2.1538461538461537,45.19230769230769,0.15384615384615385,11.786466223666654,,20.326447334935317,4.0,9.0,0.0,6.0,60.0,footway,residential
8811aa6245fffff,8,24,0.0,0.0,0.5,0.2916666666666667,0.16666666666666666,0.0,3.25,3.0416666666666665,52.22608695652174,0.4583333333333333,327.4446974744324,,30.408987482024013,1.0,4.0,0.0,4.0,60.0,footway,residential
8811aa6247fffff,8,22,0.0,0.0,0.5,0.4090909090909091,0.09090909090909091,0.0,3.1818181818181817,2.8636363636363638,59.81587301587301,0.5454545454545454,207.49632637973585,,143.05266055399068,0.0,12.0,0.0,8.0,60.0,footway,forest
8811aa6249fffff,8,11,0.0,0.0,0.45454545454545453,0.2727272727272727,0.09090909090909091,0.0,2.6363636363636362,1.9090909090909092,53.71969696969697,0.09090909090909091,230.4733361623995,,168.4768042467316,0.0,6.0,0.0,5.0,60.0,service,industrial
8811aa624bfffff,8,4,0.0,0.0,0.0,0.25,0.5,0.0,3.0,3.0,46.5,0.25,110.81988704195655,,116.71652872672884,0.0,3.0,0.0,2.0,60.0,footway,park
8811aa624dfffff,8,21,0.0,0.0,0.2857142857142857,0.0,0.23809523809523808,0.0,2.142857142857143,1.9523809523809523,48.6875,0.14285714285714285,199.0680711300201,,205.13928030519102,0.0,7.0,0.0,5.0,60.0,path,grass
8811aa6251fffff,8,9,0.0,0.0,0.5555555555555556,0.0,0.5555555555555556,0.0,2.888888888888889,1.6666666666666667,58.738095238095234,0.0,513.9576862356245,,162.8521945292823,0.0,3.0,0.0,3.0,60.0,footway,park
8811aa6253fffff,8,8,0.0,0.0,0.375,0.0,0.5,0.0,2.375,2.0,44.285714285714285,0.125,397.80898549932016,,172.69307223743667,0.0,3.0,0.0,3.0,60.0,footway,park
8811aa6255fffff,8,32,0.0,0.0,0.40625,0.21875,0.21875,0.0,2.84375,3.03125,51.83620689655172,0.375,360.2464952793384,,327.3459313653366,0.0,0.0,0.0,0.0,60.0,residential,residential
8811aa6257fffff,8,37,0.0,0.0,0.5135135135135135,0.3783783783783784,0.32432432432432434,0.0,3.4324324324324325,4.0,45.262499999999996,0.5945945945945946,279.9626686753065,,153.1090088164763,0.0,6.0,0.0,4.0,60.0,service,residential
8811aa6259fffff,8,17,0.0,0.0,0.29411764705882354,0.29411764705882354,0.11764705882352941,0.0,2.6470588235294117,2.588235294117647,54.96,0.4117647058823529,201.0236216385176,,125.12427408437728,0.0,7.0,0.0,5.0,60.0,path,residential
8811aa625bfffff,8,28,0.0,0.0,0.35714285714285715,0.32142857142857145,0.32142857142857145,0.0,2.4642857142857144,3.8214285714285716,53.720238095238095,0.5357142857142857,225.02555671885457,,241.93661411381967,0.0,4.0,0.0,2.0,60.0,service,residential
8811aa625dfffff,8,39,0.0,0.0,0.358974358974359,0.5384615384615384,0.20512820512820512,0.0,2.871794871794872,4.17948717948718,44.49702380952381,0.5641025641025641,152.6172830295215,,97.83707358453721,1.0,7.0,0.0,3.0,60.0,steps,residential
8811aa6261fffff,8,4,0.0,0.0,0.5,0.0,0.5,0.0,2.25,2.0,53.5,0.0,345.2736841659873,,319.56001072995394,0.0,0.0,0.0,0.0,20.0,unclassified,industrial
8811aa6263fffff,8,20,0.0,0.0,0.35,0.2,0.65,0.0,3.15,5.3,34.97152777777778,0.75,446.59296350049436,,369.1921231936425,0.0,0.0,0.0,0.0,90.0,primary,forest
8811aa6265fffff,8,32,0.0,0.0,0.40625,0.375,0.28125,0.0,2.9375,3.6875,46.50208333333333,0.40625,186.07701678223168,,86.5403301093853,1.0,7.0,0.0,4.0,60.0,footway,industrial
8811aa6267fffff,8,33,1.0,0.0,0.48484848484848486,0.36363636363636365,0.21212121212121213,0.0,3.121212121212121,3.4242424242424243,56.94242424242424,0.30303030303030304,94.12153710071232,,54.24120141724247,2.0,13.0,0.0,11.0,60.0,footway,residential
8811aa6269fffff,8,15,0.0,0.0,0.5333333333333333,0.3333333333333333,0.3333333333333333,0.0,3.4,3.1333333333333333,35.90222222222222,0.4666666666666667,365.56718572148475,,136.2508325544571,0.0,2.0,0.0,2.0,60.0,secondary,forest
8811aa626bfffff,8,15,0.0,0.0,0.2,0.06666666666666667,0.4666666666666667,0.0,2.2,3.2666666666666666,42.17857142857143,0.3333333333333333,276.3661698759473,,146.24779385265725,0.0,7.0,0.0,4.0,90.0,primary,industrial
8811aa626dfffff,8,16,0.0,0.0,0.25,0.4375,0.125,0.0,2.5625,2.5,58.265625,0.3125,554.7068851161449,,103.68596156555576,0.0,7.0,0.0,7.0,60.0,footway,forest
8811aa628dfffff,8,2,,,0.0,0.5,0.5,0.0,2.0,6.5,36.19047619047619,1.0,,,,,,,,,,
8811aa62a5fffff,8,3,0.0,0.0,0.0,0.0,1.0,0.0,0.0,5.333333333333333,41.94444444444444,1.0,2906.7717775252145,,2414.281566686532,0.0,0.0,0.0,0.0,60.0,service,forest
8811aa62a9fffff,8,6,0.0,0.0,0.0,0.0,1.0,0.0,0.0,5.0,38.300000000000004,1.0,1597.3567953344318,,1045.611630021342,0.0,0.0,0.0,0.0,60.0,path,forest
8811aa62adfffff,8,2,0.0,0.0,0.0,0.0,1.0,0.0,0.0,5.0,39.1,1.0,2054.8689651822388,,1929.6123291463066,0.0,0.0,0.0,0.0,60.0,path,forest
8811aa62c1fffff,8,13,0.0,0.0,0.23076923076923078,0.0,0.9230769230769231,0.0,2.1538461538461537,9.0,31.615384615384617,1.0,386.6819208355573,,60.409878263228386,1.0,7.0,0.0,7.0,60.0,footway,residential
8811aa62c5fffff,8,17,0.0,0.0,0.35294117647058826,0.4117647058823529,0.4117647058823529,0.0,2.9411764705882355,4.352941176470588,50.14705882352941,0.35294117647058826,613.476249865944,,198.74934511495576,0.0,2.0,0.0,2.0,60.0,service,forest
8811aa62c7fffff,8,2,0.0,0.0,0.5,0.0,1.0,0.0,3.5,10.0,18.55,1.0,494.2433224876641,,378.7032202776328,0.0,0.0,0.0,0.0,60.0,service,residential
8811aa62c9fffff,8,14,0.0,0.0,0.2857142857142857,0.0,1.0,0.0,2.142857142857143,7.714285714285714,36.47207792207792,1.0,906.5392765612718,,261.2724749835391,0.0,4.0,0.0,4.0,60.0,residential,residential
8811aa62cdfffff,8,5,1.0,0.0,0.0,0.2,0.2,0.0,1.8,1.6,63.6,0.0,87.22053006649114,,47.817534269015034,2.0,6.0,0.0,5.0,60.0,service,residential
8811aa62e3fffff,8,8,0.0,0.0,0.125,0.0,0.75,0.0,0.75,6.375,40.56666666666667,1.0,787.9420854041244,,426.1467283744772,0.0,0.0,0.0,0.0,60.0,service,forest
8811aa62e9fffff,8,27,0.0,0.0,0.3333333333333333,0.07407407407407407,0.2962962962962963,0.0,3.074074074074074,3.3333333333333335,42.14532967032967,0.48148148148148145,497.45506544228715,,41.021351532824596,4.0,7.0,0.0,7.0,60.0,service,residential
8811aa62ebfffff,8,43,0.0,0.0,0.09302325581395349,0.13953488372093023,0.5116279069767442,0.0,2.604651162790698,5.116279069767442,41.87836504580691,0.5116279069767442,391.8821809075222,,252.24264707156524,0.0,1.0,0.0,1.0,50.0,unclassified,forest
8811aa62edfffff,8,3,0.0,0.0,0.0,0.0,0.3333333333333333,0.0,2.0,2.3333333333333335,39.888888888888886,0.0,520.6362390348462,,447.8146973581874,0.0,0.0,0.0,0.0,60.0,footway,forest
8811aa6303fffff,8,3,0.0,0.0,0.0,0.3333333333333333,0.0,0.0,2.3333333333333335,2.3333333333333335,41.5,0.3333333333333333,329.6850261897717,,186.04205430948556,0.0,2.0,0.0,2.0,60.0,residential,park
8811aa6305fffff,8,32,0.0,0.0,0.4375,0.71875,0.34375,0.0,3.15625,2.4375,61.8359375,0.09375,176.75612493841564,,124.69609644728943,0.0,15.0,0.0,10.0,60.0,service,residential
8811aa6307fffff,8,13,0.0,0.0,0.15384615384615385,0.6153846153846154,0.15384615384615385,0.0,2.1538461538461537,2.6153846153846154,37.97435897435898,0.15384615384615385,190.29377321432793,,242.24318060505234,0.0,10.0,0.0,4.0,60.0,footway,forest
8811aa6309fffff,8,4,0.0,0.0,0.0,0.25,0.75,0.0,1.25,2.0,41.0,0.0,972.0755665346179,,322.1374724538495,0.0,0.0,0.0,0.0,60.0,path,forest
8811aa630bfffff,8,1,0.0,0.0,1.0,1.0,0.0,0.0,4.0,2.0,47.0,0.0,565.8469246550352,,176.88912228533496,0.0,2.0,0.0,2.0,60.0,footway,forest
8811aa630dfffff,8,11,0.0,0.0,0.36363636363636365,0.9090909090909091,0.18181818181818182,0.0,2.909090909090909,2.5454545454545454,41.46969696969697,0.18181818181818182,134.2492808055195,,112.82261418864442,0.0,6.0,0.0,5.0,60.0,footway,forest
8811aa6311fffff,8,9,0.0,0.0,0.4444444444444444,0.2222222222222222,0.3333333333333333,0.0,2.5555555555555554,1.5555555555555556,71.72222222222223,0.1111111111111111,650.704864654017,,246.15502001857132,0.0,2.0,0.0,2.0,60.0,service,residential
8811aa6313fffff,8,6,0.0,0.0,0.6666666666666666,0.5,0.0,0.0,3.3333333333333335,1.8333333333333333,117.66666666666667,0.0,450.59395227531354,,449.4841215088377,0.0,0.0,0.0,0.0,60.0,path,forest
8811aa6315fffff,8,6,0.0,0.0,0.5,0.3333333333333333,0.3333333333333333,0.0,3.1666666666666665,2.5,57.75,0.16666666666666666,245.1381780945744,,424.70882408867465,0.0,2.0,0.0,0.0,60.0,secondary,grass
8811aa6317fffff,8,8,0.0,0.0,0.375,0.5,0.125,0.0,2.25,2.0,95.25,0.0,162.82996497913476,,71.2966430524516,1.0,6.0,0.0,5.0,60.0,footway,commercial
8811aa6319fffff,8,4,0.0,0.0,1.0,0.5,0.25,0.0,2.75,3.25,45.8125,0.75,249.17399496394523,,238.57631017986785,0.0,3.0,0.0,2.0,60.0,path,park
8811aa631bfffff,8,1,0.0,0.0,1.0,0.0,0.0,0.0,3.0,2.0,35.0,0.0,633.2321870040154,,213.39284910257194,0.0,2.0,0.0,2.0,60.0,service,industrial
8811aa631dfffff,8,1,0.0,0.0,0.0,0.0,1.0,0.0,2.0,2.0,42.0,0.0,335.9344903372623,,229.1804345720375,0.0,2.0,0.0,2.0,60.0,unclassified,forest
8811aa6321fffff,8,17,1.0,0.0,0.0,0.4117647058823529,0.17647058823529413,0.0,2.235294117647059,2.2941176470588234,53.772549019607844,0.17647058823529413,56.264905180746595,,53.30590363358105,5.0,14.0,0.0,8.0,60.0,tertiary,residential
8811aa6323fffff,8,28,1.0,0.0,0.5,0.42857142857142855,0.14285714285714285,0.0,3.5357142857142856,3.5,40.49821428571429,0.5,56.48384579168328,,67.58767297052482,5.0,13.0,0.0,8.0,60.0,secondary_link,retail
8811aa6325fffff,8,24,,,0.20833333333333334,0.4583333333333333,0.125,0.0,2.4166666666666665,3.2083333333333335,48.736111111111114,0.4583333333333333,,,,,,,,,,
8811aa6327fffff,8,4,0.0,0.0,0.25,0.5,0.0,0.0,2.75,2.25,40.166666666666664,0.0,268.95426912371187,,341.5111860374468,0.0,1.0,0.0,0.0,60.0,footway,forest
8811aa6329fffff,8,16,0.0,0.0,0.1875,0.4375,0.25,0.0,2.875,4.5,47.37204861111111,0.5625,396.19949332666937,,419.28416743840546,0.0,0.0,0.0,0.0,60.0,service,forest
8811aa632bfffff,8,12,0.0,0.0,0.4166666666666667,0.6666666666666666,0.16666666666666666,0.0,3.5833333333333335,2.8333333333333335,46.65,0.3333333333333333,192.03661238833465,,133.60405788344477,0.0,8.0,0.0,6.0,60.0,footway,park
8811aa632dfffff,8,37,1.0,0.0,0.2702702702702703,0.5675675675675675,0.16216216216216217,0.0,2.6486486486486487,2.5675675675675675,46.112037037037034,0.2972972972972973,71.79157551137666,,30.640255771327737,6.0,15.0,0.0,9.0,60.0,footway,residential
8811aa6331fffff,8,36,,,0.5277777777777778,0.4444444444444444,0.2777777777777778,0.0,3.138888888888889,2.5277777777777777,69.63425925925927,0.19444444444444445,,,,,,,,,,
8811aa6333fffff,8,17,,,0.23529411764705882,0.5294117647058824,0.23529411764705882,0.0,2.5294117647058822,2.1176470588235294,57.259803921568626,0.17647058823529413,,,,,,,,,,
8811aa6335fffff,8,12,0.0,0.0,0.4166666666666667,0.4166666666666667,0.16666666666666666,0.0,2.9166666666666665,2.0833333333333335,67.45833333333333,0.08333333333333333,305.7524199087688,,215.94844502698243,0.0,1.0,0.0,1.0,60.0,service,military
8811aa6337fffff,8,6,0.0,0.0,0.0,0.3333333333333333,0.3333333333333333,0.0,2.5,1.5,53.666666666666664,0.0,703.2145493861922,,586.9548270897321,0.0,0.0,0.0,0.0,60.0,footway,residential
8811aa6339fffff,8,9,1.0,0.0,0.3333333333333333,0.8888888888888888,0.1111111111111111,0.0,3.5555555555555554,4.0,45.39153439153439,0.1111111111111111,71.3252407016003,,227.46469781402033,1.0,6.0,0.0,3.0,50.0,secondary,grass
8811aa633bfffff,8,33,0.0,0.0,0.5151515151515151,0.6363636363636364,0.12121212121212122,0.0,3.212121212121212,2.212121212121212,75.08585858585859,0.09090909090909091,190.6774444105163,,89.34605694006241,2.0,11.0,0.0,5.0,60.0,footway,park
8811aa633dfffff,8,15,0.0,0.0,0.6,0.7333333333333333,0.4,0.0,3.2666666666666666,3.6666666666666665,45.90555555555556,0.4,441.43929449506743,,305.5739241668668,0.0,0.0,0.0,0.0,50.0,secondary,industrial
8811aa6341fffff,8,13,0.0,0.0,0.23076923076923078,0.23076923076923078,0.23076923076923078,0.0,3.230769230769231,7.230769230769231,35.11153846153846,0.9230769230769231,199.63710034601186,,341.6894544643771,0.0,1.0,0.0,0.0,60.0,footway,cemetery
8811aa6343fffff,8,1,0.0,0.0,0.0,0.0,1.0,0.0,3.0,1.0,28.0,0.0,422.08248517947897,,414.27478059052225,0.0,0.0,0.0,0.0,60.0,service,industrial
8811aa6345fffff,8,22,1.0,0.0,0.13636363636363635,0.4090909090909091,0.3181818181818182,0.0,2.1363636363636362,4.136363636363637,41.007954545454545,0.6818181818181818,12.821664846196073,,134.31702886025525,1.0,6.0,0.0,4.0,60.0,secondary,residential
8811aa6347fffff,8,10,0.0,0.0,0.2,0.2,0.4,0.0,2.4,3.5,39.50833333333333,0.7,568.542054224366,,333.98925482760615,0.0,0.0,0.0,0.0,60.0,service,industrial
8811aa6349fffff,8,5,0.0,0.0,0.2,0.2,0.2,0.0,2.6,1.8,60.8,0.0,533.0546937837735,,114.66803344641514,0.0,2.0,0.0,2.0,60.0,service,grass
8811aa634bfffff,8,36,0.0,0.0,0.3611111111111111,0.08333333333333333,0.5,0.0,2.8055555555555554,4.777777777777778,38.17941176470588,0.5277777777777778,222.48183462579743,,135.66965031270146,0.0,7.0,0.0,5.0,60.0,footway,residential
8811aa634dfffff,8,31,0.0,0.0,0.3548387096774194,0.3870967741935484,0.3225806451612903,0.0,3.7419354838709675,5.161290322580645,39.472580645161294,0.6451612903225806,430.19162906259356,,232.00769746676104,0.0,2.0,0.0,2.0,60.0,service,scrub
8811aa6351fffff,8,19,0.0,0.0,0.21052631578947367,0.2631578947368421,0.21052631578947367,0.0,2.789473684210526,2.5789473684210527,65.24074074074073,0.2631578947368421,396.7572959645077,,55.61538430303997,1.0,2.0,0.0,2.0,60.0,footway,residential
8811aa6353fffff,8,3,0.0,0.0,1.0,0.0,0.3333333333333333,0.0,3.0,4.0,44.0,1.0,607.1147978375378,,381.9080480609703,0.0,0.0,0.0,0.0,60.0,path,forest
8811aa6355fffff,8,1,0.0,0.0,1.0,1.0,0.0,0.0,8.0,2.0,36.0,0.0,516.9412293781573,,428.0937230203896,0.0,0.0,0.0,0.0,60.0,footway,park
8811aa6357fffff,8,5,0.0,0.0,0.6,0.8,0.4,0.0,2.6,3.2,42.15,0.6,430.8797876852477,,442.93195163878863,0.0,0.0,0.0,0.0,60.0,service,residential
8811aa6359fffff,8,27,1.0,0.0,0.2962962962962963,0.2222222222222222,0.14814814814814814,0.0,2.6296296296296298,2.4814814814814814,47.47628205128205,0.4074074074074074,89.47057117998223,,61.91714422087899,2.0,12.0,0.0,5.0,40.0,secondary,residential
8811aa635bfffff,8,13,0.0,0.0,0.46153846153846156,0.23076923076923078,0.23076923076923078,0.0,2.8461538461538463,2.923076923076923,40.06153846153846,0.5384615384615384,371.25350762324746,,259.9508126930677,0.0,1.0,0.0,1.0,60.0,service,industrial
8811aa635dfffff,8,22,1.0,0.0,0.2727272727272727,0.22727272727272727,0.13636363636363635,0.0,2.6818181818181817,1.8181818181818181,46.1031746031746,0.09090909090909091,61.52129156162671,,64.8385616312957,2.0,7.0,0.0,4.0,60.0,tertiary,industrial
8811aa6361fffff,8,13,0.0,0.0,0.46153846153846156,0.46153846153846156,0.5384615384615384,0.0,3.0,4.3076923076923075,45.77930402930403,0.6153846153846154,446.68984435435425,,458.7187484329894,0.0,0.0,0.0,0.0,60.0,unclassified,commercial
8811aa6363fffff,8,22,0.0,0.0,0.22727272727272727,0.45454545454545453,0.13636363636363635,0.0,2.6363636363636362,3.8181818181818183,45.15873015873016,0.45454545454545453,281.0724024109338,,54.83445747693788,2.0,9.0,0.0,7.0,60.0,service,commercial
8811aa6365fffff,8,25,0.0,0.0,0.16,0.4,0.52,0.0,2.52,3.8,41.02804761904762,0.52,206.59588334612377,,175.81966179660319,0.0,11.0,0.0,7.0,60.0,footway,residential
8811aa6367fffff,8,17,0.0,0.0,0.5882352941176471,0.6470588235294118,0.29411764705882354,0.0,3.1176470588235294,3.823529411764706,66.95448179271708,0.35294117647058826,272.71651848934414,,216.3482986224419,0.0,2.0,0.0,1.0,60.0,service,industrial
8811aa6369fffff,8,11,1.0,0.0,0.2727272727272727,0.36363636363636365,0.2727272727272727,0.0,2.8181818181818183,1.9090909090909092,52.03333333333333,0.09090909090909091,63.98932901431902,,9.143495911842,5.0,9.0,0.0,4.0,60.0,footway,residential
8811aa636bfffff,8,17,0.0,0.0,0.11764705882352941,0.29411764705882354,0.5294117647058824,0.0,2.411764705882353,3.823529411764706,38.54656862745098,0.5294117647058824,618.4960846962507,,355.47438420575514,0.0,0.0,0.0,0.0,60.0,service,industrial
8811aa636dfffff,8,16,0.0,0.0,0.0,0.5625,0.5,0.0,2.125,3.0625,86.28125,0.25,354.75922218526944,,375.6246471588397,0.0,0.0,0.0,0.0,60.0,footway,residential
8811aa6659fffff,8,1,0.0,0.0,0.0,0.0,0.0,0.0,4.0,1.0,55.0,0.0,1724.1800882354282,,324.87932517034915,0.0,0.0,0.0,0.0,60.0,footway,residential
8811aa6801fffff,8,28,0.0,0.0,0.6785714285714286,0.2857142857142857,0.07142857142857142,0.0,3.7857142857142856,3.3214285714285716,41.57261904761905,0.6785714285714286,308.031790689072,,193.42014530727337,0.0,3.0,0.0,3.0,60.0,service,residential
8811aa6803fffff,8,4,0.0,0.0,0.75,1.0,0.0,0.0,3.5,2.0,37.5,0.0,206.35705131875488,,163.5511262178969,0.0,5.0,0.0,3.0,60.0,service,residential
8811aa6805fffff,8,34,0.0,0.0,0.6470588235294118,0.3235294117647059,0.08823529411764706,0.0,3.2058823529411766,2.7058823529411766,44.75757575757576,0.38235294117647056,211.8206526018933,,120.41637973839728,0.0,7.0,0.0,5.0,60.0,footway,residential
8811aa6807fffff,8,1,0.0,0.0,1.0,0.0,0.0,0.0,3.0,2.0,53.0,0.0,620.6835567053655,,121.88369091830069,0.0,4.0,0.0,4.0,60.0,footway,residential
8811aa6809fffff,8,6,0.0,0.0,0.6666666666666666,0.5,0.0,0.0,2.8333333333333335,3.6666666666666665,40.69166666666667,0.8333333333333334,390.7143949515782,,358.83756853976837,0.0,0.0,0.0,0.0,60.0,track,forest
8811aa680bfffff,8,18,1.0,0.0,0.6666666666666666,0.4444444444444444,0.3333333333333333,0.0,3.4444444444444446,3.3333333333333335,42.98478835978836,0.3888888888888889,98.71980860256805,,91.68645003573292,2.0,12.0,0.0,7.0,60.0,footway,residential
8811aa680dfffff,8,17,,,0.35294117647058826,0.17647058823529413,0.35294117647058826,0.0,2.588235294117647,4.0588235294117645,39.71764705882353,0.7647058823529411,,,,,,,,,residential,residential
8811aa6811fffff,8,21,1.0,0.0,0.19047619047619047,0.6190476190476191,0.42857142857142855,0.0,2.238095238095238,3.7142857142857144,39.09444444444445,0.5714285714285714,64.4481529570186,,65.89217752539444,5.0,16.0,0.0,5.0,60.0,tertiary_link,forest
8811aa6813fffff,8,11,0.0,0.0,0.6363636363636364,0.36363636363636365,0.09090909090909091,0.0,3.090909090909091,3.8181818181818183,41.86363636363637,0.9090909090909091,166.63510675035164,,88.53444850430866,2.0,10.0,0.0,9.0,60.0,tertiary,residential
8811aa6815fffff,8,1,0.0,0.0,0.0,1.0,0.0,0.0,3.0,2.0,410.0,0.0,542.705087752659,,59.37920268626038,2.0,3.0,0.0,3.0,60.0,residential,residential
8811aa6817fffff,8,6,0.0,0.0,0.16666666666666666,0.5,0.3333333333333333,0.0,3.1666666666666665,3.1666666666666665,34.125,0.5,132.78985916103716,,72.12040902737198,1.0,9.0,0.0,8.0,60.0,footway,residential
8811aa6819fffff,8,11,0.0,0.0,0.5454545454545454,0.0,0.45454545454545453,0.0,1.8181818181818181,3.090909090909091,44.83333333333333,0.09090909090909091,671.6068360499022,,154.4631094512773,0.0,1.0,0.0,1.0,60.0,residential,residential
8811aa681bfffff,8,4,0.0,0.0,0.25,0.75,0.25,0.0,2.75,3.5,42.5,0.75,283.73558973573193,,177.1287515815127,0.0,4.0,0.0,3.0,60.0,path,park
8811aa681dfffff,8,9,0.0,0.0,0.4444444444444444,0.7777777777777778,0.2222222222222222,0.0,2.2222222222222223,2.0,71.55555555555556,0.0,480.0336907364314,,105.7557157555933,0.0,6.0,0.0,6.0,60.0,footway,residential
8811aa6829fffff,8,27,0.0,0.0,0.4444444444444444,0.5925925925925926,0.1111111111111111,0.0,3.925925925925926,4.074074074074074,42.14362139917695,0.6296296296296297,212.73815603901446,,137.14507330677344,0.0,18.0,0.0,16.0,60.0,footway,residential
8811aa6841fffff,8,12,0.0,0.0,0.5,0.0,0.3333333333333333,0.0,2.75,3.9166666666666665,45.69146825396825,0.5,957.4485183887724,,145.9052123221493,0.0,4.0,0.0,4.0,60.0,service,residential
8811aa6843fffff,8,18,0.0,0.0,0.2777777777777778,0.05555555555555555,0.6666666666666666,0.0,2.5555555555555554,4.722222222222222,40.398148148148145,0.8333333333333334,738.1003646270137,,267.3068761002883,0.0,2.0,0.0,2.0,60.0,path,park
8811aa6847fffff,8,18,0.0,0.0,0.1111111111111111,0.6111111111111112,0.6111111111111112,0.0,2.5,5.611111111111111,41.42250712250712,0.9444444444444444,1011.891098961542,,505.1268787591601,0.0,0.0,0.0,0.0,60.0,primary_link,forest
8811aa6849fffff,8,33,0.0,0.0,0.6060606060606061,0.5454545454545454,0.21212121212121213,0.0,3.0303030303030303,3.727272727272727,41.98015873015873,0.45454545454545453,104.12419513685369,,28.690289202553842,2.0,10.0,0.0,6.0,60.0,footway,grass
8811aa684bfffff,8,20,0.0,0.0,0.6,0.2,0.2,0.0,3.1,2.65,47.775,0.4,363.21762606066113,,60.36226089530685,1.0,4.0,0.0,4.0,60.0,service,residential
8811aa6851fffff,8,20,0.0,0.0,0.0,0.35,0.6,0.0,1.9,4.05,106.12642857142858,0.65,644.3022087907481,,492.2736869587302,0.0,0.0,0.0,0.0,60.0,secondary,forest
8811aa6853fffff,8,6,0.0,0.0,0.5,0.16666666666666666,0.16666666666666666,0.0,2.8333333333333335,2.6666666666666665,71.79166666666667,0.5,694.0038502549504,,216.673818621195,0.0,3.0,0.0,3.0,60.0,footway,residential
8811aa6855fffff,8,19,0.0,0.0,0.6842105263157895,0.3157894736842105,0.10526315789473684,0.0,3.5789473684210527,4.7894736842105265,40.12821637426901,0.9473684210526315,324.91275879290436,,89.05829665987595,1.0,3.0,0.0,3.0,60.0,service,residential
8811aa6857fffff,8,12,0.0,0.0,0.16666666666666666,0.5,0.25,0.0,1.9166666666666667,3.5,36.17916666666667,0.5,160.61819873675614,,195.0778784735683,0.0,10.0,0.0,2.0,60.0,service,forest
8811aa6859fffff,8,7,1.0,0.0,0.14285714285714285,0.2857142857142857,0.5714285714285714,0.0,2.142857142857143,3.857142857142857,35.614285714285714,0.7142857142857143,81.01803990897274,,69.31209441113165,2.0,3.0,0.0,2.0,60.0,footway,industrial
8811aa685bfffff,8,13,0.0,0.0,0.15384615384615385,0.6923076923076923,0.3076923076923077,0.0,2.4615384615384617,3.769230769230769,42.13076923076923,0.5384615384615384,417.78711365061,,304.75872711892185,0.0,0.0,0.0,0.0,60.0,secondary_link,scrub
8811aa685dfffff,8,28,0.0,0.0,0.25,0.4642857142857143,0.39285714285714285,0.0,3.142857142857143,5.0,42.30083487940631,0.6785714285714286,346.0869721190047,,174.74758085286382,0.0,4.0,0.0,4.0,40.0,tertiary,residential
8811aa6861fffff,8,12,0.0,0.0,0.08333333333333333,0.0,0.9166666666666666,0.0,2.0833333333333335,5.0,43.699999999999996,1.0,1266.6531201795615,,708.0324913347607,0.0,0.0,0.0,0.0,60.0,path,forest
8811aa6863fffff,8,5,0.0,0.0,0.2,0.6,0.2,0.0,3.2,3.6,45.46666666666667,0.6,368.95061068941476,,480.60827172160236,0.0,0.0,0.0,0.0,60.0,path,forest
8811aa6865fffff,8,16,0.0,0.0,0.125,0.0,0.9375,0.0,1.8125,5.0,42.3625,1.0,1300.742092037119,,743.9906041489749,0.0,0.0,0.0,0.0,60.0,path,forest
8811aa6867fffff,8,1,0.0,0.0,0.0,0.0,1.0,0.0,5.0,5.0,35.0,1.0,1037.4007805509352,,668.4293006966927,0.0,0.0,0.0,0.0,60.0,path,forest
8811aa686bfffff,8,16,0.0,0.0,0.125,0.1875,0.75,0.0,2.125,5.375,40.45238095238095,0.9375,1065.0885560121246,,383.8376695462161,0.0,0.0,0.0,0.0,100.0,trunk,forest
8811aa6881fffff,8,1,0.0,0.0,0.0,0.0,1.0,0.0,3.0,3.0,44.333333333333336,0.0,482.70677351345955,,365.61006049038525,0.0,0.0,0.0,0.0,60.0,track,meadow
8811aa6885fffff,8,11,0.0,0.0,0.18181818181818182,0.6363636363636364,0.09090909090909091,0.0,2.4545454545454546,4.181818181818182,43.13636363636363,0.45454545454545453,172.47148006569486,,282.2791218003563,0.0,3.0,0.0,1.0,90.0,trunk,industrial
8811aa6887fffff,8,1,0.0,0.0,0.0,1.0,0.0,0.0,4.0,2.0,38.0,0.0,235.72659386977602,,208.2767533711334,0.0,3.0,0.0,2.0,60.0,path,scrub
8811aa688dfffff,8,2,0.0,0.0,0.0,0.0,0.5,0.0,1.0,1.5,68.5,0.0,237.34561737267487,,178.67655766689515,0.0,3.0,0.0,2.0,60.0,service,industrial
8811aa68a1fffff,8,7,0.0,0.0,0.42857142857142855,0.14285714285714285,0.14285714285714285,0.0,1.5714285714285714,3.0,34.488095238095234,0.42857142857142855,431.4038188338764,,219.9067849461364,0.0,2.0,0.0,2.0,60.0,cycleway,residential
8811aa68a5fffff,8,1,0.0,0.0,1.0,0.0,1.0,0.0,3.0,2.0,36.0,0.0,661.5680211335999,,351.46509746016267,0.0,0.0,0.0,0.0,60.0,steps,park
8811aa68a9fffff,8,22,0.0,0.0,0.5454545454545454,0.9090909090909091,0.18181818181818182,0.0,3.3181818181818183,4.045454545454546,40.733225108225106,0.4090909090909091,240.61304884250555,,211.54600743884487,0.0,8.0,0.0,4.0,60.0,service,residential
8811aa68abfffff,8,3,0.0,0.0,0.6666666666666666,0.0,0.6666666666666666,0.0,2.0,3.3333333333333335,36.955555555555556,0.3333333333333333,476.01772325582647,,141.21752138601073,0.0,5.0,0.0,5.0,20.0,service,residential
8811aa68adfffff,8,24,0.0,0.0,0.6666666666666666,0.3333333333333333,0.125,0.0,3.0,2.6666666666666665,50.37152777777778,0.16666666666666666,191.4106933507904,,83.17577423608353,1.0,9.0,0.0,6.0,60.0,service,residential
8811aa68c5fffff,8,11,0.0,0.0,0.45454545454545453,0.5454545454545454,0.09090909090909091,0.0,2.727272727272727,2.6363636363636362,53.77272727272727,0.5454545454545454,225.99418654642014,,113.55642853306854,0.0,10.0,0.0,6.0,60.0,path,forest
8811aa68c7fffff,8,2,0.0,0.0,0.5,0.0,0.5,0.0,2.5,2.5,94.5,0.5,185.85386678885783,,142.49209296193192,0.0,5.0,0.0,4.0,60.0,path,residential
8811aa68e1fffff,8,19,,,0.2631578947368421,0.631578947368421,0.2631578947368421,0.0,2.8421052631578947,2.6315789473684212,64.71929824561404,0.10526315789473684,,,,,,,,,,
8811aa68e3fffff,8,4,0.0,0.0,0.0,0.75,0.5,0.0,3.25,2.25,118.33333333333333,0.0,217.50558785808198,,173.34890486833,0.0,6.0,0.0,1.0,60.0,path,forest
8811aa68e5fffff,8,9,0.0,0.0,0.4444444444444444,0.1111111111111111,0.3333333333333333,0.0,3.4444444444444446,2.4444444444444446,47.50925925925926,0.2222222222222222,410.2404851930982,,93.90368967659516,1.0,6.0,0.0,6.0,60.0,footway,residential
8811aa68e7fffff,8,24,0.0,0.0,0.5833333333333334,0.4166666666666667,0.25,0.0,3.75,2.75,43.875,0.125,111.78734375962499,,19.903834653072984,3.0,23.0,0.0,12.0,60.0,footway,residential
8811aa68e9fffff,8,20,0.0,0.0,0.25,0.65,0.1,0.0,2.9,4.25,37.781666666666666,0.85,220.92938793196694,,91.89833240746107,1.0,12.0,0.0,8.0,60.0,footway,residential
8811aa68ebfffff,8,1,0.0,0.0,0.0,0.0,0.0,0.0,4.0,2.0,39.0,0.0,225.31339335144477,,283.17499422295,0.0,2.0,0.0,1.0,60.0,path,forest
8811aa6949fffff,8,19,0.0,0.0,0.10526315789473684,0.15789473684210525,0.8421052631578947,0.0,2.8947368421052633,5.2105263157894735,38.97799043062201,0.9473684210526315,1223.7770255016317,,412.1696161446302,0.0,0.0,0.0,0.0,30.0,secondary_link,industrial
8811aa694bfffff,8,20,0.0,0.0,0.15,0.2,0.75,0.0,2.6,5.45,51.474047619047624,0.85,1109.8192543262107,,296.4207482374739,0.0,1.0,0.0,1.0,60.0,secondary,forest
8811aa6959fffff,8,32,,,0.3125,0.0625,0.53125,0.0,3.1875,4.0625,43.73072916666666,0.6875,,,,,,,,,,
8811aa695bfffff,8,4,0.0,0.0,0.5,0.0,1.0,0.0,2.75,5.5,50.85,1.0,854.554052789174,,416.18199101044183,0.0,0.0,0.0,0.0,60.0,service,grass
8811aa695dfffff,8,6,0.0,0.0,0.0,0.16666666666666666,1.0,0.0,2.6666666666666665,5.0,39.93333333333333,1.0,433.81037758545125,,499.8694044685611,0.0,0.0,0.0,0.0,60.0,service,industrial
8811aa6999fffff,8,1,0.0,0.0,0.0,0.0,0.0,0.0,0.0,2.0,52.0,0.0,986.7640172968893,,826.7297992358734,0.0,0.0,0.0,0.0,60.0,service,industrial
8811aa69d1fffff,8,10,0.0,0.0,0.4,0.3,0.3,0.0,2.7,2.3,49.2,0.2,121.61649276430435,,70.04573809589691,1.0,9.0,0.0,7.0,60.0,service,residential
8811aa69d3fffff,8,12,0.0,0.0,0.6666666666666666,0.6666666666666666,0.25,0.0,2.8333333333333335,2.3333333333333335,39.26388888888889,0.0,259.1257479593103,,52.07184280353359,2.0,5.0,0.0,4.0,60.0,footway,forest
8811aa69d5fffff,8,3,0.0,0.0,0.6666666666666666,0.6666666666666666,0.6666666666666666,0.0,3.0,2.0,53.0,0.0,645.2838913003757,,242.59471355601227,0.0,1.0,0.0,1.0,60.0,service,forest
8811aa69d9fffff,8,3,0.0,0.0,0.6666666666666666,0.3333333333333333,0.0,0.0,2.6666666666666665,3.0,52.5,0.3333333333333333,518.8672693818835,,109.97422748092545,0.0,5.0,0.0,5.0,60.0,service,residential
8811aa69ddfffff,8,1,0.0,0.0,1.0,0.0,1.0,0.0,5.0,4.0,41.0,1.0,234.8128513522663,,204.19461132103865,0.0,4.0,0.0,2.0,60.0,footway,forest
8811aa6a01fffff,8,7,0.0,0.0,0.5714285714285714,0.7142857142857143,0.14285714285714285,0.0,3.4285714285714284,2.857142857142857,46.142857142857146,0.42857142857142855,415.82627694136767,,67.11435718696501,1.0,2.0,0.0,2.0,60.0,service,residential
8811aa6a03fffff,8,26,0.0,0.0,0.7307692307692307,0.5,0.23076923076923078,0.0,3.4615384615384617,3.0384615384615383,40.5224358974359,0.34615384615384615,149.7664602740016,,46.50064647420793,2.0,11.0,0.0,5.0,60.0,primary,residential
8811aa6a05fffff,8,54,0.0,0.0,0.6851851851851852,0.35185185185185186,0.37037037037037035,0.0,3.6481481481481484,3.388888888888889,48.21638007054674,0.3148148148148148,195.60886127001024,,147.48654974264517,0.0,12.0,0.0,8.0,60.0,footway,residential
8811aa6a07fffff,8,14,0.0,0.0,0.42857142857142855,0.35714285714285715,0.0,0.0,3.2857142857142856,2.2142857142857144,56.25,0.14285714285714285,215.39141323801974,,158.18485196356136,0.0,6.0,0.0,5.0,60.0,service,park
8811aa6a09fffff,8,4,0.0,0.0,0.25,0.25,0.25,0.0,3.25,3.0,38.875,0.5,394.83158867163354,,217.2606964563069,0.0,2.0,0.0,2.0,60.0,service,industrial
8811aa6a0bfffff,8,20,1.0,0.0,0.6,0.6,0.3,0.0,3.1,2.9,43.00833333333333,0.3,91.27478474771601,,228.61132410813156,3.0,9.0,0.0,3.0,60.0,tertiary,industrial
8811aa6a0dfffff,8,24,0.0,0.0,0.625,0.4166666666666667,0.3333333333333333,0.0,2.6666666666666665,3.125,47.30332341269841,0.3333333333333333,291.4940631321689,,241.30320522411157,0.0,4.0,0.0,3.0,60.0,service,residential
8811aa6a15fffff,8,17,0.0,0.0,0.058823529411764705,0.35294117647058826,0.47058823529411764,0.0,2.4705882352941178,2.588235294117647,84.1904761904762,0.11764705882352941,174.45362524545467,,120.41316951190959,0.0,4.0,0.0,3.0,60.0,path,park
8811aa6a17fffff,8,7,0.0,0.0,0.42857142857142855,0.2857142857142857,0.5714285714285714,0.0,2.5714285714285716,3.142857142857143,35.964285714285715,0.7142857142857143,239.246917719152,,216.77841066252012,0.0,5.0,0.0,4.0,60.0,footway,park
8811aa6a19fffff,8,4,0.0,0.0,0.5,0.0,0.0,0.0,2.0,3.25,44.6875,0.75,551.9482306646858,,322.9510757833539,0.0,0.0,0.0,0.0,60.0,service,industrial
8811aa6a1bfffff,8,7,0.0,0.0,0.5714285714285714,0.7142857142857143,0.14285714285714285,0.0,3.4285714285714284,4.0,35.5,1.0,181.4060748290427,,187.50590433686708,0.0,4.0,0.0,3.0,60.0,service,park
8811aa6a1dfffff,8,9,0.0,0.0,0.3333333333333333,0.2222222222222222,0.3333333333333333,0.0,2.2222222222222223,2.4444444444444446,44.00925925925926,0.2222222222222222,497.8203611118149,,369.3449774146384,0.0,0.0,0.0,0.0,60.0,footway,residential
8811aa6a21fffff,8,7,0.0,0.0,0.7142857142857143,0.0,0.2857142857142857,0.0,3.0,3.4285714285714284,32.773809523809526,0.7142857142857143,349.98832762245604,,347.5371151675068,0.0,0.0,0.0,0.0,60.0,service,park
8811aa6a23fffff,8,14,0.0,0.0,0.6428571428571429,0.42857142857142855,0.2857142857142857,0.0,3.9285714285714284,3.5714285714285716,46.33333333333333,0.6428571428571429,212.20481239253746,,178.07470333002541,0.0,10.0,0.0,6.0,60.0,service,residential
8811aa6a25fffff,8,1,0.0,0.0,1.0,0.0,0.0,0.0,3.0,2.0,42.0,0.0,1230.3129284689096,,506.53914560554665,0.0,0.0,0.0,0.0,60.0,track,park
8811aa6a27fffff,8,1,0.0,0.0,0.0,1.0,0.0,0.0,3.0,2.0,50.0,0.0,652.2872132247927,,345.3454517289391,0.0,0.0,0.0,0.0,60.0,footway,forest
8811aa6a29fffff,8,20,0.0,0.0,0.5,0.15,0.05,0.0,2.7,3.3,36.6475,0.7,387.8467191280429,,235.226873438652,0.0,3.0,0.0,3.0,60.0,service,residential
8811aa6a2bfffff,8,24,0.0,0.0,0.375,0.4166666666666667,0.2916666666666667,0.0,3.2083333333333335,4.291666666666667,42.11805555555556,0.4583333333333333,573.7690943050048,,76.15950629126314,2.0,2.0,0.0,2.0,60.0,primary,grass
8811aa6a2dfffff,8,1,0.0,0.0,0.0,0.0,1.0,0.0,1.0,2.0,38.0,0.0,1005.4496889938746,,859.68118474921,0.0,0.0,0.0,0.0,60.0,cycleway,park
8811aa6a31fffff,8,18,0.0,0.0,0.3333333333333333,0.05555555555555555,0.16666666666666666,0.0,2.6666666666666665,2.5,43.62037037037037,0.3888888888888889,309.87391573559444,,214.58783475615647,0.0,3.0,0.0,3.0,60.0,footway,residential
8811aa6a33fffff,8,24,0.0,0.0,0.4166666666666667,0.125,0.375,0.0,2.2916666666666665,3.25,68.20833333333333,0.4166666666666667,268.6051387742907,,57.713554194174,3.0,16.0,0.0,15.0,60.0,service,residential
8811aa6a35fffff,8,7,0.0,0.0,0.42857142857142855,0.8571428571428571,0.0,0.0,4.0,2.4285714285714284,65.61904761904762,0.14285714285714285,484.12020246354433,,240.76527819506606,0.0,2.0,0.0,2.0,60.0,service,cemetery
8811aa6a37fffff,8,31,0.0,0.0,0.6451612903225806,0.45161290322580644,0.22580645161290322,0.0,3.3548387096774195,3.5483870967741935,41.04047619047619,0.4838709677419355,145.89700667343982,,110.3031964142928,0.0,10.0,0.0,5.0,60.0,service,residential
8811aa6a39fffff,8,32,0.0,0.0,0.625,0.40625,0.25,0.0,3.21875,3.03125,46.97425595238095,0.40625,273.9812265565399,,114.49466074158063,0.0,7.0,0.0,4.0,60.0,service,residential
8811aa6a3bfffff,8,7,0.0,0.0,0.2857142857142857,0.2857142857142857,0.7142857142857143,0.0,1.5714285714285714,3.857142857142857,41.404761904761905,0.5714285714285714,468.8153645432737,,127.55477572072547,0.0,6.0,0.0,6.0,60.0,tertiary,residential
8811aa6a3dfffff,8,11,0.0,0.0,0.6363636363636364,0.2727272727272727,0.18181818181818182,0.0,3.8181818181818183,2.4545454545454546,52.872727272727275,0.36363636363636365,100.31536955262627,,129.68290453940836,0.0,8.0,0.0,4.0,60.0,service,residential
8811aa6a41fffff,8,17,0.0,0.0,0.7647058823529411,0.4117647058823529,0.17647058823529413,0.0,3.2941176470588234,2.176470588235294,48.72549019607843,0.0,349.13352230566045,,313.75930076398004,0.0,0.0,0.0,0.0,60.0,footway,residential
8811aa6a43fffff,8,6,0.0,0.0,0.5,0.3333333333333333,0.16666666666666666,0.0,3.1666666666666665,2.0,70.375,0.16666666666666666,159.11961334950198,,199.09997760351482,0.0,2.0,0.0,1.0,60.0,path,industrial
8811aa6a45fffff,8,25,0.0,0.0,0.56,0.36,0.36,0.0,3.16,4.28,40.8384126984127,0.6,420.3840519366847,,123.10574964625171,0.0,5.0,0.0,5.0,60.0,steps,residential
8811aa6a47fffff,8,22,0.0,0.0,0.6363636363636364,0.4090909090909091,0.045454545454545456,0.0,3.727272727272727,2.3181818181818183,48.21212121212122,0.13636363636363635,346.1586349277719,,132.11443180281017,0.0,6.0,0.0,6.0,60.0,footway,park
8811aa6a49fffff,8,8,0.0,0.0,0.375,0.125,0.375,0.0,2.25,3.0,43.28125,0.375,482.5721243303167,,308.6367705554188,0.0,0.0,0.0,0.0,60.0,footway,residential
8811aa6a4bfffff,8,8,0.0,0.0,0.375,0.125,0.0,0.0,3.375,2.125,44.29166666666667,0.0,477.5769283068244,,262.2437582540739,0.0,2.0,0.0,2.0,60.0,service,industrial
8811aa6a4dfffff,8,16,0.0,0.0,0.375,0.25,0.375,0.0,2.9375,6.1875,42.62366071428571,0.6875,429.341166697471,,124.07960943832654,0.0,3.0,0.0,3.0,60.0,primary,industrial
8811aa6a51fffff,8,3,0.0,0.0,0.3333333333333333,1.0,0.0,0.0,3.0,1.6666666666666667,57.0,0.0,593.0401808518499,,238.7198969720533,0.0,2.0,0.0,2.0,60.0,service,industrial
8811aa6a53fffff,8,21,0.0,0.0,0.23809523809523808,0.38095238095238093,0.14285714285714285,0.0,2.3333333333333335,2.7142857142857144,59.96031746031746,0.38095238095238093,236.44013228336883,,235.06471921993463,0.0,9.0,0.0,8.0,60.0,service,residential
8811aa6a55fffff,8,20,0.0,0.0,0.55,0.6,0.2,0.0,2.9,2.7,46.6375,0.15,102.86125136830599,,60.70331458733129,2.0,8.0,0.0,4.0,60.0,footway,industrial
8811aa6a57fffff,8,5,0.0,0.0,0.2,0.0,0.6,0.0,2.4,2.0,51.466666666666676,0.0,392.81738195241394,,212.80170121917277,0.0,2.0,0.0,2.0,60.0,service,residential
8811aa6a59fffff,8,6,0.0,0.0,0.5,0.16666666666666666,0.16666666666666666,0.0,3.1666666666666665,2.0,56.333333333333336,0.0,794.4087437631447,,371.1709726160995,0.0,0.0,0.0,0.0,60.0,service,industrial
8811aa6a5bfffff,8,12,0.0,0.0,0.08333333333333333,0.16666666666666666,0.5833333333333334,0.0,1.1666666666666667,3.1666666666666665,39.49305555555556,0.25,507.536778469994,,463.6247290858183,0.0,0.0,0.0,0.0,60.0,service,residential
8811aa6a5dfffff,8,14,0.0,0.0,0.7857142857142857,0.21428571428571427,0.42857142857142855,0.0,3.357142857142857,3.0,43.023809523809526,0.21428571428571427,439.54876800485914,,151.01787350913966,0.0,5.0,0.0,5.0,60.0,tertiary_link,grass
8811aa6a61fffff,8,19,0.0,0.0,0.5263157894736842,0.5263157894736842,0.0,0.0,3.0,2.6842105263157894,51.20175438596491,0.3684210526315789,369.8122349744502,,43.23447109221529,1.0,2.0,0.0,2.0,60.0,footway,residential
8811aa6a63fffff,8,25,0.0,0.0,0.6,0.56,0.08,0.0,3.52,2.8,49.07833333333333,0.28,330.78411431863947,,86.03771207840968,1.0,5.0,0.0,5.0,60.0,footway,residential
8811aa6a65fffff,8,8,0.0,0.0,0.875,0.375,0.5,0.0,3.125,3.625,46.270833333333336,0.625,366.16686113766013,,363.79825840530395,0.0,0.0,0.0,0.0,60.0,path,park
8811aa6a67fffff,8,10,0.0,0.0,0.7,0.4,0.1,0.0,3.2,2.8,50.53333333333334,0.4,263.8382840621346,,174.5391347235647,0.0,7.0,0.0,6.0,60.0,footway,park
8811aa6a69fffff,8,30,0.0,0.0,0.6333333333333333,0.43333333333333335,0.2,0.0,3.566666666666667,3.933333333333333,49.962222222222216,0.7,120.48609272897137,,127.44516120812945,0.0,9.0,0.0,4.0,60.0,footway,residential
8811aa6a6bfffff,8,12,0.0,0.0,0.6666666666666666,0.5833333333333334,0.08333333333333333,0.0,3.5,3.0,40.27777777777778,0.16666666666666666,283.98613961054014,,155.0281851689463,0.0,4.0,0.0,3.0,60.0,footway,residential
8811aa6a6dfffff,8,19,1.0,0.0,0.631578947368421,0.3684210526315789,0.3684210526315789,0.0,3.0,4.2105263157894735,42.135964912280706,0.7368421052631579,67.66056191810218,,5.183853277981337,5.0,10.0,0.0,6.0,60.0,footway,park
8811aa6a81fffff,8,5,0.0,0.0,0.0,0.2,0.8,0.0,1.6,5.2,38.33333333333333,1.0,483.88162058188254,,227.07817449302593,0.0,1.0,0.0,1.0,60.0,service,residential
8811aa6a85fffff,8,14,0.0,0.0,0.35714285714285715,0.42857142857142855,0.2857142857142857,0.0,2.5,3.7142857142857144,40.18809523809524,0.6428571428571429,396.48583278887776,,158.51313463217738,0.0,3.0,0.0,3.0,60.0,footway,residential
8811aa6a87fffff,8,31,0.0,0.0,0.5483870967741935,0.3870967741935484,0.3225806451612903,0.0,3.0,3.5483870967741935,41.534946236559136,0.5483870967741935,125.75032517591066,,31.610551951784352,3.0,15.0,0.0,11.0,60.0,service,retail
8811aa6a89fffff,8,17,0.0,0.0,0.11764705882352941,0.11764705882352941,0.5294117647058824,0.0,2.176470588235294,3.3529411764705883,46.002941176470586,0.5882352941176471,582.7830936753829,,220.09300118390632,0.0,3.0,0.0,3.0,60.0,footway,residential
8811aa6a8bfffff,8,9,0.0,0.0,0.0,0.1111111111111111,0.6666666666666666,0.0,1.8888888888888888,4.888888888888889,44.388888888888886,1.0,151.16848437682842,,170.14605010146875,0.0,5.0,0.0,3.0,60.0,service,residential
8811aa6a8dfffff,8,17,0.0,0.0,0.058823529411764705,0.5294117647058824,0.7058823529411765,0.0,2.235294117647059,4.117647058823529,42.87843137254902,0.7058823529411765,458.7801880271164,,233.6008168259089,0.0,3.0,0.0,3.0,60.0,secondary,forest
8811aa6aa1fffff,8,4,0.0,0.0,0.5,0.25,0.25,0.0,3.0,2.75,50.25,0.5,245.93408554595862,,207.9433992697151,0.0,4.0,0.0,3.0,60.0,service,farmyard
8811aa6aa5fffff,8,6,0.0,0.0,0.8333333333333334,0.16666666666666666,0.3333333333333333,0.0,2.3333333333333335,3.1666666666666665,56.625,0.5,226.97829491846394,,160.89068064036337,0.0,3.0,0.0,2.0,60.0,service,residential
8811aa6aa9fffff,8,11,0.0,0.0,0.18181818181818182,0.2727272727272727,0.36363636363636365,0.0,1.9090909090909092,3.3636363636363638,42.43181818181818,0.6363636363636364,217.85926571184606,,126.77958273078296,0.0,8.0,0.0,6.0,60.0,footway,residential
8811aa6aabfffff,8,17,0.0,0.0,0.4117647058823529,0.23529411764705882,0.17647058823529413,0.0,2.4705882352941178,2.2941176470588234,58.03529411764706,0.35294117647058826,421.53451124824716,,213.75267424820558,0.0,4.0,0.0,4.0,60.0,footway,residential
8811aa6aadfffff,8,2,0.0,0.0,0.0,0.0,0.5,0.0,1.0,2.0,35.75,0.0,815.5459055405391,,116.55195292570241,0.0,3.0,0.0,3.0,60.0,footway,park
8811aa6ab1fffff,8,7,0.0,0.0,0.14285714285714285,0.5714285714285714,0.42857142857142855,0.0,3.2857142857142856,2.4285714285714284,51.75,0.14285714285714285,312.47064778231123,,241.59998115936295,0.0,2.0,0.0,2.0,60.0,tertiary,industrial
8811aa6ab9fffff,8,11,0.0,0.0,0.6363636363636364,0.0,0.36363636363636365,0.0,3.3636363636363638,3.4545454545454546,39.36363636363637,0.8181818181818182,417.31593375679563,,238.4460444092052,0.0,2.0,0.0,2.0,60.0,footway,residential
8811aa6abdfffff,8,16,0.0,0.0,0.3125,0.125,0.0,0.0,2.375,2.3125,49.692708333333336,0.3125,510.1174252661649,,192.71701705815258,0.0,5.0,0.0,5.0,60.0,service,residential
8811aa6ac1fffff,8,47,,,0.48936170212765956,0.5319148936170213,0.2978723404255319,0.0,2.9361702127659575,2.6382978723404253,63.53900709219859,0.3404255319148936,,,,,,,,,,
8811aa6ac3fffff,8,26,0.0,0.0,0.5769230769230769,0.5384615384615384,0.2692307692307692,0.0,3.0384615384615383,2.6538461538461537,64.26602564102565,0.38461538461538464,340.8304953853643,,230.37339248669545,0.0,3.0,0.0,3.0,60.0,service,residential
8811aa6ac5fffff,8,20,,,0.5,0.3,0.2,0.0,3.05,2.35,53.954166666666666,0.1,,,,,,,,,,
8811aa6ac7fffff,8,18,0.0,0.0,0.4444444444444444,0.16666666666666666,0.2222222222222222,0.0,2.3333333333333335,2.2777777777777777,41.375,0.3333333333333333,445.0174067813239,,145.74898440945717,0.0,3.0,0.0,3.0,60.0,footway,forest
8811aa6ac9fffff,8,29,0.0,0.0,0.3448275862068966,0.7241379310344828,0.034482758620689655,0.0,2.413793103448276,3.2758620689655173,77.98275862068965,0.7241379310344828,151.44857061733478,,135.91198605602614,0.0,17.0,0.0,10.0,60.0,service,residential
8811aa6acdfffff,8,10,0.0,0.0,0.3,0.2,0.3,0.0,2.9,2.5,55.7,0.4,206.87458810536117,,103.9412825998464,0.0,7.0,0.0,6.0,60.0,cycleway,industrial
8811aa6ad1fffff,8,13,0.0,0.0,0.38461538461538464,0.23076923076923078,0.07692307692307693,0.0,2.4615384615384617,3.1538461538461537,37.532051282051285,0.38461538461538464,403.9771214051053,,170.28685592501876,0.0,3.0,0.0,3.0,60.0,service,residential
8811aa6ad3fffff,8,31,0.0,0.0,0.0,0.6774193548387096,0.5483870967741935,0.0,2.7096774193548385,4.709677419354839,42.0768817204301,0.9354838709677419,685.2878373122716,,248.6001593276912,0.0,1.0,0.0,1.0,20.0,living_street,residential
8811aa6ad5fffff,8,26,0.0,0.0,0.2692307692307692,0.11538461538461539,0.38461538461538464,0.0,2.5,2.9615384615384617,46.82051282051282,0.4230769230769231,218.68398869160194,,217.8143465024731,0.0,4.0,0.0,3.0,60.0,service,retail
8811aa6ad7fffff,8,9,0.0,0.0,0.2222222222222222,0.2222222222222222,0.8888888888888888,0.0,2.2222222222222223,4.444444444444445,43.03703703703704,0.7777777777777778,186.2643576778139,,188.46902178024337,0.0,6.0,0.0,4.0,60.0,service,industrial
8811aa6ad9fffff,8,44,0.0,0.0,0.29545454545454547,0.5454545454545454,0.38636363636363635,0.0,2.772727272727273,3.75,49.90221861471861,0.6363636363636364,134.21063278268915,,172.93207743915974,0.0,6.0,0.0,5.0,40.0,primary,retail
8811aa6adbfffff,8,15,0.0,0.0,0.4666666666666667,0.4,0.26666666666666666,0.0,3.0,2.8666666666666667,65.77222222222223,0.4,243.32783676101513,,161.00454911444726,0.0,6.0,0.0,4.0,60.0,footway,residential
8811aa6addfffff,8,18,0.0,0.0,0.2777777777777778,0.1111111111111111,0.3333333333333333,0.0,2.5,2.7777777777777777,46.52450980392157,0.5555555555555556,320.78070878003535,,79.04918694472013,1.0,2.0,0.0,2.0,60.0,footway,residential
8811aa6ae1fffff,8,14,0.0,0.0,0.7142857142857143,0.35714285714285715,0.2857142857142857,0.0,3.4285714285714284,2.7857142857142856,72.69047619047619,0.2857142857142857,245.2990005220183,,173.3514974069752,0.0,8.0,0.0,6.0,60.0,footway,park
8811aa6ae3fffff,8,14,0.0,0.0,0.2857142857142857,0.07142857142857142,0.7857142857142857,0.0,2.2142857142857144,4.857142857142857,43.537012987012986,0.7857142857142857,525.460141619845,,79.00741841297979,1.0,4.0,0.0,4.0,60.0,service,residential
8811aa6ae5fffff,8,10,0.0,0.0,0.7,0.0,0.1,0.0,3.2,3.2,49.55,0.6,120.60616324420042,,115.54866986528118,0.0,12.0,0.0,7.0,60.0,footway,residential
8811aa6ae7fffff,8,17,0.0,0.0,0.0,0.35294117647058826,0.8235294117647058,0.0,2.2941176470588234,4.411764705882353,42.317647058823525,0.8235294117647058,278.65051785770385,,240.63663860075917,0.0,3.0,0.0,2.0,60.0,secondary_link,meadow
8811aa6ae9fffff,8,6,0.0,0.0,0.5,0.3333333333333333,0.16666666666666666,0.0,2.1666666666666665,2.6666666666666665,38.625,0.5,146.35926070162282,,99.89112057634672,1.0,4.0,0.0,3.0,60.0,footway,park
8811aa6aebfffff,8,15,0.0,0.0,0.6,0.26666666666666666,0.13333333333333333,0.0,2.533333333333333,3.4,65.76793650793651,0.4,205.77972601584017,,200.6439925649137,0.0,8.0,0.0,4.0,60.0,footway,residential
8811aa6aedfffff,8,7,0.0,0.0,0.42857142857142855,0.2857142857142857,0.14285714285714285,0.0,2.142857142857143,3.0,51.07142857142857,0.5714285714285714,133.76863941796802,,190.22044016436826,0.0,5.0,0.0,4.0,60.0,tertiary,residential
8811aa6b01fffff,8,14,0.0,0.0,0.42857142857142855,0.35714285714285715,0.0,0.0,2.857142857142857,3.2142857142857144,39.839285714285715,0.7142857142857143,205.71068798254063,,176.0947507342105,0.0,6.0,0.0,5.0,60.0,footway,residential
8811aa6b03fffff,8,13,0.0,0.0,0.6153846153846154,0.6923076923076923,0.23076923076923078,0.0,3.1538461538461537,3.923076923076923,47.621794871794876,0.6923076923076923,282.050631247234,,252.82154798179252,0.0,3.0,0.0,1.0,60.0,path,forest
8811aa6b05fffff,8,5,0.0,0.0,0.6,0.2,0.0,0.0,2.8,3.6,35.35,0.8,410.7534710252006,,403.86895478145215,0.0,0.0,0.0,0.0,60.0,path,park
8811aa6b07fffff,8,1,0.0,0.0,0.0,0.0,0.0,0.0,2.0,2.0,17.0,0.0,636.1944819589909,,233.98905141594483,0.0,2.0,0.0,2.0,60.0,track,park
8811aa6b09fffff,8,29,0.0,0.0,0.6896551724137931,0.1724137931034483,0.06896551724137931,0.0,3.1379310344827585,3.0,42.87241379310345,0.6206896551724138,257.3089550279829,,255.49171460704264,0.0,8.0,0.0,4.0,60.0,footway,residential
8811aa6b0bfffff,8,26,,,0.5769230769230769,0.4230769230769231,0.23076923076923078,0.0,3.9615384615384617,3.269230769230769,42.925,0.6153846153846154,,,,,,,,,,
8811aa6b0dfffff,8,31,0.0,0.0,0.5483870967741935,0.41935483870967744,0.06451612903225806,0.0,3.3225806451612905,2.3870967741935485,49.056451612903224,0.2903225806451613,344.5205505590687,,221.4770385772115,0.0,4.0,0.0,4.0,60.0,residential,residential
8811aa6b11fffff,8,6,1.0,0.0,0.8333333333333334,0.0,0.3333333333333333,0.0,3.6666666666666665,2.8333333333333335,70.5,0.5,93.11482822348579,,63.538981219153946,3.0,7.0,0.0,4.0,60.0,service,industrial
8811aa6b17fffff,8,4,0.0,0.0,0.5,0.0,0.5,0.0,2.5,2.0,46.125,0.0,164.604214093253,,185.18392340844048,0.0,7.0,0.0,3.0,60.0,path,forest
8811aa6b19fffff,8,3,0.0,0.0,0.3333333333333333,0.3333333333333333,0.0,0.0,2.0,2.0,121.27777777777779,0.0,763.551096685888,,403.1078309857534,0.0,0.0,0.0,0.0,60.0,service,retail
8811aa6b1dfffff,8,21,0.0,0.0,0.3333333333333333,0.23809523809523808,0.047619047619047616,0.0,3.238095238095238,3.0952380952380953,49.916666666666664,0.6666666666666666,297.257110601908,,259.1465088289971,0.0,3.0,0.0,2.0,60.0,footway,park
8811aa6b21fffff,8,3,0.0,0.0,1.0,0.0,0.3333333333333333,0.0,3.6666666666666665,2.0,42.5,0.0,443.267440915098,,295.5541817363366,0.0,1.0,0.0,1.0,60.0,footway,forest
8811aa6b23fffff,8,3,0.0,0.0,0.3333333333333333,0.3333333333333333,0.0,0.0,3.3333333333333335,3.3333333333333335,38.333333333333336,0.6666666666666666,362.16193486027515,,72.66659208067553,1.0,4.0,0.0,4.0,60.0,footway,forest
8811aa6b25fffff,8,1,0.0,0.0,0.0,0.0,0.0,0.0,1.0,1.0,75.0,0.0,1296.6420236531249,,535.7930433003655,0.0,0.0,0.0,0.0,60.0,path,forest
8811aa6b27fffff,8,9,0.0,0.0,0.5555555555555556,0.0,0.2222222222222222,0.0,2.7777777777777777,3.4444444444444446,50.403703703703705,0.4444444444444444,895.3011714999849,,117.08479556210003,0.0,4.0,0.0,4.0,60.0,service,residential
8811aa6b2bfffff,8,2,0.0,0.0,1.0,0.0,0.0,0.0,2.5,4.0,35.125,1.0,512.8849734810657,,263.07808902057997,0.0,1.0,0.0,1.0,60.0,service,forest
8811aa6b2dfffff,8,1,0.0,0.0,0.0,0.0,1.0,0.0,3.0,2.0,84.0,0.0,982.7856822604283,,519.8170568922719,0.0,0.0,0.0,0.0,60.0,footway,park
8811aa6b31fffff,8,2,0.0,0.0,1.0,1.0,0.0,0.0,4.0,3.0,37.83333333333333,0.0,355.994001278233,,433.1846499522048,0.0,0.0,0.0,0.0,60.0,service,industrial
8811aa6b33fffff,8,9,0.0,0.0,0.5555555555555556,0.2222222222222222,0.4444444444444444,0.0,3.111111111111111,2.7777777777777777,49.592592592592595,0.1111111111111111,402.97513567921123,,302.9389114010739,0.0,0.0,0.0,0.0,60.0,path,forest
8811aa6b37fffff,8,2,0.0,0.0,1.0,0.0,0.0,0.0,3.5,2.5,53.75,0.5,784.8444925276424,,651.8832893656769,0.0,0.0,0.0,0.0,60.0,service,industrial
8811aa6b39fffff,8,5,0.0,0.0,0.6,0.8,0.6,0.0,3.8,4.4,45.385714285714286,0.6,117.07639741787109,,30.61140510904683,2.0,7.0,0.0,2.0,60.0,service,retail
8811aa6b3bfffff,8,4,0.0,0.0,1.0,0.25,0.75,0.0,4.25,2.0,32.625,0.0,570.356058697359,,46.79448554608808,2.0,4.0,0.0,4.0,60.0,path,forest
8811aa6b41fffff,8,51,0.0,0.0,0.5098039215686274,0.5686274509803921,0.19607843137254902,0.0,3.6470588235294117,3.803921568627451,41.13207282913166,0.6078431372549019,103.08893281999528,,168.95147895951254,0.0,9.0,0.0,6.0,60.0,service,industrial
8811aa6b43fffff,8,20,0.0,0.0,0.35,0.1,0.15,0.0,2.85,3.1,39.9225,0.6,259.880139436382,,201.21284953531048,0.0,7.0,0.0,6.0,60.0,footway,residential
8811aa6b45fffff,8,34,0.0,0.0,0.6764705882352942,0.47058823529411764,0.23529411764705882,0.0,3.5588235294117645,3.088235294117647,48.154411764705884,0.4117647058823529,319.0741179584782,,227.66867011052292,0.0,5.0,0.0,5.0,60.0,path,residential
8811aa6b47fffff,8,19,0.0,0.0,0.5789473684210527,0.3157894736842105,0.2631578947368421,0.0,3.8947368421052633,2.4210526315789473,58.13157894736842,0.3684210526315789,335.2856633433627,,157.33538734979808,0.0,3.0,0.0,3.0,60.0,footway,residential
8811aa6b49fffff,8,8,0.0,0.0,0.375,0.125,0.0,0.0,2.75,1.75,66.20833333333333,0.0,573.742340569709,,89.14644219422911,1.0,4.0,0.0,4.0,60.0,service,industrial
8811aa6b4bfffff,8,8,0.0,0.0,1.0,0.25,0.375,0.0,4.0,4.875,29.104166666666668,0.75,217.8104449771185,,185.27899381620963,0.0,6.0,0.0,4.0,60.0,service,residential
8811aa6b4dfffff,8,23,0.0,0.0,0.6521739130434783,0.6956521739130435,0.13043478260869565,0.0,3.4782608695652173,3.347826086956522,50.54347826086956,0.6521739130434783,257.61995552455096,,238.2687808487725,0.0,6.0,0.0,3.0,60.0,service,commercial
8811aa6b51fffff,8,43,1.0,0.0,0.813953488372093,0.5581395348837209,0.09302325581395349,0.0,4.023255813953488,3.2093023255813953,47.40930232558139,0.5581395348837209,92.87737675672408,,56.68029885021572,3.0,15.0,0.0,13.0,60.0,service,residential
8811aa6b53fffff,8,7,0.0,0.0,0.8571428571428571,0.14285714285714285,0.0,0.0,3.4285714285714284,2.857142857142857,41.80952380952381,0.42857142857142855,500.9484421007713,,47.42425445237581,2.0,3.0,0.0,3.0,60.0,footway,residential
8811aa6b55fffff,8,22,0.0,0.0,0.5,0.45454545454545453,0.18181818181818182,0.0,3.0454545454545454,2.8636363636363638,48.44848484848485,0.45454545454545453,110.34849054087407,,49.13673265688032,1.0,17.0,0.0,7.0,60.0,service,residential
8811aa6b57fffff,8,32,0.0,0.0,0.375,0.375,0.09375,0.0,3.65625,2.875,52.55260416666667,0.46875,190.48264193986182,,224.6575619662406,0.0,8.0,0.0,5.0,60.0,footway,residential
8811aa6b59fffff,8,31,1.0,0.0,0.6129032258064516,0.5806451612903226,0.12903225806451613,0.0,3.0,2.870967741935484,49.05591397849462,0.41935483870967744,88.68876275021053,,55.357842429096756,3.0,11.0,0.0,9.0,60.0,secondary,residential
8811aa6b5bfffff,8,5,0.0,0.0,0.8,0.6,0.0,0.0,3.4,2.8,39.5,0.4,391.7880295503274,,377.336277274425,0.0,0.0,0.0,0.0,60.0,service,residential
8811aa6b5dfffff,8,19,1.0,0.0,0.8421052631578947,0.6842105263157895,0.21052631578947367,0.0,3.789473684210526,2.5789473684210527,47.771929824561404,0.3157894736842105,99.14750557791005,,51.75474800451453,3.0,16.0,0.0,13.0,60.0,service,residential
8811aa6b61fffff,8,32,0.0,0.0,0.46875,0.1875,0.25,0.0,2.25,3.5625,53.15126488095238,0.625,227.38299831681653,,121.57807754853353,0.0,9.0,0.0,7.0,60.0,service,residential
8811aa6b63fffff,8,8,0.0,0.0,0.375,0.0,0.25,0.0,2.0,2.25,57.0,0.375,458.3856395218956,,81.83409673901322,1.0,2.0,0.0,2.0,60.0,footway,park
8811aa6b65fffff,8,19,0.0,0.0,0.3157894736842105,0.47368421052631576,0.2631578947368421,0.0,2.526315789473684,3.3684210526315788,44.088345864661655,0.42105263157894735,109.8232641116297,,132.08970752555996,0.0,6.0,0.0,2.0,60.0,footway,park
8811aa6b67fffff,8,22,0.0,0.0,0.36363636363636365,0.09090909090909091,0.18181818181818182,0.0,2.272727272727273,2.409090909090909,53.42045454545455,0.36363636363636365,258.08113380401795,,38.656481176640106,2.0,8.0,0.0,7.0,60.0,steps,residential
8811aa6b69fffff,8,9,0.0,0.0,0.4444444444444444,0.2222222222222222,0.1111111111111111,0.0,3.3333333333333335,3.6666666666666665,40.574074074074076,0.6666666666666666,316.13766205038183,,91.03460951601255,1.0,3.0,0.0,3.0,60.0,footway,park
8811aa6b6bfffff,8,17,1.0,0.0,0.6470588235294118,0.4117647058823529,0.23529411764705882,0.0,4.235294117647059,2.823529411764706,49.34803921568627,0.47058823529411764,63.94109875646954,,53.55780894856157,3.0,7.0,0.0,5.0,60.0,footway,residential
8811aa6b6dfffff,8,14,0.0,0.0,0.5,0.0,0.5,0.0,2.357142857142857,2.7857142857142856,50.24404761904761,0.42857142857142855,525.4563904604005,,212.1898638065152,0.0,3.0,0.0,3.0,60.0,service,residential
8811aa7001fffff,8,12,0.0,0.0,0.4166666666666667,0.5,0.08333333333333333,0.0,3.1666666666666665,1.8333333333333333,45.916666666666664,0.0,186.77717558327518,,116.2008342859783,0.0,7.0,0.0,5.0,60.0,service,park
8811aa7003fffff,8,18,0.0,0.0,0.5,0.3333333333333333,0.0,0.0,2.388888888888889,2.388888888888889,52.54901960784314,0.3333333333333333,333.47580266976206,,174.61009399069525,0.0,5.0,0.0,5.0,60.0,service,residential
8811aa7005fffff,8,6,1.0,0.0,0.5,0.16666666666666666,0.0,0.0,2.3333333333333335,1.8333333333333333,44.166666666666664,0.0,49.082531376575446,,101.77717015815578,2.0,8.0,0.0,6.0,60.0,tertiary,cemetery
8811aa7007fffff,8,5,0.0,0.0,0.4,0.2,0.4,0.0,3.0,2.0,35.5,0.2,416.7355177660167,,192.99549128482073,0.0,2.0,0.0,2.0,60.0,footway,park
8811aa7009fffff,8,21,,,0.38095238095238093,0.14285714285714285,0.047619047619047616,0.0,2.4285714285714284,2.0476190476190474,46.785714285714285,0.047619047619047616,,,,,,,,,,
8811aa700bfffff,8,19,1.0,0.0,0.3157894736842105,0.2631578947368421,0.10526315789473684,0.0,2.1578947368421053,3.4210526315789473,39.9078947368421,0.7368421052631579,85.90692953874036,,51.61227240987851,3.0,6.0,0.0,5.0,60.0,footway,residential
8811aa700dfffff,8,28,1.0,0.0,0.32142857142857145,0.14285714285714285,0.10714285714285714,0.0,2.75,2.2857142857142856,59.50925925925926,0.21428571428571427,70.21823274503454,,105.07280699893239,1.0,11.0,0.0,7.0,60.0,footway,residential
8811aa7011fffff,8,10,0.0,0.0,0.1,0.2,0.2,0.0,1.8,3.3,40.85,0.7,236.31680074560285,,226.1227747015872,0.0,6.0,0.0,3.0,60.0,service,industrial
8811aa7013fffff,8,25,1.0,0.0,0.28,0.4,0.28,0.0,2.28,3.16,58.659333333333336,0.48,77.09189258826822,,61.94850627287257,3.0,5.0,0.0,3.0,60.0,service,residential
8811aa7015fffff,8,5,0.0,0.0,0.0,0.2,0.4,0.0,2.2,2.6,41.0,0.4,600.4482895727136,,414.88418398753413,0.0,0.0,0.0,0.0,60.0,service,industrial
8811aa7017fffff,8,11,0.0,0.0,0.0,0.09090909090909091,0.36363636363636365,0.0,2.4545454545454546,3.090909090909091,37.18181818181818,0.5454545454545454,356.7026412553278,,130.04289923043947,0.0,1.0,0.0,1.0,60.0,service,residential
8811aa7019fffff,8,17,0.0,0.0,0.29411764705882354,0.29411764705882354,0.35294117647058826,0.0,2.7058823529411766,3.0,42.4625,0.4117647058823529,236.21575324612112,,271.8846881098711,0.0,3.0,0.0,2.0,90.0,primary,residential
8811aa701bfffff,8,22,0.0,0.0,0.45454545454545453,0.5,0.22727272727272727,0.0,2.409090909090909,4.363636363636363,44.68030303030303,0.5909090909090909,207.76243389818129,,223.38171075090406,0.0,8.0,0.0,5.0,60.0,service,industrial
8811aa701dfffff,8,20,0.0,0.0,0.6,0.7,0.1,0.0,2.9,2.85,46.25833333333333,0.45,222.783484363097,,181.85547608724116,0.0,9.0,0.0,8.0,60.0,residential,residential
8811aa7021fffff,8,14,0.0,0.0,0.5,0.35714285714285715,0.14285714285714285,0.0,3.0,2.142857142857143,49.17857142857143,0.07142857142857142,145.37676783789638,,284.83352019953867,0.0,4.0,0.0,1.0,60.0,service,residential
8811aa7023fffff,8,12,,,0.25,0.25,0.08333333333333333,0.0,2.25,2.5833333333333335,35.36796536796537,0.08333333333333333,,,,,,,,,,
8811aa7025fffff,8,20,0.0,0.0,0.15,0.15,0.35,0.0,2.2,2.95,39.11666666666667,0.3,187.48213930957795,,138.89760841658705,0.0,6.0,0.0,4.0,60.0,footway,residential
8811aa7027fffff,8,8,0.0,0.0,0.375,0.625,0.125,0.0,3.0,2.5,41.041666666666664,0.0,373.50458594280866,,182.21171326995375,0.0,2.0,0.0,2.0,60.0,footway,residential
8811aa7029fffff,8,4,0.0,0.0,0.0,0.0,0.25,0.0,2.25,2.0,49.125,0.0,353.5331057882956,,414.8691289501428,0.0,0.0,0.0,0.0,60.0,service,industrial
8811aa702bfffff,8,16,,,0.5,0.6875,0.0,0.0,2.4375,2.3125,73.859375,0.25,,,,,,,,,,
8811aa702dfffff,8,14,0.0,0.0,0.5,0.42857142857142855,0.21428571428571427,0.0,2.7142857142857144,1.8571428571428572,53.714285714285715,0.07142857142857142,314.18417848737437,,164.1553300984052,0.0,2.0,0.0,2.0,60.0,service,residential
8811aa7031fffff,8,10,0.0,0.0,0.4,0.5,0.1,0.0,3.4,2.9,73.4,0.5,197.1009460044395,,22.243707735246513,1.0,11.0,0.0,8.0,60.0,service,residential
8811aa7033fffff,8,17,0.0,0.0,0.0,0.5294117647058824,0.35294117647058826,0.0,1.8823529411764706,2.823529411764706,57.42156862745099,0.11764705882352941,559.6039928922858,,194.01177953513576,0.0,4.0,0.0,4.0,60.0,service,industrial
8811aa7035fffff,8,14,0.0,0.0,0.5714285714285714,0.21428571428571427,0.14285714285714285,0.0,2.5714285714285716,2.857142857142857,59.535714285714285,0.5,135.0590015529492,,101.17685367914619,0.0,10.0,0.0,6.0,60.0,footway,park
8811aa7037fffff,8,18,0.0,0.0,0.5555555555555556,0.5555555555555556,0.2777777777777778,0.0,2.5,3.2777777777777777,33.476851851851855,0.3888888888888889,151.69414832434975,,192.97443583107872,0.0,9.0,0.0,5.0,60.0,track_grade4,farmland
8811aa7039fffff,8,11,0.0,0.0,0.45454545454545453,0.5454545454545454,0.09090909090909091,0.0,2.8181818181818183,2.909090909090909,42.63636363636363,0.5454545454545454,428.95321945213095,,246.26423303539988,0.0,4.0,0.0,4.0,60.0,service,industrial
8811aa703bfffff,8,10,0.0,0.0,0.1,0.0,0.5,0.0,1.6,3.8,46.18333333333333,0.7,690.1731829064274,,295.2864223375502,0.0,1.0,0.0,1.0,60.0,service,industrial
8811aa703dfffff,8,23,1.0,0.0,0.34782608695652173,0.5652173913043478,0.13043478260869565,0.0,2.608695652173913,2.0869565217391304,66.8768115942029,0.08695652173913043,68.31465402223348,,120.32604864743408,2.0,8.0,0.0,4.0,60.0,service,residential
8811aa7041fffff,8,6,0.0,0.0,0.3333333333333333,0.5,0.16666666666666666,0.0,2.6666666666666665,3.8333333333333335,31.566666666666666,0.6666666666666666,792.1203579294265,,150.1788593364729,0.0,7.0,0.0,7.0,60.0,footway,park
8811aa7043fffff,8,18,0.0,0.0,0.5,0.16666666666666666,0.2777777777777778,0.0,2.6666666666666665,3.0555555555555554,48.69117647058823,0.5555555555555556,252.7703541467326,,243.59262118861432,0.0,7.0,0.0,6.0,60.0,footway,forest
8811aa7045fffff,8,2,0.0,0.0,1.0,0.0,0.5,0.0,2.0,2.0,44.75,0.0,781.6217569272324,,300.92948405506297,0.0,0.0,0.0,0.0,60.0,footway,park
8811aa7047fffff,8,11,0.0,0.0,0.0,0.18181818181818182,0.5454545454545454,0.0,1.4545454545454546,3.5454545454545454,42.15,0.6363636363636364,222.25570602702666,,96.54402369436383,1.0,3.0,0.0,2.0,60.0,service,residential
8811aa7049fffff,8,22,0.0,0.0,0.4090909090909091,0.5,0.2727272727272727,0.0,2.409090909090909,2.6818181818181817,47.45238095238095,0.4090909090909091,162.89109308049834,,148.62474738770402,0.0,6.0,0.0,4.0,60.0,footway,forest
8811aa704bfffff,8,8,0.0,0.0,0.375,0.0,0.625,0.0,1.625,5.0,37.05,1.0,1006.0206836674204,,212.09652067123838,0.0,2.0,0.0,2.0,60.0,unclassified,forest
8811aa704dfffff,8,20,0.0,0.0,0.3,0.35,0.5,0.0,2.05,3.05,57.41916666666666,0.55,252.89008752800584,,123.25435613066138,0.0,6.0,0.0,5.0,20.0,service,residential
8811aa7051fffff,8,25,0.0,0.0,0.44,0.36,0.12,0.0,2.64,2.76,47.03666666666667,0.4,186.109914539555,,150.64461041436402,0.0,10.0,0.0,8.0,60.0,service,residential
8811aa7053fffff,8,15,,,0.4666666666666667,0.13333333333333333,0.4,0.0,2.1333333333333333,2.8666666666666667,50.526666666666664,0.4666666666666667,,,,,,,,,,
8811aa7055fffff,8,17,0.0,0.0,0.5882352941176471,0.5294117647058824,0.23529411764705882,0.0,3.176470588235294,2.5294117647058822,61.28125,0.35294117647058826,182.59625687492203,,205.16237707768227,0.0,6.0,0.0,4.0,60.0,secondary,park
8811aa7057fffff,8,20,0.0,0.0,0.5,0.2,0.1,0.0,2.6,2.8,40.56578947368421,0.55,463.62636886402225,,142.51110871725817,0.0,7.0,0.0,7.0,60.0,service,residential
8811aa7059fffff,8,22,0.0,0.0,0.4090909090909091,0.4090909090909091,0.045454545454545456,0.0,2.909090909090909,3.0454545454545454,39.73968253968254,0.5,230.24104229920778,,54.61691030487804,1.0,6.0,0.0,5.0,60.0,residential,residential
8811aa705bfffff,8,15,0.0,0.0,0.2,0.2,0.26666666666666666,0.0,2.066666666666667,3.1333333333333333,43.7,0.6666666666666666,172.59129576755583,,297.47713334832446,0.0,2.0,0.0,1.0,60.0,service,residential
8811aa705dfffff,8,11,0.0,0.0,0.45454545454545453,0.0,0.2727272727272727,0.0,2.8181818181818183,3.5454545454545454,39.79545454545455,0.8181818181818182,565.5287592026136,,229.42844494928602,0.0,4.0,0.0,4.0,60.0,service,residential
8811aa7063fffff,8,22,0.0,0.0,0.13636363636363635,0.045454545454545456,0.45454545454545453,0.0,2.227272727272727,2.772727272727273,50.777272727272724,0.36363636363636365,166.37817203769305,,126.07469164683909,0.0,5.0,0.0,3.0,60.0,service,industrial
8811aa7067fffff,8,23,1.0,0.0,0.17391304347826086,0.30434782608695654,0.21739130434782608,0.0,1.826086956521739,4.6521739130434785,39.02060041407868,0.7391304347826086,28.068497592317982,,108.74969210178394,2.0,7.0,0.0,4.0,60.0,tertiary,grass
8811aa7069fffff,8,2,0.0,0.0,0.0,0.0,1.0,0.0,1.5,2.0,35.75,0.0,987.1974082681701,,123.43307974868516,0.0,1.0,0.0,1.0,60.0,service,residential
8811aa706bfffff,8,17,0.0,0.0,0.17647058823529413,0.47058823529411764,0.4117647058823529,0.0,2.1176470588235294,3.9411764705882355,55.08627450980392,0.6470588235294118,337.8525007485147,,234.82733845697828,0.0,3.0,0.0,3.0,60.0,footway,commercial
8811aa7081fffff,8,29,1.0,0.0,0.2413793103448276,0.20689655172413793,0.3103448275862069,0.0,2.689655172413793,3.586206896551724,34.80344827586207,0.4827586206896552,65.58803368173002,,118.19214302979735,1.0,9.0,0.0,5.0,60.0,secondary,park
8811aa7083fffff,8,13,0.0,0.0,0.38461538461538464,0.0,0.07692307692307693,0.0,2.4615384615384617,2.0,69.67307692307692,0.3076923076923077,496.3738830642537,,232.27519492456616,0.0,4.0,0.0,4.0,60.0,service,residential
8811aa7085fffff,8,20,0.0,0.0,0.15,0.5,0.05,0.0,2.5,2.2,59.425,0.1,376.4545599875188,,84.92881453982173,1.0,5.0,0.0,5.0,60.0,secondary,residential
8811aa7087fffff,8,7,0.0,0.0,0.2857142857142857,0.0,0.2857142857142857,0.0,2.7142857142857144,2.2857142857142856,118.03571428571429,0.2857142857142857,649.8495987995718,,363.5060555037882,0.0,0.0,0.0,0.0,60.0,service,industrial
8811aa7089fffff,8,5,0.0,0.0,0.4,0.2,0.2,0.0,2.0,2.8,41.5,0.4,274.3870557362017,,240.34517047403295,0.0,4.0,0.0,3.0,60.0,service,industrial
8811aa708bfffff,8,33,0.0,0.0,0.3333333333333333,0.696969696969697,0.24242424242424243,0.0,3.484848484848485,4.787878787878788,36.11742424242424,0.696969696969697,276.53424232978597,,177.99705873263682,0.0,9.0,0.0,5.0,60.0,service,industrial
8811aa708dfffff,8,6,0.0,0.0,0.16666666666666666,0.16666666666666666,0.16666666666666666,0.0,1.5,2.0,53.916666666666664,0.0,472.9417182351331,,19.62178829897283,2.0,2.0,0.0,2.0,60.0,service,residential
8811aa7091fffff,8,41,1.0,0.0,0.6341463414634146,0.2926829268292683,0.2682926829268293,0.0,3.317073170731707,2.5365853658536586,42.920833333333334,0.07317073170731707,29.31081719702055,,28.62281236323178,4.0,11.0,0.0,6.0,60.0,footway,grass
8811aa7093fffff,8,13,0.0,0.0,0.5384615384615384,0.0,0.6153846153846154,0.0,2.923076923076923,6.6923076923076925,38.44871794871795,0.6923076923076923,818.7162951184599,,146.86009729826097,0.0,4.0,0.0,4.0,60.0,service,forest
8811aa7095fffff,8,29,0.0,0.0,0.41379310344827586,0.20689655172413793,0.034482758620689655,0.0,2.9310344827586206,1.8620689655172413,57.33908045977011,0.034482758620689655,404.91201218523116,,165.7090181984501,0.0,3.0,0.0,3.0,60.0,footway,residential
8811aa7097fffff,8,26,0.0,0.0,0.38461538461538464,0.19230769230769232,0.2692307692307692,0.0,3.0384615384615383,2.1153846153846154,51.15333333333333,0.038461538461538464,123.51860266376369,,150.06039065586344,0.0,9.0,0.0,5.0,60.0,footway,industrial
8811aa7099fffff,8,24,0.0,0.0,0.4166666666666667,0.08333333333333333,0.20833333333333334,0.0,3.0416666666666665,3.25,33.64962121212121,0.25,344.029976669924,,324.4564682486038,0.0,0.0,0.0,0.0,60.0,track,forest
8811aa709bfffff,8,13,0.0,0.0,0.15384615384615385,0.0,0.8461538461538461,0.0,2.076923076923077,8.692307692307692,40.54102564102564,0.9230769230769231,891.5354243484637,,525.7419271732772,0.0,0.0,0.0,0.0,100.0,trunk,forest
8811aa709dfffff,8,20,0.0,0.0,0.25,0.05,0.05,0.0,2.4,1.55,57.23684210526316,0.0,449.38719532310563,,350.0245470228163,0.0,0.0,0.0,0.0,60.0,footway,residential
8811aa70a1fffff,8,8,0.0,0.0,0.25,0.25,0.125,0.0,2.625,1.375,69.41666666666667,0.0,238.6259256890985,,64.20551993799718,1.0,8.0,0.0,5.0,60.0,footway,park
8811aa70a3fffff,8,42,0.0,0.0,0.4523809523809524,0.2857142857142857,0.2619047619047619,0.0,3.1904761904761907,2.6666666666666665,47.230158730158735,0.35714285714285715,233.31171767205936,,169.9775664722256,0.0,7.0,0.0,5.0,60.0,footway,residential
8811aa70a5fffff,8,15,0.0,0.0,0.26666666666666666,0.06666666666666667,0.4,0.0,2.4,2.6,60.077380952380956,0.4,233.98491515164727,,110.24898480355827,0.0,6.0,0.0,4.0,60.0,service,industrial
8811aa70a7fffff,8,17,1.0,0.0,0.35294117647058826,0.47058823529411764,0.0,0.0,2.6470588235294117,2.1176470588235294,51.375,0.23529411764705882,86.3344305444362,,31.02209033627568,3.0,6.0,0.0,4.0,60.0,footway,residential
8811aa70a9fffff,8,31,0.0,0.0,0.25806451612903225,0.4838709677419355,0.1935483870967742,0.0,2.774193548387097,4.580645161290323,39.28333333333333,0.5483870967741935,121.57585413254547,,72.72522087478234,1.0,7.0,0.0,4.0,60.0,steps,residential
8811aa70abfffff,8,32,0.0,0.0,0.3125,0.15625,0.0625,0.0,2.5625,1.96875,53.04838709677419,0.09375,133.76878021446836,,30.385289922079156,2.0,5.0,0.0,4.0,60.0,footway,residential
8811aa70adfffff,8,43,0.0,0.0,0.3023255813953488,0.3953488372093023,0.3023255813953488,0.0,2.86046511627907,4.232558139534884,46.14735772357724,0.4883720930232558,118.05437736893515,,134.38031956445872,0.0,19.0,0.0,6.0,60.0,service,residential
8811aa70b1fffff,8,3,0.0,0.0,0.0,0.0,0.3333333333333333,0.0,1.6666666666666667,1.6666666666666667,55.0,0.0,711.5027601104492,,33.48737360494828,2.0,6.0,0.0,6.0,60.0,service,residential
8811aa70b3fffff,8,10,0.0,0.0,0.3,0.2,0.2,0.0,2.9,1.8,42.5,0.0,526.5252221887886,,401.77580900232266,0.0,0.0,0.0,0.0,60.0,residential,industrial
8811aa70b5fffff,8,10,1.0,0.0,0.2,0.2,0.2,0.0,2.5,3.9,35.696666666666665,0.5,33.28094314864562,,28.230845963215064,7.0,11.0,0.0,6.0,60.0,footway,residential
8811aa70b7fffff,8,19,0.0,0.0,0.5263157894736842,0.3684210526315789,0.15789473684210525,0.0,3.0526315789473686,3.789473684210526,38.01890756302521,0.47368421052631576,331.9266397579487,,221.1217351453231,0.0,2.0,0.0,2.0,60.0,footway,residential
8811aa70b9fffff,8,8,0.0,0.0,0.5,0.375,0.375,0.0,3.25,3.0,49.55,0.5,330.3468655372555,,236.69951513126964,0.0,2.0,0.0,2.0,60.0,secondary,forest
8811aa70bbfffff,8,6,0.0,0.0,0.0,0.0,0.16666666666666666,0.0,1.5,2.3333333333333335,35.041666666666664,0.16666666666666666,536.9594631128248,,310.77278243436035,0.0,0.0,0.0,0.0,60.0,path,forest
8811aa70bdfffff,8,15,0.0,0.0,0.3333333333333333,0.06666666666666667,0.2,0.0,2.6666666666666665,1.6,55.30952380952381,0.0,196.44819156601477,,175.6926973072186,0.0,8.0,0.0,6.0,60.0,service,residential
8811aa70c1fffff,8,28,0.0,0.0,0.42857142857142855,0.5714285714285714,0.17857142857142858,0.0,2.607142857142857,3.0714285714285716,45.60432098765432,0.35714285714285715,190.12053961758588,,213.36128832852714,0.0,5.0,0.0,3.0,60.0,service,commercial
8811aa70c3fffff,8,24,1.0,0.0,0.25,0.20833333333333334,0.20833333333333334,0.0,2.9166666666666665,2.6666666666666665,48.329861111111114,0.20833333333333334,90.57332924256433,,142.61598341323958,1.0,4.0,0.0,3.0,60.0,service,residential
8811aa70c5fffff,8,16,1.0,0.0,0.375,0.5625,0.1875,0.0,2.4375,2.75,46.66888888888889,0.3125,8.861385347888886,,73.09448273974579,6.0,10.0,0.0,6.0,60.0,primary,residential
8811aa70c7fffff,8,17,0.0,0.0,0.35294117647058826,0.35294117647058826,0.23529411764705882,0.0,2.1176470588235294,2.823529411764706,53.63725490196079,0.4117647058823529,183.0762939278976,,141.01281391034647,0.0,9.0,0.0,5.0,60.0,service,residential
8811aa70c9fffff,8,20,0.0,0.0,0.45,0.1,0.1,0.0,2.2,1.85,42.898148148148145,0.0,119.185363473145,,103.52331817026023,0.0,6.0,0.0,4.0,60.0,unclassified,residential
8811aa70cbfffff,8,20,0.0,0.0,0.4,0.5,0.1,0.0,2.65,2.8,38.295833333333334,0.3,215.49036441908325,,230.59265207963207,0.0,6.0,0.0,4.0,60.0,service,industrial
8811aa70cdfffff,8,26,0.0,0.0,0.2692307692307692,0.23076923076923078,0.11538461538461539,0.0,2.423076923076923,2.3846153846153846,52.0,0.3076923076923077,168.01655758834542,,87.20103038370854,1.0,6.0,0.0,5.0,60.0,service,residential
8811aa70d1fffff,8,20,0.0,0.0,0.4,0.15,0.2,0.0,2.55,2.0,47.921052631578945,0.05,207.15176536988102,,191.0191644522023,0.0,4.0,0.0,3.0,60.0,footway,park
8811aa70d3fffff,8,24,0.0,0.0,0.3333333333333333,0.5833333333333334,0.16666666666666666,0.0,3.4583333333333335,3.2916666666666665,47.988425925925924,0.16666666666666666,409.04044591615633,,112.22620976053008,0.0,2.0,0.0,2.0,60.0,service,residential
8811aa70d5fffff,8,7,0.0,0.0,0.42857142857142855,0.14285714285714285,0.5714285714285714,0.0,2.857142857142857,1.7142857142857142,88.64285714285714,0.0,229.25105233547563,,71.58005038404119,1.0,6.0,0.0,5.0,60.0,footway,residential
8811aa70d7fffff,8,44,0.0,0.0,0.4318181818181818,0.5454545454545454,0.1590909090909091,0.0,3.0,3.8863636363636362,37.56686046511628,0.38636363636363635,201.5935777412378,,191.60069627977273,0.0,5.0,0.0,2.0,60.0,service,residential
8811aa70d9fffff,8,9,0.0,0.0,0.1111111111111111,0.2222222222222222,0.0,0.0,1.8888888888888888,1.8888888888888888,53.111111111111114,0.0,599.9936870776218,,117.7727497515203,0.0,1.0,0.0,1.0,60.0,service,residential
8811aa70dbfffff,8,12,0.0,0.0,0.16666666666666666,0.16666666666666666,0.75,0.0,2.3333333333333335,7.166666666666667,39.88484848484848,0.9166666666666666,456.02415430977516,,397.0601222072284,0.0,0.0,0.0,0.0,60.0,service,forest
8811aa70ddfffff,8,15,0.0,0.0,0.4,0.2,0.4,0.0,3.1333333333333333,3.933333333333333,48.22222222222222,0.5333333333333333,218.89679157451752,,65.80550033753241,1.0,3.0,0.0,2.0,60.0,service,industrial
8811aa70e1fffff,8,30,1.0,0.0,0.43333333333333335,0.4,0.13333333333333333,0.0,2.3,2.933333333333333,52.2904214559387,0.4,78.5342967758112,,31.150308894201608,2.0,10.0,0.0,7.0,60.0,footway,residential
8811aa70e3fffff,8,2,0.0,0.0,0.0,0.0,0.0,0.0,2.0,0.0,,0.0,530.5851896112764,,175.687886207566,0.0,1.0,0.0,1.0,60.0,steps,forest
8811aa70e5fffff,8,20,0.0,0.0,0.35,0.35,0.45,0.0,2.6,4.25,37.985,0.55,100.49837964854022,,56.67097600911158,1.0,9.0,0.0,6.0,60.0,footway,forest
8811aa70e7fffff,8,7,0.0,0.0,0.5714285714285714,0.14285714285714285,0.14285714285714285,0.0,2.2857142857142856,2.5714285714285716,57.42857142857143,0.42857142857142855,581.123291800471,,429.2930930365428,0.0,0.0,0.0,0.0,60.0,service,forest
8811aa70e9fffff,8,31,1.0,0.0,0.45161290322580644,0.5806451612903226,0.16129032258064516,0.0,2.5806451612903225,3.7096774193548385,39.990860215053765,0.7096774193548387,88.81026933397445,,149.8331437620452,1.0,14.0,0.0,8.0,60.0,service,park
8811aa70ebfffff,8,26,0.0,0.0,0.46153846153846156,0.2692307692307692,0.07692307692307693,0.0,2.576923076923077,2.1923076923076925,50.8125,0.23076923076923078,275.3706295791554,,116.80920743539875,0.0,5.0,0.0,4.0,60.0,service,residential
8811aa70edfffff,8,3,0.0,0.0,0.6666666666666666,0.6666666666666666,0.0,0.0,3.6666666666666665,3.3333333333333335,44.333333333333336,0.6666666666666666,457.11801853505926,,464.8896504366425,0.0,0.0,0.0,0.0,60.0,service,industrial
8811aa7101fffff,8,14,1.0,0.0,0.7142857142857143,0.2857142857142857,0.07142857142857142,0.0,3.5714285714285716,3.4285714285714284,51.878571428571426,0.5714285714285714,94.06450994898174,,121.11880707525272,1.0,7.0,0.0,5.0,60.0,service,forest
8811aa7103fffff,8,11,,,0.18181818181818182,0.2727272727272727,0.2727272727272727,0.0,2.1818181818181817,2.3636363636363638,42.878787878787875,0.2727272727272727,,,,,,,,,,
8811aa7105fffff,8,20,0.0,0.0,0.6,0.1,0.25,0.0,2.05,4.3,36.10132275132275,0.6,178.2463557237832,,154.30641349926492,0.0,4.0,0.0,3.0,60.0,service,industrial
8811aa7107fffff,8,11,1.0,0.0,0.2727272727272727,0.09090909090909091,0.18181818181818182,0.0,1.5454545454545454,2.909090909090909,43.41666666666667,0.45454545454545453,97.13769179128009,,34.977504345967084,3.0,6.0,0.0,5.0,60.0,tertiary,grass
8811aa7109fffff,8,19,0.0,0.0,0.5263157894736842,0.15789473684210525,0.47368421052631576,0.0,1.7894736842105263,2.736842105263158,46.88947368421052,0.47368421052631576,334.10963020441136,,68.99253511282694,1.0,4.0,0.0,4.0,60.0,service,residential
8811aa710bfffff,8,25,0.0,0.0,0.28,0.52,0.04,0.0,2.72,2.28,57.24305555555555,0.2,194.3539712989088,,154.53264030661444,0.0,9.0,0.0,4.0,60.0,footway,park
8811aa710dfffff,8,11,0.0,0.0,0.2727272727272727,0.0,0.2727272727272727,0.0,1.2727272727272727,1.5454545454545454,57.22727272727273,0.0,399.69333564875956,,152.1379779573689,0.0,2.0,0.0,2.0,60.0,service,forest
8811aa7111fffff,8,17,0.0,0.0,0.058823529411764705,0.35294117647058826,0.11764705882352941,0.0,2.411764705882353,2.1176470588235294,101.17647058823529,0.11764705882352941,271.139745960453,,236.2964417393685,0.0,3.0,0.0,2.0,60.0,service,residential
8811aa7113fffff,8,3,0.0,0.0,0.0,0.3333333333333333,0.0,0.0,2.3333333333333335,1.3333333333333333,54.666666666666664,0.0,566.0712667417137,,563.0298824327275,0.0,0.0,0.0,0.0,60.0,path,grass
8811aa7115fffff,8,36,,,0.4166666666666667,0.19444444444444445,0.6666666666666666,0.0,2.0,4.166666666666667,42.643055555555556,0.75,,,,,,,,,,
8811aa7117fffff,8,22,0.0,0.0,0.3181818181818182,0.7272727272727273,0.09090909090909091,0.0,2.272727272727273,3.0454545454545454,43.68181818181818,0.5909090909090909,117.04906478113566,,121.86338113892556,0.0,10.0,0.0,6.0,60.0,footway,residential
8811aa7119fffff,8,11,0.0,0.0,0.0,0.0,0.09090909090909091,0.0,2.090909090909091,2.0,45.36363636363637,0.0,145.86365116190657,,161.23308006082843,0.0,4.0,0.0,2.0,60.0,service,residential
8811aa711bfffff,8,2,0.0,0.0,0.0,0.0,0.0,0.0,2.5,2.0,48.5,0.0,630.0175949973448,,349.23099381521314,0.0,0.0,0.0,0.0,60.0,footway,grass
8811aa711dfffff,8,35,0.0,0.0,0.22857142857142856,0.2,0.5428571428571428,0.0,1.7428571428571429,3.657142857142857,42.18946608946609,0.5714285714285714,413.1506368224495,,241.99117962468048,0.0,5.0,0.0,5.0,60.0,footway,park
8811aa7121fffff,8,19,1.0,0.0,0.10526315789473684,0.3684210526315789,0.10526315789473684,0.0,2.1052631578947367,2.736842105263158,60.23684210526316,0.10526315789473684,92.45245943442923,,187.5092480431721,1.0,9.0,0.0,3.0,60.0,service,industrial
8811aa7123fffff,8,12,0.0,0.0,0.3333333333333333,0.16666666666666666,0.5,0.0,2.8333333333333335,3.0,46.49801587301587,0.3333333333333333,321.05014252032333,,265.1146948621634,0.0,3.0,0.0,3.0,60.0,footway,industrial
8811aa7125fffff,8,23,0.0,0.0,0.391304347826087,0.34782608695652173,0.2608695652173913,0.0,2.0,3.782608695652174,43.710144927536234,0.391304347826087,426.4884016740844,,176.964693634063,0.0,6.0,0.0,6.0,60.0,secondary,forest
8811aa7127fffff,8,31,0.0,0.0,0.03225806451612903,0.1935483870967742,0.3870967741935484,0.0,1.6129032258064515,4.32258064516129,44.035714285714285,0.5161290322580645,585.8508889467323,,132.57307661130034,0.0,6.0,0.0,6.0,60.0,footway,residential
8811aa7129fffff,8,16,0.0,0.0,0.125,0.25,0.1875,0.0,2.1875,4.25,74.296875,0.625,147.42604285971095,,116.50885388759173,0.0,6.0,0.0,4.0,40.0,tertiary,industrial
8811aa712bfffff,8,39,,,0.358974358974359,0.46153846153846156,0.07692307692307693,0.0,2.4615384615384617,3.4871794871794872,48.797008547008545,0.358974358974359,,,,,,,,,,
8811aa712dfffff,8,10,0.0,0.0,0.1,0.3,0.5,0.0,2.3,1.6,62.15,0.0,635.8282499757281,,196.28350712521154,0.0,2.0,0.0,2.0,60.0,footway,residential
8811aa7131fffff,8,8,0.0,0.0,0.5,0.75,0.0,0.0,3.375,5.25,38.66666666666667,0.875,196.34707173325302,,203.36604298692265,0.0,7.0,0.0,4.0,60.0,service,industrial
8811aa7133fffff,8,62,0.0,0.0,0.22580645161290322,0.0967741935483871,0.5483870967741935,0.0,1.8387096774193548,3.7903225806451615,37.967213114754095,0.6451612903225806,110.36690511929342,,75.08766302204671,2.0,12.0,0.0,10.0,60.0,footway,grass
8811aa7135fffff,8,19,0.0,0.0,0.15789473684210525,0.42105263157894735,0.21052631578947367,0.0,2.3684210526315788,2.8421052631578947,53.412781954887215,0.2631578947368421,230.04461929543695,,214.28181274683303,0.0,4.0,0.0,3.0,60.0,service,grass
8811aa7137fffff,8,50,0.0,0.0,0.44,0.22,0.42,0.0,2.66,3.88,43.626999999999995,0.72,190.05924912966537,,122.46461316576656,0.0,12.0,0.0,9.0,60.0,service,residential
8811aa7139fffff,8,33,0.0,0.0,0.030303030303030304,0.24242424242424243,0.15151515151515152,0.0,2.242424242424242,3.212121212121212,62.507440476190474,0.45454545454545453,212.58028120276248,,197.42734040869095,0.0,7.0,0.0,3.0,60.0,footway,retail
8811aa713bfffff,8,43,0.0,0.0,0.27906976744186046,0.3953488372093023,0.37209302325581395,0.0,2.1627906976744184,3.255813953488372,44.230555555555554,0.46511627906976744,399.30558147697536,,30.872143539597683,1.0,3.0,0.0,3.0,60.0,footway,commercial
8811aa713dfffff,8,17,0.0,0.0,0.11764705882352941,0.47058823529411764,0.058823529411764705,0.0,2.411764705882353,2.6470588235294117,54.568627450980394,0.23529411764705882,210.3245936801362,,180.1136917023179,0.0,6.0,0.0,4.0,60.0,footway,commercial
8811aa7141fffff,8,24,0.0,0.0,0.25,0.25,0.16666666666666666,0.0,1.75,1.9166666666666667,65.46376811594203,0.0,310.1796475112131,,120.08858703895832,0.0,3.0,0.0,3.0,60.0,footway,residential
8811aa7143fffff,8,27,0.0,0.0,0.5555555555555556,0.37037037037037035,0.4074074074074074,0.0,2.259259259259259,2.925925925925926,45.73148148148148,0.37037037037037035,266.04930348299104,,126.30325452072272,0.0,6.0,0.0,5.0,60.0,service,residential
8811aa7145fffff,8,23,0.0,0.0,0.43478260869565216,0.21739130434782608,0.391304347826087,0.0,2.3043478260869565,3.5652173913043477,39.948550724637684,0.5217391304347826,333.47948144185125,,259.8526213102154,0.0,2.0,0.0,2.0,60.0,footway,residential
8811aa7147fffff,8,33,0.0,0.0,0.3333333333333333,0.3333333333333333,0.36363636363636365,0.0,2.5454545454545454,2.272727272727273,41.646111111111104,0.18181818181818182,227.94562141737856,,197.1029064087555,0.0,5.0,0.0,2.0,60.0,footway,forest
8811aa7149fffff,8,19,0.0,0.0,0.15789473684210525,0.0,0.42105263157894735,0.0,1.8421052631578947,1.894736842105263,39.55263157894737,0.05263157894736842,439.22861937596366,,305.8319723992418,0.0,0.0,0.0,0.0,60.0,service,industrial
8811aa714bfffff,8,10,0.0,0.0,0.3,0.2,0.2,0.0,2.1,1.9,46.2,0.0,646.1522013412167,,332.46678057567965,0.0,0.0,0.0,0.0,60.0,service,industrial
8811aa714dfffff,8,21,0.0,0.0,0.2857142857142857,0.14285714285714285,0.19047619047619047,0.0,1.9047619047619047,1.8571428571428572,59.1,0.23809523809523808,118.67886078291478,,77.2246092821762,2.0,7.0,0.0,6.0,60.0,footway,residential
8811aa7151fffff,8,22,0.0,0.0,0.5,0.22727272727272727,0.36363636363636365,0.0,2.772727272727273,3.9545454545454546,40.65,0.5454545454545454,281.91993101205765,,151.09440418264046,0.0,9.0,0.0,5.0,60.0,service,residential
8811aa7153fffff,8,20,0.0,0.0,0.2,0.1,0.65,0.0,1.6,3.7,44.211666666666666,0.7,398.78634596010016,,273.3653181274823,0.0,1.0,0.0,1.0,60.0,service,industrial
8811aa7155fffff,8,23,0.0,0.0,0.30434782608695654,0.21739130434782608,0.17391304347826086,0.0,1.9565217391304348,2.5217391304347827,47.5,0.13043478260869565,175.64011017737377,,184.5527631685027,0.0,7.0,0.0,3.0,20.0,service,residential
8811aa7157fffff,8,47,,,0.2765957446808511,0.10638297872340426,0.2978723404255319,0.0,2.0,2.6808510638297873,41.49166666666667,0.19148936170212766,,,,,,,,,secondary,residential
8811aa7159fffff,8,16,0.0,0.0,0.4375,0.1875,0.375,0.0,1.875,3.1875,43.09427083333333,0.3125,255.88388966912643,,40.22265466495976,2.0,4.0,0.0,3.0,60.0,footway,forest
8811aa715bfffff,8,36,0.0,0.0,0.4166666666666667,0.2777777777777778,0.3055555555555556,0.0,2.0833333333333335,2.6666666666666665,55.86651234567901,0.25,422.10705815673384,,96.90710848194446,1.0,2.0,0.0,2.0,60.0,footway,residential
8811aa715dfffff,8,19,0.0,0.0,0.2631578947368421,0.42105263157894735,0.21052631578947367,0.0,2.263157894736842,2.210526315789474,48.029411764705884,0.15789473684210525,259.3696585771548,,193.64083506707203,0.0,5.0,0.0,4.0,60.0,service,forest
8811aa7161fffff,8,18,0.0,0.0,0.4444444444444444,0.16666666666666666,0.2777777777777778,0.0,1.9444444444444444,3.3333333333333335,52.67777777777778,0.4444444444444444,596.4249827221581,,87.78546164917086,1.0,2.0,0.0,2.0,60.0,service,residential
8811aa7163fffff,8,37,0.0,0.0,0.4864864864864865,0.2972972972972973,0.35135135135135137,0.0,2.189189189189189,3.4324324324324325,48.5474537037037,0.5675675675675675,289.80473714387335,,50.172534538468625,2.0,6.0,0.0,5.0,60.0,footway,residential
8811aa7165fffff,8,8,0.0,0.0,0.375,0.0,0.25,0.0,2.25,1.625,58.75,0.0,587.9409633008611,,257.282211040736,0.0,2.0,0.0,2.0,60.0,service,industrial
8811aa7167fffff,8,6,0.0,0.0,0.3333333333333333,0.3333333333333333,0.3333333333333333,0.0,2.6666666666666665,2.3333333333333335,47.916666666666664,0.16666666666666666,519.6535236428375,,322.0452001171627,0.0,0.0,0.0,0.0,60.0,path,residential
8811aa7169fffff,8,33,0.0,0.0,0.42424242424242425,0.06060606060606061,0.42424242424242425,0.0,1.9696969696969697,3.1515151515151514,40.145161290322584,0.45454545454545453,448.50503113687466,,79.17940630853984,2.0,3.0,0.0,3.0,60.0,secondary,grass
8811aa716bfffff,8,21,0.0,0.0,0.2857142857142857,0.19047619047619047,0.19047619047619047,0.0,1.5714285714285714,2.619047619047619,42.95238095238095,0.38095238095238093,256.37298275810343,,251.76658166712383,0.0,3.0,0.0,1.0,60.0,footway,residential
8811aa716dfffff,8,5,0.0,0.0,0.2,0.0,0.4,0.0,1.4,2.8,42.55,0.4,166.3747018895258,,155.80584034181388,0.0,9.0,0.0,7.0,60.0,service,forest
8811aa7181fffff,8,16,1.0,0.0,0.4375,0.375,0.125,0.0,3.3125,2.875,50.802083333333336,0.4375,24.032261830904417,,85.00442122602455,7.0,10.0,0.0,6.0,60.0,secondary,residential
8811aa7183fffff,8,18,0.0,0.0,0.3888888888888889,0.2777777777777778,0.3888888888888889,0.0,2.6666666666666665,2.2222222222222223,44.4375,0.2777777777777778,169.2433747747017,,143.92170148476148,0.0,4.0,0.0,2.0,60.0,footway,residential
8811aa7185fffff,8,20,,,0.3,0.5,0.05,0.0,2.7,2.35,40.4,0.25,,,,,,,,,,
8811aa7187fffff,8,11,0.0,0.0,0.36363636363636365,0.0,0.18181818181818182,0.0,2.4545454545454546,2.4545454545454546,44.46969696969697,0.36363636363636365,353.97586476798296,,38.04719058704891,1.0,1.0,0.0,1.0,60.0,service,industrial
8811aa7189fffff,8,39,0.0,0.0,0.358974358974359,0.20512820512820512,0.28205128205128205,0.0,2.6923076923076925,3.1538461538461537,48.09900284900285,0.358974358974359,308.10681571401534,,163.9561847805495,0.0,3.0,0.0,3.0,60.0,service,residential
8811aa718bfffff,8,8,0.0,0.0,0.5,0.375,0.0,0.0,2.625,1.5,61.875,0.0,250.84327156464116,,98.77483256925775,1.0,6.0,0.0,5.0,30.0,residential,residential
8811aa718dfffff,8,35,0.0,0.0,0.4,0.4,0.17142857142857143,0.0,2.6,3.0285714285714285,39.69618055555556,0.2857142857142857,294.34423735802244,,200.61136562650668,0.0,7.0,0.0,6.0,10.0,service,forest
8811aa7193fffff,8,20,0.0,0.0,0.25,0.3,0.35,0.0,2.95,4.0,42.23571428571428,0.45,281.4235059408695,,332.60894115084403,0.0,2.0,0.0,0.0,60.0,service,park
8811aa7195fffff,8,6,0.0,0.0,0.0,0.0,0.3333333333333333,0.0,1.6666666666666667,1.0,147.6,0.0,751.9244611454859,,129.8016482766758,0.0,2.0,0.0,2.0,20.0,service,forest
8811aa7197fffff,8,6,0.0,0.0,0.0,0.16666666666666666,0.16666666666666666,0.0,2.0,1.5,44.166666666666664,0.0,646.3172848311854,,216.06439136239143,0.0,3.0,0.0,3.0,60.0,footway,park
8811aa7199fffff,8,2,0.0,0.0,0.5,0.0,0.0,0.0,3.5,3.0,45.0,0.5,481.5659973549034,,661.1146260001135,0.0,0.0,0.0,0.0,60.0,path,park
8811aa719bfffff,8,13,0.0,0.0,0.0,0.15384615384615385,0.6153846153846154,0.0,1.6923076923076923,4.153846153846154,40.80128205128205,0.5384615384615384,396.6699535919533,,362.2304886885911,0.0,0.0,0.0,0.0,60.0,service,industrial
8811aa719dfffff,8,1,0.0,0.0,0.0,0.0,0.0,0.0,2.0,2.0,36.0,0.0,354.97434041788244,,333.4634646912608,0.0,0.0,0.0,0.0,60.0,path,park
8811aa71a1fffff,8,11,0.0,0.0,0.36363636363636365,0.5454545454545454,0.18181818181818182,0.0,3.0,1.6363636363636365,56.86363636363637,0.0,606.6719905888049,,394.05678458739516,0.0,0.0,0.0,0.0,60.0,service,industrial
8811aa71a3fffff,8,33,1.0,0.0,0.36363636363636365,0.5151515151515151,0.18181818181818182,0.0,3.484848484848485,3.0303030303030303,52.92323232323233,0.3939393939393939,66.38330846998679,,28.78572289787001,3.0,9.0,0.0,5.0,60.0,secondary,residential
8811aa71a5fffff,8,45,0.0,0.0,0.2,0.28888888888888886,0.35555555555555557,0.0,2.6,3.8,45.53741800834824,0.35555555555555557,405.9497974950508,,103.61943795512141,0.0,6.0,0.0,6.0,60.0,service,commercial
8811aa71a7fffff,8,28,1.0,0.0,0.4642857142857143,0.5714285714285714,0.32142857142857145,0.0,3.25,3.857142857142857,42.91481481481482,0.6428571428571429,27.137600554941866,,64.32366371977314,4.0,14.0,0.0,5.0,60.0,footway,grass
8811aa71a9fffff,8,19,0.0,0.0,0.21052631578947367,0.0,0.05263157894736842,0.0,2.263157894736842,1.736842105263158,41.0462962962963,0.0,165.7818898619805,,168.65182219967653,0.0,5.0,0.0,2.0,60.0,service,industrial
8811aa71abfffff,8,12,0.0,0.0,0.3333333333333333,0.5833333333333334,0.25,0.0,2.6666666666666665,3.3333333333333335,36.68181818181818,0.5833333333333334,234.4886062461618,,102.22176709991656,0.0,9.0,0.0,5.0,60.0,service,industrial
8811aa71adfffff,8,12,0.0,0.0,0.4166666666666667,0.5,0.25,0.0,4.0,2.0,55.19444444444445,0.08333333333333333,438.2211886333686,,385.93338661504094,0.0,0.0,0.0,0.0,60.0,service,commercial
8811aa71b1fffff,8,22,0.0,0.0,0.45454545454545453,0.09090909090909091,0.18181818181818182,0.0,2.909090909090909,2.409090909090909,38.925,0.18181818181818182,281.7649751761602,,259.5181143519449,0.0,3.0,0.0,1.0,60.0,footway,residential
8811aa71b3fffff,8,44,0.0,0.0,0.5909090909090909,0.5,0.20454545454545456,0.0,3.75,3.590909090909091,64.65378787878788,0.5909090909090909,139.55356262949084,,38.312880197068864,2.0,16.0,0.0,11.0,60.0,footway,grass
8811aa71b5fffff,8,13,0.0,0.0,0.23076923076923078,0.38461538461538464,0.23076923076923078,0.0,2.5384615384615383,2.6153846153846154,40.910256410256416,0.3076923076923077,142.58349195503428,,36.579362485692556,2.0,8.0,0.0,5.0,60.0,tertiary,industrial
8811aa71b7fffff,8,21,0.0,0.0,0.38095238095238093,0.38095238095238093,0.19047619047619047,0.0,2.9047619047619047,3.6666666666666665,55.6875,0.47619047619047616,253.1031390989079,,62.58847467027946,2.0,6.0,0.0,2.0,60.0,secondary,grass
8811aa71b9fffff,8,18,0.0,0.0,0.4444444444444444,0.5555555555555556,0.2222222222222222,0.0,3.5555555555555554,2.5555555555555554,41.66666666666667,0.1111111111111111,256.15727620218644,,191.62404973230576,0.0,8.0,0.0,6.0,60.0,footway,grass
8811aa71bbfffff,8,2,0.0,0.0,0.0,0.0,0.0,0.0,2.0,1.0,36.0,0.0,603.5653371036531,,96.5579802759509,1.0,5.0,0.0,5.0,20.0,service,park
8811aa71bdfffff,8,15,0.0,0.0,0.13333333333333333,0.6,0.06666666666666667,0.0,2.2666666666666666,2.466666666666667,37.845238095238095,0.13333333333333333,270.31898048379287,,236.49145476659592,0.0,3.0,0.0,2.0,60.0,service,industrial
8811aa71c1fffff,8,6,0.0,0.0,0.6666666666666666,0.6666666666666666,0.0,0.0,3.5,2.3333333333333335,52.0,0.0,276.5627579683531,,306.24504810063314,0.0,1.0,0.0,0.0,60.0,footway,forest
8811aa71c3fffff,8,8,0.0,0.0,0.5,0.125,0.0,0.0,3.25,2.25,51.9375,0.125,542.7780508493582,,415.3281173991426,0.0,0.0,0.0,0.0,60.0,service,orchard
8811aa71c5fffff,8,4,0.0,0.0,0.75,0.0,0.5,0.0,3.75,2.0,72.125,0.0,576.5303441436408,,60.13873468868232,1.0,2.0,0.0,2.0,60.0,residential,forest
8811aa71c7fffff,8,2,0.0,0.0,0.0,0.5,0.0,0.0,3.0,2.5,47.5,0.5,319.8405166298094,,294.1397280111694,0.0,1.0,0.0,1.0,60.0,footway,park
8811aa71cbfffff,8,6,0.0,0.0,0.6666666666666666,0.6666666666666666,0.0,0.0,2.6666666666666665,2.3333333333333335,43.416666666666664,0.16666666666666666,209.35694927444106,,159.67369058311525,0.0,5.0,0.0,4.0,60.0,footway,forest
8811aa71d1fffff,8,15,0.0,0.0,0.2,0.26666666666666666,0.3333333333333333,0.0,2.533333333333333,2.6,53.52619047619048,0.3333333333333333,428.4069216498334,,21.19378036796792,2.0,4.0,0.0,4.0,60.0,tertiary,residential
8811aa71d3fffff,8,52,0.0,0.0,0.34615384615384615,0.4423076923076923,0.17307692307692307,0.0,2.8653846153846154,3.4615384615384617,41.65064102564103,0.38461538461538464,135.47998043733705,,112.07691453496933,0.0,17.0,0.0,10.0,60.0,service,residential
8811aa71d5fffff,8,18,0.0,0.0,0.3333333333333333,0.16666666666666666,0.3333333333333333,0.0,2.2777777777777777,3.1666666666666665,45.38235294117647,0.3333333333333333,427.2216482911592,,212.1316398122479,0.0,5.0,0.0,5.0,60.0,service,forest
8811aa71d7fffff,8,3,0.0,0.0,0.3333333333333333,0.3333333333333333,0.0,0.0,2.0,2.3333333333333335,59.666666666666664,0.0,541.8492444096593,,180.2204031325666,0.0,2.0,0.0,2.0,60.0,footway,forest
8811aa71d9fffff,8,31,1.0,0.0,0.3225806451612903,0.7096774193548387,0.12903225806451613,0.0,2.7096774193548385,3.6774193548387095,37.761111111111106,0.3225806451612903,97.87282596931207,,33.41647034640696,2.0,15.0,0.0,4.0,60.0,service,residential
8811aa71dbfffff,8,16,0.0,0.0,0.3125,0.1875,0.3125,0.0,2.25,3.25,44.833333333333336,0.1875,224.90935724231025,,255.7608059081967,0.0,6.0,0.0,5.0,60.0,footway,grass
8811aa71ddfffff,8,6,0.0,0.0,0.3333333333333333,0.16666666666666666,0.5,0.0,2.5,3.6666666666666665,39.416666666666664,0.8333333333333334,494.54553558795595,,447.4229035450401,0.0,0.0,0.0,0.0,60.0,service,farmland
8811aa71e1fffff,8,21,0.0,0.0,0.38095238095238093,0.38095238095238093,0.14285714285714285,0.0,2.5238095238095237,2.3333333333333335,44.76190476190476,0.14285714285714285,310.6710791462051,,160.1884169082052,0.0,3.0,0.0,3.0,60.0,path,commercial
8811aa71e3fffff,8,39,0.0,0.0,0.4358974358974359,0.4358974358974359,0.1282051282051282,0.0,2.4871794871794872,4.435897435897436,50.478896103896105,0.5128205128205128,127.4656382505095,,44.894079753103924,1.0,10.0,0.0,7.0,60.0,footway,residential
8811aa71e5fffff,8,22,0.0,0.0,0.3181818181818182,0.5,0.2727272727272727,0.0,2.090909090909091,2.227272727272727,55.23730158730159,0.13636363636363635,105.87030594583183,,36.43990513488977,2.0,8.0,0.0,7.0,60.0,living_street,residential
8811aa71e7fffff,8,29,0.0,0.0,0.2413793103448276,0.13793103448275862,0.3448275862068966,0.0,2.586206896551724,4.896551724137931,45.72519841269842,0.6206896551724138,143.25358151230822,,97.95466340697419,1.0,7.0,0.0,5.0,60.0,service,commercial
8811aa71e9fffff,8,5,0.0,0.0,1.0,0.4,0.2,0.0,5.0,2.0,52.1,0.0,541.3278822936614,,280.5074041074232,0.0,2.0,0.0,2.0,60.0,path,forest
8811aa71ebfffff,8,26,0.0,0.0,0.3076923076923077,0.4230769230769231,0.11538461538461539,0.0,2.0,2.5,41.41,0.38461538461538464,109.67318885176499,,57.36067026275897,1.0,5.0,0.0,3.0,60.0,service,residential
8811aa71edfffff,8,33,1.0,0.0,0.2727272727272727,0.5757575757575758,0.21212121212121213,0.0,2.6666666666666665,2.5757575757575757,54.88636363636363,0.3333333333333333,66.6784399048754,,42.830837191998775,4.0,8.0,0.0,7.0,60.0,service,residential
8811aa7201fffff,8,14,0.0,0.0,0.0,0.0,1.0,0.0,0.7142857142857143,5.0,44.0,1.0,889.4233299536272,,813.3268297120383,0.0,0.0,0.0,0.0,60.0,path,forest
8811aa7203fffff,8,26,0.0,0.0,0.0,0.038461538461538464,0.6538461538461539,0.0,1.3846153846153846,4.730769230769231,45.36346153846154,0.8846153846153846,802.3970804745594,,464.2177444924481,0.0,0.0,0.0,0.0,60.0,secondary_link,forest
8811aa7205fffff,8,19,0.0,0.0,0.42105263157894735,0.2631578947368421,0.15789473684210525,0.0,2.3684210526315788,2.3684210526315788,68.67105263157895,0.3157894736842105,250.45794358258712,,175.0462675779407,0.0,5.0,0.0,4.0,60.0,service,residential
8811aa7207fffff,8,9,0.0,0.0,0.6666666666666666,0.3333333333333333,0.2222222222222222,0.0,2.3333333333333335,2.3333333333333335,82.16666666666667,0.2222222222222222,381.49930931935296,,164.74288947910452,0.0,2.0,0.0,2.0,60.0,footway,forest
8811aa7209fffff,8,5,1.0,0.0,0.0,0.0,0.8,0.0,2.4,2.0,36.4,0.0,28.068376772754043,,176.14531479237166,3.0,9.0,0.0,2.0,60.0,footway,forest
8811aa720bfffff,8,3,0.0,0.0,0.0,0.0,1.0,0.0,1.3333333333333333,2.0,36.333333333333336,0.0,330.2043897026587,,346.8714223584371,0.0,0.0,0.0,0.0,60.0,secondary,forest
8811aa720dfffff,8,19,0.0,0.0,0.0,0.0,0.8947368421052632,0.0,1.1578947368421053,4.842105263157895,43.8421052631579,0.9473684210526315,689.2447801117128,,384.0708490040884,0.0,0.0,0.0,0.0,60.0,path,forest
8811aa7211fffff,8,17,0.0,0.0,0.23529411764705882,0.11764705882352941,0.7647058823529411,0.0,1.4705882352941178,3.6470588235294117,40.088235294117645,0.5882352941176471,406.7969837267454,,246.17126857096196,0.0,3.0,0.0,3.0,60.0,service,residential
8811aa7215fffff,8,22,0.0,0.0,0.045454545454545456,0.13636363636363635,0.8181818181818182,0.0,1.5,4.545454545454546,42.41818181818182,0.8636363636363636,912.9796740765061,,268.21600076713514,0.0,1.0,0.0,1.0,60.0,service,industrial
8811aa7217fffff,8,16,0.0,0.0,0.0,0.0,0.875,0.0,0.75,4.375,42.3125,0.8125,126.02420399111597,,100.41466340641563,0.0,6.0,0.0,5.0,60.0,service,residential
8811aa7219fffff,8,13,0.0,0.0,0.38461538461538464,0.15384615384615385,0.8461538461538461,0.0,1.3076923076923077,3.5384615384615383,42.13461538461539,0.38461538461538464,110.66881593703216,,124.07460075071367,0.0,6.0,0.0,5.0,60.0,service,residential
8811aa7221fffff,8,17,1.0,0.0,0.35294117647058826,0.4117647058823529,0.058823529411764705,0.0,1.588235294117647,2.7058823529411766,42.72549019607843,0.23529411764705882,49.72157562125323,,15.852743701449848,3.0,5.0,0.0,3.0,60.0,footway,park
8811aa7223fffff,8,31,0.0,0.0,0.4838709677419355,0.2903225806451613,0.12903225806451613,0.0,2.4193548387096775,2.4516129032258065,46.583333333333336,0.3548387096774194,280.16293597052567,,237.50187269131033,0.0,2.0,0.0,1.0,60.0,footway,residential
8811aa7225fffff,8,17,0.0,0.0,0.23529411764705882,0.17647058823529413,0.23529411764705882,0.0,1.8823529411764706,2.588235294117647,73.97058823529412,0.4117647058823529,296.0024893312766,,262.8930056610564,0.0,3.0,0.0,2.0,60.0,service,industrial
8811aa7227fffff,8,42,0.0,0.0,0.30952380952380953,0.4523809523809524,0.09523809523809523,0.0,2.380952380952381,1.9047619047619047,49.48290598290598,0.14285714285714285,240.07576739887014,,225.4932235313936,0.0,3.0,0.0,2.0,60.0,service,residential
8811aa7229fffff,8,21,0.0,0.0,0.3333333333333333,0.19047619047619047,0.2857142857142857,0.0,1.9523809523809523,2.9523809523809526,38.3875,0.6190476190476191,436.4296540506845,,176.64410673545635,0.0,2.0,0.0,2.0,60.0,service,residential
8811aa722bfffff,8,17,0.0,0.0,0.5294117647058824,0.17647058823529413,0.058823529411764705,0.0,2.7058823529411766,2.3529411764705883,84.703125,0.4117647058823529,100.16845688409423,,23.10126579023589,2.0,7.0,0.0,4.0,60.0,footway,residential
8811aa722dfffff,8,18,0.0,0.0,0.5555555555555556,0.4444444444444444,0.16666666666666666,0.0,2.0555555555555554,3.2222222222222223,52.962037037037035,0.3888888888888889,305.8038280016423,,108.55064674593913,0.0,2.0,0.0,2.0,60.0,service,residential
8811aa7231fffff,8,5,0.0,0.0,0.0,0.6,0.2,0.0,1.0,4.2,39.1,0.8,422.4948674329447,,399.3093311680667,0.0,0.0,0.0,0.0,60.0,cycleway,park
8811aa7233fffff,8,15,1.0,0.0,0.4,0.8,0.13333333333333333,0.0,2.2666666666666666,4.133333333333334,39.10111111111111,0.8666666666666667,98.69036619112423,,96.05075711547117,2.0,7.0,0.0,5.0,60.0,service,residential
8811aa7235fffff,8,10,0.0,0.0,0.3,0.4,0.3,0.0,1.9,2.9,40.0,0.5,278.86507319466824,,280.31225927452886,0.0,3.0,0.0,2.0,60.0,steps,park
8811aa7237fffff,8,30,0.0,0.0,0.26666666666666666,0.23333333333333334,0.5666666666666667,0.0,2.033333333333333,3.6333333333333333,46.05833333333333,0.6666666666666666,682.4556642613611,,83.03518894697018,1.0,6.0,0.0,6.0,60.0,service,residential
8811aa7239fffff,8,13,1.0,0.0,0.38461538461538464,0.15384615384615385,0.6923076923076923,0.0,2.1538461538461537,4.230769230769231,36.51153846153846,0.9230769230769231,24.109597424986948,,222.83932150351535,1.0,2.0,0.0,1.0,60.0,footway,grass
8811aa723bfffff,8,20,0.0,0.0,0.2,0.05,0.55,0.0,1.5,4.45,43.141666666666666,0.75,691.5572034720551,,342.22531188889195,0.0,0.0,0.0,0.0,60.0,primary_link,grass
8811aa723dfffff,8,24,0.0,0.0,0.5833333333333334,0.16666666666666666,0.2916666666666667,0.0,2.375,2.75,68.38541666666667,0.4583333333333333,373.0462253999642,,348.7806715599863,0.0,0.0,0.0,0.0,60.0,service,residential
8811aa724dfffff,8,3,0.0,0.0,0.0,0.3333333333333333,0.0,0.0,1.3333333333333333,1.3333333333333333,67.83333333333333,0.0,1406.0230413981747,,266.6180940202308,0.0,1.0,0.0,1.0,60.0,track_grade5,scrub
8811aa7251fffff,8,9,0.0,0.0,0.4444444444444444,0.3333333333333333,0.5555555555555556,0.0,2.0,3.4444444444444446,34.16458333333333,0.6666666666666666,286.5586063318432,,155.96489921259857,0.0,7.0,0.0,6.0,60.0,footway,forest
8811aa7255fffff,8,6,0.0,0.0,0.5,0.3333333333333333,0.16666666666666666,0.0,2.0,3.0,44.98412698412699,0.16666666666666666,469.1187425347011,,362.31693291258256,0.0,0.0,0.0,0.0,60.0,path,forest
8811aa7257fffff,8,1,0.0,0.0,0.0,0.0,1.0,0.0,4.0,3.0,35.0,0.0,101.68637727283416,,76.79813730063506,1.0,9.0,0.0,6.0,60.0,footway,residential
8811aa7259fffff,8,7,0.0,0.0,0.42857142857142855,0.14285714285714285,0.14285714285714285,0.0,2.0,2.2857142857142856,42.535714285714285,0.2857142857142857,226.91527860645277,,137.74452530517283,0.0,6.0,0.0,5.0,60.0,footway,residential
8811aa725bfffff,8,14,0.0,0.0,0.2857142857142857,0.14285714285714285,0.5,0.0,1.6428571428571428,3.5,40.773809523809526,0.42857142857142855,128.8090211675925,,25.77878440816359,2.0,10.0,0.0,8.0,5.0,service,residential
8811aa725dfffff,8,3,0.0,0.0,0.6666666666666666,0.3333333333333333,0.3333333333333333,0.0,2.0,2.6666666666666665,48.166666666666664,0.3333333333333333,109.21763307403042,,99.95218226566396,1.0,3.0,0.0,2.0,60.0,service,residential
8811aa7261fffff,8,14,0.0,0.0,0.5,0.21428571428571427,0.6428571428571429,0.0,1.7142857142857142,4.214285714285714,40.0,0.7857142857142857,489.17092796452613,,176.0309560273566,0.0,4.0,0.0,4.0,60.0,service,grass
8811aa7263fffff,8,7,0.0,0.0,0.5714285714285714,0.0,0.8571428571428571,0.0,3.142857142857143,2.0,49.857142857142854,0.0,261.4517474347493,,108.3350568710588,0.0,6.0,0.0,5.0,60.0,service,residential
8811aa7265fffff,8,11,0.0,0.0,0.0,0.0,1.0,0.0,1.2727272727272727,4.454545454545454,42.42424242424243,0.8181818181818182,546.4751038528026,,398.0116964239605,0.0,0.0,0.0,0.0,60.0,path,park
8811aa7267fffff,8,19,0.0,0.0,0.6842105263157895,0.2631578947368421,0.42105263157894735,0.0,2.6842105263157894,2.5789473684210527,47.32456140350877,0.2631578947368421,250.26163744698553,,222.1320579496598,0.0,6.0,0.0,4.0,60.0,footway,residential
8811aa726bfffff,8,13,,,0.0,0.0,1.0,0.0,0.9230769230769231,5.0,44.0,1.0,,,,,,,,,residential,residential
8811aa726dfffff,8,14,0.0,0.0,0.35714285714285715,0.35714285714285715,0.42857142857142855,0.0,1.8571428571428572,4.142857142857143,141.39102564102564,0.5714285714285714,229.1586991703543,,241.12699332066765,0.0,2.0,0.0,1.0,60.0,tertiary,forest
8811aa7285fffff,8,15,0.0,0.0,0.06666666666666667,0.0,1.0,0.0,1.5333333333333334,5.333333333333333,37.24666666666667,1.0,1023.8543844137956,,750.3690225158566,0.0,0.0,0.0,0.0,60.0,service,industrial
8811aa7287fffff,8,7,0.0,0.0,0.0,0.0,1.0,0.0,2.2857142857142856,5.0,41.714285714285715,1.0,1096.256816128173,,860.1885085268931,0.0,0.0,0.0,0.0,60.0,path,forest
8811aa7293fffff,8,3,0.0,0.0,0.0,1.0,0.0,0.0,2.3333333333333335,4.666666666666667,35.35,1.0,361.3564942621095,,208.07551685787726,0.0,4.0,0.0,4.0,60.0,path,forest
8811aa72a1fffff,8,9,0.0,0.0,0.7777777777777778,0.3333333333333333,0.1111111111111111,0.0,3.6666666666666665,4.333333333333333,40.90185185185185,1.0,397.4169909418709,,316.0771899093564,0.0,0.0,0.0,0.0,60.0,service,industrial
8811aa72a3fffff,8,20,0.0,0.0,0.65,0.4,0.15,0.0,2.7,2.85,51.45175438596491,0.5,229.80413137797282,,187.19916736833576,0.0,6.0,0.0,5.0,60.0,footway,residential
8811aa72a5fffff,8,12,0.0,0.0,0.5,0.08333333333333333,0.0,0.0,2.8333333333333335,1.9166666666666667,57.479166666666664,0.08333333333333333,216.48821155665544,,98.33828221588134,1.0,8.0,0.0,6.0,60.0,service,residential
8811aa72a7fffff,8,25,0.0,0.0,0.36,0.32,0.04,0.0,2.48,3.16,43.453523809523816,0.44,240.18932445892452,,170.2835405976736,0.0,3.0,0.0,2.0,60.0,service,residential
8811aa72a9fffff,8,7,0.0,0.0,0.0,0.42857142857142855,0.5714285714285714,0.0,2.4285714285714284,3.4285714285714284,67.25,0.7142857142857143,477.14957848177744,,410.37738911066407,0.0,0.0,0.0,0.0,60.0,service,industrial
8811aa72abfffff,8,6,0.0,0.0,0.3333333333333333,0.5,0.3333333333333333,0.0,2.5,4.333333333333333,56.388888888888886,0.6666666666666666,331.7004396351305,,224.6061483389063,0.0,2.0,0.0,2.0,60.0,service,industrial
8811aa72adfffff,8,2,0.0,0.0,0.5,0.0,0.0,0.0,3.0,3.0,35.5,0.5,345.9456585110456,,276.400683607344,0.0,1.0,0.0,1.0,60.0,service,meadow
8811aa72b1fffff,8,3,0.0,0.0,0.3333333333333333,0.0,0.6666666666666666,0.0,3.0,3.3333333333333335,55.666666666666664,0.3333333333333333,535.4215066395371,,411.08456434596087,0.0,0.0,0.0,0.0,60.0,service,industrial
8811aa72b3fffff,8,29,0.0,0.0,0.3448275862068966,0.10344827586206896,0.6206896551724138,0.0,3.5517241379310347,7.896551724137931,32.33073344280241,0.8620689655172413,397.1880829790341,,269.43736924769587,0.0,1.0,0.0,1.0,60.0,primary,grass
8811aa72b5fffff,8,6,0.0,0.0,0.6666666666666666,0.3333333333333333,0.16666666666666666,0.0,2.6666666666666665,2.5,58.5,0.16666666666666666,151.273138572416,,117.6906139666052,0.0,7.0,0.0,5.0,60.0,footway,residential
8811aa72b7fffff,8,24,0.0,0.0,0.3333333333333333,0.4166666666666667,0.25,0.0,2.9583333333333335,3.75,43.71180555555555,0.4583333333333333,168.27054636483984,,160.21206216746396,0.0,17.0,0.0,11.0,60.0,footway,grass
8811aa72b9fffff,8,13,0.0,0.0,0.0,0.07692307692307693,0.8461538461538461,0.0,2.0,5.923076923076923,39.47435897435897,1.0,1072.7442744196637,,1046.0019270965615,0.0,0.0,0.0,0.0,60.0,service,forest
8811aa72bbfffff,8,14,0.0,0.0,0.14285714285714285,0.6428571428571429,0.42857142857142855,0.0,2.2857142857142856,4.142857142857143,58.58333333333333,0.6428571428571429,258.47789344413826,,256.2638003137468,0.0,4.0,0.0,1.0,60.0,service,forest
8811aa72bdfffff,8,17,0.0,0.0,0.058823529411764705,0.5294117647058824,0.23529411764705882,0.0,3.0588235294117645,3.0,44.52916666666667,0.47058823529411764,347.0268188221134,,392.55492185534825,0.0,0.0,0.0,0.0,60.0,service,industrial
8811aa72e1fffff,8,15,0.0,0.0,0.0,0.0,0.8,0.0,0.6666666666666666,4.4,45.06666666666667,0.8,538.5838868438793,,386.3766721868559,0.0,0.0,0.0,0.0,60.0,footway,forest
8811aa72e3fffff,8,13,0.0,0.0,0.07692307692307693,0.07692307692307693,0.6923076923076923,0.0,2.0,5.230769230769231,42.27948717948718,0.8461538461538461,161.37539457506108,,177.91959064469984,0.0,4.0,0.0,3.0,60.0,service,industrial
8811aa72e5fffff,8,7,0.0,0.0,0.42857142857142855,0.42857142857142855,0.14285714285714285,0.0,2.5714285714285716,2.0,45.61904761904761,0.0,314.6253118401636,,264.78186223194916,0.0,5.0,0.0,5.0,60.0,path,forest
8811aa72e7fffff,8,22,,,0.18181818181818182,0.2727272727272727,0.3181818181818182,0.0,2.4545454545454546,3.3181818181818183,47.083766233766234,0.36363636363636365,,,,,,,,,tertiary,residential
8811aa72edfffff,8,18,0.0,0.0,0.16666666666666666,0.0,0.9444444444444444,0.0,1.1111111111111112,4.888888888888889,43.59259259259259,0.9444444444444444,724.6208149657319,,58.35110768897026,1.0,2.0,0.0,2.0,60.0,service,forest
8811aa7303fffff,8,1,1.0,0.0,0.0,0.0,1.0,0.0,2.0,2.0,30.0,0.0,61.15057453705051,,81.23312903636882,3.0,3.0,0.0,2.0,60.0,footway,grass
8811aa7305fffff,8,13,0.0,0.0,0.6153846153846154,0.07692307692307693,0.3076923076923077,0.0,2.3076923076923075,3.3846153846153846,46.02564102564102,0.23076923076923078,202.00651551956577,,258.409084331115,0.0,3.0,0.0,1.0,60.0,path,forest
8811aa7307fffff,8,2,0.0,0.0,0.5,0.0,0.5,0.0,2.5,1.5,38.0,0.0,958.1621978361446,,583.581710537291,0.0,0.0,0.0,0.0,60.0,path,forest
8811aa7309fffff,8,2,0.0,0.0,0.0,0.0,0.5,0.0,2.5,1.0,53.5,0.0,722.103052806774,,228.04247600594928,0.0,3.0,0.0,3.0,60.0,path,park
8811aa730bfffff,8,4,0.0,0.0,0.0,1.0,0.0,0.0,2.25,3.0,35.08333333333333,0.0,247.05006010201092,,148.8509533526322,0.0,5.0,0.0,3.0,60.0,footway,residential
8811aa730dfffff,8,24,0.0,0.0,0.625,0.125,0.16666666666666666,0.0,2.75,2.5,41.73831168831169,0.20833333333333334,255.32454386360146,,215.73436994873455,0.0,6.0,0.0,4.0,60.0,footway,residential
8811aa7311fffff,8,14,0.0,0.0,0.42857142857142855,0.14285714285714285,0.2857142857142857,0.0,2.642857142857143,1.6428571428571428,71.85714285714286,0.0,464.8283609189527,,77.8099156514529,1.0,2.0,0.0,2.0,60.0,service,industrial
8811aa7313fffff,8,17,0.0,0.0,0.5294117647058824,0.47058823529411764,0.35294117647058826,0.0,2.4705882352941178,3.7058823529411766,40.63333333333333,0.7058823529411765,175.69613926587476,,175.32957894129459,0.0,8.0,0.0,4.0,60.0,footway,park
8811aa7315fffff,8,13,0.0,0.0,0.46153846153846156,0.46153846153846156,0.15384615384615385,0.0,2.0,2.6153846153846154,89.76538461538462,0.23076923076923078,613.0090413047712,,44.35653950020309,2.0,2.0,0.0,2.0,60.0,footway,grass
8811aa7317fffff,8,12,0.0,0.0,0.4166666666666667,0.25,0.3333333333333333,0.0,2.1666666666666665,2.6666666666666665,42.145833333333336,0.3333333333333333,340.52963586501687,,265.4002690106276,0.0,2.0,0.0,2.0,60.0,track,forest
8811aa731bfffff,8,13,0.0,0.0,0.38461538461538464,0.23076923076923078,0.38461538461538464,0.0,1.9230769230769231,2.769230769230769,35.6025641025641,0.38461538461538464,617.8540871958247,,595.2075093822773,0.0,0.0,0.0,0.0,20.0,service,industrial
8811aa731dfffff,8,25,1.0,0.0,0.36,0.56,0.28,0.0,2.2,2.92,42.71,0.2,88.0743598229014,,26.684752397147378,3.0,24.0,0.0,12.0,60.0,footway,residential
8811aa7323fffff,8,5,0.0,0.0,0.4,0.2,0.4,0.0,1.6,1.8,38.8,0.0,621.4939882378063,,325.37131330827725,0.0,0.0,0.0,0.0,60.0,footway,grass
8811aa7325fffff,8,5,0.0,0.0,0.6,0.2,0.4,0.0,2.4,3.0,104.85,0.6,754.890552275602,,236.06593459412724,0.0,4.0,0.0,4.0,60.0,residential,residential
8811aa7327fffff,8,17,0.0,0.0,0.35294117647058826,0.11764705882352941,0.35294117647058826,0.0,1.6470588235294117,1.8235294117647058,48.1764705882353,0.0,271.3136896747252,,153.29559936541736,0.0,2.0,0.0,1.0,60.0,service,residential
8811aa7331fffff,8,35,0.0,0.0,0.6285714285714286,0.2857142857142857,0.22857142857142856,0.0,2.914285714285714,2.9714285714285715,48.95459183673469,0.2571428571428571,107.42866475240206,,63.4334247714714,1.0,12.0,0.0,8.0,60.0,residential,residential
8811aa7333fffff,8,12,0.0,0.0,0.25,0.16666666666666666,0.6666666666666666,0.0,2.25,2.6666666666666665,39.234722222222224,0.16666666666666666,160.634249875239,,88.42907152354417,2.0,6.0,0.0,4.0,60.0,footway,park
8811aa7335fffff,8,8,0.0,0.0,0.5,0.375,0.125,0.0,2.375,2.625,40.03125,0.375,448.0860306761715,,212.6881574089476,0.0,4.0,0.0,4.0,60.0,service,industrial
8811aa7337fffff,8,27,0.0,0.0,0.25925925925925924,0.3333333333333333,0.18518518518518517,0.0,2.4444444444444446,2.1481481481481484,40.40246913580246,0.07407407407407407,229.9072788357619,,230.86027876680433,0.0,3.0,0.0,1.0,60.0,footway,forest
8811aa7339fffff,8,2,0.0,0.0,0.0,0.0,0.5,0.0,1.5,1.5,248.0,0.0,754.3620286316552,,544.4959876983957,0.0,0.0,0.0,0.0,60.0,path,forest
8811aa733bfffff,8,20,0.0,0.0,0.6,0.15,0.25,0.0,2.4,2.5,35.35166666666667,0.2,131.55434227473214,,121.22366158715552,0.0,8.0,0.0,3.0,60.0,service,grass
8811aa733dfffff,8,10,0.0,0.0,0.5,0.0,0.3,0.0,1.8,3.1,37.611111111111114,0.3,339.49234255792373,,313.81634970725696,0.0,0.0,0.0,0.0,60.0,path,grass
8811aa7341fffff,8,24,0.0,0.0,0.25,0.08333333333333333,0.7916666666666666,0.0,2.0833333333333335,4.291666666666667,42.85486111111111,0.75,162.0473703563871,,179.67359752121828,0.0,5.0,0.0,4.0,60.0,service,commercial
8811aa7343fffff,8,14,0.0,0.0,0.5714285714285714,0.0,0.42857142857142855,0.0,1.8571428571428572,2.857142857142857,51.875,0.5714285714285714,667.2398030388495,,68.26229835617475,2.0,3.0,0.0,3.0,60.0,service,residential
8811aa7345fffff,8,50,,,0.38,0.3,0.52,0.0,2.3,3.96,41.025,0.64,,,,,,,,,,
8811aa7347fffff,8,16,0.0,0.0,0.4375,0.1875,0.4375,0.0,2.4375,2.5,44.785714285714285,0.25,262.67196527321073,,158.191935277198,0.0,9.0,0.0,5.0,20.0,service,residential
8811aa734bfffff,8,13,0.0,0.0,0.0,0.0,1.0,0.0,1.9230769230769231,5.0,44.0,1.0,731.3988467338653,,145.4644582648625,0.0,2.0,0.0,2.0,60.0,service,commercial
8811aa734dfffff,8,5,0.0,0.0,0.4,0.0,0.2,0.0,2.6,3.6,36.266666666666666,0.4,731.5630440729545,,432.4928136750126,0.0,0.0,0.0,0.0,60.0,service,residential
8811aa7351fffff,8,28,0.0,0.0,0.32142857142857145,0.2857142857142857,0.32142857142857145,0.0,2.2857142857142856,3.2142857142857144,44.62440476190476,0.5,176.34439521403462,,324.9922678867886,0.0,4.0,0.0,0.0,60.0,service,industrial
8811aa7353fffff,8,17,0.0,0.0,0.29411764705882354,0.35294117647058826,0.47058823529411764,0.0,2.0588235294117645,2.1176470588235294,44.38235294117647,0.0,441.42156382357956,,87.43999635466761,1.0,2.0,0.0,2.0,60.0,footway,commercial
8811aa7357fffff,8,17,0.0,0.0,0.5882352941176471,0.5882352941176471,0.23529411764705882,0.0,2.8823529411764706,4.705882352941177,42.601470588235294,0.7647058823529411,339.3818703039492,,157.32163146890252,0.0,1.0,0.0,1.0,60.0,service,park
8811aa7359fffff,8,27,0.0,0.0,0.1111111111111111,0.07407407407407407,0.6666666666666666,0.0,1.3333333333333333,4.0,49.053086419753086,0.6666666666666666,287.9597720889117,,335.57424421887725,0.0,2.0,0.0,0.0,60.0,secondary_link,retail
8811aa735bfffff,8,8,0.0,0.0,0.625,0.5,0.125,0.0,1.875,3.0,42.40625,0.5,485.0824353485531,,169.61820226196897,0.0,4.0,0.0,4.0,60.0,footway,forest
8811aa735dfffff,8,13,0.0,0.0,0.0,0.0,1.0,0.0,1.8461538461538463,5.0,44.0,1.0,580.436364318566,,528.0197669482392,0.0,0.0,0.0,0.0,60.0,path,forest
8811aa7361fffff,8,13,0.0,0.0,0.5384615384615384,0.15384615384615385,0.23076923076923078,0.0,1.6923076923076923,2.5384615384615383,45.82692307692308,0.23076923076923078,135.09309677658547,,139.79219644998182,0.0,4.0,0.0,3.0,20.0,service,residential
8811aa7363fffff,8,6,0.0,0.0,0.3333333333333333,0.0,0.16666666666666666,0.0,1.6666666666666667,2.0,126.41666666666667,0.0,424.6740794612702,,368.0219721092855,0.0,0.0,0.0,0.0,60.0,cycleway,forest
8811aa7365fffff,8,4,0.0,0.0,0.25,0.25,0.5,0.0,1.75,2.25,52.375,0.25,859.0038967715833,,349.0676024392366,0.0,0.0,0.0,0.0,60.0,service,forest
8811aa7367fffff,8,1,0.0,0.0,0.0,0.0,0.0,0.0,1.0,2.0,51.0,0.0,611.0206846050444,,91.84278228888078,1.0,2.0,0.0,2.0,60.0,footway,park
8811aa7369fffff,8,14,0.0,0.0,0.6428571428571429,0.14285714285714285,0.21428571428571427,0.0,2.2857142857142856,2.7857142857142856,39.92857142857143,0.42857142857142855,522.0859593458738,,173.9864632064799,0.0,6.0,0.0,6.0,60.0,service,residential
8811aa736bfffff,8,41,0.0,0.0,0.3902439024390244,0.14634146341463414,0.12195121951219512,0.0,2.3902439024390243,2.0,44.8775,0.07317073170731707,402.1627895426424,,236.40616349131176,0.0,4.0,0.0,4.0,20.0,service,residential
8811aa736dfffff,8,18,0.0,0.0,0.16666666666666666,0.0,0.3888888888888889,0.0,1.3333333333333333,2.8333333333333335,63.85185185185185,0.2222222222222222,404.4160544720262,,41.133100020012485,2.0,3.0,0.0,3.0,60.0,footway,industrial
8811aa7521fffff,8,51,0.0,0.0,0.21568627450980393,0.29411764705882354,0.47058823529411764,0.0,2.9607843137254903,5.431372549019608,44.86716224951519,0.6078431372549019,265.20116861361106,,84.24022822973542,1.0,8.0,0.0,4.0,60.0,footway,forest
8811aa7523fffff,8,7,0.0,0.0,0.14285714285714285,0.0,1.0,0.0,1.8571428571428572,8.571428571428571,31.542857142857144,1.0,1090.3969054283807,,268.54932806860074,0.0,1.0,0.0,1.0,60.0,footway,forest
8811aa7525fffff,8,24,0.0,0.0,0.5833333333333334,0.625,0.16666666666666666,0.0,3.25,4.25,38.31547619047619,0.5416666666666666,186.24624118311363,,185.46176399888182,0.0,4.0,0.0,3.0,20.0,residential,park
8811aa7527fffff,8,4,0.0,0.0,0.75,0.0,0.5,0.0,2.75,2.5,44.5,0.25,611.32268688444,,369.945373955179,0.0,0.0,0.0,0.0,60.0,unclassified,park
8811aa7529fffff,8,11,0.0,0.0,0.18181818181818182,0.09090909090909091,0.7272727272727273,0.0,1.9090909090909092,6.0,43.19047619047619,0.6363636363636364,344.03896528586654,,87.04960445076686,1.0,2.0,0.0,2.0,60.0,service,forest
8811aa752dfffff,8,33,0.0,0.0,0.3939393939393939,0.21212121212121213,0.18181818181818182,0.0,2.9696969696969697,2.727272727272727,48.35344827586207,0.30303030303030304,153.9061631327587,,172.4299034270672,0.0,13.0,0.0,5.0,60.0,footway,residential
8811aa7561fffff,8,8,0.0,0.0,0.0,0.125,0.875,0.0,1.25,7.875,26.633333333333333,0.875,815.1453879568946,,520.6284979389015,0.0,0.0,0.0,0.0,60.0,service,industrial
8811aa7563fffff,8,2,0.0,0.0,0.5,0.0,1.0,0.0,3.5,7.5,52.5,1.0,722.0410769672737,,531.7063285278554,0.0,0.0,0.0,0.0,60.0,footway,residential
8811aa7565fffff,8,22,0.0,0.0,0.45454545454545453,0.36363636363636365,0.36363636363636365,0.0,2.9545454545454546,4.545454545454546,32.4215367965368,0.5909090909090909,159.4511118867658,,113.65773521349152,0.0,10.0,0.0,4.0,60.0,footway,grass
8811aa7567fffff,8,9,0.0,0.0,0.4444444444444444,0.0,0.7777777777777778,0.0,3.3333333333333335,7.222222222222222,34.099999999999994,0.6666666666666666,515.3917841535999,,153.74436848315133,0.0,4.0,0.0,4.0,60.0,service,residential
8811aa7569fffff,8,20,0.0,0.0,0.3,0.1,0.7,0.0,2.35,7.0,38.53666666666667,0.8,997.3460843322773,,22.625746594602397,1.0,4.0,0.0,4.0,60.0,footway,commercial
8811aa756dfffff,8,13,0.0,0.0,0.46153846153846156,0.3076923076923077,0.15384615384615385,0.0,3.0,3.1538461538461537,64.01538461538462,0.46153846153846156,157.27114133621458,,173.81653077772063,0.0,5.0,0.0,2.0,60.0,service,residential
8811aa7709fffff,8,1,0.0,0.0,0.0,0.0,1.0,0.0,2.0,2.0,60.0,0.0,1061.6628701755496,,906.6417886813256,0.0,0.0,0.0,0.0,60.0,track,forest
8811aa7725fffff,8,17,0.0,0.0,0.23529411764705882,0.29411764705882354,0.6470588235294118,0.0,2.764705882352941,7.0,36.495098039215684,0.8823529411764706,343.39842433071357,,422.1726405707927,0.0,0.0,0.0,0.0,20.0,service,grass
8811aa772dfffff,8,3,0.0,0.0,0.6666666666666666,0.0,0.6666666666666666,0.0,3.3333333333333335,10.0,22.433333333333334,1.0,654.9862999013696,,217.6152485519036,0.0,2.0,0.0,2.0,60.0,unclassified,retail
8811aa7741fffff,8,6,0.0,0.0,0.3333333333333333,0.16666666666666666,0.8333333333333334,0.0,2.3333333333333335,6.166666666666667,34.25,1.0,754.4005919641398,,298.0678802940874,0.0,1.0,0.0,1.0,60.0,path,forest
8811aa7745fffff,8,9,0.0,0.0,0.0,0.3333333333333333,0.1111111111111111,0.0,2.4444444444444446,2.0,40.638888888888886,0.1111111111111111,342.5688633569826,,109.0665611676855,0.0,1.0,0.0,1.0,60.0,footway,residential
8811aa7747fffff,8,5,0.0,0.0,0.0,0.2,0.2,0.0,1.6,2.6,42.7,0.2,525.8804499142652,,87.20373506449124,1.0,2.0,0.0,2.0,60.0,service,residential
8811aa7749fffff,8,7,0.0,0.0,0.2857142857142857,0.14285714285714285,0.0,0.0,2.4285714285714284,2.7142857142857144,83.03571428571429,0.5714285714285714,308.1329284966916,,215.1988791573476,0.0,3.0,0.0,3.0,60.0,service,industrial
8811aa774bfffff,8,8,0.0,0.0,0.375,0.375,0.25,0.0,3.25,2.875,74.0625,0.25,1201.6071109459515,,29.816762412860076,1.0,4.0,0.0,4.0,60.0,footway,residential
8811aa774dfffff,8,2,0.0,0.0,0.0,0.5,0.0,0.0,2.0,2.5,40.0,0.5,274.15967079811884,,207.39892795346384,0.0,4.0,0.0,3.0,20.0,living_street,residential
8811aa7755fffff,8,1,0.0,0.0,0.0,0.0,1.0,0.0,2.0,2.0,37.5,0.0,1934.7660797654303,,675.9461855297566,0.0,0.0,0.0,0.0,60.0,service,forest
8811aa775dfffff,8,6,0.0,0.0,0.16666666666666666,0.0,0.6666666666666666,0.0,2.0,2.0,44.416666666666664,0.0,1788.9760418377784,,232.12232225344698,0.0,2.0,0.0,2.0,60.0,tertiary,residential
8811aa7765fffff,8,16,0.0,0.0,0.0,0.0,0.75,0.0,1.9375,6.25,40.004464285714285,0.8125,377.3550633497745,,103.8145995769622,0.0,6.0,0.0,6.0,60.0,footway,residential
8811aa7769fffff,8,35,0.0,0.0,0.2857142857142857,0.4,0.4,0.0,3.1714285714285713,4.142857142857143,36.437380952380956,0.6571428571428571,316.6524541949644,,132.21709163433604,0.0,3.0,0.0,3.0,60.0,footway,residential
8811aa776bfffff,8,5,0.0,0.0,0.6,0.4,0.4,0.0,4.2,4.2,31.3,0.8,451.24577380809444,,402.8365607318428,0.0,0.0,0.0,0.0,60.0,path,forest
8811aa776dfffff,8,24,0.0,0.0,0.20833333333333334,0.25,0.4166666666666667,0.0,2.7916666666666665,3.2916666666666665,43.12847222222222,0.3333333333333333,145.77724189423733,,11.431825967406205,2.0,14.0,0.0,8.0,60.0,footway,retail
8811aa7801fffff,8,20,0.0,0.0,0.15,0.15,0.75,0.0,1.75,4.05,37.9775,0.7,417.43410278659496,,774.867162243808,0.0,0.0,0.0,0.0,60.0,footway,cemetery
8811aa7803fffff,8,27,0.0,0.0,0.4074074074074074,0.14814814814814814,0.25925925925925924,0.0,2.259259259259259,2.111111111111111,49.666666666666664,0.07407407407407407,429.19022712301233,,131.31668696601207,0.0,2.0,0.0,2.0,60.0,footway,residential
8811aa7805fffff,8,4,0.0,0.0,0.0,0.0,0.25,0.0,1.75,2.0,42.25,0.0,583.1878687199935,,411.8813253211456,0.0,0.0,0.0,0.0,10.0,service,forest
8811aa7807fffff,8,47,,,0.425531914893617,0.40425531914893614,0.6382978723404256,0.0,2.5531914893617023,4.23404255319149,35.99929078014184,0.7446808510638298,,,,,,,,,,
8811aa7809fffff,8,59,,,0.3728813559322034,0.1864406779661017,0.5423728813559322,0.0,2.2542372881355934,3.830508474576271,41.879022988505746,0.6949152542372882,,,,,,,,,,
8811aa780bfffff,8,19,0.0,0.0,0.47368421052631576,0.5263157894736842,0.15789473684210525,0.0,2.6842105263157894,1.8421052631578947,46.36842105263158,0.05263157894736842,152.33716255184143,,408.79848368741324,0.0,1.0,0.0,0.0,60.0,service,cemetery
8811aa780dfffff,8,9,0.0,0.0,0.2222222222222222,0.3333333333333333,0.3333333333333333,0.0,1.2222222222222223,2.111111111111111,44.62222222222223,0.1111111111111111,589.0613274734472,,258.6309557508122,0.0,1.0,0.0,1.0,60.0,service,grass
8811aa7811fffff,8,20,,,0.2,0.5,0.2,0.0,3.0,3.3,46.10166666666667,0.65,,,,,,,,,,
8811aa7813fffff,8,26,1.0,0.0,0.2692307692307692,0.5769230769230769,0.2692307692307692,0.0,2.923076923076923,3.269230769230769,46.27333333333333,0.38461538461538464,62.46913937638401,,284.0545712829085,2.0,5.0,0.0,1.0,60.0,service,residential
8811aa7815fffff,8,42,,,0.5238095238095238,0.7380952380952381,0.09523809523809523,0.0,2.6666666666666665,3.4285714285714284,53.823922902494324,0.42857142857142855,,,,,,,,,,
8811aa7817fffff,8,9,0.0,0.0,0.4444444444444444,0.5555555555555556,0.0,0.0,2.5555555555555554,2.0,54.333333333333336,0.0,410.4327022536799,,574.5923736006295,0.0,0.0,0.0,0.0,60.0,service,commercial
8811aa7819fffff,8,40,1.0,0.0,0.5,0.475,0.25,0.0,3.45,3.35,42.18243727598566,0.55,71.54692592974577,,163.386902614829,3.0,18.0,0.0,4.0,60.0,footway,industrial
8811aa781bfffff,8,29,0.0,0.0,0.2413793103448276,0.6896551724137931,0.2413793103448276,0.0,3.0344827586206895,2.7586206896551726,42.867816091954026,0.3103448275862069,151.0403394314184,,142.09746630659848,0.0,22.0,0.0,8.0,60.0,service,residential
8811aa781dfffff,8,31,0.0,0.0,0.4838709677419355,0.5161290322580645,0.25806451612903225,0.0,2.6774193548387095,2.4516129032258065,50.32795698924731,0.16129032258064516,259.4686476976043,,329.4727319432252,0.0,3.0,0.0,0.0,60.0,service,industrial
8811aa7821fffff,8,23,0.0,0.0,0.4782608695652174,0.13043478260869565,0.6086956521739131,0.0,2.1739130434782608,3.869565217391304,55.11739130434783,0.7391304347826086,435.3623614846529,,265.43066074467896,0.0,5.0,0.0,5.0,60.0,service,industrial
8811aa7823fffff,8,19,1.0,0.0,0.5789473684210527,0.631578947368421,0.42105263157894735,0.0,2.8947368421052633,4.2631578947368425,38.08947368421053,0.8947368421052632,53.34797550122644,,61.20651290195717,4.0,6.0,0.0,4.0,60.0,footway,grass
8811aa7825fffff,8,5,0.0,0.0,0.4,0.0,0.4,0.0,3.0,3.2,42.11,0.6,459.5218894824279,,432.5133468620132,0.0,0.0,0.0,0.0,60.0,service,industrial
8811aa7827fffff,8,35,0.0,0.0,0.5142857142857142,0.2,0.6,0.0,2.4857142857142858,4.428571428571429,47.96507936507937,0.7142857142857143,238.7232640568139,,52.647125858726746,2.0,9.0,0.0,6.0,60.0,tertiary,industrial
8811aa7829fffff,8,24,0.0,0.0,0.6666666666666666,0.5833333333333334,0.375,0.0,3.0,4.791666666666667,52.257936507936506,0.625,168.50975548353432,,110.11500627817531,0.0,7.0,0.0,5.0,60.0,service,industrial
8811aa782bfffff,8,34,0.0,0.0,0.38235294117647056,0.058823529411764705,0.5,0.0,1.8529411764705883,3.764705882352941,46.34215686274509,0.5882352941176471,487.6083008578447,,407.9998623644883,0.0,0.0,0.0,0.0,60.0,path,residential
8811aa782dfffff,8,5,0.0,0.0,0.6,0.0,0.0,0.0,2.0,2.8,39.3,0.4,503.80283711766094,,125.0803604517851,0.0,4.0,0.0,4.0,60.0,service,residential
8811aa7831fffff,8,31,0.0,0.0,0.2903225806451613,0.12903225806451613,0.3870967741935484,0.0,2.6451612903225805,3.838709677419355,38.17795698924731,0.7419354838709677,253.77408653332043,,118.60136901246595,0.0,10.0,0.0,5.0,20.0,service,retail
8811aa7833fffff,8,26,0.0,0.0,0.3076923076923077,0.2692307692307692,0.3076923076923077,0.0,2.1923076923076925,3.1153846153846154,40.458333333333336,0.34615384615384615,408.73114926848854,,193.14902960347757,0.0,2.0,0.0,2.0,60.0,footway,forest
8811aa7837fffff,8,10,,,0.0,0.0,0.6,0.0,2.0,3.5,57.235,0.7,,,,,,,,,,
8811aa7839fffff,8,37,0.0,0.0,0.43243243243243246,0.13513513513513514,0.5675675675675675,0.0,2.081081081081081,4.081081081081081,40.81809309309309,0.7567567567567568,157.04637731226504,,109.71203431137275,0.0,5.0,0.0,2.0,60.0,service,commercial
8811aa783bfffff,8,13,0.0,0.0,0.6153846153846154,0.07692307692307693,0.3076923076923077,0.0,2.076923076923077,2.6153846153846154,53.43333333333333,0.3076923076923077,485.60521100130853,,109.61798589232447,0.0,3.0,0.0,3.0,60.0,footway,industrial
8811aa783dfffff,8,13,0.0,0.0,0.3076923076923077,0.15384615384615385,0.46153846153846156,0.0,1.6153846153846154,4.0,39.36153846153846,0.6923076923076923,311.2303009327328,,156.01314612122073,0.0,4.0,0.0,4.0,60.0,cycleway,commercial
8811aa7841fffff,8,8,0.0,0.0,0.625,0.125,0.125,0.0,2.75,2.75,48.333333333333336,0.0,536.8478037897798,,79.30476915125051,2.0,2.0,0.0,2.0,60.0,footway,residential
8811aa7843fffff,8,23,0.0,0.0,0.391304347826087,0.17391304347826086,0.2608695652173913,0.0,1.7826086956521738,3.9130434782608696,39.98787878787879,0.6521739130434783,360.0316754106472,,294.6854867036034,0.0,1.0,0.0,1.0,60.0,steps,commercial
8811aa7845fffff,8,14,0.0,0.0,0.42857142857142855,0.35714285714285715,0.2857142857142857,0.0,2.7142857142857144,2.642857142857143,45.25,0.5,128.997257368339,,129.3142307348161,0.0,4.0,0.0,2.0,60.0,service,industrial
8811aa7847fffff,8,27,0.0,0.0,0.3333333333333333,0.2962962962962963,0.4444444444444444,0.0,2.2962962962962963,3.037037037037037,39.29166666666667,0.4444444444444444,157.76195289724308,,157.6814897766965,0.0,16.0,0.0,4.0,60.0,footway,residential
8811aa7849fffff,8,6,0.0,0.0,0.0,0.0,0.16666666666666666,0.0,1.3333333333333333,2.0,69.93333333333332,0.16666666666666666,525.4562375227579,,488.06435875431976,0.0,0.0,0.0,0.0,60.0,footway,grass
8811aa784bfffff,8,29,0.0,0.0,0.2413793103448276,0.3448275862068966,0.20689655172413793,0.0,2.4827586206896552,5.724137931034483,37.03132183908046,0.7931034482758621,407.63311768435113,,84.62795856325889,1.0,7.0,0.0,7.0,60.0,footway,commercial
8811aa784dfffff,8,7,0.0,0.0,0.2857142857142857,0.2857142857142857,0.42857142857142855,0.0,3.0,4.428571428571429,117.46666666666667,0.42857142857142855,408.98324034051456,,376.03625653627745,0.0,0.0,0.0,0.0,60.0,footway,park
8811aa7851fffff,8,10,0.0,0.0,0.5,0.3,0.3,0.0,3.2,4.5,45.13333333333334,0.5,134.13043232020834,,89.70380130496243,1.0,6.0,0.0,4.0,60.0,footway,residential
8811aa7853fffff,8,19,0.0,0.0,0.47368421052631576,0.47368421052631576,0.21052631578947367,0.0,2.210526315789474,3.9473684210526314,32.97017543859649,0.5789473684210527,358.58246308590327,,349.3687503085688,0.0,0.0,0.0,0.0,60.0,footway,park
8811aa7855fffff,8,16,0.0,0.0,0.125,0.625,0.5625,0.0,2.875,4.5625,37.6647619047619,0.8125,274.5693728704715,,242.51968013939032,0.0,4.0,0.0,2.0,60.0,steps,forest
8811aa7857fffff,8,25,0.0,0.0,0.16,0.52,0.44,0.0,2.8,3.56,40.992753623188406,0.56,329.2301695810385,,151.1380295875149,0.0,2.0,0.0,2.0,60.0,service,forest
8811aa7859fffff,8,22,0.0,0.0,0.09090909090909091,0.45454545454545453,0.2727272727272727,0.0,2.1363636363636362,1.9545454545454546,71.46825396825396,0.13636363636363635,304.7437582553046,,386.31775929112933,0.0,0.0,0.0,0.0,60.0,footway,park
8811aa785bfffff,8,19,0.0,0.0,0.3684210526315789,0.42105263157894735,0.3157894736842105,0.0,2.5789473684210527,4.7368421052631575,46.025925925925925,0.6842105263157895,326.0685365940364,,323.3370830622889,0.0,0.0,0.0,0.0,60.0,service,commercial
8811aa785dfffff,8,16,0.0,0.0,0.375,0.25,0.0625,0.0,2.4375,4.0,37.90119047619048,0.5,191.89460045466447,,225.4881605397328,0.0,10.0,0.0,2.0,60.0,service,residential
8811aa7861fffff,8,24,0.0,0.0,0.16666666666666666,0.25,0.125,0.0,1.9166666666666667,2.0833333333333335,56.34782608695652,0.08333333333333333,260.12611407023877,,174.27910793796877,0.0,11.0,0.0,7.0,60.0,footway,residential
8811aa7863fffff,8,11,0.0,0.0,0.45454545454545453,0.36363636363636365,0.36363636363636365,0.0,2.4545454545454546,2.6363636363636362,39.59090909090909,0.36363636363636365,196.65929165658966,,224.8395037155453,0.0,7.0,0.0,4.0,60.0,footway,residential
8811aa7865fffff,8,5,0.0,0.0,0.6,0.2,0.8,0.0,1.8,1.6,56.1,0.0,160.04257789385673,,137.35489536169035,0.0,9.0,0.0,3.0,60.0,service,residential
8811aa7867fffff,8,28,0.0,0.0,0.32142857142857145,0.32142857142857145,0.39285714285714285,0.0,1.8571428571428572,3.5357142857142856,44.668430335097,0.42857142857142855,246.94966001017096,,126.33743059421957,0.0,5.0,0.0,3.0,60.0,footway,residential
8811aa7869fffff,8,24,0.0,0.0,0.2916666666666667,0.5833333333333334,0.041666666666666664,0.0,2.125,3.1666666666666665,45.43402777777778,0.375,114.75283624298872,,154.54595742982008,0.0,5.0,0.0,3.0,60.0,service,residential
8811aa786bfffff,8,26,0.0,0.0,0.3076923076923077,0.11538461538461539,0.4230769230769231,0.0,1.9230769230769231,3.1923076923076925,36.37179487179487,0.19230769230769232,387.5833535292111,,173.52465376750905,0.0,2.0,0.0,2.0,60.0,footway,residential
8811aa786dfffff,8,34,0.0,0.0,0.14705882352941177,0.4411764705882353,0.17647058823529413,0.0,1.7352941176470589,2.735294117647059,61.39705882352941,0.17647058823529413,205.21853669945847,,79.31348648687396,1.0,12.0,0.0,6.0,60.0,service,residential
8811aa7881fffff,8,18,0.0,0.0,0.16666666666666666,0.5555555555555556,0.1111111111111111,0.0,2.8333333333333335,3.2777777777777777,42.60780423280423,0.2222222222222222,180.41203152084472,,137.66850823940774,0.0,6.0,0.0,3.0,60.0,service,residential
8811aa7883fffff,8,13,0.0,0.0,0.07692307692307693,0.46153846153846156,0.15384615384615385,0.0,2.769230769230769,4.153846153846154,41.46794871794872,0.6923076923076923,307.0701529828209,,373.61452724518455,0.0,0.0,0.0,0.0,60.0,service,industrial
8811aa7885fffff,8,18,0.0,0.0,0.3333333333333333,0.3333333333333333,0.3333333333333333,0.0,3.0555555555555554,3.1666666666666665,51.58472222222222,0.3888888888888889,306.7333817801447,,231.8588084396584,0.0,5.0,0.0,5.0,60.0,service,commercial
8811aa7887fffff,8,12,0.0,0.0,0.08333333333333333,0.25,0.3333333333333333,0.0,1.8333333333333333,3.4166666666666665,43.666666666666664,0.6666666666666666,709.540348582755,,115.65706076656706,0.0,3.0,0.0,3.0,60.0,footway,industrial
8811aa7889fffff,8,23,,,0.4782608695652174,0.8695652173913043,0.2608695652173913,0.0,3.5217391304347827,3.782608695652174,54.69903381642512,0.391304347826087,,,,,,,,,,
8811aa788bfffff,8,12,1.0,0.0,0.5833333333333334,0.4166666666666667,0.5,0.0,4.333333333333333,3.9166666666666665,43.56200396825397,0.5,97.20787993229867,,99.37705372971085,2.0,16.0,0.0,8.0,60.0,footway,park
8811aa788dfffff,8,26,1.0,0.0,0.34615384615384615,0.8076923076923077,0.3076923076923077,0.0,3.769230769230769,4.846153846153846,52.14339133089133,0.6153846153846154,75.1975973747618,,188.29199314743258,1.0,11.0,0.0,4.0,60.0,service,residential
8811aa7891fffff,8,15,0.0,0.0,0.8,0.6,0.26666666666666666,0.0,3.8,3.0,64.23333333333333,0.4,323.74969601724155,,270.4423399761923,0.0,1.0,0.0,1.0,60.0,footway,residential
8811aa7893fffff,8,14,0.0,0.0,0.6428571428571429,0.21428571428571427,0.2857142857142857,0.0,2.857142857142857,2.0714285714285716,62.976190476190474,0.07142857142857142,258.8626151968661,,104.29227966468963,0.0,5.0,0.0,3.0,60.0,service,residential
8811aa7895fffff,8,26,,,0.34615384615384615,0.46153846153846156,0.2692307692307692,0.0,3.3846153846153846,3.4,47.16666666666667,0.38461538461538464,,,,,,,,,,
8811aa7897fffff,8,39,1.0,0.0,0.48717948717948717,0.6410256410256411,0.3076923076923077,0.0,3.58974358974359,3.6923076923076925,44.439682539682536,0.5128205128205128,50.07123218369147,,107.11073671239247,3.0,16.0,0.0,8.0,60.0,footway,retail
8811aa7899fffff,8,28,0.0,0.0,0.39285714285714285,0.42857142857142855,0.07142857142857142,0.0,2.9285714285714284,3.3214285714285716,44.23690476190476,0.39285714285714285,213.72189827922816,,127.93735710659044,0.0,8.0,0.0,4.0,60.0,footway,park
8811aa789bfffff,8,15,0.0,0.0,0.5333333333333333,0.4666666666666667,0.13333333333333333,0.0,3.2666666666666666,2.1333333333333333,48.68888888888889,0.0,138.3621795577756,,111.84395454934835,0.0,9.0,0.0,5.0,60.0,service,residential
8811aa789dfffff,8,29,0.0,0.0,0.13793103448275862,0.3793103448275862,0.1724137931034483,0.0,1.896551724137931,3.4482758620689653,40.05574712643678,0.3793103448275862,312.0867388836202,,104.14514180625892,0.0,4.0,0.0,4.0,60.0,residential,forest
8811aa78a1fffff,8,38,0.0,0.0,0.3684210526315789,0.2894736842105263,0.21052631578947367,0.0,3.3421052631578947,4.2894736842105265,45.06137218045112,0.6578947368421053,311.216958394115,,77.09647492569657,1.0,5.0,0.0,5.0,60.0,service,grass
8811aa78a3fffff,8,12,0.0,0.0,0.3333333333333333,0.16666666666666666,0.6666666666666666,0.0,2.4166666666666665,3.5833333333333335,41.15972222222222,0.5,424.2192412355068,,218.16798408246893,0.0,1.0,0.0,1.0,60.0,service,industrial
8811aa78a5fffff,8,1,0.0,0.0,0.0,0.0,0.0,0.0,2.0,1.0,148.0,0.0,277.43614642253607,,218.47658802938574,0.0,3.0,0.0,2.0,60.0,service,industrial
8811aa78a7fffff,8,14,0.0,0.0,0.6428571428571429,0.21428571428571427,0.5714285714285714,0.0,3.5,5.642857142857143,37.2719387755102,0.8571428571428571,803.7121630054786,,94.8415480296206,1.0,2.0,0.0,2.0,60.0,unclassified,industrial
8811aa78a9fffff,8,6,0.0,0.0,0.3333333333333333,0.16666666666666666,0.0,0.0,3.1666666666666665,2.6666666666666665,74.20238095238095,0.3333333333333333,558.5598545506139,,202.6507301681324,0.0,3.0,0.0,3.0,60.0,service,industrial
8811aa78abfffff,8,5,0.0,0.0,0.6,0.6,0.0,0.0,3.2,5.0,41.24285714285715,0.8,486.0575882948204,,312.3594271515148,0.0,0.0,0.0,0.0,60.0,service,industrial
8811aa78adfffff,8,28,0.0,0.0,0.5,0.39285714285714285,0.35714285714285715,0.0,3.0,3.5357142857142856,40.57159863945578,0.4642857142857143,289.15623956446944,,192.29874932675602,0.0,5.0,0.0,4.0,60.0,secondary_link,military
8811aa78b1fffff,8,8,0.0,0.0,0.875,0.25,0.125,0.0,3.0,2.5,50.979166666666664,0.25,481.1238345626985,,144.69560498594242,0.0,8.0,0.0,8.0,60.0,service,industrial
8811aa78b3fffff,8,4,0.0,0.0,0.0,0.25,1.0,0.0,1.75,4.5,38.675,1.0,487.79685604406654,,444.16301540948274,0.0,0.0,0.0,0.0,60.0,tertiary_link,industrial
8811aa78b5fffff,8,9,0.0,0.0,0.5555555555555556,0.0,0.4444444444444444,0.0,2.5555555555555554,3.0,47.78148148148148,0.3333333333333333,394.4844750045235,,285.41416487724416,0.0,1.0,0.0,1.0,60.0,footway,residential
8811aa78b7fffff,8,16,0.0,0.0,0.4375,0.375,0.375,0.0,3.3125,4.625,38.506349206349206,0.5,342.20446165139776,,112.64406592107721,0.0,5.0,0.0,5.0,60.0,footway,industrial
8811aa78b9fffff,8,5,0.0,0.0,0.8,0.4,0.2,0.0,3.6,1.4,62.8,0.0,892.2083430047226,,256.82464470742684,0.0,2.0,0.0,2.0,60.0,service,commercial
8811aa78bbfffff,8,14,0.0,0.0,0.5714285714285714,0.7142857142857143,0.14285714285714285,0.0,2.642857142857143,3.0714285714285716,64.35714285714286,0.6428571428571429,232.00941740348418,,238.32586599483542,0.0,4.0,0.0,3.0,20.0,service,residential
8811aa78bdfffff,8,43,0.0,0.0,0.5116279069767442,0.5813953488372093,0.3023255813953488,0.0,3.441860465116279,4.186046511627907,49.735548172757476,0.5581395348837209,321.94157876134926,,241.52902324346593,0.0,6.0,0.0,6.0,60.0,service,residential
8811aa78c1fffff,8,23,1.0,0.0,0.17391304347826086,0.391304347826087,0.43478260869565216,0.0,2.391304347826087,3.130434782608696,40.2463768115942,0.2608695652173913,52.034532273048626,,113.37203567125216,3.0,7.0,0.0,2.0,60.0,service,residential
8811aa78c3fffff,8,28,0.0,0.0,0.25,0.5,0.21428571428571427,0.0,2.9285714285714284,3.2857142857142856,45.54642857142857,0.39285714285714285,154.03140280449452,,112.15979385236157,0.0,11.0,0.0,6.0,60.0,service,residential
8811aa78c5fffff,8,27,0.0,0.0,0.2962962962962963,0.48148148148148145,0.14814814814814814,0.0,2.7037037037037037,3.962962962962963,45.02051282051282,0.5555555555555556,236.34022795130676,,367.6777855880494,0.0,3.0,0.0,0.0,60.0,footway,commercial
8811aa78c7fffff,8,31,0.0,0.0,0.25806451612903225,0.5483870967741935,0.2903225806451613,0.0,2.967741935483871,4.129032258064516,45.24339477726575,0.6774193548387096,168.97920208456333,,69.27182105868647,1.0,15.0,0.0,11.0,60.0,service,residential
8811aa78c9fffff,8,18,1.0,0.0,0.2222222222222222,0.5,0.4444444444444444,0.0,2.8333333333333335,3.0555555555555554,38.37962962962963,0.2222222222222222,26.763895261432683,,54.79027244330145,6.0,14.0,0.0,6.0,60.0,living_street,commercial
8811aa78cbfffff,8,27,1.0,0.0,0.5185185185185185,0.8148148148148148,0.037037037037037035,0.0,3.4814814814814814,4.222222222222222,45.67610229276896,0.5925925925925926,65.57760580549169,,164.9435365754107,5.0,28.0,0.0,10.0,60.0,footway,residential
8811aa78cdfffff,8,14,0.0,0.0,0.07142857142857142,0.5714285714285714,0.2857142857142857,0.0,3.142857142857143,1.6428571428571428,62.357142857142854,0.0,541.9567364241127,,179.68299405240558,0.0,2.0,0.0,2.0,60.0,service,residential
8811aa78d1fffff,8,2,0.0,0.0,0.0,0.5,0.5,0.0,4.0,2.0,47.0,0.0,600.2655082061137,,197.73459904668502,0.0,1.0,0.0,1.0,60.0,service,forest
8811aa78d3fffff,8,8,0.0,0.0,0.375,0.5,0.25,0.0,3.625,2.5,61.9375,0.25,197.9808606258364,,118.01283420927201,0.0,10.0,0.0,9.0,60.0,footway,commercial
8811aa78d5fffff,8,11,0.0,0.0,0.36363636363636365,0.36363636363636365,0.18181818181818182,0.0,2.909090909090909,2.0,56.5,0.0,363.2497945896266,,245.4229918144101,0.0,2.0,0.0,2.0,60.0,service,commercial
8811aa78d7fffff,8,15,0.0,0.0,0.4666666666666667,0.4666666666666667,0.13333333333333333,0.0,2.8,2.3333333333333335,56.1,0.2,414.08547151660656,,83.69838827351421,2.0,2.0,0.0,2.0,60.0,footway,residential
8811aa78d9fffff,8,37,0.0,0.0,0.3783783783783784,0.35135135135135137,0.3783783783783784,0.0,2.5675675675675675,3.945945945945946,37.64212962962963,0.5135135135135135,135.40562725153856,,87.68392770769512,1.0,11.0,0.0,8.0,60.0,service,residential
8811aa78dbfffff,8,16,1.0,0.0,0.25,0.75,0.1875,0.0,2.8125,2.4375,46.88229166666667,0.125,96.86118373423297,,111.36802356957658,1.0,15.0,0.0,8.0,60.0,service,residential
8811aa78ddfffff,8,26,0.0,0.0,0.46153846153846156,0.46153846153846156,0.34615384615384615,0.0,2.6923076923076925,5.384615384615385,36.20833333333333,0.8076923076923077,237.99181133159274,,36.045398990920006,2.0,8.0,0.0,5.0,60.0,footway,residential
8811aa78e1fffff,8,25,0.0,0.0,0.36,0.28,0.16,0.0,2.36,4.8,37.194984126984124,0.64,195.07395799122486,,255.3391868851462,0.0,5.0,0.0,1.0,60.0,service,residential
8811aa78e3fffff,8,18,1.0,0.0,0.5,0.6666666666666666,0.05555555555555555,0.0,2.7222222222222223,3.611111111111111,45.99060846560846,0.4444444444444444,94.34654221617558,,106.72141251410964,1.0,5.0,0.0,4.0,60.0,service,forest
8811aa78e5fffff,8,28,1.0,0.0,0.42857142857142855,0.32142857142857145,0.17857142857142858,0.0,2.2857142857142856,2.9285714285714284,60.60297619047619,0.4642857142857143,93.48239479975679,,137.03148522276186,1.0,8.0,0.0,5.0,60.0,footway,residential
8811aa78e7fffff,8,21,0.0,0.0,0.7619047619047619,0.2857142857142857,0.2857142857142857,0.0,3.3333333333333335,3.8095238095238093,47.34642857142857,0.6666666666666666,333.3565333978278,,219.3202776233142,0.0,3.0,0.0,3.0,60.0,service,residential
8811aa78e9fffff,8,15,0.0,0.0,0.13333333333333333,0.4,0.4,0.0,2.1333333333333333,2.0,65.25555555555555,0.13333333333333333,352.42955604040077,,227.21825175844268,0.0,1.0,0.0,1.0,60.0,service,commercial
8811aa78ebfffff,8,18,0.0,0.0,0.6666666666666666,0.5555555555555556,0.6111111111111112,0.0,3.9444444444444446,5.166666666666667,69.5989417989418,0.5555555555555556,106.99341325730788,,82.15204941006776,1.0,14.0,0.0,5.0,60.0,service,commercial
8811aa78edfffff,8,17,0.0,0.0,0.5294117647058824,0.4117647058823529,0.23529411764705882,0.0,2.2941176470588234,3.764705882352941,40.156162464986,0.5882352941176471,132.04548348804627,,154.52275775359453,0.0,7.0,0.0,2.0,60.0,cycleway,residential
8811aa7901fffff,8,20,0.0,0.0,0.35,0.4,0.15,0.0,1.95,2.2,51.170833333333334,0.25,282.26375121114006,,207.91108953469188,0.0,7.0,0.0,4.0,60.0,service,residential
8811aa7903fffff,8,28,0.0,0.0,0.5,0.35714285714285715,0.32142857142857145,0.0,2.3214285714285716,3.5357142857142856,40.396428571428565,0.6785714285714286,155.97394402006952,,103.4292499868774,0.0,14.0,0.0,7.0,60.0,service,forest
8811aa7905fffff,8,21,0.0,0.0,0.8095238095238095,0.23809523809523808,0.23809523809523808,0.0,2.8095238095238093,3.0,69.00680272108843,0.23809523809523808,312.9101737580433,,289.3776619002635,0.0,2.0,0.0,2.0,60.0,footway,residential
8811aa7907fffff,8,23,0.0,0.0,0.30434782608695654,0.5217391304347826,0.34782608695652173,0.0,2.3043478260869565,4.3478260869565215,37.72644927536232,0.5652173913043478,177.95842864205588,,82.31162182094276,1.0,13.0,0.0,5.0,60.0,secondary,industrial
8811aa7909fffff,8,17,0.0,0.0,0.17647058823529413,0.23529411764705882,0.11764705882352941,0.0,1.7058823529411764,3.1176470588235294,56.03781512605042,0.4117647058823529,227.53486715984658,,120.39615225205516,0.0,10.0,0.0,7.0,60.0,service,residential
8811aa790bfffff,8,29,0.0,0.0,0.4482758620689655,0.27586206896551724,0.1724137931034483,0.0,2.3448275862068964,2.1379310344827585,43.98275862068966,0.13793103448275862,214.08038818376954,,111.16005072978895,0.0,11.0,0.0,7.0,60.0,service,residential
8811aa790dfffff,8,25,0.0,0.0,0.52,0.28,0.36,0.0,2.2,3.76,44.105714285714285,0.4,216.465557342973,,25.686876331827683,1.0,12.0,0.0,10.0,60.0,service,residential
8811aa7911fffff,8,29,0.0,0.0,0.4827586206896552,0.20689655172413793,0.4827586206896552,0.0,2.5517241379310347,3.103448275862069,41.410509031198686,0.4482758620689655,425.4952517129808,,206.94221534156387,0.0,1.0,0.0,1.0,60.0,service,retail
8811aa7913fffff,8,4,0.0,0.0,0.25,0.0,0.25,0.0,2.25,1.75,46.625,0.0,429.7155413148012,,415.52627869757686,0.0,0.0,0.0,0.0,60.0,service,forest
8811aa7915fffff,8,1,0.0,0.0,0.0,0.0,1.0,0.0,2.0,2.0,50.0,0.0,389.80866179414886,,521.9644606400092,0.0,0.0,0.0,0.0,60.0,service,industrial
8811aa7917fffff,8,24,0.0,0.0,0.375,0.2916666666666667,0.375,0.0,2.625,3.0,47.447916666666664,0.5,379.0883058166234,,251.02721656424174,0.0,2.0,0.0,2.0,60.0,footway,grass
8811aa7919fffff,8,11,0.0,0.0,0.36363636363636365,0.36363636363636365,0.36363636363636365,0.0,2.090909090909091,3.6363636363636362,42.087878787878786,0.6363636363636364,406.7244212870685,,180.2524046573566,0.0,4.0,0.0,4.0,60.0,service,residential
8811aa791bfffff,8,27,0.0,0.0,0.48148148148148145,0.4074074074074074,0.37037037037037035,0.0,2.037037037037037,3.037037037037037,45.380246913580244,0.4074074074074074,173.2730048160767,,256.8868723308623,0.0,2.0,0.0,1.0,60.0,service,industrial
8811aa791dfffff,8,38,,,0.3684210526315789,0.21052631578947367,0.4473684210526316,0.0,1.9736842105263157,3.8684210526315788,37.437426900584796,0.6578947368421053,,,,,,,,,,
8811aa7921fffff,8,17,0.0,0.0,0.5294117647058824,0.11764705882352941,0.6470588235294118,0.0,2.235294117647059,3.3529411764705883,47.60980392156863,0.6470588235294118,343.1173073069456,,215.42648393314468,0.0,2.0,0.0,2.0,60.0,service,industrial
8811aa7923fffff,8,3,0.0,0.0,0.3333333333333333,0.3333333333333333,0.3333333333333333,0.0,1.6666666666666667,1.6666666666666667,52.666666666666664,0.0,430.42047722619327,,282.48615255362273,0.0,3.0,0.0,3.0,60.0,service,industrial
8811aa7925fffff,8,7,0.0,0.0,0.2857142857142857,0.7142857142857143,0.14285714285714285,0.0,2.2857142857142856,3.4285714285714284,41.535714285714285,0.7142857142857143,112.26830624471945,,169.70822661223423,0.0,5.0,0.0,3.0,60.0,footway,industrial
8811aa7927fffff,8,2,0.0,0.0,0.0,0.0,1.0,0.0,1.0,2.0,46.0,0.0,636.6751674122677,,646.5585221399127,0.0,0.0,0.0,0.0,60.0,service,industrial
8811aa7929fffff,8,21,0.0,0.0,0.5238095238095238,0.23809523809523808,0.3333333333333333,0.0,2.4285714285714284,2.5238095238095237,44.61904761904762,0.38095238095238093,264.11886279161854,,194.6716486712317,0.0,5.0,0.0,4.0,60.0,footway,residential
8811aa792bfffff,8,20,0.0,0.0,0.4,0.6,0.55,0.0,2.95,3.65,40.85416666666667,0.75,358.3332211081076,,191.95278517432413,0.0,3.0,0.0,3.0,60.0,secondary,industrial
8811aa792dfffff,8,48,0.0,0.0,0.4375,0.4791666666666667,0.3125,0.0,2.5625,3.2916666666666665,49.75451388888889,0.5416666666666666,158.52140103686006,,114.96285588864032,0.0,16.0,0.0,9.0,60.0,service,retail
8811aa7931fffff,8,6,0.0,0.0,0.6666666666666666,0.8333333333333334,0.3333333333333333,0.0,3.1666666666666665,3.1666666666666665,41.111111111111114,0.3333333333333333,159.8758031468933,,108.85401198596414,0.0,5.0,0.0,4.0,60.0,footway,industrial
8811aa7933fffff,8,15,0.0,0.0,0.5333333333333333,0.13333333333333333,0.5333333333333333,0.0,2.533333333333333,3.533333333333333,49.81777777777778,0.4666666666666667,475.34452828388334,,228.74703945636512,0.0,2.0,0.0,2.0,60.0,footway,grass
8811aa7935fffff,8,13,0.0,0.0,0.5384615384615384,0.3076923076923077,0.15384615384615385,0.0,2.1538461538461537,2.230769230769231,56.19230769230769,0.07692307692307693,284.94776810840295,,228.23791795746575,0.0,5.0,0.0,4.0,60.0,service,industrial
8811aa7937fffff,8,25,0.0,0.0,0.44,0.36,0.28,0.0,2.12,3.44,45.67809523809524,0.4,279.7986422746246,,117.12625255504277,0.0,5.0,0.0,3.0,60.0,footway,residential
8811aa7939fffff,8,2,0.0,0.0,0.0,0.0,0.0,0.0,2.0,1.5,57.0,0.0,709.3626349334851,,101.28330038622745,0.0,2.0,0.0,2.0,60.0,footway,residential
8811aa793bfffff,8,19,0.0,0.0,0.7368421052631579,0.631578947368421,0.3157894736842105,0.0,2.8421052631578947,4.421052631578948,44.82017543859649,0.631578947368421,160.89121098737525,,253.4712913463963,0.0,7.0,0.0,2.0,60.0,footway,industrial
8811aa793dfffff,8,4,0.0,0.0,0.0,0.5,0.25,0.0,1.25,2.25,48.916666666666664,0.25,285.0125279404002,,212.0956020845999,0.0,3.0,0.0,2.0,60.0,footway,forest
8811aa7941fffff,8,15,0.0,0.0,0.0,0.3333333333333333,0.5333333333333333,0.0,1.6,3.7333333333333334,45.21649659863946,0.5333333333333333,351.8567408877138,,228.32743413330283,0.0,2.0,0.0,2.0,60.0,service,residential
8811aa7943fffff,8,18,0.0,0.0,0.2777777777777778,0.16666666666666666,0.2777777777777778,0.0,2.0,3.7777777777777777,51.76289682539683,0.4444444444444444,222.39150452362784,,192.36734746301536,0.0,6.0,0.0,4.0,60.0,footway,residential
8811aa7947fffff,8,9,0.0,0.0,0.1111111111111111,0.0,0.6666666666666666,0.0,1.6666666666666667,4.444444444444445,40.714285714285715,0.5555555555555556,570.8245695804903,,168.03603419764158,0.0,2.0,0.0,2.0,60.0,footway,park
8811aa7949fffff,8,24,0.0,0.0,0.25,0.5416666666666666,0.2916666666666667,0.0,2.2083333333333335,3.5416666666666665,53.798611111111114,0.375,338.15945915658494,,110.30462476806211,0.0,4.0,0.0,4.0,60.0,service,residential
8811aa794bfffff,8,33,1.0,0.0,0.18181818181818182,0.24242424242424243,0.3939393939393939,0.0,1.7575757575757576,5.0606060606060606,54.8056277056277,0.696969696969697,89.07221827031046,,25.475731465670894,2.0,10.0,0.0,6.0,60.0,secondary,residential
8811aa794dfffff,8,3,0.0,0.0,0.0,0.0,0.6666666666666666,0.0,1.3333333333333333,3.0,46.5,0.6666666666666666,586.2568941684628,,145.25561501169008,0.0,2.0,0.0,2.0,60.0,path,forest
8811aa7951fffff,8,17,1.0,0.0,0.29411764705882354,0.23529411764705882,0.29411764705882354,0.0,2.176470588235294,3.823529411764706,37.92577030812325,0.6470588235294118,8.879130189213127,,32.98366455258482,5.0,7.0,0.0,3.0,60.0,service,forest
8811aa7953fffff,8,9,0.0,0.0,0.2222222222222222,0.1111111111111111,0.0,0.0,1.4444444444444444,1.8888888888888888,48.907407407407405,0.1111111111111111,145.79696456558665,,177.3040765834464,0.0,5.0,0.0,3.0,60.0,service,industrial
8811aa7955fffff,8,20,0.0,0.0,0.25,0.25,0.3,0.0,1.95,2.25,64.55416666666667,0.2,159.06655358404933,,96.1452605346443,1.0,7.0,0.0,5.0,20.0,service,residential
8811aa7957fffff,8,23,1.0,0.0,0.34782608695652173,0.4782608695652174,0.34782608695652173,0.0,2.4347826086956523,3.6956521739130435,56.83781918564527,0.5217391304347826,45.5461830343672,,60.63431186924989,4.0,5.0,0.0,3.0,60.0,footway,residential
8811aa7959fffff,8,19,0.0,0.0,0.3157894736842105,0.47368421052631576,0.42105263157894735,0.0,2.1578947368421053,4.315789473684211,64.39862155388471,0.5789473684210527,111.95417595747939,,96.49505799415505,1.0,17.0,0.0,5.0,60.0,steps,residential
8811aa795bfffff,8,30,0.0,0.0,0.16666666666666666,0.43333333333333335,0.2,0.0,1.8,4.066666666666666,38.23869047619048,0.5666666666666667,184.0262625855821,,147.23571140893173,0.0,12.0,0.0,7.0,60.0,service,residential
8811aa795dfffff,8,21,0.0,0.0,0.3333333333333333,0.38095238095238093,0.6190476190476191,0.0,2.380952380952381,4.0,51.628401360544224,0.5238095238095238,338.5139830099765,,84.12279314319072,1.0,3.0,0.0,3.0,60.0,tertiary,residential
8811aa7961fffff,8,1,0.0,0.0,0.0,0.0,1.0,0.0,1.0,2.0,47.0,0.0,574.4863206994227,,472.54358592894846,0.0,0.0,0.0,0.0,60.0,footway,forest
8811aa7963fffff,8,29,,,0.6206896551724138,0.27586206896551724,0.27586206896551724,0.0,2.4827586206896552,2.310344827586207,60.66091954022989,0.10344827586206896,,,,,,,,,,
8811aa7965fffff,8,9,0.0,0.0,0.5555555555555556,0.0,0.1111111111111111,0.0,2.7777777777777777,2.4444444444444446,80.07407407407408,0.2222222222222222,360.5691858031321,,253.3435198161086,0.0,5.0,0.0,5.0,60.0,service,residential
8811aa7967fffff,8,22,0.0,0.0,0.5909090909090909,0.22727272727272727,0.5454545454545454,0.0,2.727272727272727,2.3636363636363638,43.28030303030303,0.045454545454545456,203.19075260633554,,112.27304659426868,0.0,7.0,0.0,4.0,60.0,footway,residential
8811aa796bfffff,8,5,0.0,0.0,0.6,0.0,0.4,0.0,2.6,1.6,65.9,0.0,717.9749863256509,,188.52848408506253,0.0,1.0,0.0,1.0,60.0,path,forest
8811aa7981fffff,8,27,0.0,0.0,0.48148148148148145,0.2222222222222222,0.2222222222222222,0.0,2.4814814814814814,2.4444444444444446,52.26851851851852,0.2222222222222222,374.59725539749917,,139.26659912050735,0.0,2.0,0.0,2.0,60.0,footway,residential
8811aa7983fffff,8,9,0.0,0.0,0.3333333333333333,0.0,0.0,0.0,1.6666666666666667,1.5555555555555556,50.166666666666664,0.0,321.3384065313191,,272.44052167677313,0.0,1.0,0.0,1.0,60.0,footway,residential
8811aa7987fffff,8,11,0.0,0.0,0.45454545454545453,0.45454545454545453,0.18181818181818182,0.0,2.8181818181818183,3.0,40.06818181818182,0.6363636363636364,299.0530327404843,,178.6350705312327,0.0,6.0,0.0,5.0,60.0,footway,residential
8811aa7989fffff,8,28,0.0,0.0,0.6428571428571429,0.42857142857142855,0.17857142857142858,0.0,2.75,1.8214285714285714,71.02380952380953,0.03571428571428571,354.58467131696955,,301.8577587627038,0.0,0.0,0.0,0.0,60.0,service,residential
8811aa798bfffff,8,8,0.0,0.0,0.625,0.125,0.0,0.0,2.375,1.625,45.875,0.0,620.837432512218,,194.30690487047832,0.0,4.0,0.0,4.0,60.0,service,residential
8811aa798dfffff,8,9,1.0,0.0,0.4444444444444444,0.3333333333333333,0.3333333333333333,0.0,2.111111111111111,2.6666666666666665,50.96296296296296,0.2222222222222222,18.666444825752446,,2.651889779817379,4.0,10.0,0.0,5.0,60.0,tertiary,residential
8811aa7991fffff,8,4,0.0,0.0,0.5,0.75,0.25,0.0,3.5,2.75,53.0,0.0,272.08332748475726,,139.6897825164747,0.0,5.0,0.0,4.0,20.0,secondary,industrial
8811aa7993fffff,8,5,0.0,0.0,0.4,0.6,0.6,0.0,3.8,4.0,37.05,1.0,294.4821960464554,,297.8371127825461,0.0,2.0,0.0,1.0,60.0,service,industrial
8811aa7995fffff,8,6,0.0,0.0,0.5,0.16666666666666666,0.5,0.0,3.1666666666666665,1.6666666666666667,48.833333333333336,0.0,361.54634369182764,,361.936186730242,0.0,0.0,0.0,0.0,60.0,service,residential
8811aa7997fffff,8,13,0.0,0.0,0.6153846153846154,0.15384615384615385,0.23076923076923078,0.0,3.8461538461538463,2.6153846153846154,50.01282051282052,0.3076923076923077,402.8741673656918,,288.8335974716992,0.0,2.0,0.0,2.0,60.0,footway,industrial
8811aa7999fffff,8,3,0.0,0.0,0.3333333333333333,0.0,0.6666666666666666,0.0,2.6666666666666665,2.0,64.5,0.0,211.42845935184587,,360.6623214276877,0.0,1.0,0.0,0.0,60.0,service,industrial
8811aa799bfffff,8,2,1.0,0.0,0.0,0.0,1.0,0.0,2.5,4.0,37.75,1.0,97.482547295806,,213.92753702829813,1.0,5.0,0.0,1.0,60.0,service,industrial
8811aa799dfffff,8,1,0.0,0.0,1.0,0.0,0.0,0.0,4.0,2.0,74.0,0.0,779.1989184802092,,468.72375937597684,0.0,0.0,0.0,0.0,60.0,path,forest
8811aa79a1fffff,8,1,0.0,0.0,0.0,0.0,0.0,0.0,2.0,1.0,36.0,0.0,482.5746946987322,,98.61798709449526,1.0,2.0,0.0,2.0,60.0,service,park
8811aa79a3fffff,8,6,0.0,0.0,0.5,0.3333333333333333,0.3333333333333333,0.0,3.0,3.6666666666666665,40.0,0.8333333333333334,377.5481144620005,,287.2612717555189,0.0,1.0,0.0,1.0,60.0,service,grass
8811aa79a5fffff,8,12,0.0,0.0,0.4166666666666667,0.5833333333333334,0.3333333333333333,0.0,3.1666666666666665,2.75,38.461111111111116,0.25,380.1676349842492,,39.71158771787435,2.0,3.0,0.0,3.0,90.0,primary,residential
8811aa79a7fffff,8,7,1.0,0.0,0.5714285714285714,0.42857142857142855,0.14285714285714285,0.0,4.142857142857143,1.8571428571428572,99.42857142857143,0.0,91.6366680854568,,156.22241052861406,1.0,6.0,0.0,4.0,60.0,service,industrial
8811aa79adfffff,8,1,0.0,0.0,1.0,0.0,1.0,0.0,3.0,2.0,470.0,0.0,759.5693814185447,,463.09947481038256,0.0,0.0,0.0,0.0,60.0,service,industrial
8811aa79b1fffff,8,20,0.0,0.0,0.6,0.25,0.35,0.0,2.8,2.35,51.225,0.1,196.27410828332063,,77.08191279369652,1.0,6.0,0.0,5.0,60.0,service,residential
8811aa79b3fffff,8,25,1.0,0.0,0.48,0.6,0.24,0.0,3.04,3.4,41.656000000000006,0.32,87.59599857681144,,105.80821422891755,2.0,8.0,0.0,3.0,60.0,footway,park
8811aa79b5fffff,8,10,0.0,0.0,0.4,0.0,0.4,0.0,2.5,2.0,51.983333333333334,0.0,351.9997416516108,,114.98632323400116,0.0,3.0,0.0,3.0,90.0,primary,residential
8811aa79b7fffff,8,17,0.0,0.0,0.6470588235294118,0.29411764705882354,0.29411764705882354,0.0,3.0588235294117645,4.470588235294118,42.61764705882353,0.5882352941176471,171.21259664650847,,144.7155400853422,0.0,9.0,0.0,3.0,60.0,service,industrial
8811aa79b9fffff,8,5,0.0,0.0,0.4,0.0,0.0,0.0,3.0,1.2,80.1,0.0,480.3048928253762,,287.0459034873743,0.0,1.0,0.0,1.0,60.0,footway,park
8811aa79bbfffff,8,14,0.0,0.0,0.5714285714285714,0.21428571428571427,0.2857142857142857,0.0,3.4285714285714284,2.142857142857143,52.91666666666667,0.14285714285714285,205.15623444809094,,161.59974119956541,0.0,6.0,0.0,4.0,20.0,service,residential
8811aa79c1fffff,8,15,1.0,0.0,0.4,0.13333333333333333,0.26666666666666666,0.0,1.8,3.0,99.96666666666667,0.6,73.54396882459072,,282.7364006804471,1.0,4.0,0.0,2.0,60.0,service,residential
8811aa79c3fffff,8,16,1.0,0.0,0.4375,0.625,0.375,0.0,2.6875,4.0625,37.546875,0.6875,93.9514203374644,,236.02484546260868,1.0,14.0,0.0,3.0,60.0,footway,industrial
8811aa79c5fffff,8,18,1.0,0.0,0.5,0.16666666666666666,0.1111111111111111,0.0,2.7222222222222223,2.611111111111111,45.101851851851855,0.2777777777777778,64.47444262368818,,39.16615283585402,3.0,6.0,0.0,3.0,60.0,steps,forest
8811aa79c7fffff,8,45,0.0,0.0,0.5111111111111111,0.2222222222222222,0.3333333333333333,0.0,2.6222222222222222,2.6222222222222222,57.99925925925926,0.26666666666666666,270.2115014167498,,30.786482480511754,3.0,14.0,0.0,9.0,60.0,footway,residential
8811aa79c9fffff,8,3,0.0,0.0,0.0,0.0,1.0,0.0,1.3333333333333333,3.6666666666666665,28.861111111111114,0.6666666666666666,588.1734470703881,,167.1655072151599,0.0,2.0,0.0,2.0,60.0,footway,residential
8811aa79cbfffff,8,1,0.0,0.0,0.0,0.0,0.0,0.0,2.0,4.0,35.0,1.0,555.942555837593,,346.20098297434254,0.0,0.0,0.0,0.0,60.0,service,residential
8811aa79cdfffff,8,20,0.0,0.0,0.55,0.15,0.55,0.0,2.75,2.1,69.15833333333333,0.05,283.0111169656748,,569.9533734252285,0.0,1.0,0.0,0.0,60.0,footway,residential
8811aa79d1fffff,8,9,0.0,0.0,0.6666666666666666,0.2222222222222222,0.3333333333333333,0.0,3.111111111111111,2.888888888888889,39.78703703703704,0.4444444444444444,191.87491166459705,,196.4851117268929,0.0,3.0,0.0,2.0,60.0,footway,industrial
8811aa79d3fffff,8,20,1.0,0.0,0.6,0.45,0.2,0.0,3.5,3.55,51.5375,0.5,21.892635982044727,,41.13012778004139,6.0,10.0,0.0,6.0,60.0,footway,residential
8811aa79d5fffff,8,2,0.0,0.0,0.5,1.0,0.5,0.0,1.5,5.5,28.25,1.0,507.24301694040975,,230.85685219838672,0.0,3.0,0.0,3.0,60.0,footway,park
8811aa79d7fffff,8,4,0.0,0.0,0.5,0.25,0.75,0.0,3.75,4.75,50.125,0.75,163.97546234616587,,352.16739063506,0.0,4.0,0.0,0.0,60.0,footway,industrial
8811aa79d9fffff,8,36,0.0,0.0,0.3333333333333333,0.16666666666666666,0.5,0.0,2.111111111111111,2.7222222222222223,46.09259259259259,0.2777777777777778,262.639383661011,,121.59563988221508,0.0,9.0,0.0,7.0,60.0,footway,residential
8811aa79dbfffff,8,43,0.0,0.0,0.3023255813953488,0.32558139534883723,0.37209302325581395,0.0,3.0232558139534884,3.3488372093023258,41.46666666666667,0.627906976744186,129.29139220976344,,72.56031517332882,1.0,2.0,0.0,1.0,60.0,footway,residential
8811aa79ddfffff,8,10,1.0,0.0,0.2,0.2,0.6,0.0,2.5,2.8,37.733333333333334,0.3,27.609540262947057,,146.8997754259807,1.0,12.0,0.0,4.0,60.0,footway,commercial
8811aa79e9fffff,8,20,0.0,0.0,0.3,0.5,0.2,0.0,2.9,3.15,39.36875,0.1,352.6641250117384,,30.154289172931914,1.0,4.0,0.0,4.0,60.0,footway,residential
8811aa79ebfffff,8,12,0.0,0.0,0.3333333333333333,0.25,0.4166666666666667,0.0,2.0,2.3333333333333335,46.02777777777778,0.08333333333333333,469.6238596029437,,213.16348040584066,0.0,2.0,0.0,2.0,60.0,footway,park
8811aa79edfffff,8,6,0.0,0.0,0.5,0.0,0.5,0.0,1.8333333333333333,2.5,43.05555555555555,0.0,103.56192363933566,,354.17298761838333,0.0,3.0,0.0,0.0,60.0,path,park
8811aa7a01fffff,8,5,0.0,0.0,0.0,0.8,0.4,0.0,1.8,5.0,42.5,1.0,392.573680634091,,374.2769353049711,0.0,0.0,0.0,0.0,60.0,footway,industrial
8811aa7a03fffff,8,14,0.0,0.0,0.5,0.14285714285714285,0.6428571428571429,0.0,2.642857142857143,4.642857142857143,42.19897959183674,0.6428571428571429,495.85583593734736,,416.057748380823,0.0,0.0,0.0,0.0,60.0,path,residential
8811aa7a05fffff,8,16,0.0,0.0,0.5,0.1875,0.4375,0.0,3.0,2.75,50.18333333333334,0.3125,506.6429236268948,,179.64244586988718,0.0,4.0,0.0,4.0,60.0,service,residential
8811aa7a07fffff,8,14,0.0,0.0,0.42857142857142855,0.42857142857142855,0.21428571428571427,0.0,2.7142857142857144,3.7857142857142856,39.15714285714286,0.5,335.8133498441227,,122.95049956868958,0.0,7.0,0.0,7.0,60.0,residential,residential
8811aa7a09fffff,8,12,0.0,0.0,0.4166666666666667,0.08333333333333333,0.5833333333333334,0.0,2.25,7.0,39.69040404040404,0.75,479.3551941391609,,165.64822869015322,0.0,2.0,0.0,2.0,60.0,pedestrian,park
8811aa7a0bfffff,8,28,1.0,0.0,0.6428571428571429,0.32142857142857145,0.5,0.0,3.142857142857143,3.7142857142857144,49.33027210884354,0.5,85.21072206063558,,97.01415482349546,3.0,15.0,0.0,10.0,60.0,service,forest
8811aa7a0dfffff,8,6,,,0.0,0.5,0.5,0.0,1.8333333333333333,5.0,40.27777777777778,0.8333333333333334,,,,,,,,,,
8811aa7a11fffff,8,33,0.0,0.0,0.2727272727272727,0.36363636363636365,0.15151515151515152,0.0,2.8181818181818183,3.9393939393939394,45.97354910714286,0.5757575757575758,236.17117418760265,,174.46377286309016,0.0,12.0,0.0,2.0,60.0,footway,commercial
8811aa7a13fffff,8,9,0.0,0.0,0.0,0.4444444444444444,0.2222222222222222,0.0,1.1111111111111112,4.111111111111111,40.170370370370364,0.6666666666666666,155.93014790356656,,137.54463145065603,0.0,11.0,0.0,3.0,60.0,footway,park
8811aa7a15fffff,8,34,0.0,0.0,0.4117647058823529,0.20588235294117646,0.5,0.0,2.6176470588235294,6.5,43.67138463228429,0.7352941176470589,760.4582377430913,,182.5714623112062,0.0,3.0,0.0,3.0,60.0,service,residential
8811aa7a17fffff,8,26,0.0,0.0,0.5384615384615384,0.11538461538461539,0.5769230769230769,0.0,2.6153846153846154,4.923076923076923,38.16314285714286,0.5,395.4430134415676,,265.88978171758475,0.0,2.0,0.0,2.0,60.0,service,residential
8811aa7a19fffff,8,15,0.0,0.0,0.0,0.2,0.2,0.0,1.7333333333333334,2.7333333333333334,43.68888888888889,0.13333333333333333,128.4259309368777,,138.58622215226484,0.0,4.0,0.0,2.0,60.0,service,residential
8811aa7a1bfffff,8,26,1.0,0.0,0.15384615384615385,0.5384615384615384,0.3076923076923077,0.0,1.9230769230769231,3.8461538461538463,44.1614010989011,0.46153846153846156,31.86109672294865,,133.84535856677311,2.0,7.0,0.0,4.0,60.0,footway,residential
8811aa7a1dfffff,8,21,0.0,0.0,0.42857142857142855,0.14285714285714285,0.38095238095238093,0.0,2.619047619047619,4.809523809523809,53.593764172335604,0.6190476190476191,305.07357132066426,,422.1138648976048,0.0,0.0,0.0,0.0,60.0,service,commercial
8811aa7a21fffff,8,13,0.0,0.0,0.46153846153846156,0.7692307692307693,0.23076923076923078,0.0,3.8461538461538463,4.0,46.81410256410257,0.6153846153846154,218.50383852680886,,222.6137590561868,0.0,5.0,0.0,1.0,60.0,footway,park
8811aa7a23fffff,8,9,0.0,0.0,0.2222222222222222,0.4444444444444444,0.4444444444444444,0.0,2.3333333333333335,4.888888888888889,55.05555555555556,0.7777777777777778,385.7811237784399,,341.19366709526935,0.0,0.0,0.0,0.0,60.0,service,park
8811aa7a25fffff,8,13,0.0,0.0,0.7692307692307693,0.6923076923076923,0.3076923076923077,0.0,3.8461538461538463,5.0,39.69102564102564,0.5384615384615384,386.6956060023686,,119.60004883207397,0.0,4.0,0.0,4.0,60.0,footway,grass
8811aa7a27fffff,8,2,0.0,0.0,0.5,0.5,0.5,0.0,4.0,3.5,37.25,0.5,301.49113988958095,,254.586014884467,0.0,2.0,0.0,2.0,60.0,service,industrial
8811aa7a29fffff,8,10,0.0,0.0,0.3,0.5,0.2,0.0,2.8,2.3,62.99666666666667,0.2,381.003264947325,,275.69960243627645,0.0,1.0,0.0,1.0,60.0,service,residential
8811aa7a2bfffff,8,1,0.0,0.0,0.0,0.0,0.0,0.0,2.0,3.0,40.333333333333336,0.0,417.9650556259639,,473.3803851674457,0.0,0.0,0.0,0.0,60.0,service,residential
8811aa7a2dfffff,8,18,0.0,0.0,0.4444444444444444,0.6111111111111112,0.2222222222222222,0.0,3.2222222222222223,3.7222222222222223,49.0462962962963,0.3888888888888889,328.0855131716369,,187.46610211935206,0.0,2.0,0.0,2.0,60.0,service,forest
8811aa7a31fffff,8,22,0.0,0.0,0.18181818181818182,0.45454545454545453,0.22727272727272727,0.0,2.3181818181818183,5.136363636363637,40.707142857142856,0.7727272727272727,203.41194296866271,,373.3183946612668,0.0,4.0,0.0,0.0,60.0,footway,park
8811aa7a33fffff,8,17,0.0,0.0,0.4117647058823529,0.6470588235294118,0.17647058823529413,0.0,2.1176470588235294,3.411764705882353,43.872549019607845,0.7058823529411765,190.1698878632276,,136.47087852742712,0.0,11.0,0.0,7.0,60.0,service,residential
8811aa7a35fffff,8,12,0.0,0.0,0.0,0.5833333333333334,0.25,0.0,1.4166666666666667,5.166666666666667,38.73005952380952,0.9166666666666666,426.0328012526402,,446.1890563729706,0.0,0.0,0.0,0.0,60.0,footway,grass
8811aa7a37fffff,8,21,0.0,0.0,0.047619047619047616,0.5238095238095238,0.2857142857142857,0.0,1.8571428571428572,2.9047619047619047,45.43541666666667,0.3333333333333333,274.4104762895702,,34.574157609502606,2.0,4.0,0.0,3.0,60.0,footway,residential
8811aa7a39fffff,8,22,0.0,0.0,0.18181818181818182,0.13636363636363635,0.6363636363636364,0.0,2.1363636363636362,6.181818181818182,38.88041125541125,0.8181818181818182,106.79893439941924,,217.44264314832782,0.0,5.0,0.0,2.0,60.0,service,industrial
8811aa7a3bfffff,8,3,0.0,0.0,0.0,0.6666666666666666,0.0,0.0,2.0,2.6666666666666665,37.666666666666664,0.3333333333333333,513.0976997502851,,409.4845746879476,0.0,0.0,0.0,0.0,60.0,service,industrial
8811aa7a3dfffff,8,4,0.0,0.0,0.0,0.0,0.5,0.0,0.75,2.0,31.222222222222225,0.0,521.2336127147875,,559.8485299718503,0.0,0.0,0.0,0.0,60.0,footway,park
8811aa7a41fffff,8,21,0.0,0.0,0.23809523809523808,0.2857142857142857,0.47619047619047616,0.0,2.619047619047619,6.0476190476190474,36.68496503496504,0.5238095238095238,390.3772059146221,,260.4732686220409,0.0,1.0,0.0,1.0,60.0,footway,orchard
8811aa7a43fffff,8,16,0.0,0.0,0.625,0.5625,0.0625,0.0,2.875,3.1875,42.775,0.4375,224.5138929928203,,208.0310070948007,0.0,5.0,0.0,3.0,60.0,service,residential
8811aa7a45fffff,8,8,0.0,0.0,0.375,0.125,0.625,0.0,3.0,2.5,40.802083333333336,0.25,466.61828173229276,,173.43058935580137,0.0,2.0,0.0,2.0,60.0,footway,forest
8811aa7a47fffff,8,28,1.0,0.0,0.4642857142857143,0.42857142857142855,0.5357142857142857,0.0,2.5,4.964285714285714,39.50425427746857,0.6428571428571429,43.26112748735435,,38.59428957055464,8.0,11.0,0.0,2.0,60.0,footway,forest
8811aa7a49fffff,8,19,0.0,0.0,0.8421052631578947,0.5789473684210527,0.0,0.0,3.526315789473684,2.0,52.23684210526316,0.05263157894736842,152.90081527976548,,98.08539968794508,1.0,8.0,0.0,6.0,60.0,footway,grass
8811aa7a4bfffff,8,23,0.0,0.0,0.6956521739130435,0.5217391304347826,0.17391304347826086,0.0,3.5217391304347827,3.1739130434782608,40.31884057971015,0.30434782608695654,191.9537553343555,,87.6809532656148,1.0,11.0,0.0,7.0,60.0,footway,residential
8811aa7a4dfffff,8,33,,,0.6666666666666666,0.0,0.7272727272727273,0.0,2.8484848484848486,5.909090909090909,39.56798252252798,0.6666666666666666,,,,,,,,,,
8811aa7a51fffff,8,21,1.0,0.0,0.8095238095238095,0.7142857142857143,0.09523809523809523,0.0,3.8095238095238093,3.0,47.37301587301587,0.2857142857142857,88.95421301410852,,37.010504921665884,2.0,5.0,0.0,4.0,60.0,footway,residential
8811aa7a53fffff,8,12,0.0,0.0,0.16666666666666666,0.4166666666666667,0.16666666666666666,0.0,2.75,2.4166666666666665,51.5,0.08333333333333333,150.52401312960174,,24.2264467749652,2.0,6.0,0.0,3.0,60.0,service,residential
8811aa7a55fffff,8,16,0.0,0.0,0.25,0.125,0.1875,0.0,2.875,2.0625,46.940000000000005,0.0625,233.64791694767095,,140.10194458114583,0.0,9.0,0.0,7.0,60.0,footway,retail
8811aa7a57fffff,8,10,1.0,0.0,0.9,0.4,0.4,0.0,3.2,2.2,63.36666666666666,0.1,62.8295770960161,,28.661039488505075,5.0,7.0,0.0,5.0,40.0,tertiary,residential
8811aa7a59fffff,8,1,0.0,0.0,0.0,0.0,0.0,0.0,4.0,1.0,70.0,0.0,700.6708137971212,,104.57725400799042,0.0,6.0,0.0,6.0,60.0,service,industrial
8811aa7a5bfffff,8,8,0.0,0.0,0.125,0.25,0.25,0.0,2.375,2.125,54.25,0.125,197.88844006600328,,51.48206424814141,2.0,5.0,0.0,4.0,60.0,tertiary,industrial
8811aa7a5dfffff,8,16,0.0,0.0,0.625,0.5,0.3125,0.0,3.5,2.875,39.984375,0.3125,151.43044081893555,,151.5921191212897,0.0,3.0,0.0,2.0,60.0,service,residential
8811aa7a61fffff,8,3,0.0,0.0,0.3333333333333333,0.0,0.0,0.0,1.6666666666666667,1.3333333333333333,49.0,0.0,583.7686031431094,,129.81595798755532,0.0,4.0,0.0,4.0,60.0,unclassified,residential
8811aa7a63fffff,8,8,0.0,0.0,0.125,0.125,0.625,0.0,2.375,3.75,42.583333333333336,0.5,232.6066044366957,,217.2524417806379,0.0,4.0,0.0,2.0,60.0,footway,residential
8811aa7a65fffff,8,13,0.0,0.0,0.23076923076923078,0.38461538461538464,0.07692307692307693,0.0,2.230769230769231,2.230769230769231,60.30769230769231,0.07692307692307693,146.97908764723874,,107.10507905463811,0.0,10.0,0.0,5.0,60.0,footway,residential
8811aa7a67fffff,8,20,0.0,0.0,0.45,0.25,0.45,0.0,2.6,3.85,55.552499999999995,0.45,257.267350599366,,165.3194595333553,0.0,7.0,0.0,4.0,60.0,service,residential
8811aa7a69fffff,8,3,0.0,0.0,1.0,0.3333333333333333,0.0,0.0,4.333333333333333,1.6666666666666667,52.0,0.0,518.1270752030526,,352.0811324163911,0.0,0.0,0.0,0.0,60.0,footway,residential
8811aa7a6bfffff,8,4,0.0,0.0,0.0,0.25,0.5,0.0,1.5,6.5,40.541666666666664,1.0,845.2238026278729,,428.71999652930657,0.0,0.0,0.0,0.0,60.0,path,forest
8811aa7a6dfffff,8,23,0.0,0.0,0.30434782608695654,0.391304347826087,0.2608695652173913,0.0,2.260869565217391,3.0869565217391304,44.277536231884056,0.43478260869565216,106.52676117449957,,176.64179640235426,0.0,13.0,0.0,7.0,60.0,footway,forest
8811aa7a81fffff,8,32,0.0,0.0,0.03125,0.6875,0.1875,0.0,1.90625,2.0625,52.922222222222224,0.125,121.58802847437578,,386.9713114271309,0.0,1.0,0.0,0.0,60.0,footway,residential
8811aa7a83fffff,8,60,0.0,0.0,0.11666666666666667,0.65,0.3,0.0,2.316666666666667,3.7333333333333334,41.71878531073446,0.43333333333333335,208.61038843272573,,129.86625993513675,0.0,11.0,0.0,4.0,60.0,service,residential
8811aa7a85fffff,8,57,0.0,0.0,0.2982456140350877,0.43859649122807015,0.2631578947368421,0.0,2.280701754385965,3.210526315789474,44.66190476190476,0.3333333333333333,261.51454412030427,,146.19817987971297,0.0,12.0,0.0,7.0,60.0,footway,residential
8811aa7a87fffff,8,15,0.0,0.0,0.13333333333333333,0.4666666666666667,0.3333333333333333,0.0,2.3333333333333335,3.2,41.06837606837607,0.4,214.56850387068488,,251.52266160361376,0.0,4.0,0.0,2.0,60.0,service,commercial
8811aa7a89fffff,8,25,,,0.28,0.56,0.44,0.0,2.24,3.48,41.31333333333333,0.44,,,,,,,,,,
8811aa7a8bfffff,8,41,0.0,0.0,0.14634146341463414,0.6829268292682927,0.3902439024390244,0.0,2.1951219512195124,4.560975609756097,42.43929539295393,0.5853658536585366,199.99332960962292,,135.1178130789706,0.0,10.0,0.0,5.0,60.0,residential,residential
8811aa7a8dfffff,8,29,1.0,0.0,0.3103448275862069,0.41379310344827586,0.3793103448275862,0.0,2.206896551724138,3.7586206896551726,41.13630952380952,0.5172413793103449,10.687324334222122,,39.42608632908071,8.0,13.0,0.0,9.0,60.0,footway,grass
8811aa7a91fffff,8,18,1.0,0.0,0.05555555555555555,0.5555555555555556,0.1111111111111111,0.0,2.3333333333333335,3.8333333333333335,50.76838624338624,0.5555555555555556,99.52647241237594,,137.84177979467782,1.0,11.0,0.0,6.0,60.0,footway,grass
8811aa7a93fffff,8,31,0.0,0.0,0.16129032258064516,0.7096774193548387,0.2903225806451613,0.0,3.129032258064516,4.612903225806452,46.92025089605735,0.4838709677419355,235.86348916987063,,320.2493276582488,0.0,2.0,0.0,0.0,60.0,service,residential
8811aa7a95fffff,8,23,1.0,0.0,0.34782608695652173,0.30434782608695654,0.34782608695652173,0.0,2.4782608695652173,2.869565217391304,43.31818181818182,0.2608695652173913,31.40106649495599,,30.836719457806137,5.0,15.0,0.0,6.0,60.0,footway,residential
8811aa7a97fffff,8,28,1.0,0.0,0.39285714285714285,0.42857142857142855,0.39285714285714285,0.0,2.9285714285714284,6.857142857142857,41.538293650793655,0.8214285714285714,96.16192735913599,,148.18406136237238,1.0,8.0,0.0,4.0,40.0,secondary,residential
8811aa7a99fffff,8,5,0.0,0.0,0.0,0.4,0.4,0.0,2.6,2.0,54.9,0.0,138.57103716731385,,480.4112321646565,0.0,3.0,0.0,0.0,60.0,footway,park
8811aa7a9bfffff,8,40,0.0,0.0,0.425,0.425,0.225,0.0,3.675,3.45,44.16842105263158,0.6,153.60168370097182,,63.409255324411035,1.0,9.0,0.0,6.0,60.0,service,park
8811aa7a9dfffff,8,31,1.0,0.0,0.3548387096774194,0.5161290322580645,0.12903225806451613,0.0,2.774193548387097,2.838709677419355,59.943888888888885,0.3548387096774194,22.041134678198326,,50.32853305667958,3.0,12.0,0.0,7.0,60.0,footway,forest
8811aa7aa1fffff,8,20,0.0,0.0,0.3,0.55,0.35,0.0,3.2,2.7,37.73529411764706,0.4,194.8553338711818,,174.66370041258193,0.0,13.0,0.0,6.0,60.0,service,industrial
8811aa7aa3fffff,8,11,0.0,0.0,0.45454545454545453,0.36363636363636365,0.18181818181818182,0.0,2.1818181818181817,2.4545454545454546,37.78787878787879,0.09090909090909091,125.0746021935935,,219.3009268250592,0.0,18.0,0.0,3.0,50.0,secondary,commercial
8811aa7aa5fffff,8,23,0.0,0.0,0.5652173913043478,0.5217391304347826,0.5217391304347826,0.0,3.6956521739130435,3.260869565217391,40.63492063492064,0.6956521739130435,511.6027593844159,,117.12484022422683,0.0,2.0,0.0,2.0,60.0,service,residential
8811aa7aa7fffff,8,26,0.0,0.0,0.4230769230769231,0.5384615384615384,0.4230769230769231,0.0,3.1923076923076925,2.5,50.541666666666664,0.2692307692307692,138.13175538516106,,108.32773512776477,0.0,3.0,0.0,1.0,60.0,service,commercial
8811aa7aa9fffff,8,19,1.0,0.0,0.2631578947368421,0.7894736842105263,0.10526315789473684,0.0,2.1578947368421053,2.6315789473684212,37.171052631578945,0.10526315789473684,79.58078444130776,,129.87966196376345,1.0,6.0,0.0,4.0,60.0,service,commercial
8811aa7aabfffff,8,32,,,0.5625,0.5625,0.28125,0.0,2.90625,4.21875,40.82058371735791,0.8125,,,,,,,,,,
8811aa7aadfffff,8,15,0.0,0.0,0.5333333333333333,0.7333333333333333,0.13333333333333333,0.0,3.6,2.466666666666667,38.82142857142857,0.4,234.58078174715104,,211.5651951598449,0.0,7.0,0.0,2.0,60.0,footway,residential
8811aa7ab1fffff,8,23,1.0,0.0,0.30434782608695654,0.6086956521739131,0.2608695652173913,0.0,2.391304347826087,2.5217391304347827,45.69347826086957,0.21739130434782608,37.87026989388484,,91.55043479035542,4.0,10.0,0.0,1.0,60.0,footway,commercial
8811aa7ab3fffff,8,34,0.0,0.0,0.23529411764705882,0.7352941176470589,0.17647058823529413,0.0,3.1176470588235294,4.147058823529412,44.90784313725491,0.4411764705882353,373.7074854444846,,208.42916016640572,0.0,1.0,0.0,1.0,60.0,footway,commercial
8811aa7ab5fffff,8,39,1.0,0.0,0.3333333333333333,0.5128205128205128,0.3076923076923077,0.0,2.641025641025641,3.051282051282051,50.421621621621625,0.4358974358974359,37.87764312777958,,44.18844847970387,4.0,11.0,0.0,8.0,60.0,footway,residential
8811aa7ab7fffff,8,32,0.0,0.0,0.21875,0.71875,0.25,0.0,2.71875,2.1875,46.760416666666664,0.0,151.04251832460918,,179.60090598904475,0.0,5.0,0.0,3.0,60.0,steps,commercial
8811aa7ab9fffff,8,31,1.0,0.0,0.16129032258064516,0.6451612903225806,0.1935483870967742,0.0,2.3870967741935485,2.4838709677419355,43.09722222222222,0.12903225806451613,18.33643500294524,,11.825063175191376,4.0,15.0,0.0,3.0,60.0,footway,residential
8811aa7abbfffff,8,25,0.0,0.0,0.24,0.76,0.16,0.0,2.32,3.64,36.495333333333335,0.52,243.3531782119516,,43.86660036819669,2.0,5.0,0.0,4.0,60.0,service,residential
8811aa7abdfffff,8,47,0.0,0.0,0.5957446808510638,0.574468085106383,0.3191489361702128,0.0,2.8085106382978724,4.425531914893617,43.34038800705467,0.574468085106383,233.60313346672282,,242.94164228548055,0.0,9.0,0.0,3.0,60.0,steps,commercial
8811aa7ac1fffff,8,43,0.0,0.0,0.4418604651162791,0.6511627906976745,0.3023255813953488,0.0,2.813953488372093,5.674418604651163,46.937397787397785,0.6976744186046512,216.61767946190582,,4.6934186701476115,1.0,14.0,0.0,8.0,60.0,footway,residential
8811aa7ac3fffff,8,15,0.0,0.0,0.26666666666666666,0.4,0.4,0.0,2.3333333333333335,2.466666666666667,45.52777777777778,0.2,143.28309665502118,,112.69413509257589,0.0,7.0,0.0,6.0,60.0,footway,residential
8811aa7ac5fffff,8,32,0.0,0.0,0.125,0.6875,0.1875,0.0,2.1875,3.53125,60.002604166666664,0.46875,157.92041820627804,,92.27713096662393,1.0,10.0,0.0,6.0,60.0,footway,residential
8811aa7ac7fffff,8,28,0.0,0.0,0.5357142857142857,0.6071428571428571,0.2857142857142857,0.0,2.642857142857143,3.7142857142857144,63.56420068027211,0.42857142857142855,104.84518186133506,,140.4715066557364,0.0,12.0,0.0,7.0,60.0,footway,residential
8811aa7ac9fffff,8,8,,,0.0,0.5,0.375,0.0,1.625,5.625,39.9375,0.75,,,,,,,,,,
8811aa7acbfffff,8,16,0.0,0.0,0.125,0.3125,0.3125,0.0,2.6875,4.625,45.34357638888889,0.8125,419.8428191640912,,382.2272158830901,0.0,0.0,0.0,0.0,60.0,service,grass
8811aa7acdfffff,8,22,0.0,0.0,0.18181818181818182,0.8181818181818182,0.18181818181818182,0.0,2.3181818181818183,4.7272727272727275,48.21085858585859,0.7272727272727273,300.2778260496224,,317.55661559542875,0.0,0.0,0.0,0.0,60.0,service,residential
8811aa7ad1fffff,8,29,0.0,0.0,0.13793103448275862,0.3448275862068966,0.3448275862068966,0.0,2.413793103448276,2.4827586206896552,42.7495894909688,0.13793103448275862,358.38829946836427,,232.21910916518283,0.0,1.0,0.0,1.0,60.0,service,industrial
8811aa7ad3fffff,8,38,1.0,0.0,0.3157894736842105,0.3157894736842105,0.5263157894736842,0.0,2.763157894736842,5.447368421052632,39.43615288220551,0.631578947368421,89.65344178001989,,54.56570995670061,2.0,6.0,0.0,2.0,60.0,service,residential
8811aa7ad5fffff,8,83,1.0,0.0,0.4578313253012048,0.6385542168674698,0.24096385542168675,0.0,2.5542168674698793,4.710843373493976,40.45978346070939,0.5542168674698795,17.475794630624268,,95.89458255676269,5.0,34.0,0.0,8.0,60.0,footway,residential
8811aa7ad7fffff,8,17,0.0,0.0,0.23529411764705882,0.29411764705882354,0.4117647058823529,0.0,2.7058823529411766,2.5294117647058822,52.75,0.29411764705882354,156.70631662817232,,315.5401394238012,0.0,6.0,0.0,0.0,60.0,footway,residential
8811aa7ad9fffff,8,53,,,0.22641509433962265,0.3584905660377358,0.39622641509433965,0.0,2.018867924528302,4.056603773584905,39.44328391734052,0.6792452830188679,,,,,,,,,,
8811aa7adbfffff,8,59,0.0,0.0,0.3220338983050847,0.3050847457627119,0.3050847457627119,0.0,2.6610169491525424,3.9661016949152543,48.44894876079087,0.5932203389830508,230.02186243811124,,56.92456075447262,1.0,6.0,0.0,5.0,60.0,service,grass
8811aa7addfffff,8,23,0.0,0.0,0.08695652173913043,0.043478260869565216,0.43478260869565216,0.0,1.608695652173913,4.086956521739131,46.13706004140787,0.6086956521739131,405.5646269399377,,334.1555275770339,0.0,0.0,0.0,0.0,60.0,service,residential
8811aa7ae1fffff,8,18,0.0,0.0,0.3888888888888889,0.5,0.2222222222222222,0.0,2.8333333333333335,3.888888888888889,51.161554621848744,0.5555555555555556,112.76169263101461,,164.2680010761063,0.0,11.0,0.0,2.0,60.0,primary,grass
8811aa7ae3fffff,8,63,0.0,0.0,0.38095238095238093,0.3333333333333333,0.47619047619047616,0.0,2.507936507936508,3.6507936507936507,39.8773607748184,0.5238095238095238,449.29324626048106,,230.43132214095849,0.0,5.0,0.0,5.0,60.0,footway,residential
8811aa7ae5fffff,8,23,1.0,0.0,0.2608695652173913,0.6521739130434783,0.30434782608695654,0.0,2.1739130434782608,2.5652173913043477,50.94347826086957,0.34782608695652173,55.99550511488802,,27.587630457287947,4.0,12.0,0.0,7.0,60.0,tertiary,residential
8811aa7ae7fffff,8,41,0.0,0.0,0.36585365853658536,0.6097560975609756,0.21951219512195122,0.0,2.707317073170732,4.585365853658536,41.049772727272725,0.7073170731707317,124.19415766534763,,131.67566863686784,0.0,5.0,0.0,4.0,60.0,service,residential
8811aa7ae9fffff,8,39,0.0,0.0,0.5641025641025641,0.5128205128205128,0.5128205128205128,0.0,3.076923076923077,6.076923076923077,40.41798941798942,0.8717948717948718,349.08521041270916,,149.52579512012454,0.0,4.0,0.0,4.0,60.0,service,residential
8811aa7aebfffff,8,36,1.0,0.0,0.5,0.6388888888888888,0.19444444444444445,0.0,3.2222222222222223,4.388888888888889,42.338639455782314,0.8333333333333334,79.02906022345105,,167.4487202684551,1.0,20.0,0.0,6.0,60.0,service,forest
8811aa7aedfffff,8,18,0.0,0.0,0.3888888888888889,0.4444444444444444,0.3888888888888889,0.0,3.5555555555555554,2.4444444444444446,50.90740740740741,0.2222222222222222,345.3766202205856,,269.88220976656345,0.0,1.0,0.0,1.0,60.0,service,commercial
8811aa7b01fffff,8,31,0.0,0.0,0.3548387096774194,0.3548387096774194,0.3225806451612903,0.0,2.5806451612903225,2.7419354838709675,45.323214285714286,0.4838709677419355,169.62376027975913,,140.39095382643967,0.0,15.0,0.0,7.0,60.0,service,residential
8811aa7b03fffff,8,25,0.0,0.0,0.4,0.2,0.4,0.0,3.24,2.36,34.91304347826087,0.36,291.75607821346864,,155.2697360875755,0.0,4.0,0.0,3.0,60.0,footway,residential
8811aa7b05fffff,8,9,1.0,0.0,0.3333333333333333,0.3333333333333333,0.3333333333333333,0.0,2.111111111111111,2.4444444444444446,48.74074074074073,0.3333333333333333,91.09087259565516,,97.36741613802235,2.0,5.0,0.0,4.0,60.0,footway,residential
8811aa7b07fffff,8,12,0.0,0.0,0.25,0.3333333333333333,0.08333333333333333,0.0,1.8333333333333333,2.5,51.11805555555555,0.25,232.64298999237087,,113.0260142253763,0.0,6.0,0.0,4.0,60.0,footway,forest
8811aa7b09fffff,8,22,0.0,0.0,0.7727272727272727,0.6363636363636364,0.36363636363636365,0.0,4.636363636363637,5.363636363636363,39.62373737373737,0.6363636363636364,333.21548152382843,,35.49564350233731,2.0,5.0,0.0,5.0,60.0,footway,residential
8811aa7b0bfffff,8,13,0.0,0.0,0.23076923076923078,0.15384615384615385,0.3076923076923077,0.0,1.6153846153846154,3.076923076923077,42.802564102564105,0.3076923076923077,496.78323381653723,,200.92664056605307,0.0,2.0,0.0,2.0,60.0,footway,residential
8811aa7b0dfffff,8,29,0.0,0.0,0.1724137931034483,0.41379310344827586,0.3448275862068966,0.0,2.8275862068965516,3.6551724137931036,49.960758377425044,0.6206896551724138,368.7643302420374,,141.487489500923,0.0,3.0,0.0,3.0,60.0,service,residential
8811aa7b11fffff,8,42,0.0,0.0,0.5,0.42857142857142855,0.5238095238095238,0.0,3.1666666666666665,3.380952380952381,50.66479591836735,0.6190476190476191,111.73748043703017,,68.82664997808993,1.0,21.0,0.0,7.0,60.0,footway,residential
8811aa7b13fffff,8,32,1.0,0.0,0.40625,0.5625,0.28125,0.0,2.84375,3.375,45.60344827586207,0.53125,24.058943795446055,,36.96413482135251,8.0,13.0,0.0,5.0,60.0,footway,grass
8811aa7b15fffff,8,18,1.0,0.0,0.2222222222222222,0.16666666666666666,0.05555555555555555,0.0,1.7777777777777777,3.0555555555555554,55.18921568627451,0.6111111111111112,84.39669591326235,,66.02490880024968,3.0,9.0,0.0,3.0,60.0,service,residential
8811aa7b17fffff,8,22,0.0,0.0,0.18181818181818182,0.36363636363636365,0.2727272727272727,0.0,2.0,2.590909090909091,63.20454545454545,0.3181818181818182,164.49055691458653,,380.8970130355156,0.0,6.0,0.0,0.0,60.0,service,forest
8811aa7b19fffff,8,25,0.0,0.0,0.48,0.48,0.24,0.0,3.2,4.56,55.848,0.44,195.58692457320024,,117.81523523682613,0.0,16.0,0.0,7.0,60.0,footway,residential
8811aa7b1bfffff,8,17,0.0,0.0,0.47058823529411764,0.47058823529411764,0.23529411764705882,0.0,3.235294117647059,6.411764705882353,32.80392156862745,0.8823529411764706,126.2997333145903,,98.78736358626203,1.0,7.0,0.0,4.0,60.0,footway,park
8811aa7b1dfffff,8,24,,,0.3333333333333333,0.20833333333333334,0.16666666666666666,0.0,2.625,3.1666666666666665,64.87152777777779,0.6666666666666666,,,,,,,,,,
8811aa7b21fffff,8,17,0.0,0.0,0.17647058823529413,0.35294117647058826,0.29411764705882354,0.0,2.1176470588235294,3.176470588235294,46.995098039215684,0.4117647058823529,270.5932432068626,,177.2265787201191,0.0,4.0,0.0,2.0,60.0,footway,industrial
8811aa7b23fffff,8,8,0.0,0.0,0.375,0.375,0.375,0.0,1.875,4.875,78.26488095238095,0.75,425.1220722539654,,252.313460919833,0.0,1.0,0.0,1.0,60.0,service,industrial
8811aa7b25fffff,8,23,0.0,0.0,0.21739130434782608,0.21739130434782608,0.2608695652173913,0.0,1.608695652173913,2.3043478260869565,44.78809523809524,0.21739130434782608,196.66558256378147,,168.0903967311976,0.0,3.0,0.0,2.0,60.0,footway,forest
8811aa7b27fffff,8,15,0.0,0.0,0.4,0.4,0.4,0.0,2.2666666666666666,3.0,74.46428571428572,0.2,412.55584585878563,,124.63629633308261,0.0,3.0,0.0,3.0,60.0,service,industrial
8811aa7b29fffff,8,22,0.0,0.0,0.045454545454545456,0.18181818181818182,0.3181818181818182,0.0,1.5454545454545454,3.3636363636363638,46.97943722943723,0.2727272727272727,174.1444734772626,,126.08444330890126,0.0,9.0,0.0,5.0,60.0,service,residential
8811aa7b2bfffff,8,17,0.0,0.0,0.17647058823529413,0.5882352941176471,0.29411764705882354,0.0,1.9411764705882353,3.6470588235294117,35.409663865546214,0.47058823529411764,415.63923731224196,,345.1963559920488,0.0,0.0,0.0,0.0,60.0,steps,commercial
8811aa7b2dfffff,8,37,0.0,0.0,0.32432432432432434,0.40540540540540543,0.40540540540540543,0.0,2.27027027027027,3.6486486486486487,53.48388030888031,0.6216216216216216,411.0836067515081,,177.4164618801381,0.0,3.0,0.0,3.0,60.0,service,residential
8811aa7b31fffff,8,29,0.0,0.0,0.2413793103448276,0.2413793103448276,0.3793103448275862,0.0,2.3793103448275863,2.896551724137931,43.75,0.2413793103448276,289.9010799516943,,246.59507352976877,0.0,7.0,0.0,5.0,60.0,footway,residential
8811aa7b33fffff,8,18,0.0,0.0,0.1111111111111111,0.1111111111111111,0.2222222222222222,0.0,1.5555555555555556,2.2777777777777777,67.12037037037038,0.16666666666666666,117.6659445921239,,144.3299358479104,0.0,10.0,0.0,5.0,60.0,footway,residential
8811aa7b35fffff,8,12,1.0,0.0,0.25,0.25,0.08333333333333333,0.0,1.6666666666666667,3.6666666666666665,53.26388888888889,0.4166666666666667,50.94921934759058,,56.56221556768197,4.0,17.0,0.0,5.0,60.0,footway,residential
8811aa7b37fffff,8,7,1.0,0.0,0.2857142857142857,0.14285714285714285,0.42857142857142855,0.0,2.142857142857143,2.7142857142857144,55.857142857142854,0.42857142857142855,96.88210837815552,,53.10594654447288,2.0,8.0,0.0,7.0,60.0,service,residential
8811aa7b39fffff,8,19,0.0,0.0,0.3157894736842105,0.05263157894736842,0.3157894736842105,0.0,1.9473684210526316,2.5789473684210527,36.78245614035088,0.21052631578947367,163.16838856337475,,120.33878505496408,0.0,8.0,0.0,6.0,60.0,tertiary,park
8811aa7b3bfffff,8,38,0.0,0.0,0.13157894736842105,0.2631578947368421,0.34210526315789475,0.0,1.763157894736842,3.3684210526315788,41.30482456140351,0.2894736842105263,225.84781660743246,,227.64964166968227,0.0,7.0,0.0,2.0,60.0,service,residential
8811aa7b3dfffff,8,23,1.0,0.0,0.391304347826087,0.30434782608695654,0.30434782608695654,0.0,2.1739130434782608,3.869565217391304,41.499482401656316,0.43478260869565216,31.57731364101764,,48.92476427411146,6.0,7.0,0.0,3.0,60.0,footway,grass
8811aa7b41fffff,8,11,0.0,0.0,0.5454545454545454,0.7272727272727273,0.5454545454545454,0.0,3.727272727272727,6.090909090909091,35.082070707070706,0.9090909090909091,337.17869110587503,,155.9897661734677,0.0,4.0,0.0,4.0,60.0,service,residential
8811aa7b43fffff,8,16,0.0,0.0,0.3125,0.125,0.3125,0.0,2.5625,2.3125,45.333333333333336,0.0625,393.6172779904527,,169.77362080042008,0.0,2.0,0.0,2.0,60.0,residential,residential
8811aa7b45fffff,8,19,0.0,0.0,0.5789473684210527,0.7368421052631579,0.15789473684210525,0.0,4.157894736842105,4.368421052631579,43.550925925925924,0.7368421052631579,208.1264911587692,,231.70920428675169,0.0,10.0,0.0,7.0,60.0,service,residential
8811aa7b47fffff,8,24,,,0.5833333333333334,0.5833333333333334,0.25,0.0,3.0,4.708333333333333,48.54220151828847,0.625,,,,,,,,,,
8811aa7b49fffff,8,6,0.0,0.0,0.16666666666666666,0.3333333333333333,0.16666666666666666,0.0,3.5,2.0,74.66666666666667,0.16666666666666666,483.3426265075491,,251.32593029264123,0.0,2.0,0.0,2.0,60.0,footway,residential
8811aa7b4bfffff,8,12,0.0,0.0,0.6666666666666666,0.08333333333333333,0.3333333333333333,0.0,2.9166666666666665,4.0,52.708333333333336,0.5833333333333334,479.96700847159735,,322.24445949724145,0.0,0.0,0.0,0.0,60.0,service,grass
8811aa7b4dfffff,8,16,0.0,0.0,0.625,0.6875,0.0,0.0,3.9375,2.8125,40.052083333333336,0.3125,238.5126537136179,,160.96830851253873,0.0,6.0,0.0,5.0,60.0,service,residential
8811aa7b51fffff,8,2,0.0,0.0,0.5,1.0,0.0,0.0,3.5,3.5,37.16666666666667,0.5,333.49502327450875,,252.37300119951223,0.0,2.0,0.0,2.0,60.0,service,industrial
8811aa7b55fffff,8,6,0.0,0.0,0.5,0.3333333333333333,0.16666666666666666,0.0,3.6666666666666665,5.5,32.791666666666664,0.5,357.9550479852126,,307.47228007844325,0.0,0.0,0.0,0.0,60.0,steps,park
8811aa7b57fffff,8,17,0.0,0.0,0.23529411764705882,0.35294117647058826,0.5294117647058824,0.0,2.8823529411764706,5.823529411764706,39.51764705882353,0.5882352941176471,205.54799467275387,,115.92701166443426,0.0,13.0,0.0,5.0,60.0,service,grass
8811aa7b59fffff,8,18,1.0,0.0,0.3888888888888889,0.3333333333333333,0.1111111111111111,0.0,3.5,3.5,43.92791005291005,0.3888888888888889,69.51239049183182,,90.84910259056741,2.0,9.0,0.0,7.0,60.0,footway,residential
8811aa7b5bfffff,8,32,0.0,0.0,0.46875,0.4375,0.125,0.0,3.3125,3.53125,55.70161290322581,0.46875,333.8082468665332,,247.1231557066142,0.0,2.0,0.0,2.0,60.0,service,residential
8811aa7b5dfffff,8,1,0.0,0.0,0.0,0.0,0.0,0.0,1.0,1.0,55.0,0.0,672.8787936454838,,554.5118150005908,0.0,0.0,0.0,0.0,60.0,footway,park
8811aa7b61fffff,8,30,0.0,0.0,0.43333333333333335,0.1,0.4666666666666667,0.0,2.3666666666666667,3.2666666666666666,49.169950738916256,0.6666666666666666,438.75577239988246,,72.24089375660755,2.0,4.0,0.0,4.0,60.0,footway,park
8811aa7b63fffff,8,9,0.0,0.0,0.2222222222222222,0.3333333333333333,0.0,0.0,2.4444444444444446,3.3333333333333335,64.86111111111111,0.4444444444444444,377.913713304644,,268.7469913964306,0.0,2.0,0.0,2.0,60.0,footway,residential
8811aa7b65fffff,8,12,0.0,0.0,0.25,0.25,0.08333333333333333,0.0,1.8333333333333333,2.1666666666666665,41.666666666666664,0.08333333333333333,267.0739823763723,,17.18115887881523,2.0,4.0,0.0,3.0,60.0,footway,residential
8811aa7b67fffff,8,29,0.0,0.0,0.1724137931034483,0.3448275862068966,0.2413793103448276,0.0,1.6896551724137931,2.689655172413793,42.78148148148148,0.4482758620689655,248.77599927592146,,147.37906402453189,0.0,7.0,0.0,5.0,60.0,service,residential
8811aa7b69fffff,8,14,0.0,0.0,0.5714285714285714,0.2857142857142857,0.07142857142857142,0.0,2.9285714285714284,3.9285714285714284,36.070578231292515,0.7142857142857143,306.31324089778036,,159.07465576988943,0.0,4.0,0.0,4.0,60.0,service,residential
8811aa7b6bfffff,8,7,0.0,0.0,0.14285714285714285,0.0,0.8571428571428571,0.0,2.2857142857142856,4.0,32.726190476190474,0.8571428571428571,567.0191539269724,,350.93374801536686,0.0,0.0,0.0,0.0,60.0,path,park
8811aa7b6dfffff,8,16,0.0,0.0,0.125,0.125,0.3125,0.0,2.0,2.1875,50.6,0.3125,442.2333305254127,,259.3255680073711,0.0,1.0,0.0,1.0,60.0,service,forest
8811aacd95fffff,8,1,0.0,0.0,0.0,0.0,1.0,0.0,0.0,2.0,37.0,0.0,2819.8098992145683,,1176.8083296639682,0.0,0.0,0.0,0.0,60.0,track_grade4,farmland
8811aacdb5fffff,8,1,0.0,0.0,0.0,0.0,1.0,0.0,0.0,2.0,37.0,0.0,4842.012951301567,,393.5673202964587,0.0,0.0,0.0,0.0,60.0,service,forest
8811aacdd3fffff,8,1,0.0,0.0,0.0,0.0,1.0,0.0,0.0,2.0,37.0,0.0,981.5459772258882,,353.862169308796,0.0,0.0,0.0,0.0,60.0,residential,farmland
