cell_id,year,hour,dtp_count,fatal_count,avg_risk
88118180d3fffff,2023,22,1,0,0.4579615501385788
8811818443fffff,2023,17,1,0,0.09913624444565616
881181844dfffff,2023,19,1,0,0.12382068931910574
881181846dfffff,2022,19,1,0,0.054419652399320735
8811818551fffff,2023,12,1,0,0.16339074432485098
881181860bfffff,2023,14,1,0,0.09243013027785797
8811818611fffff,2023,12,1,1,0.10149243709689115
8811818617fffff,2022,6,1,1,0.08022720109492297
8811818617fffff,2022,16,1,0,0.0834470767295501
8811818617fffff,2022,18,1,0,0.08476532734774446
8811818617fffff,2022,21,1,0,0.08384973660618775
8811818617fffff,2022,23,1,0,0.08721655136068152
8811818617fffff,2023,5,1,0,0.07806104906967046
8811818617fffff,2024,13,1,0,0.08252688513551851
8811818627fffff,2022,16,1,1,0.10828171034826221
8811818627fffff,2022,20,1,2,0.10979441909920269
8811818631fffff,2023,10,1,0,0.19002921685584326
8811818635fffff,2023,16,1,0,0.06201554277662222
8811818635fffff,2024,21,1,0,0.06390642871529784
8811818645fffff,2024,13,1,1,0.05638196333597075
8811818647fffff,2024,13,1,0,0.11057703094040801
8811818681fffff,2023,23,1,0,0.07850123890947253
8811818681fffff,2024,10,1,0,0.11945053985881801
8811818681fffff,2024,11,1,0,0.07370096518940633
8811818683fffff,2022,7,1,0,0.08656098291251159
881181868bfffff,2022,8,1,2,0.05598045552641505
881181868bfffff,2022,12,1,1,0.057791354884372294
881181868bfffff,2022,13,1,0,0.05787134146509067
881181868bfffff,2022,19,2,0,0.06028949989500979
881181868bfffff,2023,3,1,0,0.054814881964641064
881181868bfffff,2023,10,1,0,0.057035000508902055
881181868bfffff,2023,20,1,0,0.06051858177923654
881181868bfffff,2023,22,1,0,0.061702057924591665
881181868bfffff,2024,1,1,1,0.05389355328653063
881181868bfffff,2024,8,1,0,0.05644362043607198
881181868bfffff,2024,10,1,0,0.05857259223747361
881181868bfffff,2024,17,1,1,0.059384050216031166
881181868dfffff,2023,21,1,0,0.06676734975907546
8811818691fffff,2022,12,1,0,0.07569381521192427
8811818691fffff,2022,15,1,0,0.0763651818654727
8811818691fffff,2022,21,1,0,0.0800933697285664
8811818691fffff,2023,12,1,0,0.07523065030226733
8811818691fffff,2023,17,1,0,0.07712153624094295
8811818691fffff,2024,19,1,0,0.07992801292117528
8811818691fffff,2024,20,1,1,0.07825606780414832
8811818691fffff,2024,21,1,0,0.08098255790366228
8811818693fffff,2022,15,2,0,0.1322097315839033
8811818697fffff,2024,18,1,0,0.11133063480697829
881181869dfffff,2022,9,1,0,0.18130244042376464
881181869dfffff,2024,8,1,0,0.18264709360841982
881181869dfffff,2024,19,1,1,0.18462104739145896
88118186b1fffff,2024,17,1,0,0.08607788010656585
88118186b1fffff,2024,18,1,0,0.08675424790131771
88118186b1fffff,2024,21,1,0,0.08964071116226842
88118186b9fffff,2023,20,1,0,0.2604508730139587
88118186b9fffff,2024,15,1,0,0.25855998707528305
88118186c3fffff,2023,12,1,0,0.17542345619928834
88118186d5fffff,2022,18,1,1,0.22668400665521343
88118186d5fffff,2022,19,1,0,0.22676399323593183
88118186d7fffff,2022,11,1,1,0.25488368711554305
88118186d7fffff,2023,16,1,0,0.25647638244720194
88118186ebfffff,2022,10,1,0,0.09183418787171012
88118186ebfffff,2024,7,1,0,0.0922081467117213
88118186ebfffff,2024,8,1,0,0.09296298149836178
8811818721fffff,2023,9,1,0,0.15884305627208928
8811818755fffff,2022,16,1,1,0.07500961083934057
8811819029fffff,2024,23,1,0,0.03993358066300213
8811819051fffff,2022,17,1,0,0.10578305949534524
8811819051fffff,2023,13,1,0,0.1500999119945348
8811819051fffff,2023,18,1,0,0.1519907979332104
8811819051fffff,2023,21,1,0,0.10904769994403106
8811819053fffff,2022,7,1,2,0.002683283453917924
8811819057fffff,2024,14,1,0,0.12158737864299482
881181905dfffff,2023,7,1,1,0.29325057804192345
881181905dfffff,2024,19,1,2,0.29765283131745984
8811819099fffff,2022,12,1,2,0.056607112061275694
8811819099fffff,2023,17,1,0,0.10484008982627188
88118190a5fffff,2024,6,1,0,0.37418397119458435
88118190c1fffff,2023,18,1,1,0.07612538373560694
88118190c3fffff,2024,1,1,0,0.059610009098328254
88118190cdfffff,2022,7,1,0,0.09681216379064017
88118190d5fffff,2024,10,1,1,0.03881222492159324
88118190d7fffff,2024,16,1,0,0.03370358608680038
88118190e5fffff,2024,15,1,0,0.195062903025948
881181928dfffff,2022,20,1,0,0.7618295504866618
88118192a7fffff,2022,11,1,0,0.10849548432105917
88118192a7fffff,2022,19,1,0,0.15808271726438888
8811819405fffff,2022,12,1,0,0.06705860189912786
8811819405fffff,2023,13,1,0,0.06576331438100626
8811819405fffff,2024,8,1,0,0.06592255074709273
8811819405fffff,2024,12,1,0,0.06743525949803321
8811819405fffff,2024,18,1,0,0.06781917462232206
8811819407fffff,2022,14,1,0,0.008479247506272434
8811819407fffff,2024,19,1,1,0.010370133444948054
881181940dfffff,2024,16,1,0,0.1491123489168094
8811819411fffff,2022,19,1,0,0.06311834125718217
8811819411fffff,2024,17,1,1,0.064412109186474
8811819415fffff,2023,20,1,0,0.059451055072199374
8811819423fffff,2022,12,1,0,0.02547711528632216
8811819423fffff,2023,19,1,0,0.02812435560046803
8811819423fffff,2023,23,1,0,0.0279849624911763
8811819429fffff,2022,7,1,0,0.09067653683731948
8811819429fffff,2022,11,1,0,0.09307843376335585
881181942bfffff,2024,20,1,0,0.13308991811670423
8811819433fffff,2024,5,1,0,0.17918981850328247
8811819435fffff,2022,9,1,0,0.10915736739103593
8811819441fffff,2022,19,1,1,0.06056091341102547
8811819453fffff,2023,18,1,0,0.508626667167189
88118194c1fffff,2022,10,1,0,0.09947898257552094
88118194c1fffff,2024,7,1,0,0.0993695121646966
88118194c5fffff,2022,12,1,0,0.10859775753290628
88118194c5fffff,2022,15,1,0,0.10989726339875182
88118194cbfffff,2023,23,1,0,0.16637408870076634
88118194d1fffff,2023,16,1,1,0.13232649740084407
88118194d3fffff,2022,14,2,0,0.02686502332112622
88118194ddfffff,2022,11,1,0,0.08100427161678295
88118194ddfffff,2023,6,1,0,0.07743992097225061
8811819511fffff,2024,9,1,0,0.16265005177651856
8811819513fffff,2022,13,1,0,0.029339669286167148
8811819513fffff,2022,20,1,0,0.032151883902953204
881181951dfffff,2024,12,1,0,0.1460069887835126
8811819521fffff,2022,17,1,0,0.10844692058109238
8811819527fffff,2022,13,1,0,0.09989030625871385
8811819527fffff,2023,20,1,0,0.058459917020475
8811819529fffff,2024,9,1,0,0.12661004012279745
881181952bfffff,2023,18,1,0,0.128287185008611
8811819543fffff,2024,11,1,0,0.05705574090728174
8811819543fffff,2024,13,1,0,0.011548470448320008
8811819543fffff,2024,16,1,0,0.013146166921182312
8811819547fffff,2022,8,1,0,0.2011948839217748
881181954dfffff,2022,14,1,1,0.12914743930226985
881181954dfffff,2023,18,1,0,0.13109421163751225
881181954dfffff,2024,14,1,1,0.1294456299092866
881181954dfffff,2024,16,1,1,0.13036695858739702
881181955bfffff,2024,17,1,0,0.10428584544703513
881181958bfffff,2024,22,1,0,0.028777414310746596
8811819591fffff,2024,14,1,0,0.022221691404499196
8811819593fffff,2023,17,1,0,0.01887319699884739
88118195c5fffff,2022,8,1,0,0.08919950898930036
88118195c7fffff,2022,21,1,0,0.03944514542520014
88118195c7fffff,2023,12,1,0,0.03445459334047887
88118195c7fffff,2023,13,1,0,0.034369605618557064
88118195c7fffff,2023,15,1,1,0.03717608229878939
88118195c7fffff,2024,11,1,0,0.03361325124308682
88118195c7fffff,2024,16,1,0,0.03550413718176244
88118195c7fffff,2024,18,1,0,0.03690889511070837
88118195c9fffff,2022,18,1,0,0.04818063743486874
88118195c9fffff,2024,17,1,0,0.04766658726984845
88118195e3fffff,2023,13,1,0,0.2633082982014942
881181961bfffff,2022,19,1,1,1.0
881181962dfffff,2023,19,1,0,0.1308824226230153
8811819693fffff,2023,6,1,0,0.07411552413340972
8811819693fffff,2024,22,1,0,0.08077871955087532
88118196adfffff,2024,14,1,0,0.5979587810399476
8811819737fffff,2024,10,1,1,0.0773127833676337
881181b043fffff,2022,15,1,0,0.1317169032965008
881181b04bfffff,2022,0,1,1,0.018701309559840514
881181b04bfffff,2022,14,1,0,0.0233569851219822
881181b053fffff,2022,14,1,0,0.05408725617738967
881181b055fffff,2023,9,1,0,0.02938025757105898
881181b05dfffff,2023,9,1,0,0.11045832768833823
881181b05dfffff,2023,13,1,1,0.11197103643927872
881181b20bfffff,2022,13,1,0,0.10413520160657161
881181b20bfffff,2022,15,1,0,0.10232890310108925
881181b213fffff,2023,19,1,0,0.053876055111932004
881181b219fffff,2022,22,1,1,0.04807455491522453
881181b21dfffff,2024,8,1,0,0.07980102714648568
881181b255fffff,2023,10,1,0,0.11026027510732452
881181b257fffff,2023,14,1,0,0.10018175272529953
881181b283fffff,2022,14,1,0,0.05734574839841435
881181b283fffff,2023,14,1,0,0.05543149907093743
881181b283fffff,2024,9,1,0,0.05699245418831029
881181b283fffff,2024,12,1,0,0.0547042460208222
881181b283fffff,2024,16,2,0,0.05707704162150356
881181b283fffff,2024,23,1,0,0.06101149055527516
881181b287fffff,2024,20,1,0,0.03588694618059937
881181b289fffff,2022,6,1,0,0.09937015996167717
881181b289fffff,2022,9,1,0,0.09861954352276064
881181b289fffff,2023,16,1,0,0.1012667838369065
881181b289fffff,2023,17,1,0,0.10353010902676353
881181b289fffff,2023,20,1,0,0.1046646405899689
881181b289fffff,2024,8,1,1,0.0982413663350255
881181b289fffff,2024,14,1,0,0.10034545515879607
881181b28bfffff,2023,14,1,0,0.06174695065107205
881181b28bfffff,2023,18,1,0,0.06514480740413445
881181b28bfffff,2023,20,1,0,0.06385103947484261
881181b291fffff,2023,16,1,0,0.09708608688121216
881181b291fffff,2024,8,1,1,0.09435885998634791
881181b293fffff,2024,12,1,0,0.04030515491886006
881181b295fffff,2022,12,1,0,0.06217493616408814
881181b295fffff,2022,19,1,0,0.064822176478234
881181b295fffff,2023,14,1,0,0.06293129053955838
881181b295fffff,2023,19,1,0,0.064822176478234
881181b295fffff,2024,6,1,0,0.0599058730376774
881181b295fffff,2024,7,1,0,0.06028405022541252
881181b295fffff,2024,10,1,0,0.06104192418971254
881181b295fffff,2024,11,1,0,0.06179675897635302
881181b295fffff,2024,12,1,0,0.06217493616408814
881181b295fffff,2024,13,1,0,0.060638864024346345
881181b295fffff,2024,15,2,0,0.06228440657491247
881181b295fffff,2024,16,1,0,0.06368764491502862
881181b295fffff,2024,17,1,0,0.062151572775286844
881181b297fffff,2022,13,1,0,0.030269322377846748
881181b297fffff,2022,20,1,0,0.032916562691992626
881181b297fffff,2023,13,1,1,0.032617635289625586
881181b297fffff,2023,20,1,0,0.0330815369946328
881181b297fffff,2023,21,2,0,0.034131472232656106
881181b297fffff,2024,3,1,0,0.02909801087951904
881181b29dfffff,2022,10,1,0,0.03355959543521018
881181b29dfffff,2022,16,1,0,0.039251398292314374
881181b29dfffff,2022,21,1,0,0.037719544500296534
881181b29dfffff,2023,9,1,1,0.03468990865069159
881181b29dfffff,2023,15,1,0,0.035285507071245614
881181b29dfffff,2023,17,1,0,0.03604186144671586
881181b29dfffff,2023,21,1,0,0.03755457019765635
881181b29dfffff,2023,23,1,0,0.038573072040371296
881181b29dfffff,2024,7,1,0,0.032260089569364624
881181b29dfffff,2024,18,1,0,0.03642003863445098
881181b2abfffff,2023,2,1,0,0.04176805536198262
881181b2adfffff,2023,12,1,0,0.04427021991429368
881181b2b1fffff,2022,14,1,0,0.1357733967417238
881181b2b1fffff,2023,14,1,0,0.13547520613470707
881181b2b1fffff,2023,17,1,0,0.13917239057886505
881181b2b1fffff,2024,18,1,0,0.13742197846994944
881181b2b1fffff,2024,20,1,0,0.1394177339669745
881181b2b3fffff,2022,18,2,0,0.03282499002431072
881181b2b3fffff,2023,0,1,0,0.026928351665798867
881181b2b3fffff,2024,0,1,0,0.025903290513417828
881181b2b9fffff,2023,18,1,0,0.055930138447082445
881181b2b9fffff,2024,1,1,0,0.051949269004877285
881181b2bbfffff,2022,20,2,0,0.0609045965006722
881181b2bbfffff,2022,21,2,1,0.06333289599316941
881181b2bbfffff,2023,8,2,0,0.05822826375316011
881181b2bbfffff,2023,9,1,0,0.058794769740347926
881181b2bbfffff,2023,11,1,0,0.059551124115818165
881181b2bbfffff,2023,13,1,0,0.058422330489166514
881181b2bbfffff,2023,14,1,0,0.059796467503927656
881181b2bbfffff,2023,20,1,0,0.0609045965006722
881181b2bbfffff,2023,22,1,0,0.06397322064814921
881181b2bbfffff,2024,16,1,0,0.06144201005449378
881181b2bdfffff,2022,8,1,0,0.07476464191453594
881181b2bdfffff,2022,19,1,1,0.08162046016495147
881181b2bdfffff,2023,14,1,0,0.07733189564796344
881181b2bdfffff,2023,22,1,0,0.08061946061708912
881181b2bdfffff,2024,2,1,0,0.07375368608239592
881181b2c1fffff,2022,23,1,0,0.050532714118656424
881181b2c1fffff,2024,14,1,0,0.04854043666765234
881181b2c3fffff,2024,12,1,0,0.029163145332283397
881181b2c5fffff,2024,15,1,0,0.05923834694595782
881181b2c7fffff,2022,18,1,0,0.060059953789261905
881181b2c7fffff,2024,14,1,0,0.06029917673606674
881181b2c7fffff,2024,18,1,0,0.06194775846429239
881181b2c7fffff,2024,21,1,0,0.06308229002749777
881181b2d1fffff,2022,5,1,0,0.054990152091092155
881181b2d1fffff,2022,7,1,0,0.05586101659822306
881181b2d1fffff,2023,9,1,0,0.05456724866893123
881181b2d1fffff,2023,17,1,0,0.06015531905176483
881181b2d1fffff,2023,19,1,1,0.06039914285104455
881181b2d5fffff,2022,7,1,0,0.06320696691017356
881181b2d5fffff,2022,8,1,0,0.06375011840054888
881181b2d5fffff,2022,9,1,0,0.0660134435904059
881181b2d5fffff,2022,13,3,0,0.06563041833980328
881181b2d5fffff,2022,16,1,0,0.06690875220680643
881181b2d5fffff,2022,17,2,1,0.06698873878752482
881181b2d5fffff,2023,16,1,0,0.06866068390455175
881181b2d5fffff,2024,22,1,0,0.06914177219344511
881181b2d7fffff,2023,8,1,0,0.04081175889992419
881181b2d7fffff,2023,14,1,0,0.04324579632897511
881181b2d7fffff,2023,19,1,0,0.045107580942295715
881181b2d7fffff,2023,22,1,1,0.04841850930022269
881181b2d7fffff,2024,10,1,0,0.04170398625267959
881181b2d9fffff,2022,19,1,0,0.0692931332836838
881181b2d9fffff,2023,19,2,2,0.07031819443606485
881181b2d9fffff,2023,21,1,0,0.0703476782661708
881181b2d9fffff,2023,22,1,1,0.07236327701999061
881181b2d9fffff,2023,23,1,0,0.071067989501869
881181b2dbfffff,2023,20,1,1,0.1464420897144818
881181b2e1fffff,2022,9,1,0,0.04795422858881094
881181b2e1fffff,2022,21,1,0,0.05044223253687035
881181b2e3fffff,2024,21,1,0,0.06469664999142359
881181b2e5fffff,2022,6,1,0,0.15890159502132736
881181b2e7fffff,2023,18,1,0,0.04469414359342092
881181b2e7fffff,2024,7,1,0,0.040534194528334566
881181b2e7fffff,2024,17,1,0,0.04650196168773305
881181b2e7fffff,2024,20,1,0,0.04750062027365325
881181b2e9fffff,2022,18,1,0,0.16486235419621045
881181b2ebfffff,2022,9,1,0,0.11767454235147148
881181b2ebfffff,2024,17,1,0,0.07699898789987308
881181b301fffff,2023,14,1,0,0.16485533798328578
881181b301fffff,2024,16,1,0,0.1651485274490991
881181b345fffff,2022,11,1,0,0.06225483615822032
881181b345fffff,2022,12,1,0,0.06263301334595545
881181b345fffff,2022,15,1,0,0.06471413906965325
881181b345fffff,2023,11,1,0,0.06320143031871277
881181b345fffff,2023,18,1,0,0.06490207647236618
881181b345fffff,2023,20,1,0,0.06565843084783642
881181b345fffff,2023,23,1,0,0.06735330048530325
881181b345fffff,2024,14,1,0,0.0633893677214257
881181b347fffff,2023,16,1,2,0.06837581127881599
881181b347fffff,2024,0,1,0,0.06242214943965854
881181b347fffff,2024,8,1,0,0.06488722886727807
881181b347fffff,2024,21,1,1,0.07198952758988193
881181b34dfffff,2023,12,1,0,0.1297884086331271
881181b34dfffff,2024,5,1,3,0.1736669406206579
881181b413fffff,2023,10,1,0,0.026120870100822015
881181b413fffff,2023,23,1,0,0.031811851584813845
881181b413fffff,2024,16,1,0,0.02890246380342328
881181b419fffff,2022,0,2,0,0.001431750080438971
881181b419fffff,2022,7,1,0,0.002683283453917924
881181b419fffff,2022,10,1,0,0.003519624410106543
881181b419fffff,2022,15,1,0,0.005575484651422342
881181b419fffff,2022,21,1,0,0.007844547777833085
881181b419fffff,2023,0,1,0,0.0004631649096569319
881181b419fffff,2023,6,1,0,0.0023051062661828
881181b419fffff,2023,7,1,0,0.0025500671495413516
881181b419fffff,2023,13,1,0,0.004952346580328667
881181b419fffff,2023,14,1,0,0.00549549807070397
881181b419fffff,2024,6,1,0,0.0023051062661828
881181b419fffff,2024,8,1,0,0.004436734740493017
881181b419fffff,2024,9,1,0,0.003306421525011599
881181b419fffff,2024,17,1,0,0.008216987029014492
881181b419fffff,2024,23,1,0,0.008863049620548031
881181b41bfffff,2022,7,2,0,0.03330427745917073
881181b41bfffff,2022,8,2,1,0.03353335934339747
881181b41bfffff,2022,10,1,0,0.034653148991549865
881181b41bfffff,2022,14,1,0,0.03465736733927382
881181b41bfffff,2022,16,1,0,0.036409681541770086
881181b41bfffff,2022,20,1,0,0.03722462107270132
881181b41bfffff,2023,10,1,0,0.03502980659045522
881181b41bfffff,2023,15,1,0,0.037433223105321364
881181b41bfffff,2023,18,1,0,0.036468266697231064
881181b41bfffff,2024,1,1,0,0.031326463125359694
881181b41bfffff,2024,13,1,0,0.03770192988223215
881181b41bfffff,2024,17,1,0,0.03562692459983901
881181b41bfffff,2024,18,3,0,0.03615949009079311
881181b443fffff,2022,0,1,0,0.002348312911778833
881181b443fffff,2022,1,1,0,0.0020516418935918467
881181b443fffff,2022,5,1,0,0.003051820068341822
881181b443fffff,2022,7,1,0,0.0028482577565581034
881181b443fffff,2022,11,1,0,0.004062775900481846
881181b443fffff,2022,14,1,0,0.00549549807070397
881181b443fffff,2022,17,1,0,0.006331839026892589
881181b443fffff,2022,19,2,0,0.007005706251042748
881181b443fffff,2023,3,2,0,0.002202846370962199
881181b443fffff,2023,18,1,0,0.007008206821644466
881181b443fffff,2023,19,2,0,0.008785012605032061
881181b443fffff,2024,7,1,0,0.0025500671495413516
881181b443fffff,2024,10,1,0,0.003519624410106543
881181b443fffff,2024,12,1,0,0.0047391436952337225
881181b443fffff,2024,16,1,0,0.005788687536517286
881181b443fffff,2024,17,1,0,0.007327798853918612
881181b443fffff,2024,18,1,0,0.008004166648670489
881181b443fffff,2024,21,1,0,0.007679573475192905
881181b449fffff,2022,13,2,0,0.11952539448178934
881181b449fffff,2022,16,2,0,0.12149665839792306
881181b449fffff,2022,22,2,0,0.12436529309453956
881181b449fffff,2023,4,1,0,0.11646643441073799
881181b449fffff,2023,5,1,2,0.11835310200168968
881181b449fffff,2023,12,1,0,0.11906473014273412
881181b449fffff,2023,17,1,0,0.12112059038404992
881181b449fffff,2024,9,1,0,0.11793019857952876
881181b449fffff,2024,14,1,0,0.11982108451820436
881181b449fffff,2024,15,1,0,0.12165838644262245
881181b449fffff,2024,16,1,0,0.1205774388936746
881181b449fffff,2024,20,1,0,0.12209014764461511
881181b449fffff,2024,22,1,0,0.12478211419318677
881181b44bfffff,2022,0,1,0,0.019249420425713214
881181b44bfffff,2022,2,1,0,0.018497284397966923
881181b44bfffff,2022,8,1,0,0.02050420005713297
881181b44bfffff,2022,12,1,0,0.022315099415090214
881181b44bfffff,2022,14,1,0,0.023256692434379216
881181b44bfffff,2022,17,1,0,0.023907794746749082
881181b44bfffff,2022,19,2,0,0.025606723123280283
881181b44bfffff,2022,21,1,0,0.027305651499811477
881181b44bfffff,2022,23,1,0,0.027434965167430547
881181b44bfffff,2023,11,1,0,0.021771947924714912
881181b44bfffff,2023,12,1,0,0.021851934505433285
881181b44bfffff,2023,13,1,0,0.02269327660282534
881181b44bfffff,2023,17,1,0,0.023742820444108904
881181b44bfffff,2023,19,1,0,0.02449917481957915
881181b44bfffff,2024,12,1,0,0.023012868635099486
881181b44bfffff,2024,17,1,0,0.025792942748870985
881181b44bfffff,2024,20,1,0,0.025042326309954458
881181b44bfffff,2024,23,1,0,0.02832415334252642
881181b451fffff,2022,7,1,0,0.036774229382646316
881181b451fffff,2022,17,1,0,0.04244114926211946
881181b451fffff,2022,18,1,0,0.044356918178426144
881181b451fffff,2023,11,1,0,0.03979542853680336
881181b451fffff,2023,12,1,0,0.04055026332344384
881181b451fffff,2023,14,1,0,0.04130661769891409
881181b451fffff,2023,17,1,0,0.04244114926211946
881181b451fffff,2024,7,1,0,0.03865937738476822
881181b451fffff,2024,13,1,0,0.04092844051117896
881181b451fffff,2024,14,1,0,0.039256495394152
881181b451fffff,2024,17,3,0,0.04192861868592893
881181b451fffff,2024,18,2,0,0.04281932644985458
881181b451fffff,2024,22,1,0,0.04510671324423029
881181b455fffff,2022,11,2,0,0.08937360149548684
881181b455fffff,2022,15,1,0,0.09285394539986931
881181b455fffff,2022,21,1,1,0.09307288622151799
881181b455fffff,2022,23,1,0,0.09576485277008966
881181b455fffff,2023,6,1,0,0.0894503507102532
881181b455fffff,2023,7,1,0,0.08982852789798834
881181b455fffff,2023,8,1,0,0.08832155708360157
881181b455fffff,2023,9,1,0,0.08899792487835342
881181b455fffff,2023,11,2,0,0.08945608864680693
881181b455fffff,2023,12,2,0,0.08990087398673033
881181b455fffff,2023,13,2,0,0.09036153832578556
881181b455fffff,2023,16,2,0,0.09126448743416245
881181b455fffff,2023,19,1,0,0.09398999655190446
881181b455fffff,2023,20,1,0,0.0950430219455617
881181b455fffff,2023,23,1,0,0.09409138806423294
881181b455fffff,2024,3,1,0,0.08669281861217062
881181b455fffff,2024,6,1,0,0.08907369311134786
881181b455fffff,2024,7,2,0,0.08833418982479256
881181b455fffff,2024,8,3,0,0.08889494831676215
881181b455fffff,2024,13,1,0,0.090047468719637
881181b455fffff,2024,14,1,0,0.09107404946084781
881181b455fffff,2024,15,2,0,0.09191137139880837
881181b455fffff,2024,17,1,0,0.09361029977533958
881181b455fffff,2024,18,1,0,0.09193835465831261
881181b455fffff,2024,19,1,0,0.09248150614868791
881181b455fffff,2024,21,2,1,0.09399210572576644
881181b455fffff,2024,23,1,0,0.09409138806423294
881181b457fffff,2022,1,3,0,0.001306521577398236
881181b457fffff,2022,2,1,0,0.0024298190813269705
881181b457fffff,2022,4,1,0,0.0031861734567972177
881181b457fffff,2022,15,2,0,0.005724579954930718
881181b457fffff,2022,17,1,0,0.007840329430109132
881181b457fffff,2022,20,1,0,0.0074663705900979635
881181b457fffff,2023,5,1,0,0.002055860241315799
881181b457fffff,2023,8,1,0,0.0027632700346362955
881181b457fffff,2023,10,1,0,0.003982789319763475
881181b457fffff,2023,19,1,0,0.007088193402362838
881181b457fffff,2023,20,1,0,0.0074663705900979635
881181b457fffff,2023,23,2,0,0.010103814228625732
881181b457fffff,2024,0,1,0,0.0
881181b457fffff,2024,9,1,0,0.003439637829388172
881181b457fffff,2024,12,1,0,0.005436912915242992
881181b457fffff,2024,14,1,0,0.005197307463687218
881181b457fffff,2024,15,1,0,0.006058913902257845
881181b457fffff,2024,16,1,0,0.005953661839157466
881181b457fffff,2024,22,1,1,0.010505893412219969
881181b457fffff,2024,23,1,0,0.010371540023764572
881181b459fffff,2022,5,1,0,0.04609609869578508
881181b459fffff,2022,10,3,0,0.0462772074209695
881181b459fffff,2022,13,1,0,0.04697156405539087
881181b459fffff,2022,18,1,0,0.0488624499940665
881181b459fffff,2022,21,1,1,0.051748913255017195
881181b459fffff,2023,2,1,0,0.04431316357910402
881181b459fffff,2023,12,1,0,0.04646017056327918
881181b459fffff,2023,18,2,0,0.05007716828235452
881181b459fffff,2023,20,3,0,0.050058979298320753
881181b459fffff,2024,7,1,0,0.04607777502782011
881181b459fffff,2024,9,1,0,0.045809068250909316
881181b459fffff,2024,17,1,0,0.050236204504076704
881181b459fffff,2024,18,2,0,0.05016978760426388
881181b459fffff,2024,20,3,1,0.0505453542105484
881181b459fffff,2024,21,1,0,0.051748913255017195
881181b45dfffff,2022,2,1,0,0.012066176336501906
881181b45dfffff,2022,7,1,0,0.013396724200916078
881181b45dfffff,2022,14,1,0,0.018094086819824027
881181b45dfffff,2022,15,2,0,0.01642214170279707
881181b45dfffff,2022,16,1,0,0.018850441195294276
881181b45dfffff,2022,20,1,0,0.02036314994623477
881181b45dfffff,2022,21,1,0,0.019852138958874017
881181b45dfffff,2023,13,1,0,0.015665787327326822
881181b45dfffff,2023,14,1,0,0.016043964515061945
881181b45dfffff,2023,16,1,0,0.01680031889053219
881181b45dfffff,2023,17,1,0,0.019228618383029396
881181b45dfffff,2023,18,1,0,0.01755667326600244
881181b45dfffff,2023,19,3,0,0.01952743361652252
881181b45dfffff,2023,22,1,0,0.019467402461472796
881181b45dfffff,2024,0,1,0,0.013574284234967508
881181b45dfffff,2024,7,1,0,0.013532597178201239
881181b45dfffff,2024,8,1,0,0.013774901388651202
881181b45dfffff,2024,14,1,0,0.018094086819824027
881181b45dfffff,2024,15,1,0,0.01642214170279707
881181b45dfffff,2024,16,1,0,0.017098509497548944
881181b45dfffff,2024,18,1,0,0.01960679557076452
881181b45dfffff,2024,19,1,0,0.01998497275849965
881181b45dfffff,2024,22,1,0,0.01933152948418763
881181b499fffff,2022,0,2,0,0.07815405489438605
881181b499fffff,2022,11,1,0,0.082118464644416
881181b499fffff,2022,21,1,0,0.08560204591475049
881181b499fffff,2022,23,1,0,0.08662054775746544
881181b499fffff,2023,1,1,0,0.07846562392993289
881181b499fffff,2023,3,1,0,0.08051612873944591
881181b499fffff,2023,4,1,0,0.08059611532016428
881181b499fffff,2023,8,1,0,0.08098393308121063
881181b499fffff,2023,17,2,0,0.08408933716381001
881181b499fffff,2023,21,1,0,0.08576702021739067
881181b499fffff,2024,0,1,0,0.07808744674219777
881181b499fffff,2024,4,1,0,0.07973337179751483
881181b499fffff,2024,5,1,1,0.08127248311491617
881181b499fffff,2024,8,1,0,0.08085071677683407
881181b499fffff,2024,15,1,1,0.08379614769799668
881181b499fffff,2024,17,1,0,0.08408933716381001
881181b499fffff,2024,20,1,0,0.08568703363667231
881181b499fffff,2024,22,1,0,0.08791583527558704
881181b499fffff,2024,23,1,0,0.08662054775746544
881181b49bfffff,2022,0,1,0,0.0687129094056773
881181b49bfffff,2022,13,1,0,0.07366525598600597
881181b49bfffff,2022,14,1,0,0.07391021686936451
881181b49bfffff,2022,20,1,0,0.07631249630015184
881181b49bfffff,2023,1,1,0,0.06952515017771434
881181b49bfffff,2023,2,1,0,0.07095748984318552
881181b49bfffff,2023,20,1,0,0.07717523982280128
881181b49bfffff,2024,1,1,0,0.06938927720042917
881181b49bfffff,2024,8,1,0,0.07164115374295377
881181b49bfffff,2024,13,1,0,0.07482619011567217
881181b4c1fffff,2022,0,1,0,0.029980430068590885
881181b4c1fffff,2022,6,1,0,0.03287653390285281
881181b4c1fffff,2022,16,1,0,0.034773157778082146
881181b4c1fffff,2022,19,1,0,0.03741617974450406
881181b4c1fffff,2023,21,1,0,0.0376600035437838
881181b4c1fffff,2024,0,1,0,0.02881949593892468
881181b4c1fffff,2024,9,1,0,0.034011065466058185
881181b4c1fffff,2024,11,1,0,0.03288227183940653
881181b4c1fffff,2024,15,2,0,0.03504205580736842
881181b4c1fffff,2024,16,1,0,0.034773157778082146
881181b4c3fffff,2022,5,1,1,0.06014084070933053
881181b4c3fffff,2022,8,1,0,0.05971907437124843
881181b4c3fffff,2022,9,1,0,0.06023046786336013
881181b4c3fffff,2022,13,1,0,0.06290411074396682
881181b4c3fffff,2022,18,1,0,0.06500933665181621
881181b4c3fffff,2022,22,1,0,0.06540891877116142
881181b4c3fffff,2023,1,1,0,0.05832994135137329
881181b4c3fffff,2023,5,1,0,0.06073183827740966
881181b4c3fffff,2023,8,1,0,0.05971907437124843
881181b4c3fffff,2023,9,1,0,0.059932277256343376
881181b4c3fffff,2023,10,1,0,0.06047542874671868
881181b4c3fffff,2023,13,2,0,0.063050514224498
881181b4c3fffff,2023,17,2,0,0.0633643836862823
881181b4c3fffff,2024,2,1,0,0.057547184409442204
881181b4c3fffff,2024,3,1,0,0.05989701691005081
881181b4c3fffff,2024,6,2,0,0.05997190214902742
881181b4c3fffff,2024,18,1,0,0.0633358719459595
881181b4c3fffff,2024,20,1,0,0.06614234862619182
881181b4c3fffff,2024,22,1,0,0.0655738930738016
881181b4c3fffff,2024,23,1,0,0.0654889053518798
881181b4c9fffff,2022,9,1,0,0.01611454227496705
881181b4c9fffff,2022,12,1,0,0.017414048140812603
881181b4c9fffff,2022,13,1,0,0.01967737333066963
881181b4c9fffff,2022,14,2,0,0.01808791536496276
881181b4c9fffff,2022,15,1,0,0.018383605401377796
881181b4c9fffff,2022,23,1,0,0.024233823251456083
881181b4c9fffff,2023,7,1,0,0.015358187899496804
881181b4c9fffff,2023,9,1,0,0.06480494701306647
881181b4c9fffff,2023,10,1,0,0.016657693765342357
881181b4c9fffff,2023,11,2,0,0.01789595780281834
881181b4c9fffff,2023,12,1,0,0.017249073838172424
881181b4c9fffff,2023,13,1,0,0.01779222532854773
881181b4c9fffff,2023,15,1,0,0.018383605401377796
881181b4c9fffff,2023,17,1,0,0.021190082081610124
881181b4c9fffff,2023,19,1,0,0.01989631415231829
881181b4c9fffff,2024,3,1,0,0.014405817222817757
881181b4c9fffff,2024,5,1,0,0.016914103296033333
881181b4c9fffff,2024,8,1,0,0.015736365087231932
881181b4c9fffff,2024,11,2,0,0.01789595780281834
881181b4c9fffff,2024,12,1,0,0.017249073838172424
881181b4c9fffff,2024,13,2,0,0.01865231217828859
881181b4c9fffff,2024,15,1,0,0.020433727706139878
881181b4c9fffff,2024,16,1,0,0.01876178258911292
881181b4c9fffff,2024,17,1,0,0.019788363330323726
881181b4c9fffff,2024,19,2,0,0.020921375304699334
881181b4cbfffff,2022,15,1,0,0.019667700263648873
881181b4cbfffff,2022,16,1,0,0.020045877451383996
881181b4cbfffff,2022,19,2,0,0.02015534786220833
881181b4cbfffff,2023,1,1,0,0.014258709503696477
881181b4cbfffff,2023,7,1,0,0.016940473368784636
881181b4cbfffff,2023,8,1,0,0.014970337644740928
881181b4cbfffff,2023,9,1,0,0.015484387809761213
881181b4cbfffff,2023,12,1,0,0.018533168700443504
881181b4cbfffff,2023,14,2,0,0.01928952307591375
881181b4cbfffff,2023,17,1,0,0.01837393233435704
881181b4cbfffff,2023,18,1,0,0.018752109522092164
881181b4cbfffff,2024,0,1,0,0.014257189914866712
881181b4cbfffff,2024,7,1,0,0.014592160457005803
881181b4cbfffff,2024,8,2,0,0.015618741198216608
881181b4cbfffff,2024,11,1,0,0.0161048692079463
881181b4cbfffff,2024,15,1,0,0.019667700263648873
881181b4cbfffff,2024,16,2,0,0.019020816299002957
881181b4cbfffff,2024,18,1,0,0.02080223182685425
881181b4cdfffff,2022,0,1,0,0.09925340528926818
881181b4cdfffff,2022,12,1,0,0.1033150441056712
881181b4cdfffff,2022,13,1,0,0.10223409655672337
881181b4cdfffff,2022,16,1,0,0.10383179302958567
881181b4cdfffff,2022,17,1,0,0.1042099702173208
881181b4cdfffff,2022,18,1,0,0.10428995679803918
881181b4cdfffff,2022,20,1,0,0.10488133687086924
881181b4cdfffff,2023,2,1,1,0.10000975966473843
881181b4cdfffff,2023,11,1,0,0.10263867631091933
881181b4cdfffff,2023,13,1,1,0.10339503068638957
881181b4cdfffff,2023,14,1,0,0.10277724804709867
881181b4cdfffff,2023,16,1,0,0.1035045010972139
881181b4cdfffff,2023,17,2,0,0.10440975952381706
881181b4cdfffff,2023,18,1,0,0.10458814740505593
881181b4cdfffff,2023,19,3,1,0.10554735616398066
881181b4cdfffff,2024,8,1,0,0.10050818492068794
881181b4cdfffff,2024,10,1,0,0.10156272990317493
881181b4cdfffff,2024,16,1,0,0.10353360242256891
881181b4cdfffff,2024,20,1,0,0.105179527477886
881181b4d1fffff,2022,5,1,0,0.09412339141591607
881181b4d1fffff,2022,16,1,0,0.09788797670938115
881181b4d1fffff,2022,19,1,0,0.09902250827258653
881181b4d1fffff,2022,22,2,0,0.10091716721654961
881181b4d1fffff,2023,16,1,0,0.09788797670938115
881181b4d1fffff,2023,18,1,0,0.09847935678221123
881181b4d1fffff,2024,8,1,0,0.09469758490485998
881181b4d1fffff,2024,23,1,0,0.10063239018813153
881181b4d3fffff,2022,1,1,0,0.050984338101825295
881181b4d3fffff,2022,14,1,0,0.055638494075137206
881181b4d3fffff,2022,15,2,0,0.05536826770939665
881181b4d3fffff,2022,20,1,0,0.05653228310270798
881181b4d3fffff,2023,6,1,0,0.050939611867399495
881181b4d3fffff,2023,14,1,0,0.05593668468215396
881181b4d3fffff,2024,6,1,0,0.05298973417216157
881181b4d3fffff,2024,9,1,0,0.05207414343060486
881181b4d3fffff,2024,10,1,0,0.05450244292310207
881181b4d5fffff,2022,2,1,0,0.04414249797135616
881181b4d5fffff,2022,14,1,0,0.049712627190975724
881181b4d5fffff,2022,16,1,0,0.04947302173941995
881181b4d5fffff,2023,12,1,0,0.04749714807882252
881181b4d5fffff,2023,13,1,0,0.048338490176214575
881181b4d5fffff,2023,22,1,0,0.05170604172605864
881181b4d5fffff,2024,2,1,1,0.04543664840539893
881181b4d5fffff,2024,10,1,0,0.04690576800599245
881181b4d5fffff,2024,14,1,0,0.04825350245429277
881181b4d5fffff,2024,17,1,1,0.04955300832013832
881181b4d5fffff,2024,20,1,0,0.05052256558070351
881181b4d5fffff,2024,21,1,0,0.05235986750512159
881181b4d5fffff,2024,23,1,0,0.05221743521817033
881181b4d7fffff,2022,9,1,1,0.1072202018404008
881181b4d7fffff,2022,13,1,0,0.10843471998432455
881181b4d7fffff,2022,15,1,0,0.10932694733707995
881181b4d7fffff,2023,2,1,0,0.10650857369935636
881181b4d7fffff,2023,8,1,0,0.10700699895530585
881181b4d7fffff,2023,15,1,0,0.10919107435979479
881181b4d7fffff,2023,18,1,0,0.11049058022564036
881181b4d7fffff,2023,21,1,0,0.11162511178884572
881181b4d7fffff,2023,23,1,0,0.1124786393289205
881181b4d7fffff,2024,5,1,0,0.10683238407935446
881181b4d7fffff,2024,14,1,0,0.10894877014934483
881181b4d7fffff,2024,18,1,0,0.11032560592300017
881181b4d7fffff,2024,22,1,0,0.11239865274820211
881181b4d9fffff,2022,1,1,0,0.03745636682122318
881181b4d9fffff,2022,8,1,0,0.040006433970764525
881181b4d9fffff,2022,11,1,0,0.04097599123132972
881181b4d9fffff,2022,16,1,0,0.04491699947476742
881181b4d9fffff,2022,20,1,1,0.04642970822570792
881181b4d9fffff,2022,22,1,0,0.045398087763660784
881181b4d9fffff,2023,9,1,0,0.04226975916062155
881181b4d9fffff,2023,14,1,1,0.04408217810740857
881181b4d9fffff,2023,15,1,0,0.0445388222870323
881181b4d9fffff,2023,16,1,0,0.04303185147264552
881181b4d9fffff,2023,17,2,0,0.04555144195059781
881181b4d9fffff,2023,19,2,0,0.04605153103797279
881181b4d9fffff,2024,8,1,0,0.03984145966812435
881181b4d9fffff,2024,12,1,0,0.04135416841906484
881181b4d9fffff,2024,14,1,0,0.043783987500391815
881181b4d9fffff,2024,15,1,0,0.04416216468812694
881181b4d9fffff,2024,20,1,0,0.04437958592094584
881181b4dbfffff,2022,5,1,0,0.10961916950199126
881181b4dbfffff,2023,6,1,0,0.11032619679056081
881181b4ddfffff,2022,11,1,0,0.04227459966820499
881181b4ddfffff,2022,16,1,0,0.044165485606880606
881181b4ddfffff,2022,20,1,0,0.045678194357821104
881181b4ddfffff,2022,21,1,0,0.044006249240794146
881181b4ddfffff,2023,11,1,0,0.04227459966820499
881181b4ddfffff,2023,13,1,0,0.040980831738913155
881181b4ddfffff,2023,16,1,0,0.044165485606880606
881181b4ddfffff,2023,18,2,0,0.04389677882996981
881181b4ddfffff,2023,20,1,0,0.0437930463556992
881181b4ddfffff,2024,8,1,0,0.03908994580023754
881181b4ddfffff,2024,11,1,0,0.04038945166608309
881181b4ddfffff,2024,14,1,0,0.041359008926648275
881181b4ddfffff,2024,16,1,0,0.044165485606880606
881181b4ddfffff,2024,19,1,0,0.04530001717008598
881181b4ddfffff,2024,20,1,0,0.045678194357821104
881181b4ddfffff,2024,21,1,0,0.04656890212174675
881181b601fffff,2022,8,1,0,0.029220012938900516
881181b601fffff,2022,21,1,0,0.03383812577244037
881181b601fffff,2023,11,2,0,0.030056353895089136
881181b601fffff,2023,19,1,0,0.03308177139697013
881181b601fffff,2024,11,1,0,0.02865463514380274
881181b601fffff,2024,13,1,0,0.029196649550099218
881181b603fffff,2023,9,1,0,0.12977952405803206
881181b603fffff,2023,22,1,0,0.13328451025997665
881181b603fffff,2024,9,1,0,0.13015618165693743
881181b603fffff,2024,14,1,0,0.12999694529085098
881181b603fffff,2024,17,1,0,0.13280494155991304
881181b603fffff,2024,20,1,0,0.13256419902427846
881181b605fffff,2022,19,1,0,0.1010447768552976
881181b605fffff,2023,12,1,0,0.0968890461379352
881181b607fffff,2024,12,1,0,0.055447898750663756
881181b609fffff,2022,0,1,0,0.02848867493951584
881181b609fffff,2022,6,1,0,0.03049559059868189
881181b609fffff,2022,7,1,0,0.031171958393433768
881181b609fffff,2022,11,1,0,0.03443659884211959
881181b609fffff,2022,13,2,1,0.0341678920652088
881181b609fffff,2022,15,1,0,0.03419737589531476
881181b609fffff,2022,18,1,0,0.03708383915626546
881181b609fffff,2022,19,3,0,0.03687803911141881
881181b609fffff,2022,23,2,0,0.038792278474637835
881181b609fffff,2023,9,2,0,0.03444904033093513
881181b609fffff,2023,13,1,0,0.0341678920652088
881181b609fffff,2023,14,1,0,0.03557113040532496
881181b609fffff,2023,15,1,0,0.03748689932163165
881181b609fffff,2023,16,1,0,0.036327484780795206
881181b609fffff,2023,17,1,0,0.03670566196853033
881181b609fffff,2023,18,1,0,0.03708383915626546
881181b609fffff,2023,20,1,0,0.03813838413875246
881181b609fffff,2023,21,1,0,0.03821837071947083
881181b609fffff,2023,22,1,0,0.0384820377755453
881181b609fffff,2024,3,1,0,0.02962320650272121
881181b609fffff,2024,10,1,0,0.03405842165438447
881181b609fffff,2024,11,1,0,0.03494912941831011
881181b609fffff,2024,12,1,0,0.03532730660604524
881181b609fffff,2024,13,1,1,0.03519295321758984
881181b609fffff,2024,14,2,0,0.03557113040532496
881181b609fffff,2024,16,1,0,0.036327484780795206
881181b609fffff,2024,17,1,0,0.03482051396640844
881181b609fffff,2024,18,1,0,0.03708383915626546
881181b609fffff,2024,19,2,0,0.037462016344000586
881181b609fffff,2024,20,2,0,0.03765186473228303
881181b609fffff,2024,21,2,0,0.03625073556602884
881181b609fffff,2024,22,1,0,0.03826769780637153
881181b60bfffff,2022,14,1,0,0.08227494952563694
881181b60bfffff,2022,17,2,0,0.08261600239128974
881181b60bfffff,2022,19,1,0,0.08416583546431256
881181b60bfffff,2022,21,2,0,0.08397961583872185
881181b60bfffff,2023,7,1,0,0.07962770921149108
881181b60bfffff,2023,10,1,0,0.08127477135088695
881181b60bfffff,2023,12,1,0,0.0794684728454046
881181b60bfffff,2023,13,1,0,0.07984665003313973
881181b60bfffff,2023,15,1,0,0.08060300440860997
881181b60bfffff,2023,18,1,0,0.08532525000514898
881181b60bfffff,2023,19,1,0,0.08416583546431256
881181b60bfffff,2024,6,1,1,0.0788728744248506
881181b60bfffff,2024,10,1,0,0.0810604313817132
881181b60bfffff,2024,11,1,0,0.08114041796243157
881181b60bfffff,2024,13,1,0,0.07984665003313973
881181b60bfffff,2024,17,3,0,0.08141435021829363
881181b60bfffff,2024,18,2,0,0.08173753597181535
881181b60bfffff,2024,19,2,0,0.08314077431193151
881181b60dfffff,2022,1,2,0,0.09155066375649819
881181b60dfffff,2022,6,1,0,0.09567411862023914
881181b60dfffff,2022,11,1,0,0.09444045543523805
881181b60dfffff,2022,19,1,0,0.09700270802746211
881181b60dfffff,2023,0,1,0,0.09007948892773945
881181b60dfffff,2023,7,2,0,0.0924645817746406
881181b60dfffff,2023,14,1,0,0.09527679639142667
881181b60dfffff,2023,15,2,0,0.09743295159669679
881181b60dfffff,2023,20,1,0,0.09943100751995931
881181b60dfffff,2023,22,1,0,0.09956032118757838
881181b60dfffff,2024,4,1,0,0.09364231998344201
881181b60dfffff,2024,8,1,0,0.09284275896237573
881181b60dfffff,2024,13,1,0,0.09489861920369154
881181b60dfffff,2024,16,1,0,0.09754164117011345
881181b60dfffff,2024,18,2,0,0.0977320791434281
881181b60dfffff,2024,19,1,0,0.09905283033222419
881181b60dfffff,2024,22,3,0,0.09982112669530029
881181b611fffff,2022,17,1,0,0.09623981340385335
881181b611fffff,2023,12,1,0,0.09434892746517774
881181b611fffff,2023,18,1,0,0.09303027655825484
881181b611fffff,2023,21,1,0,0.0941648081214602
881181b611fffff,2024,8,1,0,0.09129862698566568
881181b611fffff,2024,10,1,0,0.09016983335901403
881181b611fffff,2024,12,1,0,0.09092618773448427
881181b611fffff,2024,18,2,0,0.09420443301414425
881181b615fffff,2022,9,1,0,0.04692765110124561
881181b615fffff,2023,6,1,0,0.04441784543920027
881181b615fffff,2023,11,1,0,0.04806066307562122
881181b615fffff,2024,0,1,0,0.04211273917301747
881181b615fffff,2024,9,1,0,0.04525418639538889
881181b615fffff,2024,20,1,0,0.049579109763115435
881181b617fffff,2022,12,1,0,0.11026032696425633
881181b617fffff,2022,22,1,0,0.11546518043851847
881181b617fffff,2023,11,1,0,0.11104308390618742
881181b617fffff,2023,17,1,0,0.11420133520769404
881181b617fffff,2024,18,2,0,0.11269436439330727
881181b617fffff,2024,22,1,0,0.11546518043851847
881181b617fffff,2024,23,1,0,0.11673254580134948
881181b619fffff,2022,7,1,0,0.07117402290213554
881181b619fffff,2022,8,2,0,0.07132061763504219
881181b619fffff,2022,9,1,1,0.07381552527972768
881181b619fffff,2022,19,1,0,0.07524898424530009
881181b619fffff,2022,20,1,0,0.0776772837377973
881181b619fffff,2023,5,2,0,0.07038162538689323
881181b619fffff,2023,7,1,0,0.0707108579924786
881181b619fffff,2023,8,1,0,0.07155220008987066
881181b619fffff,2023,10,1,0,0.0735188542615407
881181b619fffff,2023,12,1,0,0.07260174393115422
881181b619fffff,2024,10,1,0,0.07389551186044606
881181b619fffff,2024,16,1,0,0.07411445268209471
881181b619fffff,2024,18,3,0,0.07555418115915233
881181b619fffff,2024,20,1,0,0.07579213573567539
881181b619fffff,2024,21,1,0,0.07856799150172294
881181b61dfffff,2022,8,1,0,0.04297375789637311
881181b61dfffff,2022,13,1,0,0.04537717441123925
881181b61dfffff,2022,18,1,0,0.09266894166169738
881181b61dfffff,2022,19,1,0,0.04713370696145948
881181b61dfffff,2023,8,1,0,0.04092363559161103
881181b61dfffff,2023,13,1,0,0.04281452153028665
881181b61dfffff,2023,15,1,0,0.04562099821051898
881181b61dfffff,2023,17,1,0,0.04432723028122715
881181b61dfffff,2023,22,1,0,0.04677845429416422
881181b61dfffff,2024,9,1,0,0.043351935084108235
881181b61dfffff,2024,16,1,0,0.04394905309349202
881181b61dfffff,2024,17,1,0,0.04600069498708387
881181b61dfffff,2024,18,3,0,0.044976533421000886
881181b61dfffff,2024,20,1,0,0.04575995245144927
881181b623fffff,2022,2,1,0,0.06618851769983113
881181b623fffff,2022,8,3,0,0.066846291490741
881181b623fffff,2022,11,1,0,0.06803581448815978
881181b623fffff,2022,16,1,0,0.0697617261241952
881181b623fffff,2022,20,1,0,0.07157262548215246
881181b623fffff,2022,22,1,0,0.07396640142370738
881181b623fffff,2023,0,1,0,0.06564650329353464
881181b623fffff,2023,1,1,0,0.06602468048126976
881181b623fffff,2023,2,1,0,0.0664028576690049
881181b623fffff,2023,10,1,0,0.06954278530254655
881181b623fffff,2023,17,2,0,0.07022239046325043
881181b623fffff,2023,19,1,0,0.07089625768740059
881181b623fffff,2024,10,1,0,0.0679558279074414
881181b623fffff,2024,11,1,0,0.06833400509517652
881181b623fffff,2024,15,1,0,0.06938354893646008
881181b623fffff,2024,17,1,0,0.07219002561669242
881181b623fffff,2024,18,1,0,0.07068305480230565
881181b623fffff,2024,23,1,0,0.07283608820822594
881181b629fffff,2022,0,1,0,0.0794884363415755
881181b629fffff,2022,15,1,0,0.08373801256069147
881181b629fffff,2022,17,1,0,0.0846593412388019
881181b629fffff,2023,1,2,0,0.0800809534984844
881181b629fffff,2023,2,1,0,0.07921972956466472
881181b629fffff,2023,3,1,0,0.07932881747073811
881181b629fffff,2023,16,1,0,0.08446640269488552
881181b629fffff,2023,22,1,0,0.08664740034208203
881181b629fffff,2024,4,1,0,0.08121548506168978
881181b629fffff,2024,6,2,0,0.08026780971888706
881181b629fffff,2024,12,1,0,0.0826034809974861
881181b629fffff,2024,15,1,0,0.0836047962563149
881181b629fffff,2024,22,2,0,0.08666327934121384
881181b62bfffff,2022,15,1,0,0.1253305192246071
881181b62bfffff,2022,18,1,0,0.1282169824855578
881181b62bfffff,2022,23,1,0,0.12999335829257275
881181b62bfffff,2023,0,1,0,0.12078275239847439
881181b62bfffff,2023,8,2,0,0.1240585530093012
881181b62bfffff,2023,16,1,0,0.12557548010796565
881181b62bfffff,2023,22,1,0,0.1282399070059977
881181b62bfffff,2024,1,1,0,0.12167346016240002
881181b62bfffff,2024,6,1,0,0.12209189883763116
881181b62bfffff,2024,19,2,0,0.1268591069746794
881181b62bfffff,2024,20,2,0,0.1278424340605144
881181b62bfffff,2024,21,2,0,0.12738387889532116
881181b631fffff,2022,12,1,0,0.014951202071079087
881181b631fffff,2022,16,1,0,0.016762101429036336
881181b631fffff,2023,17,2,0,0.014791965704992626
881181b631fffff,2023,20,1,0,0.018625023126435762
881181b631fffff,2024,11,1,0,0.012522902578581883
881181b631fffff,2024,13,2,0,0.015141050459361535
881181b631fffff,2024,17,2,0,0.01684208800975471
881181b631fffff,2024,20,2,0,0.01727576019731688
881181b631fffff,2024,22,1,0,0.019507651991865545
881181b633fffff,2022,14,1,0,0.022431539518697582
881181b633fffff,2022,16,1,0,0.02267536331797731
881181b633fffff,2022,21,2,0,0.02456624925665293
881181b633fffff,2022,22,1,0,0.02571910448782327
881181b633fffff,2022,23,1,0,0.023832819401622542
881181b633fffff,2023,13,1,0,0.019490709450009858
881181b633fffff,2023,14,1,0,0.023456600671078624
881181b633fffff,2023,15,1,0,0.02229718613024219
881181b633fffff,2023,16,1,0,0.02267536331797731
881181b633fffff,2023,18,1,0,0.021546569691325658
881181b633fffff,2023,20,1,0,0.022137949764155725
881181b633fffff,2024,0,1,1,0.015484957030173626
881181b633fffff,2024,2,1,0,0.017564563165041666
881181b633fffff,2024,9,1,0,0.020028123003831444
881181b633fffff,2024,10,1,0,0.01900458144028017
881181b633fffff,2024,15,1,0,0.02192052853133683
881181b633fffff,2024,16,1,0,0.02267536331797731
881181b633fffff,2024,18,1,0,0.023431717693447558
881181b633fffff,2024,19,1,0,0.023809894881182684
881181b635fffff,2022,21,1,0,0.04812969168318546
881181b635fffff,2023,17,4,0,0.04768328766028605
881181b635fffff,2023,21,1,0,0.04958881641986841
881181b635fffff,2024,16,1,0,0.046238805744509844
881181b635fffff,2024,18,1,0,0.047458325029637025
881181b635fffff,2024,20,1,0,0.049801636800212414
881181b637fffff,2022,3,1,0,0.03361900311384051
881181b637fffff,2022,10,1,0,0.0365950935288208
881181b637fffff,2022,14,2,0,0.03605767997499922
881181b637fffff,2022,18,2,0,0.03962051103070179
881181b637fffff,2022,22,1,0,0.04139536724888698
881181b637fffff,2023,2,1,0,0.03383182349418451
881181b637fffff,2023,8,1,0,0.03378861684858847
881181b637fffff,2023,11,1,0,0.03697327071655593
881181b637fffff,2023,12,1,0,0.037351447904291055
881181b637fffff,2023,16,1,0,0.038864156655231546
881181b637fffff,2023,17,1,0,0.03735718584084478
881181b637fffff,2023,18,2,0,0.039876776318797054
881181b637fffff,2023,21,1,0,0.03900311089616184
881181b637fffff,2023,22,1,0,0.039345244944124905
881181b637fffff,2023,23,1,0,0.039723422131860024
881181b637fffff,2024,9,1,0,0.03621691634108568
881181b637fffff,2024,15,1,0,0.03643585716273434
881181b637fffff,2024,16,1,0,0.038864156655231546
881181b639fffff,2022,6,1,1,0.022795960921963777
881181b639fffff,2022,14,1,0,0.02377125611908269
881181b639fffff,2022,15,1,0,0.02590136500456314
881181b639fffff,2022,19,2,0,0.02551304675424993
881181b639fffff,2023,7,1,0,0.02112401580493682
881181b639fffff,2023,9,1,0,0.021747153876030493
881181b639fffff,2023,15,1,0,0.02385124269980106
881181b639fffff,2023,20,1,0,0.02574212863847668
881181b639fffff,2023,22,1,0,0.026760630481191625
881181b639fffff,2024,2,1,0,0.02035802085615535
881181b639fffff,2024,7,1,0,0.02441353923125371
881181b639fffff,2024,13,2,0,0.024202436628031943
881181b639fffff,2024,18,3,0,0.025669148364593792
881181b639fffff,2024,19,1,0,0.025363951450741554
881181b639fffff,2024,20,1,0,0.02574212863847668
881181b639fffff,2024,21,1,0,0.026120305826211804
881181b63bfffff,2022,13,2,0,0.06612719679561332
881181b63bfffff,2022,20,1,0,0.07009768886915696
881181b63bfffff,2023,8,1,0,0.06526137200931872
881181b63bfffff,2023,19,1,0,0.06942132107440509
881181b63bfffff,2024,8,1,0,0.06526137200931872
881181b63bfffff,2024,17,1,0,0.06726324794764844
881181b63bfffff,2024,20,1,0,0.06993537123942536
881181b63dfffff,2022,10,1,0,0.03710866008989153
881181b63dfffff,2022,16,1,0,0.0394068245416573
881181b63dfffff,2022,19,1,0,0.04242650410698457
881181b63dfffff,2022,23,1,0,0.04244942862742443
881181b63dfffff,2023,8,1,0,0.03621643273713613
881181b63dfffff,2023,15,1,0,0.038863673051281994
881181b63dfffff,2023,17,1,1,0.039918218033769
881181b63dfffff,2024,12,1,0,0.03772914148807662
881181b63dfffff,2024,13,1,0,0.040157440980573826
881181b63dfffff,2024,16,1,0,0.03924185023901712
881181b63dfffff,2024,17,1,0,0.04167014973151432
881181b63dfffff,2024,19,1,0,0.04037638180222249
881181b643fffff,2022,18,1,0,0.02659317548019606
881181b643fffff,2022,19,1,0,0.02529788796207446
881181b643fffff,2023,8,1,0,0.019087816592226015
881181b643fffff,2023,12,2,0,0.022650647647928592
881181b643fffff,2023,13,1,0,0.023541355411854238
881181b643fffff,2023,15,1,0,0.023785179211133965
881181b643fffff,2024,0,1,0,0.01632454655758972
881181b643fffff,2024,8,1,0,0.019087816592226015
881181b643fffff,2024,9,1,0,0.02151611608472322
881181b643fffff,2024,15,2,0,0.022760118058752922
881181b643fffff,2024,17,2,0,0.02249141128184213
881181b643fffff,2024,21,1,0,0.026054242337544706
881181b645fffff,2022,7,1,0,0.038004197396996876
881181b645fffff,2022,8,1,0,0.038382374584732
881181b645fffff,2022,9,1,0,0.038731450447112105
881181b645fffff,2022,13,1,0,0.04245659913254628
881181b645fffff,2023,1,1,1,0.03788242973995273
881181b645fffff,2023,7,3,0,0.038676985499163034
881181b645fffff,2023,8,1,0,0.0402675225868539
881181b645fffff,2023,9,1,0,0.040645699774589025
881181b645fffff,2023,17,1,1,0.04329445967756466
881181b645fffff,2023,19,1,0,0.042377349347178184
881181b645fffff,2023,20,1,0,0.04292050083755349
881181b645fffff,2023,22,1,0,0.045447493083484974
881181b645fffff,2023,23,1,0,0.04561133030204633
881181b645fffff,2024,11,1,0,0.041914584726249794
881181b645fffff,2024,12,1,0,0.039895083335672495
881181b645fffff,2024,15,1,0,0.04253810530209441
881181b645fffff,2024,17,1,0,0.04178596927434811
881181b647fffff,2022,17,1,0,0.10653948926253402
881181b647fffff,2024,9,1,0,0.10211235300936662
881181b647fffff,2024,11,1,1,0.10427042613612326
881181b647fffff,2024,17,1,0,0.1046252399350571
881181b64dfffff,2022,13,1,0,0.14043962919568437
881181b64dfffff,2022,20,1,0,0.14292189520719004
881181b64dfffff,2023,4,1,1,0.13832324312569397
881181b64dfffff,2023,9,1,0,0.13892692044474383
881181b64dfffff,2023,14,1,0,0.14078870505806446
881181b64dfffff,2023,18,1,0,0.14233051513435996
881181b64dfffff,2024,17,1,0,0.14195233794662485
881181b64dfffff,2024,22,1,0,0.14410537135254514
881181b64dfffff,2024,23,1,0,0.14599203894349683
881181b651fffff,2022,2,1,0,0.032312687017284146
881181b651fffff,2022,8,1,0,0.03418372969916503
881181b651fffff,2022,12,1,0,0.03723403017867708
881181b651fffff,2022,14,1,0,0.03440267052081369
881181b651fffff,2022,16,1,0,0.03874673892961758
881181b651fffff,2022,17,1,0,0.035537202084019066
881181b651fffff,2022,18,2,0,0.03702292757545532
881181b651fffff,2022,20,2,0,0.03897812124008178
881181b651fffff,2023,2,1,0,0.03180015644109362
881181b651fffff,2023,5,1,0,0.031261223298442276
881181b651fffff,2023,11,4,0,0.03612102537097747
881181b651fffff,2023,12,1,0,0.035696438450105526
881181b651fffff,2023,13,3,0,0.034707867434665925
881181b651fffff,2023,16,1,0,0.03874673892961758
881181b651fffff,2023,17,2,0,0.03758732438878115
881181b651fffff,2023,19,2,0,0.03816990062747622
881181b651fffff,2023,20,2,0,0.037320137200700126
881181b651fffff,2023,22,3,0,0.04025288837089198
881181b651fffff,2024,0,1,0,0.031420459664528735
881181b651fffff,2024,8,1,0,0.03229858169704313
881181b651fffff,2024,9,1,0,0.03267675888477825
881181b651fffff,2024,11,2,0,0.03429320010998936
881181b651fffff,2024,12,1,0,0.03364631614534345
881181b651fffff,2024,17,3,0,0.037461771855812696
881181b651fffff,2024,18,2,0,0.03599786642307427
881181b651fffff,2024,19,2,0,0.0383436787642514
881181b651fffff,2024,20,1,0,0.03872185595198652
881181b653fffff,2022,7,1,0,0.02584933240924721
881181b653fffff,2022,9,1,0,0.029003365363029884
881181b653fffff,2022,17,1,0,0.02963110428659845
881181b653fffff,2022,18,1,0,0.03014249777871015
881181b653fffff,2022,21,3,1,0.03226532539753343
881181b653fffff,2023,7,1,0,0.027734480411369115
881181b653fffff,2023,8,2,0,0.02606253529434216
881181b653fffff,2023,10,1,0,0.029381542550765007
881181b653fffff,2023,12,1,0,0.027740218347922833
881181b653fffff,2023,18,1,0,0.03086936832407444
881181b653fffff,2023,19,1,0,0.03189594906528525
881181b653fffff,2023,22,1,0,0.031619163389878586
881181b653fffff,2023,23,1,0,0.03246050548727065
881181b653fffff,2024,0,1,0,0.023464239562346043
881181b653fffff,2024,7,1,0,0.026147523016263968
881181b653fffff,2024,9,1,0,0.026440712482077286
881181b653fffff,2024,13,2,0,0.02802135772166036
881181b653fffff,2024,14,1,0,0.030381720725514982
881181b653fffff,2024,16,2,0,0.030088331115337395
881181b653fffff,2024,18,2,0,0.02999473081165607
881181b653fffff,2024,22,1,0,0.03307828812656155
881181b655fffff,2022,3,1,0,0.03171137321469345
881181b655fffff,2022,8,1,0,0.03183162128290784
881181b655fffff,2022,12,1,0,0.035229478035970235
881181b655fffff,2022,13,2,0,0.0346650812226444
881181b655fffff,2022,16,1,0,0.036742186786910734
881181b655fffff,2022,17,2,0,0.035301824124712236
881181b655fffff,2022,19,1,0,0.035991570347994196
881181b655fffff,2023,6,1,0,0.030910292604797406
881181b655fffff,2023,7,1,0,0.03333859209729462
881181b655fffff,2023,8,1,0,0.03183162128290784
881181b655fffff,2023,9,2,0,0.03315237247170391
881181b655fffff,2023,11,1,0,0.032966152846113206
881181b655fffff,2023,12,1,0,0.03317935573120815
881181b655fffff,2023,14,3,0,0.035302458309853124
881181b655fffff,2023,17,3,0,0.035808607205684524
881181b655fffff,2023,18,1,0,0.03749854116238097
881181b655fffff,2023,19,1,0,0.0378767183501161
881181b655fffff,2023,20,1,0,0.03636974753572932
881181b655fffff,2024,4,1,0,0.030551958673857016
881181b655fffff,2024,8,1,0,0.033716769285029737
881181b655fffff,2024,11,2,0,0.035175502624972946
881181b655fffff,2024,12,1,0,0.03317935573120815
881181b655fffff,2024,15,1,0,0.03636400959917561
881181b655fffff,2024,18,2,0,0.03833527351530934
881181b655fffff,2024,19,1,0,0.0378767183501161
881181b655fffff,2024,20,1,0,0.03685317678656483
881181b655fffff,2024,21,1,0,0.03863307272558635
881181b657fffff,2022,8,1,0,0.09470060857805744
881181b657fffff,2022,13,2,0,0.09941041268578092
881181b657fffff,2022,15,1,0,0.0993979711969654
881181b657fffff,2022,16,1,0,0.09977614838470053
881181b657fffff,2022,17,1,0,0.09810420326767356
881181b657fffff,2022,19,1,0,0.09902553194578399
881181b657fffff,2022,20,1,0,0.10069785956756189
881181b657fffff,2022,21,1,0,0.09961691201861406
881181b657fffff,2023,0,1,0,0.0934749302719927
881181b657fffff,2023,3,1,0,0.09337006071364327
881181b657fffff,2023,7,1,0,0.09637255369508439
881181b657fffff,2023,8,1,0,0.09470060857805744
881181b657fffff,2023,9,1,0,0.0955419506754495
881181b657fffff,2023,12,2,0,0.09746996093620745
881181b657fffff,2023,13,3,0,0.0993249909230825
881181b657fffff,2023,14,1,0,0.09696967170446819
881181b657fffff,2023,17,1,0,0.09810420326767356
881181b657fffff,2024,2,1,0,0.09334209647236709
881181b657fffff,2024,8,2,0,0.09572566973043849
881181b657fffff,2024,10,1,0,0.0980196158344803
881181b657fffff,2024,12,1,0,0.09826343963376002
881181b657fffff,2024,13,1,0,0.09864161682149514
881181b657fffff,2024,14,1,0,0.09901979400923026
881181b657fffff,2024,19,1,0,0.09886055764314382
881181b659fffff,2022,10,1,0,0.028196444568486766
881181b659fffff,2022,12,1,0,0.026902676639194937
881181b659fffff,2022,21,1,1,0.032356393633573136
881181b659fffff,2023,8,1,0,0.029113554898873246
881181b659fffff,2023,10,1,0,0.029734036297058328
881181b659fffff,2023,13,1,0,0.027280853826930056
881181b659fffff,2023,15,1,0,0.030087330507162387
881181b659fffff,2023,21,1,0,0.032356393633573136
881181b659fffff,2024,0,1,0,0.024676820158380224
881181b659fffff,2024,1,2,0,0.024610403258567413
881181b659fffff,2024,10,1,0,0.029734036297058328
881181b659fffff,2024,11,1,0,0.02717290300493549
881181b659fffff,2024,12,1,0,0.026902676639194937
881181b659fffff,2024,16,1,0,0.03046550769489751
881181b659fffff,2024,17,1,0,0.028793562577870555
881181b659fffff,2024,19,2,0,0.030831243393817105
881181b659fffff,2024,20,1,1,0.031978216445838016
881181b65bfffff,2022,7,1,0,0.08662345298976432
881181b65bfffff,2022,17,1,0,0.08681751083378192
881181b65bfffff,2023,5,1,0,0.08300469695786206
881181b65bfffff,2023,11,1,0,0.08813616174070481
881181b65bfffff,2023,12,1,0,0.08697674719986838
881181b65bfffff,2023,14,1,0,0.08927069330391019
881181b65bfffff,2023,16,1,0,0.08643933364604679
881181b65bfffff,2023,18,2,0,0.08924581032627912
881181b65bfffff,2023,19,1,0,0.08962398751401425
881181b65bfffff,2023,21,1,0,0.09038034188948449
881181b65bfffff,2024,8,1,0,0.08341391614416581
881181b65bfffff,2024,15,1,0,0.08811127876307374
881181b65bfffff,2024,16,1,0,0.087600267775713
881181b65bfffff,2024,17,1,0,0.08938016371473452
881181b65bfffff,2024,20,1,0,0.0879520423969873
881181b65bfffff,2024,21,2,0,0.09038034188948449
881181b65dfffff,2022,8,1,0,0.03608596765722769
881181b65dfffff,2022,11,1,0,0.03722049922043306
881181b65dfffff,2022,16,1,0,0.03859885458291817
881181b65dfffff,2022,22,1,0,0.0411300651765736
881181b65dfffff,2023,1,1,0,0.03229915605904012
881181b65dfffff,2023,8,1,0,0.035573437081037176
881181b65dfffff,2023,9,1,0,0.03390149196401022
881181b65dfffff,2023,10,3,0,0.0355749706985288
881181b65dfffff,2023,15,1,0,0.03822067739518304
881181b65dfffff,2023,21,1,0,0.038604592519471875
881181b65dfffff,2024,13,1,1,0.037464323019712795
881181b65dfffff,2024,14,2,0,0.03773665855931532
881181b65dfffff,2024,15,2,0,0.03649475686715879
881181b65dfffff,2024,16,3,0,0.03911138515910869
881181b65dfffff,2024,17,1,0,0.038977031770653287
881181b65dfffff,2024,18,1,0,0.039355208958388406
881181b65dfffff,2024,19,1,0,0.037683263841361454
881181b65dfffff,2024,20,1,0,0.04062409391004918
881181b65dfffff,2024,22,1,1,0.0411300651765736
881181b65dfffff,2024,23,1,0,0.03945812005954665
881181b661fffff,2022,8,1,0,0.01203932054697008
881181b661fffff,2022,9,1,0,0.011954332825048273
881181b661fffff,2022,11,1,0,0.013008877807535272
881181b661fffff,2022,13,2,0,0.013467041575988768
881181b661fffff,2022,17,1,0,0.014979750326929263
881181b661fffff,2022,23,1,0,0.017974125830241633
881181b661fffff,2023,8,1,0,0.011576155637313148
881181b661fffff,2023,9,1,0,0.011954332825048273
881181b661fffff,2023,14,2,0,0.01392770591504398
881181b661fffff,2023,19,2,0,0.015901079005039693
881181b661fffff,2023,20,1,0,0.016114281890134637
881181b661fffff,2023,21,1,0,0.01649245907786976
881181b661fffff,2023,22,1,0,0.01713278373284958
881181b661fffff,2024,8,1,0,0.011576155637313148
881181b661fffff,2024,9,1,0,0.011954332825048273
881181b661fffff,2024,10,1,0,0.014005974718640119
881181b661fffff,2024,13,1,0,0.01376523218300552
881181b661fffff,2024,17,1,0,0.014979750326929263
881181b661fffff,2024,18,1,0,0.019081514525283193
881181b661fffff,2024,19,1,0,0.015901079005039693
881181b661fffff,2024,21,1,0,0.01649245907786976
881181b661fffff,2024,23,1,0,0.018159364474060385
881181b663fffff,2022,11,1,0,0.07248305761693093
881181b663fffff,2022,16,1,0,0.07437394355560653
881181b663fffff,2022,17,1,0,0.07488533704771824
881181b663fffff,2022,21,1,0,0.07626482949428216
881181b663fffff,2023,0,1,0,0.06842028171644908
881181b663fffff,2023,4,1,0,0.07198311277215165
881181b663fffff,2023,7,1,0,0.07097034886599042
881181b663fffff,2023,12,1,0,0.07286123480466605
881181b663fffff,2023,14,1,0,0.07345261487749612
881181b663fffff,2023,16,1,0,0.07566809398964931
881181b663fffff,2023,18,1,0,0.0751302979310768
881181b663fffff,2023,21,1,0,0.07639804579865873
881181b663fffff,2024,13,1,0,0.07307443768976099
881181b663fffff,2024,16,2,0,0.07420896925296636
881181b663fffff,2024,19,2,0,0.07557508327100021
881181b665fffff,2022,3,1,0,0.08166388358723743
881181b665fffff,2022,12,1,0,0.08450714020259209
881181b665fffff,2022,18,1,0,0.08707439393601958
881181b665fffff,2023,0,1,1,0.08006618711437513
881181b665fffff,2023,1,1,0,0.08044436430211024
881181b665fffff,2023,11,1,0,0.08412896301485698
881181b665fffff,2023,14,1,0,0.08556168518507909
881181b665fffff,2023,16,1,0,0.08785563128912091
881181b665fffff,2023,17,1,0,0.08639802614126772
881181b665fffff,2023,21,1,0,0.08890669471923424
881181b665fffff,2023,22,1,0,0.09005954995040458
881181b665fffff,2024,11,2,0,0.08590826936884628
881181b665fffff,2024,13,1,0,0.08472034308768704
881181b665fffff,2024,18,1,0,0.08677620332900284
881181b665fffff,2024,21,2,0,0.08819437483654746
881181b665fffff,2024,22,1,0,0.08954701937421404
881181b667fffff,2022,8,1,1,0.0937534851283296
881181b667fffff,2022,11,1,0,0.093512742592695
881181b667fffff,2022,13,1,0,0.09426909696816525
881181b667fffff,2022,17,1,0,0.0966445492417552
881181b667fffff,2023,14,1,0,0.0945140578515238
881181b667fffff,2023,19,1,0,0.09640494379019943
881181b667fffff,2023,22,1,0,0.09931011322386603
881181b667fffff,2024,8,1,0,0.09208002042247289
881181b669fffff,2022,5,1,0,0.036284175728890006
881181b669fffff,2022,10,1,0,0.03949987159542608
881181b669fffff,2022,13,1,0,0.04063440315863145
881181b669fffff,2022,19,2,0,0.04298595343636229
881181b669fffff,2023,0,1,0,0.03406599785784262
881181b669fffff,2023,17,1,0,0.04214711190957195
881181b669fffff,2024,11,1,0,0.0398780487831612
881181b669fffff,2024,16,2,0,0.04074387356945578
881181b669fffff,2024,17,1,0,0.04214711190957195
881181b669fffff,2024,18,2,0,0.042525289097307066
881181b669fffff,2024,22,1,0,0.042250023010730185
881181b66bfffff,2022,8,1,0,0.062031212235440475
881181b66bfffff,2022,11,1,0,0.0647033355272174
881181b66bfffff,2022,14,1,0,0.06430027536185122
881181b66bfffff,2022,15,2,0,0.06397759317394314
881181b66bfffff,2022,16,2,0,0.06323808988738785
881181b66bfffff,2022,17,1,0,0.06384784952995144
881181b66bfffff,2022,20,1,0,0.06810693021683352
881181b66bfffff,2023,1,1,0,0.059269461789633944
881181b66bfffff,2023,5,1,0,0.06078217054057444
881181b66bfffff,2023,7,1,0,0.05976788704558345
881181b66bfffff,2023,8,2,0,0.060295159536826945
881181b66bfffff,2023,9,2,0,0.06067333672456207
881181b66bfffff,2023,10,1,0,0.06120060921580558
881181b66bfffff,2023,11,2,0,0.06128059579652395
881181b66bfffff,2023,12,2,0,0.0627504422888284
881181b66bfffff,2023,14,3,0,0.06310437068407333
881181b66bfffff,2023,15,2,0,0.06300900800316112
881181b66bfffff,2023,17,1,0,0.06543480692505659
881181b66bfffff,2023,18,2,0,0.06468208131227808
881181b66bfffff,2023,20,1,0,0.06498238109315681
881181b66bfffff,2023,21,1,0,0.06519558397825174
881181b66bfffff,2023,22,1,0,0.065702692328855
881181b66bfffff,2024,8,1,0,0.06014606423331857
881181b66bfffff,2024,12,1,0,0.06165877298425907
881181b66bfffff,2024,13,1,0,0.06203695017199419
881181b66bfffff,2024,15,1,0,0.0630914951544812
881181b66bfffff,2024,17,2,0,0.06370888639703234
881181b66bfffff,2024,21,1,0,0.06694751567599708
881181b66bfffff,2024,22,2,0,0.06620067224236802
881181b66dfffff,2022,13,1,0,0.06943482125793457
881181b66dfffff,2022,14,2,0,0.06776287614090762
881181b66dfffff,2022,15,1,0,0.07019117563340482
881181b66dfffff,2022,18,1,0,0.0694405591944883
881181b66dfffff,2022,20,1,0,0.07208206157208044
881181b66dfffff,2023,2,1,1,0.06553701966009291
881181b66dfffff,2023,6,1,0,0.06473745863902662
881181b66dfffff,2023,11,1,0,0.06679331888034243
881181b66dfffff,2023,17,1,0,0.07248512173744663
881181b66dfffff,2023,18,1,0,0.0713257071966102
881181b66dfffff,2023,20,1,0,0.07259459214827095
881181b66dfffff,2024,7,1,0,0.06511563582676175
881181b66dfffff,2024,13,1,0,0.06943482125793457
881181b66dfffff,2024,17,1,0,0.068897407704113
881181b66dfffff,2024,18,1,0,0.07183823777280071
881181b681fffff,2022,20,1,0,0.06919773374403798
881181b681fffff,2023,14,1,0,0.06851562801273237
881181b681fffff,2023,17,1,0,0.06965015957593775
881181b681fffff,2024,18,1,0,0.0679782144589108
881181b683fffff,2022,7,1,0,0.05003535987560836
881181b683fffff,2022,14,1,0,0.052847574492394404
881181b683fffff,2022,17,1,0,0.05740484578629324
881181b683fffff,2022,18,1,0,0.0543602832433349
881181b683fffff,2022,20,3,0,0.0560770068951878
881181b683fffff,2022,22,3,0,0.05853281803983251
881181b683fffff,2023,9,2,0,0.050791714251078604
881181b683fffff,2023,13,1,0,0.05435454530678118
881181b683fffff,2023,16,1,0,0.053438954565224475
881181b683fffff,2023,19,1,0,0.056623608433191926
881181b683fffff,2023,20,1,0,0.05700178562092705
881181b683fffff,2023,23,1,0,0.05891099522756764
881181b683fffff,2024,6,1,0,0.04965718268787324
881181b683fffff,2024,8,1,0,0.05314116424693626
881181b683fffff,2024,17,1,0,0.0563797846339122
881181b683fffff,2024,18,2,0,0.0543602832433349
881181b683fffff,2024,21,1,0,0.05737996280866217
881181b685fffff,2022,6,1,0,0.02164284083331148
881181b685fffff,2022,8,1,0,0.022399195208781728
881181b685fffff,2022,9,1,0,0.02089222439439495
881181b685fffff,2022,11,1,0,0.0235337267719871
881181b685fffff,2022,14,1,0,0.02466825833519247
881181b685fffff,2022,17,1,0,0.025802789898397842
881181b685fffff,2022,21,1,0,0.025265376344576256
881181b685fffff,2023,8,1,0,0.022399195208781728
881181b685fffff,2023,12,1,0,0.021861781654960142
881181b685fffff,2023,17,1,0,0.025802789898397842
881181b685fffff,2023,20,1,0,0.026937321461603214
881181b685fffff,2023,22,1,0,0.025905700999556074
881181b685fffff,2024,4,1,0,0.01974691517379953
881181b685fffff,2024,8,2,0,0.02221086640932905
881181b685fffff,2024,14,1,0,0.02261813603043039
881181b685fffff,2024,15,1,0,0.02299631321816551
881181b685fffff,2024,16,1,0,0.02542461271066272
881181b687fffff,2022,12,1,0,0.04673543315859176
881181b687fffff,2022,14,1,0,0.046979256957871494
881181b687fffff,2022,16,2,0,0.04773561133334173
881181b687fffff,2022,19,1,1,0.048493485297641754
881181b687fffff,2022,23,1,0,0.04859487680997022
881181b687fffff,2023,9,1,0,0.04508837101919587
881181b687fffff,2023,11,1,0,0.04738231712323768
881181b687fffff,2023,13,1,0,0.04660107977013636
881181b687fffff,2023,17,1,0,0.04606366621631478
881181b687fffff,2023,19,1,0,0.04682002059178503
881181b687fffff,2023,20,1,0,0.04976085066047275
881181b687fffff,2023,21,1,0,0.047741349269895456
881181b687fffff,2024,7,2,0,0.04433201664372562
881181b687fffff,2024,9,3,0,0.04325438323225902
881181b687fffff,2024,12,1,0,0.04673543315859176
881181b687fffff,2024,13,2,0,0.04487515924211212
881181b687fffff,2024,14,1,0,0.045094108955749584
881181b687fffff,2024,17,1,0,0.04811378852107686
881181b687fffff,2024,19,1,0,0.04887014289654711
881181b687fffff,2024,21,1,0,0.048224778520730954
881181b687fffff,2024,23,1,0,0.04859487680997022
881181b689fffff,2022,12,1,0,0.055109031013867125
881181b689fffff,2022,17,1,0,0.056999916952542744
881181b689fffff,2024,8,1,0,0.05513391399149819
881181b689fffff,2024,16,2,0,0.054654104611365634
881181b68dfffff,2022,18,1,0,0.06708616450306568
881181b68dfffff,2023,18,1,0,0.06609020467603965
881181b68dfffff,2024,19,1,0,0.0688660604420872
881181b691fffff,2024,2,1,0,0.0461746862481464
881181b691fffff,2024,7,1,0,0.04745321177311839
881181b691fffff,2024,19,1,0,0.052718208571304166
881181b693fffff,2022,9,1,0,0.02618928223387586
881181b693fffff,2022,14,1,0,0.03013029047731356
881181b693fffff,2022,15,2,0,0.02877241496643516
881181b693fffff,2022,18,1,0,0.03164299922825405
881181b693fffff,2022,19,1,0,0.029971054111227097
881181b693fffff,2022,20,1,0,0.032399353603724305
881181b693fffff,2023,1,1,0,0.023426012199239565
881181b693fffff,2023,7,1,0,0.027483050163167693
881181b693fffff,2023,14,2,0,0.02968569638976562
881181b693fffff,2023,18,1,0,0.029592876923491978
881181b693fffff,2023,19,1,0,0.03253370699217971
881181b693fffff,2023,20,1,0,0.032399353603724305
881181b693fffff,2024,16,2,0,0.030630379564688545
881181b693fffff,2024,19,1,0,0.03202117641598918
881181b693fffff,2024,22,1,0,0.031367733141677165
881181b695fffff,2022,16,1,0,0.08618841609568365
881181b695fffff,2022,23,1,0,0.08909780387707421
881181b695fffff,2023,16,1,0,0.08632163240006022
881181b695fffff,2023,18,1,0,0.08934244904946631
881181b695fffff,2023,22,1,0,0.0892030559401746
881181b695fffff,2024,5,1,2,0.08417576249996388
881181b695fffff,2024,18,2,0,0.0888299184732758
881181b695fffff,2024,21,1,0,0.08807930203435926
881181b697fffff,2023,9,1,0,0.05663739546916154
881181b697fffff,2023,10,1,0,0.05855316438546823
881181b697fffff,2024,8,1,1,0.056259218281426424
881181b697fffff,2024,16,1,0,0.057234513478545336
881181b697fffff,2024,17,1,0,0.05966281297104254
881181b697fffff,2024,18,1,0,0.05815584215665576
881181b697fffff,2024,22,1,0,0.0614391887780575
881181b699fffff,2022,8,1,0,0.06188468929622146
881181b699fffff,2022,14,1,0,0.06655143100094461
881181b699fffff,2023,16,1,0,0.06679525480022434
881181b699fffff,2023,18,1,0,0.06550148687093252
881181b699fffff,2024,4,1,1,0.060469153709885475
881181b699fffff,2024,10,1,0,0.06247606936905153
881181b699fffff,2024,11,1,0,0.06301922085942684
881181b699fffff,2024,13,1,0,0.06377557523489708
881181b69bfffff,2022,8,1,0,0.03406556625778239
881181b69bfffff,2022,11,1,0,0.036737689549559326
881181b69bfffff,2022,12,1,0,0.03711586673729445
881181b69bfffff,2022,15,2,0,0.03601194719628506
881181b69bfffff,2023,0,1,0,0.029252173918384014
881181b69bfffff,2023,7,1,0,0.03368738907004727
881181b69bfffff,2023,8,1,0,0.03406556625778239
881181b69bfffff,2023,15,2,0,0.03671280657192826
881181b69bfffff,2023,16,1,0,0.03709098375966339
881181b69bfffff,2023,17,2,0,0.03746916094739851
881181b69bfffff,2023,18,1,0,0.03784733813513363
881181b69bfffff,2023,20,1,1,0.038603692510603874
881181b69bfffff,2024,6,1,0,0.033309211882312145
881181b69bfffff,2024,8,1,0,0.03201544395302031
881181b69bfffff,2024,9,1,0,0.03406708584661216
881181b69bfffff,2024,11,1,0,0.033149975516225685
881181b69bfffff,2024,12,1,0,0.03369312700660099
881181b69bfffff,2024,15,1,0,0.03825039830049982
881181b69bfffff,2024,17,2,0,0.036526586946337564
881181b69bfffff,2024,18,1,0,0.03579721583037155
881181b69bfffff,2024,19,2,1,0.038225515322868754
881181b69bfffff,2024,20,1,0,0.03671854450848198
881181b69dfffff,2022,6,1,0,0.0036914091507399506
881181b69dfffff,2022,7,2,0,0.004152073489795164
881181b69dfffff,2022,11,1,0,0.00558229508941557
881181b69dfffff,2022,12,2,0,0.006367161205208624
881181b69dfffff,2022,13,2,0,0.008364088936381103
881181b69dfffff,2022,22,1,0,0.01000439162174663
881181b69dfffff,2022,23,1,0,0.010382568809481754
881181b69dfffff,2023,2,1,0,0.002605822169684331
881181b69dfffff,2023,12,2,0,0.006042959428470784
881181b69dfffff,2023,14,1,0,0.006881800955261121
881181b69dfffff,2023,22,1,0,0.01000439162174663
881181b69dfffff,2024,3,1,0,0.0029839993574194553
881181b69dfffff,2024,7,1,0,0.006119708643237156
881181b69dfffff,2024,14,1,0,0.007179991562277874
881181b69dfffff,2024,15,1,0,0.007095003840356066
881181b69dfffff,2024,16,1,0,0.007771371635107943
881181b69dfffff,2024,19,1,0,0.008607712591296562
881181b6a1fffff,2022,14,1,0,0.01883485343621898
881181b6a1fffff,2022,18,1,0,0.018297439882397393
881181b6a1fffff,2023,9,1,0,0.016943967497543358
881181b6a1fffff,2023,18,2,0,0.02049665749066785
881181b6a1fffff,2024,5,1,0,0.01569340621384756
881181b6a1fffff,2024,9,1,0,0.016943967497543358
881181b6a1fffff,2024,12,1,0,0.018591029636939253
881181b6a1fffff,2024,14,1,0,0.01883485343621898
881181b6a1fffff,2024,15,1,0,0.01986143417742979
881181b6a1fffff,2024,19,2,0,0.020982004662989863
881181b6a1fffff,2024,20,1,0,0.019053794257867646
881181b6a3fffff,2022,1,1,0,0.023390238661471566
881181b6a3fffff,2022,8,1,0,0.02782545381313482
881181b6a3fffff,2022,9,2,0,0.027178569848488904
881181b6a3fffff,2022,10,1,0,0.02858180818860507
881181b6a3fffff,2022,11,1,0,0.028959985376340192
881181b6a3fffff,2022,12,2,0,0.029338162564075315
881181b6a3fffff,2022,13,2,0,0.0286912785994294
881181b6a3fffff,2022,14,1,0,0.03009451693954556
881181b6a3fffff,2022,16,3,1,0.030950268184021395
881181b6a3fffff,2022,18,1,0,0.02955710338572398
881181b6a3fffff,2022,20,1,0,0.031986922467050954
881181b6a3fffff,2022,21,1,0,0.03274175725369143
881181b6a3fffff,2023,6,1,0,0.025667380686378173
881181b6a3fffff,2023,8,3,0,0.027754892714379763
881181b6a3fffff,2023,9,2,0,0.028015302201417264
881181b6a3fffff,2023,11,1,0,0.03049757710491175
881181b6a3fffff,2023,12,1,0,0.027586230866329987
881181b6a3fffff,2023,13,1,0,0.03138980445766717
881181b6a3fffff,2023,14,1,0,0.028044394634783483
881181b6a3fffff,2023,15,1,0,0.028587546125158785
881181b6a3fffff,2023,16,4,0,0.030325999322191894
881181b6a3fffff,2023,17,1,0,0.03122904850275094
881181b6a3fffff,2023,19,1,0,0.031985402878221186
881181b6a3fffff,2024,9,1,0,0.028203631000869943
881181b6a3fffff,2024,10,1,0,0.026531685883842988
881181b6a3fffff,2024,11,1,0,0.03049757710491175
881181b6a3fffff,2024,12,2,0,0.027288040259313234
881181b6a3fffff,2024,13,1,0,0.02971633975181044
881181b6a3fffff,2024,14,1,0,0.03009451693954556
881181b6a3fffff,2024,16,2,0,0.029017780802404688
881181b6a3fffff,2024,18,1,0,0.03160722569048606
881181b6a3fffff,2024,21,1,0,0.034279348982263
881181b6a3fffff,2024,23,1,0,0.03376025909640638
881181b6a7fffff,2022,6,1,0,0.0423358945060022
881181b6a7fffff,2022,13,1,0,0.04498313482014807
881181b6a7fffff,2022,14,1,0,0.045196337705243006
881181b6a7fffff,2022,15,1,0,0.048137167773930734
881181b6a7fffff,2022,19,1,0,0.04725219794655881
881181b6a7fffff,2022,21,2,1,0.048868639171769916
881181b6a7fffff,2023,8,1,0,0.04292727457883227
881181b6a7fffff,2023,9,1,0,0.04330545176656739
881181b6a7fffff,2023,11,2,0,0.04406180614203764
881181b6a7fffff,2023,12,1,0,0.04508838688324845
881181b6a7fffff,2023,14,1,0,0.04724646001000509
881181b6a7fffff,2023,15,3,0,0.046231733330602626
881181b6a7fffff,2023,16,3,0,0.04787726185250688
881181b6a7fffff,2023,18,4,0,0.04747344040340179
881181b6a7fffff,2023,20,1,0,0.04913886553751048
881181b6a7fffff,2023,21,2,0,0.048167779796126714
881181b6a7fffff,2024,2,1,0,0.042081293049332426
881181b6a7fffff,2024,3,1,0,0.041463510410041524
881181b6a7fffff,2024,4,1,0,0.04184168759777664
881181b6a7fffff,2024,9,1,0,0.04330545176656739
881181b6a7fffff,2024,12,1,0,0.04443998332977276
881181b6a7fffff,2024,14,1,0,0.047758990586195614
881181b6a7fffff,2024,15,1,0,0.04929810190359694
881181b6a7fffff,2024,17,1,0,0.04662905987546513
881181b6a7fffff,2024,18,3,0,0.048930012286342424
881181b6a7fffff,2024,20,1,0,0.047928565741310686
881181b6a7fffff,2024,22,1,0,0.05053402497913078
881181b6a9fffff,2022,13,1,0,0.06946126850659469
881181b6a9fffff,2023,17,1,0,0.07302409956229727
881181b6a9fffff,2023,20,1,0,0.07415863112550264
881181b6a9fffff,2023,21,1,0,0.07248668600847569
881181b6a9fffff,2023,22,1,0,0.07517713296821758
881181b6a9fffff,2024,18,1,0,0.0715171287479105
881181b6a9fffff,2024,19,1,0,0.07378045393776751
881181b6a9fffff,2024,20,1,0,0.07415863112550264
881181b6a9fffff,2024,23,1,0,0.07466612198085681
881181b6abfffff,2022,2,1,0,0.022635120304524733
881181b6abfffff,2022,15,1,0,0.02933939858259873
881181b6abfffff,2022,16,1,0,0.029717575770333852
881181b6abfffff,2022,18,2,0,0.03021766485770884
881181b6abfffff,2022,19,1,0,0.028801985028777143
881181b6abfffff,2022,20,1,0,0.029345136519152448
881181b6abfffff,2023,18,1,0,0.0304739301458041
881181b6abfffff,2024,8,1,0,0.02464203596369078
881181b6abfffff,2024,10,1,0,0.02539839033916103
881181b6abfffff,2024,12,1,0,0.02974245874796492
881181b6abfffff,2024,13,1,0,0.026532921902366398
881181b6abfffff,2024,16,1,0,0.029717575770333852
881181b6abfffff,2024,17,1,0,0.030095752958068978
881181b6abfffff,2024,18,1,0,0.0304739301458041
881181b6abfffff,2024,19,1,0,0.031364637909729744
881181b6abfffff,2024,22,1,0,0.03036363836186739
881181b6b1fffff,2022,7,1,0,0.02773545805906944
881181b6b1fffff,2022,8,1,0,0.030378097520740416
881181b6b1fffff,2022,11,1,0,0.029248166810009937
881181b6b1fffff,2022,12,1,0,0.031514148672775556
881181b6b1fffff,2022,15,2,0,0.03148774610631472
881181b6b1fffff,2022,18,1,0,0.0337832117991863
881181b6b1fffff,2022,19,1,0,0.03197539370487418
881181b6b1fffff,2022,23,1,0,0.03375024992305937
881181b6b1fffff,2023,9,1,0,0.028193621827522938
881181b6b1fffff,2023,12,1,0,0.02997655694420399
881181b6b1fffff,2023,13,2,0,0.02970633057846343
881181b6b1fffff,2023,16,1,0,0.03289098444643088
881181b6b1fffff,2023,18,1,0,0.03415986939809165
881181b6b1fffff,2023,19,2,0,0.033000454857255224
881181b6b1fffff,2024,6,1,0,0.029109212569079643
881181b6b1fffff,2024,8,1,0,0.02781544463978781
881181b6b1fffff,2024,9,1,0,0.028193621827522938
881181b6b1fffff,2024,12,2,0,0.03060947983120461
881181b6b1fffff,2024,15,1,0,0.03111108850740936
881181b6b1fffff,2024,16,2,0,0.032122188582145106
881181b6b1fffff,2024,17,1,0,0.03224410048178497
881181b6b1fffff,2024,20,2,0,0.034659958485466644
881181b6b1fffff,2024,21,1,0,0.03631946211367807
881181b6b1fffff,2024,22,1,0,0.03337207273532424
881181b6b3fffff,2022,10,2,0,0.02185585358819398
881181b6b3fffff,2022,12,2,0,0.022612207963664227
881181b6b3fffff,2022,16,1,0,0.024124916714604722
881181b6b3fffff,2022,17,3,0,0.023819719800752485
881181b6b3fffff,2022,18,1,0,0.02283114878531289
881181b6b3fffff,2022,20,1,0,0.025637625465545218
881181b6b3fffff,2023,10,2,0,0.02185585358819398
881181b6b3fffff,2023,13,1,0,0.024527976879970912
881181b6b3fffff,2023,14,2,0,0.022599766474848695
881181b6b3fffff,2023,15,1,0,0.021696617222107518
881181b6b3fffff,2023,17,2,0,0.022452971597577764
881181b6b3fffff,2023,18,1,0,0.02488127109007497
881181b6b3fffff,2023,20,1,0,0.02358750316078314
881181b6b3fffff,2023,22,1,0,0.02819371903683172
881181b6b3fffff,2024,2,1,0,0.017042461248795604
881181b6b3fffff,2024,8,2,0,0.02109949921272373
881181b6b3fffff,2024,10,1,0,0.0198057312834319
881181b6b3fffff,2024,14,1,0,0.023368562339134473
881181b6b3fffff,2024,15,2,0,0.0237467395268696
881181b6b3fffff,2024,19,2,0,0.024558588902166896
881181b6b3fffff,2024,20,2,1,0.024936766089902022
881181b6b5fffff,2022,0,1,0,0.022420282441697675
881181b6b5fffff,2022,8,1,0,0.025348526778974152
881181b6b5fffff,2022,11,1,0,0.028880736920491944
881181b6b5fffff,2022,12,1,0,0.028746383532036547
881181b6b5fffff,2022,13,1,0,0.02707443841500959
881181b6b5fffff,2022,14,1,0,0.03104032963607836
881181b6b5fffff,2022,15,1,0,0.027830792790479838
881181b6b5fffff,2022,17,1,0,0.028752121468590266
881181b6b5fffff,2022,19,5,1,0.030983599385229998
881181b6b5fffff,2022,20,2,0,0.031771801033917545
881181b6b5fffff,2022,21,1,0,0.032149978221652664
881181b6b5fffff,2023,8,1,0,0.02518355247633397
881181b6b5fffff,2023,9,2,0,0.025561729664069093
881181b6b5fffff,2023,14,1,0,0.03104032963607836
881181b6b5fffff,2023,19,1,0,0.029343501541420333
881181b6b5fffff,2023,20,1,0,0.02972167872915546
881181b6b5fffff,2024,0,1,0,0.02358121657136388
881181b6b5fffff,2024,8,1,0,0.027233674781096052
881181b6b5fffff,2024,10,1,0,0.027613371557660943
881181b6b5fffff,2024,18,1,0,0.03101544665844729
881181b6b7fffff,2022,10,1,0,0.009430280372363072
881181b6b7fffff,2022,14,1,0,0.010942989123303565
881181b6b7fffff,2022,15,1,0,0.011457039288323851
881181b6b7fffff,2022,16,1,0,0.012133407083075727
881181b6b7fffff,2022,19,1,0,0.012833875061979185
881181b6b7fffff,2022,21,1,0,0.015640351742211515
881181b6b7fffff,2023,8,1,0,0.010724048301654904
881181b6b7fffff,2023,12,1,0,0.010186634747833318
881181b6b7fffff,2023,14,1,0,0.013505642004256167
881181b6b7fffff,2023,17,2,0,0.014127642991271021
881181b6b7fffff,2023,19,1,0,0.014883997366741269
881181b6b7fffff,2024,1,1,0,0.006288833149991651
881181b6b7fffff,2024,8,1,0,0.010724048301654904
881181b6b7fffff,2024,12,1,0,0.0122367570525954
881181b6b7fffff,2024,14,1,0,0.014530703156637207
881181b6b7fffff,2024,15,1,0,0.01132116631103869
881181b6b7fffff,2024,16,1,0,0.015287057532107455
881181b6b7fffff,2024,18,1,0,0.014505820179006142
881181b6b9fffff,2022,8,2,0,0.04966949717609746
881181b6b9fffff,2022,14,1,0,0.04988843799774612
881181b6b9fffff,2022,16,1,0,0.052694914677978454
881181b6b9fffff,2022,18,1,0,0.05140114674868662
881181b6b9fffff,2023,7,1,0,0.04929131998836234
881181b6b9fffff,2023,11,1,0,0.050804028739302835
881181b6b9fffff,2023,12,1,0,0.04929705792491606
881181b6b9fffff,2023,13,2,0,0.049510260810011
881181b6b9fffff,2023,14,2,0,0.04988843799774612
881181b6b9fffff,2023,15,2,0,0.05334179864262438
881181b6b9fffff,2023,16,1,0,0.052694914677978454
881181b6b9fffff,2023,17,1,0,0.05307309186571358
881181b6b9fffff,2023,21,1,0,0.05458580061665407
881181b6b9fffff,2024,18,2,0,0.0534512690534487
881181b6b9fffff,2024,19,1,0,0.05382944624118383
881181b6bbfffff,2022,9,1,0,0.1046112759242259
881181b6bbfffff,2024,7,1,0,0.10013133453813683
881181b6bbfffff,2024,11,1,0,0.10420669617002994
881181b6bbfffff,2024,13,1,0,0.10598811169788123
881181b6bbfffff,2024,20,1,0,0.10569604153216913
881181b6bdfffff,2022,10,1,0,0.007111771589768441
881181b6bdfffff,2022,11,1,0,0.007788139384520318
881181b6bdfffff,2022,12,1,0,0.007703151662598508
881181b6bdfffff,2022,17,1,0,0.009594037601274131
881181b6bdfffff,2022,18,1,0,0.012022337093771334
881181b6bdfffff,2023,11,1,0,0.009375096779625466
881181b6bdfffff,2023,17,2,0,0.01051325710552258
881181b6bdfffff,2023,18,1,0,0.012022337093771334
881181b6bdfffff,2023,21,1,0,0.013156868656976706
881181b6bdfffff,2023,22,1,0,0.011747071007194444
881181b6bdfffff,2024,7,1,0,0.00786238802868497
881181b6bdfffff,2024,9,1,0,0.008916933011171971
881181b6bdfffff,2024,14,1,0,0.008459506038068757
881181b6bdfffff,2024,16,1,0,0.011778513294491606
881181b6bdfffff,2024,17,1,0,0.010754971730940331
881181b6bdfffff,2024,18,1,0,0.012022337093771334
881181b6bdfffff,2024,22,1,0,0.012395474560670127
881181b6c1fffff,2022,7,1,0,0.05070701409896424
881181b6c1fffff,2022,9,1,0,0.05300096020300605
881181b6c1fffff,2022,14,2,1,0.052329193260729066
881181b6c1fffff,2022,15,1,0,0.05373243160084523
881181b6c1fffff,2022,16,1,0,0.05206048648381827
881181b6c1fffff,2023,3,1,0,0.04757130481314654
881181b6c1fffff,2023,8,2,0,0.049184164285445656
881181b6c1fffff,2023,9,1,0,0.05146336847443449
881181b6c1fffff,2023,13,1,0,0.05451366895394654
881181b6c1fffff,2023,15,2,0,0.052856465751972566
881181b6c1fffff,2023,16,2,0,0.052939144155668125
881181b6c1fffff,2023,19,1,0,0.05524514035178573
881181b6c1fffff,2023,21,1,0,0.05395137242249389
881181b6c1fffff,2024,0,1,0,0.04832192125206307
881181b6c1fffff,2024,7,1,0,0.05070701409896424
881181b6c1fffff,2024,8,1,0,0.051597721862889884
881181b6c1fffff,2024,10,1,0,0.04995639766004771
881181b6c1fffff,2024,11,1,0,0.05221972284990473
881181b6c1fffff,2024,16,2,0,0.0531680347875194
881181b6c1fffff,2024,18,1,0,0.0548669631640506
881181b6c1fffff,2024,20,1,0,0.05357319523475877
881181b6c1fffff,2024,21,2,0,0.05395137242249389
881181b6c3fffff,2022,1,1,0,0.03774627030437938
881181b6c3fffff,2022,14,1,0,0.04051527827556939
881181b6c3fffff,2022,20,1,0,0.044669489404102036
881181b6c3fffff,2023,7,1,0,0.03786803796142353
881181b6c3fffff,2023,8,1,0,0.04013136315128055
881181b6c3fffff,2024,1,1,0,0.036344551553092984
881181b6c3fffff,2024,14,1,0,0.0424004262776913
881181b6c3fffff,2024,17,1,0,0.043670830818181836
881181b6c3fffff,2024,19,1,0,0.04429131221636692
881181b6c3fffff,2024,22,2,0,0.04466293009443594
881181b6c5fffff,2022,11,1,0,0.020431914057111013
881181b6c5fffff,2022,15,1,0,0.02506917193172822
881181b6c5fffff,2023,5,1,0,0.018424998397944967
881181b6c5fffff,2023,6,1,0,0.018077863208778463
881181b6c5fffff,2023,7,1,0,0.020506162701275667
881181b6c5fffff,2023,8,1,0,0.020884339889010794
881181b6c5fffff,2023,9,1,0,0.021262517076745917
881181b6c5fffff,2023,14,1,0,0.021268255013299635
881181b6c5fffff,2023,20,1,0,0.023372343837070198
881181b6c5fffff,2023,21,1,0,0.025800643329567403
881181b6c5fffff,2023,23,2,1,0.025876571171221396
881181b6c5fffff,2024,8,1,0,0.020884339889010794
881181b6c5fffff,2024,11,1,0,0.01996874914745408
881181b6c5fffff,2024,13,2,0,0.021818101163947952
881181b6c5fffff,2024,14,1,0,0.021751684264135138
881181b6c5fffff,2024,15,1,0,0.023531580203156658
881181b6c5fffff,2024,16,2,0,0.024746489743820144
881181b6c5fffff,2024,19,1,0,0.025044288954097157
881181b6c5fffff,2024,20,1,0,0.023835508746727133
881181b6c5fffff,2024,21,1,0,0.025800643329567403
881181b6c7fffff,2022,7,1,0,0.017450551769344437
881181b6c7fffff,2022,9,2,0,0.01820690614481468
881181b6c7fffff,2022,13,1,0,0.019719614895755178
881181b6c7fffff,2022,14,1,0,0.0200977920834903
881181b6c7fffff,2022,15,1,0,0.020475969271225428
881181b6c7fffff,2022,18,1,0,0.021610500834430797
881181b6c7fffff,2022,19,1,0,0.021988678022165923
881181b6c7fffff,2023,7,1,0,0.018988143497915996
881181b6c7fffff,2023,8,1,0,0.01782872895707956
881181b6c7fffff,2023,10,1,0,0.018585083332549806
881181b6c7fffff,2023,12,1,0,0.019341437708020055
881181b6c7fffff,2023,13,1,0,0.019719614895755178
881181b6c7fffff,2023,14,1,0,0.0200977920834903
881181b6c7fffff,2023,16,1,0,0.01880402415419847
881181b6c7fffff,2023,17,1,0,0.021744854222886193
881181b6c7fffff,2023,19,1,0,0.020074428694689006
881181b6c7fffff,2024,11,1,1,0.01896326052028493
881181b6c7fffff,2024,13,2,0,0.019545836758980008
881181b6c7fffff,2024,14,1,0,0.020908513266697574
881181b6c7fffff,2024,15,2,0,0.020949266351471645
881181b6c7fffff,2024,16,1,0,0.01880402415419847
881181b6c7fffff,2024,17,1,0,0.021232323646695674
881181b6c7fffff,2024,19,1,0,0.021988678022165923
881181b6c7fffff,2024,20,1,0,0.022366855209901046
881181b6c7fffff,2024,23,1,0,0.023763534240351113
881181b6c9fffff,2022,6,1,0,0.026597314013331607
881181b6c9fffff,2022,8,1,0,0.02735366838880186
881181b6c9fffff,2022,9,1,0,0.0256817232717749
881181b6c9fffff,2022,11,1,0,0.02848819995200723
881181b6c9fffff,2022,14,1,0,0.0296227315152126
881181b6c9fffff,2022,16,2,0,0.029436511889621896
881181b6c9fffff,2023,7,1,0,0.026975491201066733
881181b6c9fffff,2023,8,1,0,0.02735366838880186
881181b6c9fffff,2023,9,1,0,0.028030036183553736
881181b6c9fffff,2023,12,1,0,0.026981229137620452
881181b6c9fffff,2023,13,1,0,0.030782146056049037
881181b6c9fffff,2023,14,1,0,0.02757260921045052
881181b6c9fffff,2023,16,1,0,0.0287921284955777
881181b6c9fffff,2023,21,1,0,0.03226997182935847
881181b6c9fffff,2024,0,1,0,0.023188679602879163
881181b6c9fffff,2024,12,1,1,0.02886637713974235
881181b6c9fffff,2024,18,1,0,0.031135440266153096
881181b6c9fffff,2024,21,1,0,0.03226997182935847
881181b6cbfffff,2022,0,1,0,0.020288760054797236
881181b6cbfffff,2022,10,1,0,0.02351019385788703
881181b6cbfffff,2022,12,1,0,0.024266548233357273
881181b6cbfffff,2022,13,1,0,0.02618231714966396
881181b6cbfffff,2022,14,1,0,0.023435945213722376
881181b6cbfffff,2022,21,1,0,0.02767014292297339
881181b6cbfffff,2023,11,1,0,0.024186561652638904
881181b6cbfffff,2023,14,1,0,0.026560494337399085
881181b6cbfffff,2023,15,2,0,0.02495648570901471
881181b6cbfffff,2024,17,1,0,0.024107311867270814
881181b6cbfffff,2024,18,1,0,0.026535611359768018
881181b6cdfffff,2023,16,1,0,0.060296114498797244
881181b6cdfffff,2023,23,1,0,0.0632055022801878
881181b6cdfffff,2024,20,1,0,0.06415713616151657
881181b6cdfffff,2024,22,1,0,0.06347572864592836
881181b6d1fffff,2022,0,1,0,0.018024587660030143
881181b6d1fffff,2022,5,1,1,0.02050647116678489
881181b6d1fffff,2022,15,1,0,0.02214094757476953
881181b6d1fffff,2022,18,1,0,0.025160627140096804
881181b6d1fffff,2023,0,1,1,0.018537118236220663
881181b6d1fffff,2023,13,1,0,0.021384593199299282
881181b6d1fffff,2023,16,1,0,0.022354150459864476
881181b6d1fffff,2023,18,1,0,0.023110504835334722
881181b6d1fffff,2024,1,1,0,0.017241830718099063
881181b6d1fffff,2024,2,1,0,0.01899528200467416
881181b6d1fffff,2024,7,1,0,0.02011148989991456
881181b6d1fffff,2024,9,2,0,0.01977484663436119
881181b6d1fffff,2024,16,1,0,0.024404272764626554
881181b6d1fffff,2024,18,1,0,0.023275479137974904
881181b6d1fffff,2024,20,1,0,0.02403183351344515
881181b6d3fffff,2023,0,1,0,0.10498915033146902
881181b6d3fffff,2023,16,1,0,0.1107778378679863
881181b6d3fffff,2023,17,1,0,0.11320613736048352
881181b6d3fffff,2023,18,1,0,0.11299331698013951
881181b6d3fffff,2023,22,1,0,0.11330904846164173
881181b6d3fffff,2024,14,1,0,0.11018645779515623
881181b6d3fffff,2024,22,1,0,0.11476817319832469
881181b6d5fffff,2022,12,1,0,0.050229822868619524
881181b6d5fffff,2022,16,1,0,0.05174253161956002
881181b6d5fffff,2022,17,1,0,0.05212070880729515
881181b6d5fffff,2022,22,1,0,0.054273742213215466
881181b6d5fffff,2023,6,1,0,0.04607561174008688
881181b6d5fffff,2023,19,1,0,0.05082694087800332
881181b6d5fffff,2024,2,1,0,0.04611920089043386
881181b6d5fffff,2024,9,1,0,0.04704516900065207
881181b6d5fffff,2024,10,1,0,0.04758832049102738
881181b6d5fffff,2024,14,2,0,0.05105411373273236
881181b6d5fffff,2024,16,2,0,0.05174253161956002
881181b6d5fffff,2024,17,1,0,0.050070586502533064
881181b6d5fffff,2024,18,1,0,0.052498885995030276
881181b6d5fffff,2024,20,1,1,0.05325524037050052
881181b6d7fffff,2022,3,1,0,0.05762500680528313
881181b6d7fffff,2022,10,1,0,0.1073772526308859
881181b6d7fffff,2022,13,1,0,0.06327322051204036
881181b6d7fffff,2022,18,2,0,0.06465157587452544
881181b6d7fffff,2022,19,1,0,0.06400469190987954
881181b6d7fffff,2022,20,1,0,0.062497721095492766
881181b6d7fffff,2023,1,1,0,0.057082992398986655
881181b6d7fffff,2023,8,1,0,0.0577946205400311
881181b6d7fffff,2023,9,1,0,0.060222920032528306
881181b6d7fffff,2023,12,1,0,0.05930732929097159
881181b6d7fffff,2023,13,1,0,0.0617356287834688
881181b6d7fffff,2023,19,2,0,0.06374842662178427
881181b6d7fffff,2023,20,1,1,0.06438286909761466
881181b6d7fffff,2023,22,1,0,0.06335124863556753
881181b6d7fffff,2023,23,2,0,0.0646486453275511
881181b6d7fffff,2024,8,1,0,0.0577946205400311
881181b6d7fffff,2024,9,1,0,0.060222920032528306
881181b6d7fffff,2024,12,1,0,0.05930732929097159
881181b6d7fffff,2024,14,1,0,0.06006368366644184
881181b6d7fffff,2024,15,2,0,0.06052434800549705
881181b6d7fffff,2024,18,3,0,0.0625858839052217
881181b6d7fffff,2024,19,3,0,0.06332131780829219
881181b6d7fffff,2024,20,1,0,0.062497721095492766
881181b6d7fffff,2024,21,2,0,0.06354765633351607
881181b6d7fffff,2024,23,1,1,0.06577954812806473
881181b6d9fffff,2022,10,1,0,0.02008166447233604
881181b6d9fffff,2022,12,1,0,0.02302135745694494
881181b6d9fffff,2022,13,1,0,0.02121619603554141
881181b6d9fffff,2022,17,1,0,0.024614052788603808
881181b6d9fffff,2022,19,1,0,0.025370407164074057
881181b6d9fffff,2022,21,2,0,0.024159126386102313
881181b6d9fffff,2023,10,1,0,0.02196681247445794
881181b6d9fffff,2023,13,1,0,0.02105122173290123
881181b6d9fffff,2023,16,1,0,0.024235875600868685
881181b6d9fffff,2023,17,1,1,0.024614052788603808
881181b6d9fffff,2023,19,1,0,0.02704387186993078
881181b6d9fffff,2024,0,1,0,0.01686023066924625
881181b6d9fffff,2024,6,1,1,0.020454103723517445
881181b6d9fffff,2024,10,1,0,0.02196681247445794
881181b6d9fffff,2024,12,2,0,0.020972563488637158
881181b6d9fffff,2024,13,1,0,0.023101344037663313
881181b6d9fffff,2024,14,1,0,0.023479521225398436
881181b6d9fffff,2024,15,2,0,0.02291512441207261
881181b6d9fffff,2024,16,2,0,0.024235875600868685
881181b6dbfffff,2022,15,1,0,0.054807046838885626
881181b6dbfffff,2023,9,1,0,0.05458810601723696
881181b6dbfffff,2024,9,1,0,0.052537983712474874
881181b6ddfffff,2022,7,1,0,0.022400540654981562
881181b6ddfffff,2022,10,1,0,0.02353507221818693
881181b6ddfffff,2022,14,1,0,0.02504778096912743
881181b6ddfffff,2022,21,1,0,0.027695021283273297
881181b6ddfffff,2022,22,1,0,0.028335345938253115
881181b6ddfffff,2023,11,1,0,0.023913249405922057
881181b6ddfffff,2023,17,1,0,0.026182312532332802
881181b6ddfffff,2023,20,1,0,0.027615034702554928
881181b6ddfffff,2024,0,1,0,0.018613729056793992
881181b6ddfffff,2024,1,1,0,0.01834350269105343
881181b6ddfffff,2024,14,2,0,0.02427898510484165
881181b6ddfffff,2024,16,1,0,0.027341727073169238
881181b6ddfffff,2024,18,1,0,0.026560489720067925
881181b6ddfffff,2024,22,1,0,0.028335345938253115
881181b6e1fffff,2022,9,1,0,0.06926179359729763
881181b6e1fffff,2022,11,1,1,0.07206827027752996
881181b6e1fffff,2022,13,1,0,0.0728246246530002
881181b6e1fffff,2022,23,1,0,0.07498339599547425
881181b6e1fffff,2023,3,1,0,0.06725487793813158
881181b6e1fffff,2023,7,1,0,0.06850543922182738
881181b6e1fffff,2023,8,1,0,0.07247133044289615
881181b6e1fffff,2023,11,1,0,0.0704813128824248
881181b6e1fffff,2023,13,1,0,0.07123766725789506
881181b6e1fffff,2023,15,1,0,0.07169583102634855
881181b6e1fffff,2023,19,1,0,0.07509368777941096
881181b6e1fffff,2024,16,1,0,0.07207400821408368
881181b6e1fffff,2024,17,1,0,0.07275037600883555
881181b6e1fffff,2024,20,1,0,0.07342174266238399
881181b6e1fffff,2024,21,1,0,0.07379991985011912
881181b6e1fffff,2024,22,1,0,0.07460521880773911
881181b6e5fffff,2023,3,1,0,0.041470243159631555
881181b6e5fffff,2023,8,1,0,0.04151202423595733
881181b6e5fffff,2023,13,1,0,0.043104719567616204
881181b6e5fffff,2023,22,1,0,0.04660548742183684
881181b6e5fffff,2024,13,1,0,0.04293974526497602
881181b6e5fffff,2024,16,1,0,0.04612439913294347
881181b6e5fffff,2024,18,2,0,0.046880753508413725
881181b6e9fffff,2022,5,1,0,0.031093921781880918
881181b6e9fffff,2022,12,1,0,0.03347901462878209
881181b6e9fffff,2022,13,1,0,0.03369221751387704
881181b6e9fffff,2022,16,1,0,0.036876871381844485
881181b6e9fffff,2022,20,2,0,0.036421944979343
881181b6e9fffff,2022,23,1,0,0.038199301768129905
881181b6e9fffff,2023,0,1,0,0.02903806154056512
881181b6e9fffff,2023,8,2,0,0.031801331575201416
881181b6e9fffff,2023,11,1,0,0.03310083744104697
881181b6e9fffff,2023,12,1,0,0.035364162630904
881181b6e9fffff,2023,15,1,0,0.034882635473649205
881181b6e9fffff,2023,16,1,0,0.03499172337972259
881181b6e9fffff,2023,17,1,0,0.03585332981829322
881181b6e9fffff,2023,18,1,0,0.03763322575731474
881181b6e9fffff,2023,19,1,0,0.03596128064028778
881181b6e9fffff,2023,21,1,0,0.04030534904909167
881181b6e9fffff,2023,22,1,0,0.03735795967073785
881181b6e9fffff,2023,23,1,0,0.039786259163235055
881181b6e9fffff,2024,3,1,0,0.030820996657246177
881181b6e9fffff,2024,10,1,0,0.032722660253311844
881181b6e9fffff,2024,14,1,0,0.03663304758256476
881181b6e9fffff,2024,16,1,0,0.037389401958035015
881181b6e9fffff,2024,18,1,0,0.03763322575731474
881181b6e9fffff,2024,19,2,0,0.037823074145597185
881181b6e9fffff,2024,20,3,0,0.03713281479803706
881181b6e9fffff,2024,22,1,0,0.037522933973378025
881181b6ebfffff,2024,7,1,0,0.0784254630732236
881181b6ebfffff,2024,16,1,0,0.0818290577628397
881181b6edfffff,2022,14,2,0,0.017034922994788766
881181b6edfffff,2023,0,1,0,0.010977528681360689
881181b6edfffff,2023,8,1,0,0.015790921020759064
881181b6edfffff,2023,18,1,0,0.019572692898110304
881181b6edfffff,2023,23,1,0,0.019840578301908718
881181b6edfffff,2024,3,1,0,0.012760463798041742
881181b6edfffff,2024,9,2,0,0.014268071207240484
881181b6edfffff,2024,10,1,0,0.014497153091467232
881181b6edfffff,2024,11,2,0,0.016224593208321238
881181b6edfffff,2024,20,1,0,0.02032904727358055
881181b6edfffff,2024,21,1,0,0.020707224461315673
881181b6edfffff,2024,22,1,0,0.019297426811533416
881181b741fffff,2022,0,1,0,0.0382293051151239
881181b741fffff,2022,8,1,0,0.04129076575677695
881181b741fffff,2023,8,2,0,0.04107506230108029
881181b741fffff,2024,3,1,0,0.039528810980969456
881181b741fffff,2024,8,1,0,0.0409925751497602
881181b741fffff,2024,15,1,0,0.046202468344858666
881181b741fffff,2024,19,1,0,0.045317498517486746
881181b741fffff,2024,22,1,1,0.04671417754793681
881181b741fffff,2024,23,1,0,0.04897750273779383
881181b749fffff,2023,19,1,0,0.0514647608276449
881181b749fffff,2023,20,1,0,0.052355468591570545
881181b749fffff,2024,10,1,0,0.04835935674504554
881181b749fffff,2024,17,1,0,0.04865828414741257
881181b749fffff,2024,18,1,0,0.04903646133514769
881181b749fffff,2024,19,1,0,0.0514647608276449
881181b749fffff,2024,21,1,0,0.05017099289835307
881181b74bfffff,2022,11,1,0,0.02608953917032365
881181b74bfffff,2022,21,2,0,0.02694655123049444
881181b74bfffff,2022,23,1,0,0.02716888255267962
881181b74bfffff,2023,0,1,0,0.018305832932131588
881181b74bfffff,2023,12,1,0,0.07024715530342675
881181b74bfffff,2023,13,1,0,0.02312496320808368
881181b74bfffff,2023,19,1,0,0.027791704912806848
881181b74bfffff,2024,9,1,0,0.02191044506415994
881181b74bfffff,2024,20,1,0,0.025772203522229552
881181b74dfffff,2022,7,1,0,0.08116994678422576
881181b74dfffff,2022,11,1,0,0.08314582044482319
881181b74dfffff,2022,22,1,0,0.08826568619716352
881181b74dfffff,2024,0,1,0,0.0787848539373246
881181b765fffff,2022,6,1,0,0.020921983645562404
881181b765fffff,2022,16,1,0,0.024703755522913644
881181b765fffff,2022,18,1,0,0.02751023220314597
881181b765fffff,2022,20,1,0,0.02621646427385414
881181b765fffff,2023,8,1,0,0.021814210998317814
881181b765fffff,2023,11,1,0,0.026536456594856827
881181b765fffff,2024,16,1,0,0.026753877827675725
881181b765fffff,2024,18,2,0,0.026809372827502773
881181b76dfffff,2022,14,1,0,0.06395007996310177
881181b76dfffff,2022,17,2,0,0.06678143072897635
881181b76dfffff,2023,16,1,0,0.06812917406926548
881181b76dfffff,2023,18,1,0,0.06786046729235469
881181b76dfffff,2023,20,1,0,0.0662191430895125
881181b76dfffff,2024,7,1,0,0.0631879876510778
881181b76dfffff,2024,13,1,0,0.0669946425060601
881181b76dfffff,2024,17,2,0,0.065944698376048
881181b76dfffff,2024,20,1,0,0.06861682166782493
88118524b7fffff,2022,16,1,0,0.1423256616490081
8811852515fffff,2024,21,1,0,0.18706144125757865
8811852531fffff,2022,13,1,0,0.032664755276578326
8811852531fffff,2023,13,1,0,0.0302670766982659
8811852531fffff,2023,15,1,0,0.0313216216807529
8811852587fffff,2022,1,1,0,0.08951294308287479
8811852587fffff,2022,14,1,0,0.09446528966320346
8811852591fffff,2024,21,1,0,0.2529989730730313
88118525bbfffff,2024,9,1,1,0.05395905053039383
88118525e3fffff,2022,23,1,1,0.31706942658368664
88118525e5fffff,2022,3,1,0,0.04175673301446923
88118525e5fffff,2022,9,1,0,0.04330048376397835
88118525e5fffff,2022,20,1,0,0.04792359773872164
88118525e5fffff,2023,1,1,2,0.04100037863899898
88118525e5fffff,2023,8,1,0,0.0430872808788834
88118525e5fffff,2023,19,1,0,0.04913237794609167
88118525e5fffff,2024,11,1,0,0.044221812442088775
88118525e5fffff,2024,15,1,1,0.09183317172482106
88118525e5fffff,2024,16,1,0,0.047997846382886296
88118525e7fffff,2022,23,1,0,0.18260838046806963
88118525e7fffff,2023,7,1,0,0.17578286742087243
88118525e7fffff,2023,23,1,0,0.22682188299773953
88118525e7fffff,2024,16,1,0,0.17764887038191698
88118525e7fffff,2024,17,1,0,0.17816292054693728
8811852ebbfffff,2024,16,1,1,0.20478211884493053
8811aa0001fffff,2022,15,1,0,0.08465102442787645
8811aa0003fffff,2022,15,1,0,0.08163978868091441
8811aa0003fffff,2023,8,2,0,0.08079922937700185
8811aa0003fffff,2023,17,1,0,0.08252935936076124
8811aa0003fffff,2024,7,1,0,0.07861437117903342
8811aa0003fffff,2024,9,1,0,0.07937072555450368
8811aa0005fffff,2022,7,1,0,0.04369293772081179
8811aa0005fffff,2022,19,1,0,0.04823106397363328
8811aa0005fffff,2023,19,1,0,0.04823106397363328
8811aa0005fffff,2024,9,1,0,0.042399169791519954
8811aa0005fffff,2024,10,1,0,0.044827469284017166
8811aa0005fffff,2024,17,1,0,0.04747470959816303
8811aa0017fffff,2023,8,1,0,0.07352078012011166
8811aa0017fffff,2024,9,1,0,0.07543654903641833
8811aa001dfffff,2022,19,1,0,0.05093493596043815
8811aa0021fffff,2022,0,1,0,0.0
8811aa0021fffff,2022,6,2,0,0.0031824004515097586
8811aa0021fffff,2022,7,1,0,0.004947745727853772
8811aa0021fffff,2022,9,1,0,0.005489760134150253
8811aa0021fffff,2022,12,2,0,0.004275978785576791
8811aa0021fffff,2022,13,1,0,0.006704278278073995
8811aa0021fffff,2022,14,1,0,0.00862004719438068
8811aa0021fffff,2022,15,2,0,0.007286854516769073
8811aa0021fffff,2022,16,3,0,0.007200726732120393
8811aa0021fffff,2022,17,2,0,0.008985782893300272
8811aa0021fffff,2022,18,4,0,0.007313837776273315
8811aa0021fffff,2022,20,1,0,0.010889110320791423
8811aa0021fffff,2023,13,2,0,0.005761704277013044
8811aa0021fffff,2023,15,1,0,0.0055463833260673235
8811aa0021fffff,2023,16,1,0,0.005924560513802447
8811aa0021fffff,2023,19,1,0,0.00948587198067526
8811aa0021fffff,2023,22,1,0,0.008455771107457887
8811aa0021fffff,2023,23,1,0,0.00869807531790785
8811aa0021fffff,2024,8,3,0,0.00370806964647727
8811aa0021fffff,2024,12,1,0,0.004275978785576791
8811aa0021fffff,2024,21,1,0,0.007679573475192905
8811aa0021fffff,2024,22,1,0,0.010370020434934808
8811aa0023fffff,2022,7,1,0,0.030832380685791413
8811aa0023fffff,2022,11,1,0,0.028757375403398264
8811aa0023fffff,2022,12,1,0,0.02913555259113339
8811aa0023fffff,2022,15,2,0,0.03137763245803989
8811aa0023fffff,2022,19,1,0,0.035370506938612906
8811aa0023fffff,2022,20,2,0,0.03402276359832379
8811aa0023fffff,2022,21,1,0,0.03370008141041571
8811aa0023fffff,2023,7,1,0,0.02740964095509795
8811aa0023fffff,2023,10,2,0,0.030173055232329965
8811aa0023fffff,2023,11,1,0,0.030807497708160346
8811aa0023fffff,2023,12,1,0,0.02913555259113339
8811aa0023fffff,2023,18,1,0,0.03345473802230622
8811aa0023fffff,2023,20,1,0,0.03232594439565457
8811aa0023fffff,2023,22,1,0,0.03317947193572933
8811aa0023fffff,2024,0,1,0,0.0248595738055566
8811aa0023fffff,2024,7,1,0,0.02929478895721985
8811aa0023fffff,2024,8,1,0,0.027622843840192896
8811aa0023fffff,2024,9,3,0,0.028217155545753245
8811aa0023fffff,2024,11,1,0,0.030807497708160346
8811aa0023fffff,2024,13,1,0,0.03323731678948732
8811aa0023fffff,2024,15,2,0,0.03308900232338663
8811aa0023fffff,2024,20,1,0,0.03421109239777646
8811aa0023fffff,2024,22,1,0,0.03536546721777657
8811aa0023fffff,2024,23,1,0,0.033557649123464456
8811aa0025fffff,2022,12,1,0,0.048219501857488696
8811aa0025fffff,2022,16,1,0,0.04771118962902213
8811aa0025fffff,2022,21,1,0,0.049602075567697745
8811aa0025fffff,2023,12,1,0,0.04619848087808163
8811aa0025fffff,2023,18,2,0,0.04845166500536057
8811aa0025fffff,2024,0,1,0,0.04192250209250484
8811aa0025fffff,2024,17,1,0,0.04792439251411707
8811aa0027fffff,2022,2,1,0,0.045451382394201545
8811aa0027fffff,2022,12,1,0,0.049135981106948265
8811aa0027fffff,2022,15,1,0,0.05010553836751346
8811aa0027fffff,2022,19,2,0,0.054180899999406555
8811aa0027fffff,2023,0,1,0,0.04636849272458802
8811aa0027fffff,2023,16,1,0,0.05253383786001066
8811aa0027fffff,2023,18,1,0,0.05329019223548091
8811aa0027fffff,2024,14,1,0,0.04972736117977833
8811aa0027fffff,2024,15,1,0,0.05010553836751346
8811aa0027fffff,2024,19,1,0,0.05366836942321604
8811aa0029fffff,2022,14,1,0,0.031520423804541196
8811aa0029fffff,2022,15,1,0,0.03394872329703841
8811aa0029fffff,2022,17,1,0,0.03265495536774657
8811aa0029fffff,2022,18,1,0,0.033033132555481695
8811aa0029fffff,2022,19,1,0,0.033411309743216815
8811aa0029fffff,2022,21,3,0,0.034961021088701215
8811aa0029fffff,2023,8,1,0,0.03130148298289254
8811aa0029fffff,2023,13,2,0,0.032167307769187116
8811aa0029fffff,2023,15,1,0,0.03394872329703841
8811aa0029fffff,2023,16,1,0,0.03432690048477353
8811aa0029fffff,2023,21,3,0,0.03558940375607518
8811aa0029fffff,2023,22,1,0,0.03839570280700052
8811aa0029fffff,2023,23,1,0,0.03518616596140201
8811aa0029fffff,2024,6,1,1,0.028495006302660202
8811aa0029fffff,2024,12,1,0,0.03435178346240459
8811aa0029fffff,2024,13,1,0,0.03370489949775868
8811aa0029fffff,2024,14,2,0,0.033570546109303274
8811aa0029fffff,2024,15,2,0,0.032305289920334254
8811aa0029fffff,2024,17,1,0,0.03624266940108021
8811aa0029fffff,2024,20,1,0,0.03583960923571402
8811aa002bfffff,2022,7,1,0,0.0023850928469011713
8811aa002bfffff,2022,8,1,0,0.0027632700346362955
8811aa002bfffff,2022,9,1,0,0.0031414472223714194
8811aa002bfffff,2022,13,1,0,0.004952346580328667
8811aa002bfffff,2022,16,1,0,0.007838809841279366
8811aa002bfffff,2022,17,1,0,0.006166864724252411
8811aa002bfffff,2022,18,1,0,0.006545041911987535
8811aa002bfffff,2022,21,1,0,0.007815446452478067
8811aa002bfffff,2023,14,1,0,0.005466396745348953
8811aa002bfffff,2024,9,1,0,0.0067291612557050596
8811aa002dfffff,2022,10,1,0,0.061867606114316416
8811aa002dfffff,2022,13,1,0,0.06300213767752179
8811aa002dfffff,2022,23,1,0,0.0690961793268798
8811aa002dfffff,2023,10,1,0,0.06391772841907849
8811aa002dfffff,2023,14,2,0,0.06346280201657699
8811aa002dfffff,2023,15,1,0,0.0658086143577541
8811aa002dfffff,2023,16,1,0,0.06618679154548922
8811aa002dfffff,2023,17,1,0,0.06656496873322436
8811aa002dfffff,2023,18,1,0,0.06505799791883758
8811aa002dfffff,2023,20,1,0,0.06769950029642972
8811aa002dfffff,2024,9,1,0,0.06148942892658129
8811aa002dfffff,2024,10,1,0,0.061867606114316416
8811aa002dfffff,2024,11,1,0,0.06429590560681361
8811aa002dfffff,2024,14,2,0,0.06466164130573321
8811aa002dfffff,2024,17,1,0,0.06656496873322436
8811aa002dfffff,2024,19,1,0,0.0673213231086946
8811aa002dfffff,2024,22,1,0,0.06731628338785828
8811aa0031fffff,2022,13,1,0,0.08298765357451911
8811aa0031fffff,2022,15,1,0,0.08498340907154417
8811aa0031fffff,2022,17,1,0,0.08471470229463336
8811aa0031fffff,2022,20,1,0,0.08328658097688614
8811aa0031fffff,2023,6,1,0,0.0779921003485944
8811aa0031fffff,2023,14,1,0,0.08306764015523747
8811aa0031fffff,2023,15,1,0,0.08344581734297261
8811aa0031fffff,2023,17,1,0,0.08420217171844285
8811aa0031fffff,2023,18,1,0,0.08269520090405608
8811aa0031fffff,2023,20,1,0,0.08533670328164822
8811aa0031fffff,2024,11,1,0,0.08193310859203211
8811aa0031fffff,2024,18,1,0,0.08509287948236849
8811aa0031fffff,2024,19,1,0,0.0849585260939131
8811aa0033fffff,2022,7,1,0,0.029032325507789968
8811aa0033fffff,2022,12,1,0,0.030758237143825407
8811aa0033fffff,2023,11,1,0,0.03243018226085237
8811aa0033fffff,2023,13,1,0,0.034860001342179335
8811aa0033fffff,2023,14,1,0,0.03356471382405774
8811aa0033fffff,2024,6,1,0,0.028489174017414663
8811aa0033fffff,2024,10,1,0,0.03016685707099534
8811aa0033fffff,2024,14,1,0,0.03151459151929565
8811aa0033fffff,2024,16,1,0,0.03432106819952799
8811aa0035fffff,2022,10,1,0,0.06329274703482557
8811aa0035fffff,2022,14,1,0,0.06464048148312587
8811aa0035fffff,2022,17,1,0,0.06593998734897143
8811aa0035fffff,2022,23,2,0,0.0682396154877984
8811aa0035fffff,2023,7,1,0,0.06183092353924843
8811aa0035fffff,2023,15,1,0,0.0683081820971779
8811aa0035fffff,2023,17,1,0,0.06906453647264814
8811aa0035fffff,2024,11,1,1,0.06320775931290375
8811aa0035fffff,2024,12,1,0,0.06563605880540097
8811aa0035fffff,2024,13,1,0,0.063964113688374
8811aa0035fffff,2024,16,2,0,0.06526361955421955
8811aa0035fffff,2024,18,1,0,0.06601997392968979
8811aa0037fffff,2022,17,1,0,0.1379497020455363
8811aa0037fffff,2023,15,1,0,0.139107596997543
8811aa0037fffff,2023,20,1,0,0.1409984829362186
8811aa0037fffff,2024,7,1,0,0.136082179495662
8811aa0037fffff,2024,18,1,0,0.14024212856074836
8811aa0039fffff,2024,21,1,0,0.16589425646347597
8811aa003dfffff,2022,16,1,0,0.018268556288903004
8811aa003dfffff,2023,21,2,1,0.01997111342812595
8811aa0055fffff,2022,19,1,0,0.04997575583849485
8811aa0063fffff,2022,10,1,0,0.08356561021847327
8811aa0063fffff,2022,12,1,0,0.08227184228918143
8811aa0063fffff,2022,16,1,0,0.085834673344884
8811aa0063fffff,2022,17,1,0,0.08775044226119068
8811aa0063fffff,2023,11,1,0,0.0818936651014463
8811aa00e1fffff,2022,22,1,1,0.030412807423408694
8811aa00e1fffff,2023,12,1,0,0.024860397675596214
8811aa00e1fffff,2024,12,1,0,0.02636888807881276
8811aa00e5fffff,2022,17,1,0,0.09928234437291665
8811aa00e5fffff,2022,18,1,0,0.14441565599186718
8811aa00e5fffff,2023,0,1,0,0.09106535734390216
8811aa00e5fffff,2023,21,1,0,0.10079505312385713
8811aa00e5fffff,2024,1,1,0,0.09144353453163727
8811aa00e5fffff,2024,11,1,0,0.09855087297507746
8811aa00e5fffff,2024,14,1,0,0.09814781280971126
8811aa00e5fffff,2024,17,1,0,0.09928234437291665
8811aa00e5fffff,2024,18,2,0,0.09966052156065176
8811aa00e5fffff,2024,19,1,0,0.10003869874838689
8811aa00e5fffff,2024,21,2,0,0.09983792846011867
8811aa00e5fffff,2024,22,1,0,0.09938525547407487
8811aa00e5fffff,2024,23,1,0,0.09976343266181
8811aa00e9fffff,2022,17,1,0,0.022954661632027
8811aa00e9fffff,2022,23,1,0,0.02699436262889899
8811aa00e9fffff,2023,17,1,0,0.023814748481767865
8811aa00e9fffff,2024,6,1,0,0.019063801848602374
8811aa00edfffff,2022,7,1,0,0.06786848450170174
8811aa00edfffff,2022,17,1,0,0.07165025637905298
8811aa00edfffff,2022,19,1,0,0.07035648844976114
8811aa00edfffff,2023,9,1,0,0.07016243060574355
8811aa00edfffff,2023,20,1,0,0.07278478794225836
8811aa00edfffff,2024,10,1,0,0.07054060779347868
8811aa00edfffff,2024,13,1,0,0.06873582887682608
8811aa00edfffff,2024,19,1,0,0.07240661075452323
8811aa0113fffff,2022,0,1,0,0.06603833651845115
8811aa0113fffff,2023,10,1,0,0.06955796092855769
8811aa0113fffff,2024,21,1,0,0.07576803229840613
8811aa0113fffff,2024,22,1,0,0.07452320895126405
8811aa0117fffff,2022,15,1,0,0.06457325795598241
8811aa0117fffff,2022,19,1,0,0.06673437026039859
8811aa011bfffff,2022,4,1,1,0.06783208989631064
8811aa011bfffff,2022,12,1,0,0.07097201752985229
8811aa011bfffff,2022,14,1,0,0.07202656251233928
8811aa011bfffff,2022,16,1,0,0.07057047695331586
8811aa011bfffff,2023,7,1,0,0.06716688226369974
8811aa011bfffff,2023,8,1,0,0.0674091864741497
8811aa011bfffff,2023,16,1,0,0.07402231800936435
8811aa011bfffff,2024,7,1,0,0.06719598358905476
8811aa011bfffff,2024,11,1,0,0.07213143207068873
8811aa011bfffff,2024,13,1,0,0.06930007241282533
8811aa011bfffff,2024,14,1,0,0.07172837190532252
8811aa0153fffff,2022,10,1,0,0.04953599504841024
8811aa0153fffff,2022,17,1,0,0.050133113057794026
8811aa0153fffff,2022,18,1,0,0.050511290245529146
8811aa0153fffff,2022,22,1,0,0.05395961116957107
8811aa0153fffff,2023,18,2,0,0.051536351397910185
8811aa0153fffff,2024,8,1,0,0.04672951836817791
8811aa0153fffff,2024,10,1,0,0.047998403319838685
8811aa0153fffff,2024,13,1,0,0.05067052661161561
8811aa015bfffff,2023,15,1,0,0.03336900505202071
8811aa0183fffff,2022,15,1,0,0.03840401128399291
8811aa0183fffff,2024,9,1,0,0.037672539886153725
8811aa018bfffff,2022,3,1,0,0.022562920231817194
8811aa018bfffff,2023,14,1,0,0.024575573827536962
8811aa018bfffff,2023,17,1,0,0.027595253392864234
8811aa018bfffff,2024,8,1,0,0.022306510701126218
8811aa018bfffff,2024,18,1,0,0.027973430580599357
8811aa0191fffff,2024,17,1,0,0.10435845009731222
8811aa0199fffff,2023,19,1,0,0.03594620168183704
8811aa0199fffff,2024,6,1,0,0.03102989824128042
8811aa019dfffff,2023,12,1,0,0.10084271263013761
8811aa019dfffff,2023,15,1,0,0.10197724419334298
8811aa01b9fffff,2022,14,1,0,0.0555265739815593
8811aa01b9fffff,2022,18,1,0,0.05792847090759568
8811aa01bbfffff,2023,23,1,2,0.05484661150350041
8811aa01c1fffff,2024,12,1,0,0.1356163747543422
8811aa01c1fffff,2024,18,1,0,0.13548775930244053
8811aa01c3fffff,2022,11,1,0,0.028622235369518845
8811aa01c3fffff,2023,12,1,0,0.028864539579968807
8811aa01c3fffff,2023,20,1,1,0.033940079386611886
8811aa01c3fffff,2023,21,1,0,0.034318256574347006
8811aa01c3fffff,2024,12,1,0,0.03091466188473089
8811aa01c3fffff,2024,14,1,0,0.03167101626020114
8811aa01c9fffff,2022,0,1,0,0.06503261984363269
8811aa01c9fffff,2022,12,1,0,0.06947357293184966
8811aa01c9fffff,2022,16,1,0,0.07454489439076878
8811aa01c9fffff,2022,19,1,0,0.07212081324599554
8811aa01c9fffff,2022,22,1,0,0.0754026402785675
8811aa01c9fffff,2023,2,1,0,0.06746243892495966
8811aa01c9fffff,2023,12,1,0,0.07187125151016209
8811aa01c9fffff,2023,15,1,0,0.07403084422574849
8811aa01c9fffff,2023,17,1,0,0.07119948456788511
8811aa01c9fffff,2023,18,1,0,0.07157766175562023
8811aa01c9fffff,2023,20,1,0,0.07249899043373065
8811aa01c9fffff,2024,9,2,0,0.06825655421732421
8811aa01c9fffff,2024,11,1,0,0.06893042144147436
8811aa01c9fffff,2024,13,1,0,0.0696867758169446
8811aa01c9fffff,2024,16,2,0,0.07268310088545937
8811aa01c9fffff,2024,17,1,0,0.07133535754517027
8811aa01c9fffff,2024,22,2,0,0.0733525179738054
8811aa01cdfffff,2022,12,1,0,0.04591151803580781
8811aa01cdfffff,2022,16,1,0,0.04591573638353177
8811aa01cdfffff,2022,17,1,0,0.046427129875643465
8811aa01cdfffff,2022,23,1,0,0.04882512416492233
8811aa01cdfffff,2023,14,1,0,0.047044530010183425
8811aa01cdfffff,2023,20,1,0,0.047428445134472266
8811aa01cdfffff,2024,20,1,0,0.047263470831832084
8811aa01d1fffff,2023,8,1,0,0.04655593052450177
8811aa01d1fffff,2023,10,1,0,0.04987493778092462
8811aa01d1fffff,2023,11,1,0,0.04769046208770714
8811aa01d1fffff,2023,12,2,0,0.05011876158020434
8811aa01d1fffff,2023,17,1,0,0.05200964751887996
8811aa01d1fffff,2023,19,1,0,0.050715879589588134
8811aa01d1fffff,2024,5,1,0,0.048167732317605086
8811aa01d1fffff,2024,11,1,0,0.051278176121040776
8811aa01d1fffff,2024,16,1,0,0.04958134802638276
8811aa01d1fffff,2024,21,1,0,0.05352235626982046
8811aa01d3fffff,2022,10,1,0,0.07292278862349894
8811aa01d3fffff,2022,11,1,0,0.0730027752042173
8811aa01d3fffff,2022,15,1,1,0.07481367456217455
8811aa01d3fffff,2023,12,1,0,0.07133083008719035
8811aa01d3fffff,2023,15,1,0,0.07260123462768088
8811aa01d3fffff,2024,8,1,0,0.06981812133624986
8811aa01d3fffff,2024,15,1,0,0.07263033595303589
8811aa01d5fffff,2022,11,1,0,0.0556564045216758
8811aa01d5fffff,2022,19,1,0,0.05884679632619697
8811aa01d5fffff,2023,2,1,0,0.0541884220051611
8811aa01d5fffff,2023,12,1,0,0.056170454686696084
8811aa01d5fffff,2023,16,1,0,0.059597412765113496
8811aa01d5fffff,2023,19,1,0,0.05884679632619697
8811aa01d5fffff,2024,7,1,0,0.0541436957707353
8811aa01d5fffff,2024,14,1,0,0.05884105838964325
8811aa01d5fffff,2024,17,1,0,0.05792546764808654
8811aa01d7fffff,2022,7,1,0,0.10908611999329863
8811aa01d7fffff,2023,6,1,0,0.10908460040446886
8811aa01d7fffff,2023,8,1,0,0.10984095477993912
8811aa01d7fffff,2024,19,1,0,0.11400090384502548
8811aa01d9fffff,2022,8,1,0,0.019858018189313247
8811aa01d9fffff,2022,15,1,0,0.024042850232030677
8811aa01d9fffff,2022,16,1,0,0.02083331338643216
8811aa01d9fffff,2022,17,1,0,0.021509681181184036
8811aa01d9fffff,2022,18,1,0,0.02158966776190241
8811aa01d9fffff,2022,19,2,0,0.024085903743042196
8811aa01d9fffff,2022,21,1,0,0.02631191335844142
8811aa01d9fffff,2023,8,1,0,0.019858018189313247
8811aa01d9fffff,2023,10,1,0,0.0206143725647835
8811aa01d9fffff,2023,12,1,0,0.021370726940253743
8811aa01d9fffff,2023,13,1,0,0.019698781823226787
8811aa01d9fffff,2023,14,1,1,0.022127081315723992
8811aa01d9fffff,2023,16,2,0,0.021858374538813202
8811aa01d9fffff,2023,17,1,0,0.023774143455119887
8811aa01d9fffff,2023,18,1,0,0.023639790066664487
8811aa01d9fffff,2023,19,1,1,0.02415384023168478
8811aa01d9fffff,2024,2,1,0,0.016449383778860804
8811aa01d9fffff,2024,14,1,0,0.022127081315723992
8811aa01d9fffff,2024,15,2,0,0.02250525850345912
8811aa01d9fffff,2024,16,1,0,0.0244210274197658
8811aa01d9fffff,2024,17,1,0,0.023261612878929364
8811aa01d9fffff,2024,18,2,0,0.02440858593095027
8811aa01d9fffff,2024,20,1,0,0.02401948684322938
8811aa01d9fffff,2024,23,1,0,0.023907675470462905
8811aa01ddfffff,2022,5,1,0,0.03376546762230021
8811aa01ddfffff,2022,11,2,0,0.03441298818175809
8811aa01ddfffff,2022,12,1,0,0.03652721806810674
8811aa01ddfffff,2022,20,1,0,0.041090227298559295
8811aa01ddfffff,2022,21,1,0,0.03993081275772286
8811aa01ddfffff,2022,22,1,0,0.038685989410580775
8811aa01ddfffff,2023,6,1,0,0.03220803263693391
8811aa01ddfffff,2023,11,1,0,0.036149040880371616
8811aa01ddfffff,2023,13,1,0,0.03690539525584186
8811aa01ddfffff,2023,14,1,0,0.035398424441455086
8811aa01ddfffff,2023,15,1,0,0.03577660162919021
8811aa01ddfffff,2023,22,1,0,0.03865688808522576
8811aa01ddfffff,2024,6,1,0,0.032373006939574095
8811aa01ddfffff,2024,8,1,0,0.03668797402302297
8811aa01ddfffff,2024,10,1,0,0.034881675517540615
8811aa01ddfffff,2024,14,1,0,0.038821164172148544
8811aa01ddfffff,2024,17,2,1,0.03841810400678236
8811aa01ddfffff,2024,18,2,0,0.03879628119451748
8811aa01ddfffff,2024,20,1,0,0.041090227298559295
8811aa01ddfffff,2024,21,1,0,0.04057921631119854
8811aa01e9fffff,2022,12,1,0,0.021645914668890508
8811aa01edfffff,2023,17,1,0,0.0739828829668925
8811aa01edfffff,2024,6,1,0,0.07084799505418718
8811aa08a5fffff,2022,17,1,0,0.04111367702917618
8811aa08a5fffff,2023,23,1,0,0.04364488762283161
8811aa08a5fffff,2024,21,1,1,0.04262638578011667
8811aa08b3fffff,2023,7,1,0,0.06491447544146593
8811aa08b3fffff,2024,8,1,0,0.06324253032443898
8811aa08b7fffff,2022,4,1,0,0.04634079562954722
8811aa08b7fffff,2022,7,1,0,0.04583790562666792
8811aa08b7fffff,2022,10,1,0,0.046674246582856536
8811aa08b7fffff,2022,22,1,0,0.0516394946055629
8811aa08b7fffff,2023,20,1,0,0.05250614076496986
8811aa08b7fffff,2023,22,1,0,0.05177271090993947
8811aa08b7fffff,2024,20,1,0,0.05250614076496986
8811aa0929fffff,2024,17,1,0,0.08601554097959507
8811aa092dfffff,2024,16,1,0,0.15972382697659748
8811aa0931fffff,2022,12,1,0,0.0886744469844407
8811aa0931fffff,2022,17,1,0,0.09056533292311632
8811aa0931fffff,2022,19,1,0,0.09132168729858657
8811aa0931fffff,2023,8,1,0,0.08716173823350021
8811aa0931fffff,2023,19,1,0,0.08927156499382449
8811aa0931fffff,2024,9,1,0,0.08548979311647326
8811aa0931fffff,2024,16,1,0,0.08813703343061911
8811aa0933fffff,2022,18,1,0,0.11369948059895618
8811aa0937fffff,2023,11,1,0,0.07845324463549797
8811aa0937fffff,2023,16,1,0,0.08064232118119033
8811aa0937fffff,2024,12,1,0,0.07883142182323308
8811aa0937fffff,2024,17,1,0,0.08277243006667079
8811aa093dfffff,2022,14,1,0,0.1529453714358247
8811aa093dfffff,2023,15,1,0,0.15318767564627467
8811aa093dfffff,2024,12,1,0,0.15205314408306927
8811aa0981fffff,2022,19,1,0,0.10018783140686441
8811aa0981fffff,2023,20,1,0,0.10056600859459953
8811aa0981fffff,2024,19,1,0,0.10018783140686441
8811aa0983fffff,2022,11,1,0,0.03207065051453341
8811aa0983fffff,2022,12,1,0,0.030911235973696966
8811aa0983fffff,2022,14,2,0,0.03141132506107196
8811aa0983fffff,2022,16,1,0,0.032423944724637464
8811aa0983fffff,2022,18,1,0,0.03113017679534563
8811aa0983fffff,2022,20,1,0,0.033936653475577956
8811aa0983fffff,2022,21,1,0,0.034827361239503606
8811aa0983fffff,2023,14,1,0,0.029782442347045312
8811aa0983fffff,2023,15,1,0,0.032045767536902345
8811aa0983fffff,2023,18,1,0,0.03318029910010771
8811aa0983fffff,2023,21,2,0,0.033289769510932044
8811aa0983fffff,2024,0,1,0,0.024585134883358093
8811aa0983fffff,2024,2,1,0,0.025341489258828342
8811aa0983fffff,2024,11,1,0,0.03207065051453341
8811aa0983fffff,2024,12,2,0,0.029886174821315926
8811aa0983fffff,2024,13,1,0,0.029239290856670007
8811aa0983fffff,2024,14,1,1,0.03166759034916721
8811aa0983fffff,2024,15,1,0,0.0335833592654739
8811aa0983fffff,2024,16,1,0,0.030509695397160544
8811aa0983fffff,2024,18,2,0,0.033949094964393495
8811aa0983fffff,2024,19,2,0,0.03458353744022388
8811aa0987fffff,2022,10,1,0,0.005535707481847906
8811aa0987fffff,2022,13,1,0,0.00696842965207003
8811aa0987fffff,2022,16,1,0,0.009854892913020729
8811aa0987fffff,2022,21,1,0,0.009695656546934269
8811aa0987fffff,2023,5,1,0,0.003906969010416983
8811aa0987fffff,2023,8,1,0,0.006829475411139739
8811aa0987fffff,2023,16,1,0,0.008965704737924851
8811aa0987fffff,2023,17,1,0,0.008182947795993772
8811aa0987fffff,2024,7,1,0,0.006074640624499256
8811aa0987fffff,2024,11,1,0,0.006562288223058712
8811aa0987fffff,2024,13,1,0,0.006670239045053278
8811aa0987fffff,2024,17,1,0,0.008182947795993772
8811aa0987fffff,2024,20,1,0,0.011367601663961226
8811aa0987fffff,2024,22,1,0,0.01238610350667617
8811aa0991fffff,2022,0,1,0,0.0202689213503763
8811aa0991fffff,2022,9,1,0,0.023410368572747715
8811aa0991fffff,2022,12,1,0,0.028132614169286727
8811aa0991fffff,2022,14,1,0,0.025301254511423336
8811aa0991fffff,2022,15,1,0,0.028027744610937294
8811aa0991fffff,2022,17,1,0,0.02848590837939079
8811aa0991fffff,2022,18,2,0,0.026896450413683923
8811aa0991fffff,2022,19,1,0,0.027192140450098955
8811aa0991fffff,2022,20,1,0,0.030431161125803432
8811aa0991fffff,2022,21,2,0,0.029636510194103436
8811aa0991fffff,2022,22,1,0,0.028588819480549026
8811aa0991fffff,2023,7,1,0,0.022654014197277472
8811aa0991fffff,2023,9,2,0,0.023575342875387897
8811aa0991fffff,2023,10,1,0,0.025838668065244923
8811aa0991fffff,2023,11,1,0,0.026216845252980046
8811aa0991fffff,2023,12,1,0,0.02659502244071517
8811aa0991fffff,2023,14,2,0,0.026582580951899637
8811aa0991fffff,2023,19,1,0,0.02924226275486104
8811aa0991fffff,2023,20,2,0,0.02757031763783408
8811aa0991fffff,2023,22,1,0,0.028753793783189208
8811aa0991fffff,2024,0,1,0,0.0202689213503763
8811aa0991fffff,2024,4,1,0,0.021946604403956974
8811aa0991fffff,2024,14,1,0,0.027351376816185418
8811aa0991fffff,2024,16,1,0,0.028107731191655664
8811aa0991fffff,2024,17,2,0,0.02754333437832984
8811aa0991fffff,2024,19,1,0,0.027357114752739137
8811aa0991fffff,2024,22,1,0,0.030638941785311104
8811aa0993fffff,2022,18,1,0,0.0665505875442162
8811aa0993fffff,2023,1,1,0,0.058333600515201714
8811aa0993fffff,2023,7,1,0,0.06341569963151088
8811aa0993fffff,2023,12,1,0,0.061718871536852855
8811aa0993fffff,2023,18,1,0,0.06603805696802567
8811aa0995fffff,2022,8,1,0,0.0027632700346362955
8811aa0995fffff,2022,11,1,0,0.005947923902603748
8811aa0995fffff,2022,12,1,0,0.004275978785576791
8811aa0995fffff,2022,14,2,0,0.0078512513300949
8811aa0995fffff,2022,16,1,0,0.005788687536517286
8811aa0995fffff,2022,18,3,0,0.009107694792940135
8811aa0995fffff,2022,19,1,0,0.00948587198067526
8811aa0995fffff,2023,4,1,0,0.0026736428806066978
8811aa0995fffff,2023,8,1,0,0.0029282443372764754
8811aa0995fffff,2023,12,1,0,0.004574169392593543
8811aa0995fffff,2023,13,2,0,0.005679217125692955
8811aa0995fffff,2023,15,1,0,0.005575484651422342
8811aa0995fffff,2023,16,2,0,0.008675542194207728
8811aa0995fffff,2023,17,1,0,0.008216987029014492
8811aa0995fffff,2023,18,1,0,0.008595164216749615
8811aa0995fffff,2023,19,1,0,0.00897334140448474
8811aa0995fffff,2023,20,1,0,0.010889110320791423
8811aa0995fffff,2023,21,2,0,0.009985961068050246
8811aa0995fffff,2024,0,1,0,0.0
8811aa0995fffff,2024,9,2,0,0.0051915695271335
8811aa0995fffff,2024,10,1,0,0.0072432114207253455
8811aa0995fffff,2024,11,1,0,0.0038978015978416666
8811aa0995fffff,2024,13,2,0,0.006704278278073995
8811aa0995fffff,2024,14,1,0,0.0050323331610470385
8811aa0995fffff,2024,15,3,0,0.006148875884582916
8811aa0995fffff,2024,16,3,0,0.007884100833707754
8811aa0995fffff,2024,17,1,0,0.008216987029014492
8811aa0995fffff,2024,18,1,0,0.006545041911987535
8811aa0995fffff,2024,20,1,0,0.009487391569505024
8811aa0995fffff,2024,21,1,0,0.007844547777833085
8811aa0995fffff,2024,23,1,0,0.008833948295193012
8811aa0997fffff,2022,8,2,0,0.040070687724989555
8811aa0997fffff,2022,10,1,0,0.04112523270747656
8811aa0997fffff,2022,12,1,0,0.04141842217328987
8811aa0997fffff,2022,14,1,0,0.04217477654876012
8811aa0997fffff,2022,15,1,0,0.04301611864615218
8811aa0997fffff,2023,10,1,0,0.04066206779781962
8811aa0997fffff,2023,11,1,0,0.041205219288194934
8811aa0997fffff,2023,15,1,0,0.044901266648274075
8811aa0997fffff,2023,17,1,0,0.04535943041672757
8811aa0997fffff,2023,20,1,0,0.04444383967517086
8811aa0997fffff,2023,22,1,0,0.04751246382264789
8811aa0997fffff,2023,23,1,0,0.046005493008261115
8811aa0997fffff,2024,9,1,0,0.0402838906100845
8811aa0997fffff,2024,11,1,0,0.04309036729031683
8811aa0997fffff,2024,12,1,0,0.041583396475930054
8811aa0997fffff,2024,15,1,0,0.045115606617447845
8811aa0997fffff,2024,17,2,0,0.04535943041672757
8811aa0997fffff,2024,19,1,0,0.044230636790075925
8811aa0997fffff,2024,22,1,0,0.04751246382264789
8811aa0999fffff,2022,7,1,0,0.05862105264907786
8811aa0999fffff,2022,13,1,0,0.109580520513588
8811aa0999fffff,2022,16,1,0,0.06407476964345606
8811aa0999fffff,2022,18,1,1,0.0648311240189263
8811aa0999fffff,2022,22,2,0,0.06566340623605055
8811aa0999fffff,2023,3,1,0,0.05753546566802224
8811aa0999fffff,2023,7,1,0,0.0622087666824115
8811aa0999fffff,2023,8,1,0,0.05913510281409815
8811aa0999fffff,2023,10,1,0,0.05975558421228323
8811aa0999fffff,2023,14,2,0,0.06229335411560477
8811aa0999fffff,2023,16,1,0,0.06407476964345606
8811aa0999fffff,2023,17,3,0,0.06433709474000772
8811aa0999fffff,2023,18,1,0,0.06534365459511682
8811aa0999fffff,2023,19,1,0,0.06520930120666144
8811aa0999fffff,2023,20,3,0,0.06490410429280918
8811aa0999fffff,2024,8,1,0,0.05899922983681299
8811aa0999fffff,2024,14,1,0,0.06331841526798582
8811aa0999fffff,2024,16,1,0,0.06202464733869398
8811aa0999fffff,2024,19,2,0,0.06520930120666144
8811aa0999fffff,2024,20,1,1,0.06558747839439655
8811aa0999fffff,2024,22,1,0,0.06711851081330202
8811aa099bfffff,2024,7,1,0,0.06035636127185322
8811aa099dfffff,2022,8,1,0,0.004813392339398376
8811aa099dfffff,2022,13,2,0,0.004736643124632004
8811aa099dfffff,2022,15,1,0,0.007460632653544245
8811aa099dfffff,2022,18,2,0,0.007894304841106415
8811aa099dfffff,2022,19,2,0,0.00897334140448474
8811aa099dfffff,2022,22,1,0,0.008319898130172726
8811aa099dfffff,2023,7,2,0,0.004435215151663252
8811aa099dfffff,2023,8,2,0,0.004044596475112596
8811aa099dfffff,2023,10,1,0,0.003519624410106543
8811aa099dfffff,2023,12,1,0,0.006326101090338872
8811aa099dfffff,2023,17,2,0,0.008473252317109752
8811aa099dfffff,2023,18,1,0,0.009107694792940135
8811aa099dfffff,2023,21,1,0,0.009729695779954986
8811aa099dfffff,2024,2,1,0,0.0014047579289459297
8811aa099dfffff,2024,11,1,0,0.005947923902603748
8811aa099dfffff,2024,12,2,0,0.0055326223927862975
8811aa099dfffff,2024,17,2,0,0.007191925876633452
8811aa099dfffff,2024,18,1,0,0.008595164216749615
8811aa099dfffff,2024,20,1,0,0.009351518592219863
8811aa099dfffff,2024,21,1,0,0.009865568757240147
8811aa09a3fffff,2022,12,1,0,0.025840142434769505
8811aa09a3fffff,2022,15,1,0,0.02700377532332989
8811aa09abfffff,2022,9,1,0,0.0709346158370644
8811aa09abfffff,2024,14,1,0,0.07449896648159673
8811aa09b1fffff,2022,5,1,0,0.12728622821131752
8811aa09b1fffff,2023,12,1,0,0.1295090034284871
8811aa09b1fffff,2024,6,1,0,0.1276165979009817
8811aa09b3fffff,2022,6,2,0,0.03907915823568907
8811aa09b3fffff,2022,8,1,0,0.04231567834079182
8811aa09b3fffff,2022,16,1,0,0.04534109584267282
8811aa09b3fffff,2022,17,1,0,0.0421315589970743
8811aa09b3fffff,2022,22,1,0,0.047872306436328255
8811aa09b3fffff,2023,8,1,0,0.03889293861009836
8811aa09b3fffff,2023,10,1,0,0.039484318682928427
8811aa09b3fffff,2023,11,1,0,0.04191261817542564
8811aa09b3fffff,2023,13,1,0,0.042668972550895884
8811aa09b3fffff,2023,17,2,0,0.043412885437550605
8811aa09b3fffff,2023,18,1,0,0.0445598584895715
8811aa09b3fffff,2023,19,1,0,0.04493803567730663
8811aa09b3fffff,2023,21,1,0,0.044669328900395835
8811aa09b3fffff,2024,1,2,0,0.037179603813485375
8811aa09b3fffff,2024,2,1,0,0.03718421355794907
8811aa09b3fffff,2024,7,2,0,0.039457335423424195
8811aa09b3fffff,2024,8,1,0,0.040778086612220266
8811aa09b3fffff,2024,11,2,0,0.0421688834635209
8811aa09b3fffff,2024,12,1,0,0.04229079536316076
8811aa09b3fffff,2024,14,1,0,0.04304714973863101
8811aa09b3fffff,2024,15,2,0,0.04240026577398509
8811aa09b3fffff,2024,16,1,0,0.043803504114101256
8811aa09b3fffff,2024,17,3,0,0.0421315589970743
8811aa09b3fffff,2024,18,2,0,0.042509736184809424
8811aa09b3fffff,2024,19,1,0,0.04493803567730663
8811aa09b3fffff,2024,20,2,0,0.045316212865041755
8811aa09b3fffff,2024,21,1,0,0.043644267748014796
8811aa09b3fffff,2024,23,1,0,0.04482774389336992
8811aa09b5fffff,2022,19,2,0,0.03260010956406413
8811aa09b5fffff,2022,21,1,0,0.032858484026021366
8811aa09b5fffff,2023,12,1,0,0.02945488933640525
8811aa09b5fffff,2023,19,1,0,0.03210212965055112
8811aa09b5fffff,2024,3,1,0,0.026313442114033827
8811aa09b7fffff,2022,8,1,0,0.10990428588646764
8811aa09b7fffff,2022,19,1,0,0.11239077024569728
8811aa09b7fffff,2023,2,1,0,0.10622390552144487
8811aa09b7fffff,2023,7,1,0,0.10801761829551597
8811aa09b7fffff,2023,23,1,1,0.11532656059354866
8811aa09b7fffff,2024,8,1,0,0.10839579548325111
8811aa09b7fffff,2024,10,1,0,0.11066064026193788
8811aa09b9fffff,2022,7,1,0,0.07033255847647417
8811aa09b9fffff,2022,18,1,0,0.07432753323892036
8811aa09b9fffff,2023,0,1,0,0.0698326136316949
8811aa09b9fffff,2023,10,1,0,0.07146709003967955
8811aa09b9fffff,2023,17,1,0,0.07599947835594732
8811aa09b9fffff,2023,23,1,0,0.07648056664484067
8811aa09b9fffff,2024,0,1,0,0.0698326136316949
8811aa09b9fffff,2024,5,1,0,0.07083431139527464
8811aa09b9fffff,2024,6,1,1,0.07008759759311563
8811aa09b9fffff,2024,7,1,0,0.070167584173834
8811aa09b9fffff,2024,11,1,0,0.07373041522953658
8811aa09b9fffff,2024,12,1,0,0.07410859241727169
8811aa09b9fffff,2024,13,1,0,0.07243664730024474
8811aa09b9fffff,2024,14,1,0,0.07486494679274194
8811aa09b9fffff,2024,17,2,0,0.07676827422023311
8811aa09b9fffff,2024,19,2,0,0.07675583273141756
8811aa09b9fffff,2024,23,1,0,0.07853068894960276
8811aa09bbfffff,2022,8,1,0,0.024600091763363998
8811aa09bbfffff,2022,10,1,0,0.02535644613883424
8811aa09bbfffff,2022,13,1,0,0.026789168309056366
8811aa09bbfffff,2022,14,1,0,0.02498400688765284
8811aa09bbfffff,2022,16,2,0,0.026600448112863946
8811aa09bbfffff,2022,17,1,0,0.02595356414821803
8811aa09bbfffff,2022,18,1,0,0.028381863640715235
8811aa09bbfffff,2022,19,2,0,0.027478714387974057
8811aa09bbfffff,2022,23,2,0,0.02848477474187347
8811aa09bbfffff,2023,3,1,0,0.021569634540646677
8811aa09bbfffff,2023,7,1,0,0.023709383999438352
8811aa09bbfffff,2023,9,1,0,0.02292814664633704
8811aa09bbfffff,2023,10,1,0,0.023471298136712344
8811aa09bbfffff,2023,11,1,0,0.023684501021807285
8811aa09bbfffff,2023,13,2,0,0.024605829699917713
8811aa09bbfffff,2023,16,1,0,0.027625509265244985
8811aa09bbfffff,2023,17,1,0,0.02595356414821803
8811aa09bbfffff,2023,18,3,0,0.027015115437540514
8811aa09bbfffff,2023,19,2,0,0.0285037755403551
8811aa09bbfffff,2023,21,1,0,0.029516395203920607
8811aa09bbfffff,2024,8,1,0,0.024600091763363998
8811aa09bbfffff,2024,12,2,0,0.024062678209542412
8811aa09bbfffff,2024,13,1,0,0.02444085539727753
8811aa09bbfffff,2024,17,1,0,0.02800368645298011
8811aa09bbfffff,2024,18,1,0,0.026496715638593335
8811aa09bbfffff,2024,21,2,0,0.028491334051539564
8811aa09bbfffff,2024,22,1,0,0.02978006225999507
8811aa0d0bfffff,2024,22,1,0,0.0932048338580933
8811aa0d0dfffff,2022,3,1,0,0.05999880662664097
8811aa0d0dfffff,2022,6,1,0,0.058899535409728164
8811aa0d0dfffff,2022,17,1,0,0.06352264938447146
8811aa0d0dfffff,2023,5,1,0,0.06045697039509446
8811aa0d0dfffff,2024,1,1,0,0.05894426164415397
8811aa0d25fffff,2022,17,1,0,0.045010860189309554
8811aa0d25fffff,2022,18,1,0,0.04676165480297605
8811aa0d25fffff,2023,7,1,0,0.041712517562793816
8811aa0d25fffff,2023,13,2,0,0.04341566428704896
8811aa0d25fffff,2023,14,1,0,0.045199580385501974
8811aa0d25fffff,2023,16,1,0,0.04446770869893425
8811aa0d25fffff,2023,18,2,0,0.04538903737704467
8811aa0d25fffff,2024,6,1,0,0.04098412742859976
8811aa0d25fffff,2024,12,1,0,0.04309087292527892
8811aa0d25fffff,2024,14,1,0,0.04387632862610418
8811aa0d29fffff,2022,0,1,0,0.06849812973960988
8811aa0d29fffff,2022,1,1,0,0.068876306927345
8811aa0d29fffff,2022,3,1,0,0.06963266130281524
8811aa0d29fffff,2022,11,1,0,0.07223095703481137
8811aa0d29fffff,2022,15,1,0,0.07374366578575185
8811aa0d29fffff,2023,0,1,0,0.06849812973960988
8811aa0d29fffff,2023,4,1,0,0.07151932889376691
8811aa0d29fffff,2024,14,1,0,0.07350136157530189
8811aa0d2dfffff,2022,4,1,0,0.027784056796488286
8811aa0d2dfffff,2022,12,1,0,0.03024913622410783
8811aa0d2dfffff,2022,13,1,0,0.030925504018859705
8811aa0d2dfffff,2022,15,2,0,0.03130118063599312
8811aa0d2dfffff,2022,22,1,0,0.034128081266063585
8811aa0d2dfffff,2023,9,1,0,0.03099975266302436
8811aa0d2dfffff,2024,8,1,0,0.029034618080184087
8811aa0d2dfffff,2024,10,1,0,0.030786932282680358
8811aa0d2dfffff,2024,11,1,0,0.029870959036372702
8811aa0d2dfffff,2024,12,1,0,0.030084161921467647
8811aa0d41fffff,2022,7,1,0,0.061884410396351244
8811aa0d41fffff,2022,9,1,0,0.0626407647718215
8811aa0d41fffff,2022,13,1,0,0.06415347352276199
8811aa0d41fffff,2023,0,1,0,0.059797508156466825
8811aa0d41fffff,2023,1,1,0,0.06117164517122797
8811aa0d41fffff,2023,5,1,0,0.0613902034881257
8811aa0d41fffff,2023,10,1,0,0.06331713256657337
8811aa0d41fffff,2023,18,1,0,0.0678510404716709
8811aa0d41fffff,2024,6,1,0,0.061506233208616125
8811aa0d41fffff,2024,8,1,0,0.06226258758408637
8811aa0d41fffff,2024,10,1,0,0.06331713256657337
8811aa0d41fffff,2024,13,1,0,0.06603862152488389
8811aa0d41fffff,2024,19,1,0,0.06677009292272307
8811aa0d43fffff,2022,14,1,0,0.08412993552595731
8811aa0d43fffff,2023,14,1,0,0.08499002237569817
8811aa0d43fffff,2023,16,1,0,0.08501950620580412
8811aa0d45fffff,2022,13,1,0,0.03566487952026696
8811aa0d45fffff,2023,15,1,1,0.03723195507894448
8811aa0d47fffff,2022,10,1,0,0.026594267323343707
8811aa0d47fffff,2022,18,1,0,0.03166980712998678
8811aa0d47fffff,2023,13,1,0,0.026220308483332535
8811aa0d47fffff,2024,10,1,0,0.025085776920127163
8811aa0d47fffff,2024,17,1,0,0.02773301723427303
8811aa0d47fffff,2024,19,1,0,0.029783522043786054
8811aa0d4bfffff,2022,0,1,1,0.09551965163048351
8811aa0d4bfffff,2022,1,1,0,0.09778297682034055
8811aa0d4bfffff,2022,2,1,0,0.09748630580215356
8811aa0d4bfffff,2022,11,1,0,0.09911926262130843
8811aa0d4bfffff,2022,17,2,0,0.10258716503687539
8811aa0d4bfffff,2022,22,1,0,0.1033763848509993
8811aa0d4dfffff,2022,7,1,0,0.09567243517783561
8811aa0d4dfffff,2022,15,1,0,0.09839966207269984
8811aa0d4dfffff,2022,23,1,0,0.10152225273918535
8811aa0d4dfffff,2024,10,1,0,0.09839392413614613
8811aa0d51fffff,2024,22,1,1,0.23742885054321874
8811aa0d57fffff,2023,1,1,1,0.10764362250451927
8811aa0d5dfffff,2024,8,1,0,0.03786521021563238
8811aa0d5dfffff,2024,11,1,0,0.038999741778837756
8811aa0d61fffff,2022,13,2,0,0.02626227876673548
8811aa0d61fffff,2022,18,2,0,0.025846777112553763
8811aa0d61fffff,2022,21,1,0,0.029031430980521217
8811aa0d61fffff,2023,22,1,0,0.028084798240395885
8811aa0d61fffff,2024,10,1,0,0.02282135961067277
8811aa0d61fffff,2024,21,1,0,0.029031430980521217
8811aa0d61fffff,2024,22,1,0,0.031209347364072597
8811aa0d63fffff,2022,12,1,0,0.04961201818053157
8811aa0d63fffff,2022,17,1,0,0.05150290411920719
8811aa0d63fffff,2022,19,1,0,0.052557449101694194
8811aa0d63fffff,2023,6,1,0,0.04734295505412083
8811aa0d63fffff,2023,16,1,0,0.05112472693147207
8811aa0d63fffff,2024,9,1,0,0.048312512314686015
8811aa0d65fffff,2022,7,1,0,0.03913102875167247
8811aa0d65fffff,2022,10,1,0,0.040265560314877845
8811aa0d65fffff,2023,3,1,0,0.03596621814049975
8811aa0d65fffff,2023,6,1,0,0.038752851563937346
8811aa0d65fffff,2023,18,1,0,0.04329097781675883
8811aa0d65fffff,2023,19,1,0,0.043669155004493955
8811aa0d65fffff,2024,0,1,0,0.03636927830586594
8811aa0d65fffff,2024,4,1,0,0.03637349665358989
8811aa0d65fffff,2024,16,1,0,0.04318302699476426
8811aa0d65fffff,2024,17,1,0,0.04151108187773731
8811aa0d65fffff,2024,19,1,0,0.04418168558068448
8811aa0d69fffff,2024,12,1,0,0.06367205957390089
8811aa0d6bfffff,2022,9,1,0,0.020978919528093627
8811aa0d6bfffff,2022,14,1,0,0.022869805466769248
8811aa0d6bfffff,2022,15,1,0,0.023381198958880946
8811aa0d6bfffff,2022,22,1,0,0.028042518438016837
8811aa0d6bfffff,2023,18,1,0,0.025164134075562002
8811aa0d6bfffff,2023,19,2,0,0.025756651232470895
8811aa0d6bfffff,2024,20,1,0,0.025437059200196743
8811aa0d6bfffff,2024,21,2,1,0.02609618450929392
8811aa0f23fffff,2022,9,1,1,0.031121568605714363
8811aa0f23fffff,2023,14,1,0,0.030962332239627903
8811aa0f23fffff,2024,10,1,0,0.029316407184310837
8811aa0f23fffff,2024,16,1,0,0.03347061831284349
8811aa0f27fffff,2022,7,1,0,0.09912516841294956
8811aa0f27fffff,2023,15,1,0,0.10215058591483056
8811aa0f27fffff,2024,14,1,0,0.10193738302973562
8811aa0f2bfffff,2023,15,1,0,0.0953999221272807
8811aa0f31fffff,2022,15,1,0,0.11271798867732431
8811aa0f31fffff,2022,17,1,1,0.11301117814313763
8811aa0f31fffff,2023,5,1,0,0.10890017366020101
8811aa0f31fffff,2023,11,1,0,0.11120527992638381
8811aa0f31fffff,2024,5,1,0,0.11078532166232291
8811aa0f31fffff,2024,16,1,0,0.11279797525804268
8811aa0f35fffff,2022,9,1,0,0.07598214968526033
8811aa0f35fffff,2022,10,1,0,0.030261676341203678
8811aa0f35fffff,2022,15,1,0,0.03198758797723912
8811aa0f35fffff,2022,23,1,1,0.03527515294636481
8811aa0f35fffff,2023,0,1,0,0.026577077628456954
8811aa0f35fffff,2023,5,2,0,0.028752931847926114
8811aa0f35fffff,2023,6,1,0,0.028583993287623004
8811aa0f35fffff,2023,7,2,0,0.029193752930186594
8811aa0f35fffff,2023,12,1,0,0.030853056414033745
8811aa0f35fffff,2023,14,1,0,0.031609410789503994
8811aa0f35fffff,2023,18,1,0,0.03312211954044449
8811aa0f35fffff,2024,17,1,0,0.0332071072623663
8811aa0f39fffff,2022,1,1,0,0.11798504245325614
8811aa0f39fffff,2022,8,1,0,0.12050600827744248
8811aa0f39fffff,2022,14,1,0,0.12315172900275857
8811aa0f39fffff,2022,20,1,0,0.12383383473406417
8811aa0f39fffff,2023,6,1,0,0.11824116349875569
8811aa0f39fffff,2023,10,1,0,0.12112648967562756
8811aa0f39fffff,2023,16,1,0,0.12202293537610692
8811aa0f39fffff,2023,20,1,0,0.12542079212916932
8811aa0f39fffff,2024,4,1,0,0.11874291641755616
8811aa0f39fffff,2024,5,1,0,0.11993181478849856
8811aa0f39fffff,2024,6,1,0,0.11824116349875569
8811aa0f39fffff,2024,8,1,0,0.12037013530015732
8811aa0f39fffff,2024,16,1,0,0.12202293537610692
8811aa0f39fffff,2024,18,1,0,0.12277928975157718
8811aa0f39fffff,2024,21,1,0,0.1242120119217993
8811aa0f3dfffff,2022,9,2,0,0.047133501851006024
8811aa0f3dfffff,2022,17,1,0,0.05000982404937864
8811aa0f3dfffff,2022,18,1,0,0.05038800123711376
8811aa0f3dfffff,2023,12,1,0,0.04811893811070302
8811aa0f3dfffff,2023,13,1,0,0.050034707027009705
8811aa0f3dfffff,2023,15,1,0,0.049253469673908395
8811aa0f3dfffff,2023,19,1,0,0.05076617842484889
8811aa0f3dfffff,2024,12,1,0,0.047742280511797665
8811aa4001fffff,2022,13,1,0,0.1558172251476393
8811aa4001fffff,2022,18,1,0,0.1577081110863149
8811aa4001fffff,2023,23,1,0,0.1598611444922352
8811aa4003fffff,2022,15,1,0,0.0592633805874621
8811aa4003fffff,2023,10,1,0,0.05993514752973908
8811aa4003fffff,2024,19,1,0,0.06282621164316467
8811aa4003fffff,2024,20,1,0,0.0632043888308998
8811aa4005fffff,2022,9,1,0,0.04765013794275157
8811aa4005fffff,2023,20,1,0,0.04975996470307586
8811aa4005fffff,2024,16,1,0,0.050297378256897445
8811aa4007fffff,2023,5,1,0,0.14404553718415858
8811aa4007fffff,2023,15,1,0,0.14742928861698
8811aa4007fffff,2024,14,1,0,0.14721608573188502
8811aa4007fffff,2024,16,1,0,0.14794333878200025
8811aa400dfffff,2024,15,1,0,0.10687707260978747
8811aa4013fffff,2023,10,1,0,0.2876110490342648
8811aa4019fffff,2022,19,1,0,0.06133258575926946
8811aa4019fffff,2024,20,1,0,0.061198232370814065
8811aa4021fffff,2022,14,1,1,0.2156813748783992
8811aa4021fffff,2023,19,1,0,0.2165471996646938
8811aa4023fffff,2022,5,1,0,0.16069347125947864
8811aa4023fffff,2022,14,1,0,0.16362057851267628
8811aa4023fffff,2022,15,1,0,0.16356469211610952
8811aa4023fffff,2022,21,1,0,0.16497366839277938
8811aa4023fffff,2023,2,1,0,0.15985713030329005
8811aa4023fffff,2024,23,1,0,0.16612538653987094
8811aa402bfffff,2024,8,1,0,0.07522625999821754
8811aa402dfffff,2022,6,1,0,0.08094547480445094
8811aa402dfffff,2023,11,1,0,0.08232383016693605
8811aa402dfffff,2024,15,1,1,0.08434906949406706
8811aa402dfffff,2024,16,1,0,0.08391652549859492
8811aa402dfffff,2024,21,1,0,0.08631994201346106
8811aa402dfffff,2024,23,1,0,0.0861281440599762
8811aa4033fffff,2023,7,1,0,0.07490698791997885
8811aa4033fffff,2024,1,1,0,0.07101492425869091
8811aa4033fffff,2024,11,1,0,0.07453454866879745
8811aa4035fffff,2023,1,1,2,0.08596502954609647
8811aa4035fffff,2024,0,1,1,0.08378017134812805
8811aa4035fffff,2024,3,1,0,0.08491470291133342
8811aa4039fffff,2022,7,1,0,0.022106876846427693
8811aa4039fffff,2022,23,1,0,0.02790732874124385
8811aa4039fffff,2023,11,1,0,0.021569463292606107
8811aa4039fffff,2023,19,1,0,0.026645003099249182
8811aa4039fffff,2024,21,1,1,0.025215362192672185
8811aa403dfffff,2023,14,1,0,0.08994214148171449
8811aa403dfffff,2024,8,1,0,0.08734578642293196
8811aa4041fffff,2022,23,1,0,0.05284617223646891
8811aa4041fffff,2024,16,1,0,0.04788666215031627
8811aa4045fffff,2024,15,1,0,0.06208448361402688
8811aa4047fffff,2022,18,1,0,0.1582823383544413
8811aa404bfffff,2023,7,1,0,0.026890175221169713
8811aa404bfffff,2024,11,1,0,0.026352761667348127
8811aa4055fffff,2023,14,1,0,0.06024105951875968
8811aa4055fffff,2024,17,1,0,0.061540565384605235
8811aa4057fffff,2023,14,1,0,0.05835487821946212
8811aa4065fffff,2022,18,1,0,0.040061654246134074
8811aa4065fffff,2024,20,1,0,0.04283902960101139
8811aa4065fffff,2024,22,1,1,0.04183651046431927
8811aa4067fffff,2022,15,1,0,0.14246479716015323
8811aa4069fffff,2023,8,1,0,0.04963261775447534
8811aa4069fffff,2023,15,2,0,0.05083797581759295
8811aa4069fffff,2024,21,1,0,0.05287545648917523
8811aa406bfffff,2022,8,1,0,0.008856804400699601
8811aa406bfffff,2023,20,1,0,0.015445052958283167
8811aa4085fffff,2022,22,1,0,0.0801656741529466
8811aa4085fffff,2023,14,1,0,0.07671313488118074
8811aa4085fffff,2024,16,1,0,0.07973395153058684
8811aa4087fffff,2022,11,1,0,0.11016785295579323
8811aa4087fffff,2024,9,1,0,0.11070564901436576
8811aa4089fffff,2022,8,1,0,0.04835748918078852
8811aa4089fffff,2024,18,1,0,0.052139261058139756
8811aa408dfffff,2022,20,1,0,0.0164921416024452
8811aa408dfffff,2023,14,1,0,0.013924887869017705
8811aa408dfffff,2024,13,1,0,0.014195114234758263
8811aa408dfffff,2024,21,1,0,0.014522005878401491
8811aa4091fffff,2024,10,1,0,0.10979308961364896
8811aa4095fffff,2022,9,1,1,0.010823445254033401
8811aa4095fffff,2022,17,2,0,0.0152086561882793
8811aa4095fffff,2023,9,1,0,0.01206284637558821
8811aa4097fffff,2023,0,1,1,0.10580440574767007
8811aa40a1fffff,2022,10,1,0,0.023353352281657892
8811aa40a1fffff,2022,13,1,0,0.026239815542608593
8811aa40a1fffff,2022,16,1,0,0.02891193883438552
8811aa40a1fffff,2022,20,1,0,0.028887055856754457
8811aa40a1fffff,2023,2,1,0,0.020456865942645022
8811aa40a1fffff,2023,7,1,0,0.021920630111435767
8811aa40a1fffff,2023,8,1,0,0.02434892960393297
8811aa40a1fffff,2023,10,1,0,0.02510528397940322
8811aa40a1fffff,2023,12,1,0,0.02753510306073019
8811aa40a1fffff,2023,16,1,0,0.027374347105813962
8811aa40a1fffff,2023,21,1,0,0.027215110739727502
8811aa40a1fffff,2024,6,1,0,0.021840643530717397
8811aa40a1fffff,2024,7,1,0,0.021920630111435767
8811aa40a1fffff,2024,15,1,0,0.025111021915956936
8811aa40a1fffff,2024,16,1,0,0.02891193883438552
8811aa40a1fffff,2024,19,1,0,0.028508878669019334
8811aa40a1fffff,2024,20,1,0,0.02713512415900913
8811aa40a3fffff,2022,11,1,0,0.015384912926727508
8811aa40a3fffff,2022,23,1,0,0.02185865135265042
8811aa40a3fffff,2024,8,1,0,0.01630050366828422
8811aa40a3fffff,2024,9,1,0,0.016678680856019343
8811aa40a7fffff,2022,16,1,0,0.10713239021600267
8811aa40a7fffff,2024,9,1,0,0.10297665949864027
8811aa40b1fffff,2022,14,1,0,0.04358360878635943
8811aa40b1fffff,2022,17,1,0,0.0461198591008512
8811aa40b1fffff,2022,22,1,0,0.047760361930581
8811aa40b1fffff,2023,22,2,0,0.046735300778199956
8811aa40b3fffff,2022,21,1,0,0.031177630273433368
8811aa40b7fffff,2023,23,1,1,0.19817816397745852
8811aa40b9fffff,2022,22,1,0,0.10941347881552911
8811aa40b9fffff,2023,13,1,0,0.1071494554099547
8811aa40b9fffff,2023,20,1,0,0.10928416514791005
8811aa40b9fffff,2023,21,1,0,0.10777719433352327
8811aa40bbfffff,2022,14,1,0,0.09887618260171212
8811aa40bbfffff,2022,23,1,0,0.10254192475857295
8811aa40bbfffff,2023,8,1,0,0.09660711947530139
8811aa40bbfffff,2024,22,1,0,0.10011362526607573
8811aa40bdfffff,2023,17,1,0,0.09829059162058482
8811aa40bdfffff,2024,1,1,0,0.09263777706135268
8811aa40d1fffff,2023,5,1,0,0.07920206746123408
8811aa40d3fffff,2023,11,1,0,0.019561721987111858
8811aa40d3fffff,2023,21,1,0,0.023178519561822916
8811aa40d5fffff,2022,22,1,0,0.07405508940965966
8811aa40e3fffff,2022,6,1,0,0.05597083040021431
8811aa40e3fffff,2024,11,1,0,0.05888677749127097
8811aa40e7fffff,2024,12,1,0,0.1183062466809178
8811aa40edfffff,2022,7,1,0,0.025749613736826535
8811aa40edfffff,2023,17,1,0,0.029745725583351545
8811aa40edfffff,2023,21,1,0,0.029749943931075495
8811aa4101fffff,2023,7,1,0,0.03906075440546234
8811aa4101fffff,2024,10,1,0,0.04065845087832465
8811aa4101fffff,2024,13,1,0,0.04146569050915824
8811aa4107fffff,2023,7,1,0,0.034750744418013534
8811aa4107fffff,2024,5,1,0,0.03387987991088262
8811aa4109fffff,2022,22,1,0,0.05829775034165312
8811aa4109fffff,2023,11,1,1,0.05729839354001552
8811aa4109fffff,2024,15,1,0,0.05522338825762237
8811aa4109fffff,2024,19,1,1,0.05673609700856287
8811aa4113fffff,2023,19,1,0,0.495194467852626
8811aa4129fffff,2023,4,1,1,0.17812026998661007
8811aa412bfffff,2022,13,1,0,0.010006223402900546
8811aa412bfffff,2024,13,1,0,0.011758155100645875
8811aa4135fffff,2022,11,1,0,0.07385029653734324
8811aa4143fffff,2024,19,1,0,0.02783603131382079
8811aa4149fffff,2022,13,1,0,0.06721773919512655
8811aa4149fffff,2022,19,1,0,0.07153692462629938
8811aa4149fffff,2023,11,1,0,0.0664613848196563
8811aa4149fffff,2023,20,1,0,0.07191510181403449
8811aa414bfffff,2022,16,1,1,0.031755155725343015
8811aa414bfffff,2023,7,1,0,0.028053370428710145
8811aa414bfffff,2023,18,1,0,0.0323756371235281
8811aa414bfffff,2024,16,1,0,0.0313210921410411
8811aa414bfffff,2024,19,1,0,0.03275381431126322
8811aa414dfffff,2022,20,1,0,0.15541574621294993
8811aa4183fffff,2023,15,1,0,0.02501363745505798
8811aa4183fffff,2024,12,1,0,0.021316453010900006
8811aa4183fffff,2024,15,1,0,0.022450984574105375
8811aa4189fffff,2022,15,1,0,0.18387348154937339
8811aa4199fffff,2022,4,1,0,0.2760638205760294
8811aa4199fffff,2022,8,1,0,0.2774793561623654
8811aa4199fffff,2022,14,1,0,0.27988163559315266
8811aa4199fffff,2022,18,1,0,0.28126112803971665
8811aa4199fffff,2023,0,1,0,0.2750142767347459
8811aa4199fffff,2023,13,1,0,0.2806643925350838
8811aa4199fffff,2023,19,1,0,0.28193749583446853
8811aa4199fffff,2024,19,1,0,0.2826352650544778
8811aa419bfffff,2022,9,1,0,0.2254701244410803
8811aa419bfffff,2022,14,1,0,0.22719603607711578
8811aa419bfffff,2022,17,1,0,0.22833056764032114
8811aa419bfffff,2023,7,1,0,0.22468466874025503
8811aa419bfffff,2023,22,1,0,0.2306194740235266
8811aa419bfffff,2024,18,1,1,0.22917190973771318
8811aa41a3fffff,2024,12,1,0,0.14547201123785988
8811aa41a7fffff,2024,16,1,0,0.049268454097926136
8811aa41b5fffff,2024,17,1,0,0.07137618999225628
8811aa41c9fffff,2023,0,1,0,0.060820256842408216
8811aa41c9fffff,2024,23,1,0,0.06989498975922143
8811aa41cbfffff,2023,11,2,0,0.06660919690442448
8811aa41cdfffff,2022,21,1,0,0.28109035066281746
8811aa41d1fffff,2023,5,1,0,0.1333077881748223
8811aa41d1fffff,2023,17,1,0,0.13658780713337307
8811aa41d3fffff,2022,0,1,0,0.31068999667824837
8811aa41d3fffff,2022,3,1,1,0.3132836529781367
8811aa41d3fffff,2022,19,1,0,0.319072340514654
8811aa41d3fffff,2022,21,1,0,0.3185345444560815
8811aa41d3fffff,2023,13,1,0,0.31550912695420047
8811aa41d3fffff,2023,18,1,0,0.31737091156752106
8811aa41d7fffff,2022,19,1,0,0.11039928044482837
8811aa41ddfffff,2022,9,2,1,0.003953496742032986
8811aa41ddfffff,2022,10,1,0,0.004978749146789497
8811aa41ddfffff,2022,18,1,0,0.006710016214627713
8811aa41ddfffff,2023,1,1,0,0.0003781771877351238
8811aa41ddfffff,2023,18,1,0,0.006545041911987535
8811aa41ddfffff,2023,23,1,0,0.01074819762266993
8811aa41ddfffff,2024,11,1,1,0.004195992204858419
8811aa41ddfffff,2024,16,1,0,0.005953661839157466
8811aa4221fffff,2023,11,1,0,0.19165993348743085
8811aa4229fffff,2023,18,1,0,0.08936087067500557
8811aa4229fffff,2023,20,1,1,0.0877195464721634
8811aa4229fffff,2024,17,1,0,0.08693257118250837
8811aa422dfffff,2022,18,1,1,0.034973234686775115
8811aa422dfffff,2022,19,1,1,0.033301289569748156
8811aa422dfffff,2023,20,1,0,0.03338127615046653
8811aa422dfffff,2024,16,1,0,0.03435275328859003
8811aa422dfffff,2024,18,1,0,0.034675044079758355
8811aa4263fffff,2024,9,1,0,0.10286469134895804
8811aa42d1fffff,2022,12,1,0,0.07967926709307417
8811aa42d1fffff,2024,12,1,0,0.07930260949416881
8811aa42d1fffff,2024,13,1,0,0.08056997485699982
8811aa42d1fffff,2024,18,1,2,0.07989820791472284
8811aa42d5fffff,2023,19,1,0,0.07682874791462414
8811aa42d5fffff,2024,8,1,0,0.07471892115429986
8811aa42d5fffff,2024,19,1,0,0.07682874791462414
8811aa42d9fffff,2023,18,1,0,0.1274465517417074
8811aa42d9fffff,2023,21,1,0,0.12858108330491277
8811aa4307fffff,2023,16,1,2,0.10096370051835435
8811aa4307fffff,2024,3,1,0,0.09674360812934435
8811aa4311fffff,2022,21,1,0,0.08300586712274678
8811aa4315fffff,2023,16,1,0,0.06086009077208938
8811aa4315fffff,2023,17,1,0,0.0612382679598245
8811aa4319fffff,2023,17,1,0,0.04253258715769909
8811aa4325fffff,2024,10,1,0,0.0405115626642831
8811aa4327fffff,2022,10,1,0,0.06936302718928591
8811aa4327fffff,2023,13,1,0,0.07241180807996819
8811aa4327fffff,2023,21,1,0,0.07543722558184919
8811aa432bfffff,2022,21,1,0,0.17731534216807726
8811aa4331fffff,2024,3,1,0,0.11633382709579597
8811aa4339fffff,2024,10,1,1,0.19374670109363248
8811aa4353fffff,2023,15,1,0,0.055711064002674233
8811aa4357fffff,2024,9,1,0,0.1434731271471094
8811aa4411fffff,2022,1,1,0,0.19974207466094918
8811aa4411fffff,2022,2,2,0,0.19977136723867966
8811aa4411fffff,2022,4,1,0,0.20117479683117132
8811aa4411fffff,2022,5,1,1,0.20176731398808018
8811aa4411fffff,2022,13,1,0,0.20302209361949997
8811aa4411fffff,2022,18,1,0,0.2064214699613921
8811aa4411fffff,2022,22,1,0,0.25483660861291463
8811aa4411fffff,2022,23,2,0,0.2069835258127758
8811aa4411fffff,2023,0,1,1,0.19820296334354787
8811aa4411fffff,2023,1,2,1,0.19939319005094455
8811aa4411fffff,2023,5,1,0,0.20025882358486366
8811aa4411fffff,2023,19,1,0,0.20556024602757242
8811aa4411fffff,2023,20,2,0,0.2056693339336458
8811aa4411fffff,2023,21,1,0,0.20734166155542372
8811aa4411fffff,2023,22,1,0,0.2076837956033868
8811aa4411fffff,2024,10,1,0,0.20188756205629457
8811aa4411fffff,2024,16,1,0,0.2041275238573503
8811aa4411fffff,2024,17,1,0,0.20450570104508545
8811aa4415fffff,2022,15,1,0,0.1148034618116326
8811aa4415fffff,2022,16,1,0,0.1153466133020079
8811aa4415fffff,2022,19,1,0,0.11661436116958984
8811aa4415fffff,2022,22,1,0,0.11771284959302317
8811aa4415fffff,2023,6,1,0,0.11153574009930164
8811aa4415fffff,2023,9,1,0,0.11420786339107858
8811aa4415fffff,2023,12,1,0,0.11413209515808417
8811aa4415fffff,2023,20,1,0,0.11836781245616494
8811aa4415fffff,2023,22,1,0,0.11787782389566334
8811aa4415fffff,2024,10,2,0,0.1133611901199364
8811aa4415fffff,2024,17,1,0,0.1158580067941196
8811aa4415fffff,2024,18,1,1,0.11688458753533042
8811aa4417fffff,2023,0,1,0,0.02747975862928371
8811aa4417fffff,2023,9,1,0,0.03062120585165513
8811aa4417fffff,2023,11,2,0,0.03240262137950642
8811aa4417fffff,2023,13,1,0,0.03229888890523581
8811aa4417fffff,2023,17,1,0,0.033811597656176307
8811aa441bfffff,2022,12,1,0,0.21124495047839215
8811aa441bfffff,2022,13,1,0,0.21192131827314406
8811aa441bfffff,2022,14,1,0,0.21350979525707897
8811aa441bfffff,2022,19,1,0,0.2141903813995548
8811aa441bfffff,2023,21,1,0,0.2164552261782416
8811aa441bfffff,2024,9,1,0,0.20994544461254663
8811aa441bfffff,2024,21,1,0,0.2146485451680083
8811aa4421fffff,2024,18,1,0,0.02915263969572026
8811aa4423fffff,2023,13,1,0,0.07053959195942616
8811aa442dfffff,2024,10,1,0,0.04626375328744856
8811aa4431fffff,2022,0,1,0,0.014892053859476395
8811aa4431fffff,2022,5,1,0,0.01777889962517804
8811aa4431fffff,2022,7,1,0,0.01711217240373739
8811aa4431fffff,2022,14,2,0,0.020486283263247543
8811aa4431fffff,2022,15,1,0,0.021000333428267827
8811aa4431fffff,2022,16,3,0,0.020984777792388026
8811aa4431fffff,2022,18,2,0,0.021056418013127087
8811aa4431fffff,2022,21,1,0,0.023269396554678568
8811aa4431fffff,2023,7,2,0,0.017799809453157373
8811aa4431fffff,2023,9,1,0,0.017570336172190882
8811aa4431fffff,2023,13,1,0,0.01924801922577156
8811aa4431fffff,2023,14,1,0,0.019759412717883253
8811aa4431fffff,2023,19,2,0,0.0215170823521823
8811aa4431fffff,2023,21,1,0,0.022273436727652546
8811aa4431fffff,2024,0,1,1,0.014428888949819463
8811aa4431fffff,2024,1,1,0,0.01648053084341131
8811aa4431fffff,2024,3,1,1,0.017236885218881556
8811aa4431fffff,2024,10,1,0,0.01794851335992601
8811aa4431fffff,2024,19,1,0,0.022513042179208326
8811aa4431fffff,2024,23,1,1,0.024287898397393513
8811aa4433fffff,2022,13,2,0,0.03546515143900344
8811aa4433fffff,2022,18,1,0,0.03735603737767906
8811aa4433fffff,2023,14,1,0,0.03584332862673857
8811aa4433fffff,2023,16,1,0,0.03659968300220881
8811aa4433fffff,2023,17,1,0,0.036977860189943944
8811aa4433fffff,2023,18,2,0,0.0358184456491075
8811aa4433fffff,2023,20,1,0,0.03606226944838723
8811aa4433fffff,2024,11,1,0,0.03470879706353319
8811aa4433fffff,2024,12,1,0,0.03508697425126832
8811aa4433fffff,2024,14,1,1,0.03379320632197648
8811aa4433fffff,2024,16,1,0,0.034714535000086914
8811aa4433fffff,2024,19,1,0,0.03773421456541419
8811aa4433fffff,2024,21,1,0,0.03644044663612235
8811aa4433fffff,2024,22,1,0,0.037080771291102176
8811aa4435fffff,2022,3,1,0,0.06301501094236521
8811aa4435fffff,2022,5,1,0,0.06377136531783545
8811aa4435fffff,2022,9,1,0,0.06502192660153125
8811aa4435fffff,2022,12,1,0,0.06615645816473663
8811aa4435fffff,2022,15,1,0,0.06745596403058217
8811aa4435fffff,2022,16,1,0,0.06942109861342244
8811aa4435fffff,2022,17,1,0,0.06979927580115758
8811aa4435fffff,2022,18,1,0,0.07171504471746425
8811aa4435fffff,2022,21,2,0,0.07082815696860582
8811aa4435fffff,2022,22,1,0,0.07157565160817253
8811aa4435fffff,2022,23,1,0,0.07074352899970786
8811aa4435fffff,2023,0,1,0,0.06363241107690516
8811aa4435fffff,2023,4,1,0,0.06309499752308358
8811aa4435fffff,2023,8,1,0,0.06451053310941957
8811aa4435fffff,2023,13,2,0,0.06631893189677508
8811aa4435fffff,2023,16,1,0,0.06753595061130054
8811aa4435fffff,2023,17,2,0,0.06798073595122396
8811aa4435fffff,2023,19,1,0,0.07017897257772246
8811aa4435fffff,2023,20,1,0,0.06904865936224104
8811aa4435fffff,2024,11,2,0,0.06614304458613794
8811aa4435fffff,2024,15,1,0,0.06904292142568731
8811aa4435fffff,2024,17,1,0,0.06979927580115758
8811aa4435fffff,2024,18,1,0,0.0682923049867708
8811aa4435fffff,2024,19,1,0,0.06896867278152267
8811aa4437fffff,2022,0,1,0,0.04520050695651643
8811aa4437fffff,2022,7,1,0,0.047449726826132445
8811aa4437fffff,2022,11,2,0,0.049425600486729865
8811aa4437fffff,2022,13,1,0,0.049883764255183365
8811aa4437fffff,2022,14,1,0,0.0500969671402783
8811aa4437fffff,2022,18,1,0,0.053659798195980886
8811aa4437fffff,2022,19,1,0,0.05228604368597068
8811aa4437fffff,2022,23,1,0,0.05735042333047276
8811aa4437fffff,2023,9,1,0,0.048371055504242866
8811aa4437fffff,2023,12,1,0,0.052928326798141696
8811aa4437fffff,2023,14,1,0,0.052147089445040394
8811aa4437fffff,2023,15,1,0,0.054062858361347076
8811aa4437fffff,2023,17,1,0,0.053281621008245766
8811aa4437fffff,2023,20,1,0,0.05441615257145113
8811aa4437fffff,2024,1,1,0,0.045607785469606574
8811aa4437fffff,2024,2,1,0,0.04582098835470152
8811aa4437fffff,2024,8,1,0,0.047992878316507746
8811aa4437fffff,2024,13,1,0,0.05330650398587683
8811aa4437fffff,2024,14,1,0,0.052147089445040394
8811aa4437fffff,2024,18,1,0,0.05277061002088501
8811aa4437fffff,2024,21,1,0,0.052909181757064355
8811aa4439fffff,2022,17,1,0,0.07612918781456061
8811aa4439fffff,2023,10,1,0,0.07396537675125024
8811aa4439fffff,2023,13,1,0,0.07561243889064613
8811aa4439fffff,2024,11,1,0,0.07574527269027176
8811aa4439fffff,2024,18,1,0,0.07839251300441763
8811aa4439fffff,2024,20,1,0,0.07855786981180876
8811aa443bfffff,2022,15,2,0,0.07504737757545722
8811aa443bfffff,2022,21,1,0,0.07645635385212711
8811aa443bfffff,2022,22,1,0,0.07709667850710693
8811aa443bfffff,2023,8,1,0,0.07342519841369241
8811aa443bfffff,2023,10,1,0,0.07380489519025729
8811aa443bfffff,2023,12,1,0,0.07647549889320446
8811aa443bfffff,2023,13,1,0,0.07326596204760594
8811aa443bfffff,2023,17,1,0,0.07682879310330852
8811aa443bfffff,2023,18,1,0,0.07515684798628156
8811aa443bfffff,2023,19,1,0,0.07583321578103343
8811aa443bfffff,2024,0,1,1,0.0706619283790561
8811aa443bfffff,2024,1,1,0,0.06915495756466933
8811aa443bfffff,2024,10,1,1,0.07256549406870248
8811aa443bfffff,2024,21,2,0,0.07796484425534367
8811aa443dfffff,2024,7,1,1,0.020825413105558886
8811aa4481fffff,2022,9,2,0,0.04601457401654372
8811aa4481fffff,2022,12,1,0,0.04754124384512952
8811aa4481fffff,2023,7,1,0,0.0456503579064539
8811aa4481fffff,2023,10,1,0,0.047674077644755154
8811aa4481fffff,2023,19,1,0,0.04851501945341866
8811aa4481fffff,2023,20,1,0,0.04889319664115379
8811aa4481fffff,2023,23,1,0,0.05042574864888902
8811aa4481fffff,2024,18,1,0,0.04981030697154026
8811aa4485fffff,2022,8,1,0,0.08459803183706972
8811aa4485fffff,2022,21,1,0,0.09102282568084288
8811aa4485fffff,2023,18,1,0,0.08837980371442097
8811aa4485fffff,2024,13,1,0,0.08648891777574534
8811aa4485fffff,2024,18,1,0,0.08967395414846373
8811aa4485fffff,2024,19,1,1,0.08859300659951591
8811aa4485fffff,2024,22,1,0,0.09015465993260614
8811aa4487fffff,2022,16,1,0,0.06656070037304923
8811aa4487fffff,2022,20,1,1,0.06807340912398972
8811aa4487fffff,2023,8,1,0,0.06302275229497774
8811aa4487fffff,2023,17,1,0,0.06556360346194438
8811aa4487fffff,2023,20,2,0,0.06807340912398972
8811aa4489fffff,2022,8,1,0,0.038025392063453727
8811aa4489fffff,2023,8,1,0,0.040075514368215805
8811aa4489fffff,2023,12,1,0,0.0415882231191563
8811aa4489fffff,2023,15,1,0,0.0406726323775996
8811aa4489fffff,2024,13,1,0,0.042478930883081946
8811aa4489fffff,2024,16,1,0,0.041050809565334724
8811aa4489fffff,2024,19,1,0,0.04437133641058734
8811aa448bfffff,2022,11,2,0,0.02815713465553647
8811aa448bfffff,2022,18,1,0,0.029523048529206036
8811aa448bfffff,2023,17,1,0,0.02914487134147091
8811aa448bfffff,2024,13,1,0,0.029682284895292496
8811aa448bfffff,2024,17,1,0,0.029280744318756075
8811aa448bfffff,2024,18,1,0,0.029523048529206036
8811aa448dfffff,2022,7,1,0,0.04753931199203767
8811aa448dfffff,2022,12,1,0,0.04826926380104708
8811aa448dfffff,2022,14,1,0,0.051075740481279414
8811aa448dfffff,2022,20,1,0,0.05334480360769016
8811aa448dfffff,2023,15,1,0,0.05226463885222181
8811aa448dfffff,2023,16,1,0,0.04978197255198758
8811aa448dfffff,2023,17,1,0,0.05221027204448479
8811aa448dfffff,2023,22,1,0,0.05487583602659562
8811aa448dfffff,2024,7,1,0,0.04856437314441871
8811aa448dfffff,2024,9,1,0,0.04969738511879431
8811aa448dfffff,2024,10,1,0,0.04883616118497463
8811aa448dfffff,2024,13,2,0,0.04871537747742479
8811aa448dfffff,2024,17,1,0,0.0527228026206753
8811aa448dfffff,2024,18,1,0,0.05118673048093351
8811aa4493fffff,2022,1,1,0,0.041414106392653825
8811aa4493fffff,2022,6,1,0,0.04320781916672492
8811aa4493fffff,2022,9,1,0,0.04417737642729012
8811aa4493fffff,2022,10,2,0,0.04558061476740628
8811aa4493fffff,2022,11,1,0,0.04698385310752245
8811aa4493fffff,2022,13,1,0,0.04774020748299269
8811aa4493fffff,2022,15,1,0,0.04917406673729364
8811aa4493fffff,2022,16,1,0,0.04682461674143598
8811aa4493fffff,2022,18,1,0,0.04963109342166831
8811aa4493fffff,2022,20,1,0,0.04833732549237648
8811aa4493fffff,2022,21,1,0,0.0487155026801116
8811aa4493fffff,2022,23,1,0,0.05178412682758863
8811aa4493fffff,2023,6,1,0,0.04320781916672492
8811aa4493fffff,2023,7,1,0,0.04342102205181987
8811aa4493fffff,2023,8,1,0,0.04738691327288863
8811aa4493fffff,2023,9,1,0,0.04417737642729012
8811aa4493fffff,2023,10,1,0,0.044555553615025244
8811aa4493fffff,2023,11,1,0,0.04698385310752245
8811aa4493fffff,2023,14,1,0,0.049655976399299376
8811aa4493fffff,2023,16,1,0,0.04682461674143598
8811aa4493fffff,2023,17,2,0,0.048227855081552154
8811aa4493fffff,2023,19,2,0,0.050778066473689216
8811aa4493fffff,2023,20,2,0,0.048917792557209586
8811aa4493fffff,2023,21,1,0,0.050765624984873685
8811aa4493fffff,2024,6,1,0,0.04471630956994147
8811aa4493fffff,2024,7,1,0,0.04547114435658195
8811aa4493fffff,2024,9,1,0,0.04417737642729012
8811aa4493fffff,2024,11,2,0,0.047752648971808226
8811aa4493fffff,2024,13,1,0,0.04774020748299269
8811aa4493fffff,2024,14,1,0,0.046068262365965736
8811aa4493fffff,2024,15,1,0,0.04644643955370086
8811aa4493fffff,2024,17,4,1,0.04890248654611159
8811aa4493fffff,2024,20,1,1,0.05052332077442372
8811aa4493fffff,2024,21,3,0,0.049624711741309196
8811aa4497fffff,2022,15,1,0,0.0576570904030446
8811aa4497fffff,2023,11,1,0,0.054259233649982204
8811aa4497fffff,2023,19,1,0,0.059682329730175614
8811aa4499fffff,2022,9,1,0,0.13606247265314925
8811aa4499fffff,2022,18,1,1,0.141649405951904
8811aa4499fffff,2022,19,1,0,0.13984424453050048
8811aa4499fffff,2022,20,1,0,0.14121838154526165
8811aa4499fffff,2022,22,2,0,0.14223688338797658
8811aa4499fffff,2023,10,1,0,0.13627567553824418
8811aa4499fffff,2023,22,1,1,0.1427494139641671
8811aa4499fffff,2024,19,1,0,0.13984424453050048
8811aa4499fffff,2024,20,1,0,0.14224344269764266
8811aa4499fffff,2024,23,1,0,0.14312759115190224
8811aa449bfffff,2022,4,1,0,0.027312039808660597
8811aa449bfffff,2022,9,1,0,0.027432287876874975
8811aa449bfffff,2022,12,1,0,0.030451967442202247
8811aa449bfffff,2022,13,1,0,0.03236773635850894
8811aa449bfffff,2022,14,2,0,0.030183260665291457
8811aa449bfffff,2022,17,1,0,0.032342853380877876
8811aa449bfffff,2022,18,2,0,0.03297729585670826
8811aa449bfffff,2022,19,1,0,0.0311849584288712
8811aa449bfffff,2023,4,1,0,0.02709769983948683
8811aa449bfffff,2023,6,1,0,0.026132782011029424
8811aa449bfffff,2023,7,1,0,0.02856108150352663
8811aa449bfffff,2023,11,1,0,0.030586320830657647
8811aa449bfffff,2023,13,1,0,0.030830144629937373
8811aa449bfffff,2023,16,1,0,0.03196467619314275
8811aa449bfffff,2023,18,1,0,0.03323356114480351
8811aa449bfffff,2023,19,1,0,0.031697489005061724
8811aa449bfffff,2023,22,1,0,0.03500841736298871
8811aa449bfffff,2024,8,1,0,0.027054110689139852
8811aa449bfffff,2024,12,1,0,0.02840184513744017
8811aa449bfffff,2024,13,2,0,0.03166687698286574
8811aa449bfffff,2024,17,1,0,0.03145366520578199
8811aa449bfffff,2024,20,1,0,0.03347738494408324
8811aa449bfffff,2024,21,1,1,0.03385556213181837
8811aa44a1fffff,2022,14,1,1,0.02974340902105768
8811aa44a1fffff,2022,18,1,0,0.03095792716498142
8811aa44a1fffff,2022,23,1,0,0.03499610857302364
8811aa44a1fffff,2023,10,1,0,0.02793250966310043
8811aa44a1fffff,2023,16,1,0,0.030036598486870993
8811aa44a1fffff,2023,17,1,0,0.032464897979368204
8811aa44a1fffff,2023,18,1,1,0.03284307516710333
8811aa44a1fffff,2023,23,1,0,0.03311096057090174
8811aa44a1fffff,2024,1,1,0,0.026299552843945553
8811aa44a1fffff,2024,11,1,0,0.030708365429147975
8811aa44a1fffff,2024,15,1,0,0.03324613533246951
8811aa44a1fffff,2024,17,1,0,0.03260077095665337
8811aa44a1fffff,2024,23,1,0,0.03311096057090174
8811aa44a3fffff,2022,16,1,0,0.09705586285906415
8811aa44a3fffff,2022,18,1,0,0.09781221723453441
8811aa44a3fffff,2023,17,1,0,0.09999669292775187
8811aa44a5fffff,2022,9,4,0,0.03260094739715462
8811aa44a5fffff,2022,10,4,0,0.03268955522070034
8811aa44a5fffff,2022,12,1,0,0.03601296439419068
8811aa44a5fffff,2022,14,2,0,0.03326409188764738
8811aa44a5fffff,2022,16,1,0,0.03393795911179754
8811aa44a5fffff,2022,17,1,0,0.034452009276817824
8811aa44a5fffff,2022,20,1,0,0.03750079016750011
8811aa44a5fffff,2022,21,3,0,0.03689919719528258
8811aa44a5fffff,2022,22,1,1,0.036469169705452976
8811aa44a5fffff,2023,7,2,0,0.03164191272588255
8811aa44a5fffff,2023,8,1,0,0.03463612862053535
8811aa44a5fffff,2023,10,1,0,0.033719018290148874
8811aa44a5fffff,2023,11,1,0,0.03204707317312192
8811aa44a5fffff,2023,15,2,0,0.035436126092049325
8811aa44a5fffff,2023,17,1,0,0.03547707042919886
8811aa44a5fffff,2023,19,4,1,0.036180038978704046
8811aa44a5fffff,2023,20,1,0,0.03712413256859476
8811aa44a5fffff,2023,22,1,0,0.038519292010215055
8811aa44a5fffff,2024,0,2,0,0.028473473352018087
8811aa44a5fffff,2024,8,1,0,0.03296266391467863
8811aa44a5fffff,2024,12,1,0,0.03601296439419068
8811aa44a5fffff,2024,13,1,0,0.03296840185123234
8811aa44a5fffff,2024,18,2,0,0.034776800638587874
8811aa44a5fffff,2024,23,1,0,0.0405709339038069
8811aa44a7fffff,2022,16,1,0,0.04751437374538355
8811aa44a7fffff,2023,8,1,0,0.04486561384240791
8811aa44a7fffff,2023,11,1,0,0.04651267598180381
8811aa44a7fffff,2023,12,1,0,0.04637832259334841
8811aa44a7fffff,2023,13,1,0,0.04470637747632145
8811aa44a7fffff,2023,16,1,0,0.045840909039526825
8811aa44a7fffff,2023,22,1,0,0.04837211963318227
8811aa44a7fffff,2024,13,1,0,0.04470637747632145
8811aa44a7fffff,2024,15,1,0,0.09428900956717627
8811aa44a7fffff,2024,16,1,0,0.04956449605014563
8811aa44a9fffff,2022,12,1,0,0.009908013615995491
8811aa44a9fffff,2022,13,1,0,0.011823782532302174
8811aa44a9fffff,2022,14,3,0,0.010719359425679134
8811aa44a9fffff,2022,17,1,0,0.011798899554671111
8811aa44a9fffff,2022,19,1,0,0.01306778450633188
8811aa44a9fffff,2022,20,1,0,0.012933431117876482
8811aa44a9fffff,2023,8,1,0,0.008395304865054996
8811aa44a9fffff,2023,13,1,0,0.010286190803730616
8811aa44a9fffff,2023,16,2,0,0.009521023702136578
8811aa44a9fffff,2023,18,1,0,0.010126954437644154
8811aa44a9fffff,2023,19,3,0,0.010615114493806066
8811aa44a9fffff,2023,20,1,0,0.013445961694067001
8811aa44a9fffff,2023,23,1,0,0.01244496214620465
8811aa44a9fffff,2024,1,1,0,0.006010212018153824
8811aa44a9fffff,2024,8,1,0,0.008531177842340157
8811aa44a9fffff,2024,10,1,0,0.009151659240525243
8811aa44a9fffff,2024,13,1,0,0.008401042801608714
8811aa44a9fffff,2024,14,1,0,0.010800240968750902
8811aa44a9fffff,2024,16,1,0,0.011933252943126506
8811aa44a9fffff,2024,17,1,0,0.01231143013086163
8811aa44a9fffff,2024,19,1,0,0.012555253930141359
8811aa44adfffff,2022,18,1,0,0.008218506617844255
8811aa44adfffff,2022,23,1,0,0.01074819762266993
8811aa44adfffff,2023,4,1,0,0.003562831055702576
8811aa44adfffff,2023,7,1,0,0.0023850928469011713
8811aa44adfffff,2023,8,1,0,0.0027632700346362955
8811aa44adfffff,2023,14,1,0,0.0050323331610470385
8811aa44adfffff,2024,16,1,0,0.008137000448296119
8811aa44b5fffff,2024,10,1,0,0.10417800815529116
8811aa44b9fffff,2022,3,1,0,0.06969590423399945
8811aa44b9fffff,2023,11,1,0,0.07065249325840246
8811aa44b9fffff,2023,18,1,0,0.07329973357254832
8811aa44b9fffff,2023,19,1,1,0.07518640116349998
8811aa44b9fffff,2024,1,1,0,0.06864135925151245
8811aa44b9fffff,2024,9,1,0,0.07207947749207086
8811aa44b9fffff,2024,21,1,0,0.07470335441741544
8811aa44bbfffff,2023,8,1,0,0.012749487877632299
8811aa44bbfffff,2023,19,1,0,0.01690943694271866
8811aa44bbfffff,2024,11,1,0,0.013884019440837668
8811aa44bbfffff,2024,18,2,0,0.017473833756044485
8811aa44c1fffff,2022,12,1,0,0.049636070414999324
8811aa44c1fffff,2022,13,1,0,0.04971605699571769
8811aa44c1fffff,2023,9,2,0,0.048972144109062976
8811aa44c1fffff,2024,8,1,0,0.04785427238239709
8811aa44c1fffff,2024,9,1,0,0.048232449570132216
8811aa44c3fffff,2022,10,1,0,0.04375554760070068
8811aa44c3fffff,2022,11,1,0,0.04375441051662186
8811aa44c3fffff,2022,18,1,0,0.04764105195232254
8811aa44c3fffff,2022,20,1,0,0.04685981459922122
8811aa44c3fffff,2022,21,1,0,0.04775052236314686
8811aa44c3fffff,2022,22,1,0,0.047878316441936165
8811aa44c3fffff,2023,0,1,0,0.041096010040335
8811aa44c3fffff,2023,11,1,0,0.043456219909605104
8811aa44c3fffff,2023,13,1,0,0.04421257428507535
8811aa44c3fffff,2023,16,2,0,0.045603371136375984
8811aa44c3fffff,2023,19,1,0,0.046481637411486094
8811aa44c3fffff,2023,22,1,0,0.047878316441936165
8811aa44c3fffff,2024,0,1,0,0.041231883017620166
8811aa44c3fffff,2024,9,1,0,0.04269986553413485
8811aa44c3fffff,2024,10,1,0,0.043078042721869984
8811aa44c3fffff,2024,13,2,0,0.04402424548562267
8811aa44c3fffff,2024,15,2,0,0.04530768109996095
8811aa44c3fffff,2024,16,2,1,0.04611590171256651
8811aa44c3fffff,2024,19,1,0,0.046481637411486094
8811aa44c3fffff,2024,21,1,0,0.04723799178695634
8811aa44c7fffff,2022,1,1,0,0.010665316432498078
8811aa44c7fffff,2022,13,2,0,0.011353581184741229
8811aa44c7fffff,2022,15,1,0,0.012109935560211477
8811aa44c7fffff,2022,20,3,0,0.015367569702061816
8811aa44c7fffff,2022,22,1,0,0.015184297644242221
8811aa44c7fffff,2023,9,1,0,0.011890994738562814
8811aa44c7fffff,2023,11,2,0,0.010597226809270981
8811aa44c7fffff,2023,12,1,0,0.013025526301768186
8811aa44c7fffff,2023,14,1,0,0.013781880677238434
8811aa44c7fffff,2023,17,2,0,0.013891351088062765
8811aa44c7fffff,2023,19,1,0,0.015672766615914054
8811aa44c7fffff,2024,9,1,0,0.012403525314753333
8811aa44c7fffff,2024,12,1,0,0.011111276974291266
8811aa44c7fffff,2024,13,1,0,0.01148945416202639
8811aa44c7fffff,2024,16,2,0,0.01479450034080394
8811aa44c7fffff,2024,17,2,0,0.015753144593372168
8811aa44c7fffff,2024,18,3,0,0.014952902377385247
8811aa44c7fffff,2024,19,1,0,0.015672766615914054
8811aa44c7fffff,2024,20,6,0,0.016181656558775983
8811aa44c7fffff,2024,21,1,0,0.016429120991384303
8811aa44c9fffff,2023,7,1,0,0.05434244310169638
8811aa44c9fffff,2023,18,1,0,0.058667366469422916
8811aa44c9fffff,2024,12,1,0,0.057692453777054946
8811aa44c9fffff,2024,18,1,0,0.0586382651440679
8811aa44cbfffff,2022,23,1,0,0.15461354969515897
8811aa44cbfffff,2023,1,1,0,0.14796711627084297
8811aa44d1fffff,2022,14,1,0,0.05679984960506515
8811aa44d1fffff,2022,16,1,0,0.055969246585430246
8811aa44d1fffff,2022,18,1,0,0.05831255835600564
8811aa44d1fffff,2022,23,1,0,0.05887863436682081
8811aa44d1fffff,2023,10,1,0,0.053401992852002755
8811aa44d1fffff,2023,12,1,0,0.05515430705449902
8811aa44d1fffff,2023,17,1,0,0.05588425886350844
8811aa44d1fffff,2023,18,1,0,0.05831255835600564
8811aa44d1fffff,2024,14,1,0,0.054749727300303065
8811aa44d1fffff,2024,16,1,0,0.05567105597841349
8811aa44d5fffff,2022,15,1,0,0.06774578116498613
8811aa44d5fffff,2023,9,1,0,0.06359157003645349
8811aa44d5fffff,2023,20,1,0,0.06775151910153986
8811aa44d5fffff,2024,13,1,0,0.06698942678951589
8811aa44d5fffff,2024,14,1,0,0.06788013455344154
8811aa44d7fffff,2022,11,1,0,0.06619244461862529
8811aa44d7fffff,2023,17,2,0,0.07032330125034544
8811aa44d7fffff,2023,20,1,0,0.06976101361088159
8811aa44d7fffff,2024,11,1,0,0.06619244461862529
8811aa44d7fffff,2024,18,1,0,0.06883968493277116
8811aa44d9fffff,2022,12,1,0,0.08129000758295976
8811aa44d9fffff,2022,15,1,0,0.08242453914616513
8811aa44d9fffff,2022,17,1,0,0.1309794534117303
8811aa44d9fffff,2023,2,1,0,0.07777038317285322
8811aa44d9fffff,2023,17,1,0,0.1309794534117303
8811aa44d9fffff,2024,10,1,0,0.08053365320748952
8811aa44d9fffff,2024,17,1,0,0.0831808935216354
8811aa44ddfffff,2022,1,1,0,0.015119163289373109
8811aa44ddfffff,2022,8,1,0,0.017880913735179638
8811aa44ddfffff,2022,9,1,0,0.01877162149910528
8811aa44ddfffff,2022,18,1,0,0.019612563307768796
8811aa44ddfffff,2022,19,1,0,0.01999074049550392
8811aa44ddfffff,2022,20,1,0,0.020368917683239042
8811aa44ddfffff,2022,23,1,0,0.02176559671368911
8811aa44ddfffff,2023,19,2,0,0.022297128088361262
8811aa44ddfffff,2023,20,1,0,0.022931570564191643
8811aa44ddfffff,2023,21,1,0,0.02279721717573625
8811aa44ddfffff,2024,11,1,0,0.016965322993622925
8811aa44ddfffff,2024,15,1,0,0.018643006047203602
8811aa44ddfffff,2024,19,1,0,0.01999074049550392
8811aa44ddfffff,2024,21,1,0,0.02323128076003816
8811aa44e1fffff,2022,0,1,1,0.02968312712258119
8811aa44e1fffff,2022,7,1,0,0.035655934002816005
8811aa44e1fffff,2022,8,1,0,0.032611371459857666
8811aa44e1fffff,2022,9,1,0,0.03298954864759279
8811aa44e1fffff,2022,10,1,0,0.035252873837449815
8811aa44e1fffff,2022,13,1,0,0.03638740540065519
8811aa44e1fffff,2022,16,1,0,0.03752193696386056
8811aa44e1fffff,2022,17,1,0,0.0358499918468336
8811aa44e1fffff,2022,20,2,0,0.03903464571480105
8811aa44e1fffff,2022,21,1,0,0.03941282290253618
8811aa44e1fffff,2022,23,1,0,0.038381202440489044
8811aa44e1fffff,2023,11,1,0,0.037168642753756496
8811aa44e1fffff,2023,13,1,0,0.03638740540065519
8811aa44e1fffff,2023,15,1,0,0.03525861177400354
8811aa44e1fffff,2023,17,1,0,0.036362522423024124
8811aa44e1fffff,2023,18,3,0,0.03759491723774344
8811aa44e1fffff,2023,19,1,0,0.036606346222303854
8811aa44e1fffff,2023,20,1,0,0.037149497712679155
8811aa44e1fffff,2024,2,1,0,0.032489603802813516
8811aa44e1fffff,2024,6,1,0,0.03374016508650932
8811aa44e1fffff,2024,7,1,0,0.032233194272122546
8811aa44e1fffff,2024,9,1,0,0.036548161355571415
8811aa44e1fffff,2024,10,1,0,0.03320275153268773
8811aa44e1fffff,2024,12,1,0,0.03768269291877679
8811aa44e1fffff,2024,13,1,0,0.03447315607317827
8811aa44e1fffff,2024,14,2,0,0.03574052143600927
8811aa44e1fffff,2024,15,2,0,0.03806165094391959
8811aa44e1fffff,2024,17,2,1,0.03841264472778621
8811aa44e1fffff,2024,18,3,0,0.03702152600458287
8811aa44e1fffff,2024,19,1,0,0.03865646852706593
8811aa44e3fffff,2022,9,1,0,0.026010736706008532
8811aa44e3fffff,2022,14,1,0,0.02978677064680605
8811aa44e3fffff,2022,15,1,0,0.030164947834541177
8811aa44e3fffff,2022,16,2,0,0.0298422656466331
8811aa44e3fffff,2022,17,3,0,0.030292919542637454
8811aa44e3fffff,2022,19,1,0,0.031677656585481676
8811aa44e3fffff,2022,21,1,0,0.030383888656189836
8811aa44e3fffff,2022,23,2,0,0.03327873466689169
8811aa44e3fffff,2023,11,1,0,0.02827558148469532
8811aa44e3fffff,2023,18,1,0,0.03283707112631811
8811aa44e3fffff,2024,1,1,0,0.023082492368732055
8811aa44e3fffff,2024,2,1,0,0.027184256567085983
8811aa44e3fffff,2024,12,2,1,0.02924744806348676
8811aa44e3fffff,2024,13,2,0,0.028383532306689885
8811aa44e3fffff,2024,14,1,0,0.02978677064680605
8811aa44e3fffff,2024,17,1,0,0.030921302210011423
8811aa44e3fffff,2024,18,2,1,0.032324540550127595
8811aa44e3fffff,2024,19,1,1,0.031677656585481676
8811aa44e3fffff,2024,20,2,0,0.0320558337732168
8811aa44e3fffff,2024,21,1,0,0.03243401096095192
8811aa44e3fffff,2024,22,1,0,0.03307433561593174
8811aa44e3fffff,2024,23,1,0,0.03375070341068362
8811aa44e5fffff,2022,13,1,0,0.04574145504592233
8811aa44e5fffff,2022,14,1,0,0.04269689250296399
8811aa44e5fffff,2022,15,1,0,0.0430459683653441
8811aa44e5fffff,2022,18,1,0,0.04455715752745483
8811aa44e5fffff,2022,19,1,0,0.04442280413899943
8811aa44e5fffff,2022,21,1,0,0.04752747142624851
8811aa44e5fffff,2023,8,2,0,0.04026285507391307
8811aa44e5fffff,2023,11,1,0,0.04139738663711844
8811aa44e5fffff,2023,12,1,0,0.04382568612961565
8811aa44e5fffff,2023,23,1,0,0.046197660357184624
8811aa44e5fffff,2024,2,1,0,0.039929404120603744
8811aa44e5fffff,2024,5,1,0,0.03955544528059258
8811aa44e5fffff,2024,7,1,0,0.039884677886177944
8811aa44e5fffff,2024,8,2,0,0.04154418151438937
8811aa44e5fffff,2024,9,2,0,0.04166609341402923
8811aa44e5fffff,2024,11,1,0,0.04139738663711844
8811aa44e5fffff,2024,13,1,0,0.04433973629463593
8811aa44e5fffff,2024,14,1,0,0.046119632233657455
8811aa44e5fffff,2024,18,4,0,0.04545408603578824
8811aa44e5fffff,2024,19,2,0,0.04544786529138047
8811aa44e5fffff,2024,22,1,0,0.045819483169449504
8811aa44e7fffff,2022,9,1,0,0.046884582037945446
8811aa44e7fffff,2022,12,1,0,0.05160682763448446
8811aa44e7fffff,2022,16,1,0,0.04953182235209132
8811aa44e7fffff,2022,17,1,0,0.05196012184458852
8811aa44e7fffff,2022,18,2,0,0.05233829903232365
8811aa44e7fffff,2022,19,1,0,0.05322900679624929
8811aa44e7fffff,2022,20,1,0,0.05360718398398441
8811aa44e7fffff,2023,9,1,1,0.049232894949724285
8811aa44e7fffff,2023,15,1,0,0.04915364516435619
8811aa44e7fffff,2023,16,1,0,0.04953182235209132
8811aa44e7fffff,2023,18,2,0,0.053107094896609426
8811aa44e7fffff,2023,21,1,0,0.053096172996623656
8811aa44e7fffff,2023,22,1,0,0.05308809409812779
8811aa44e7fffff,2024,12,1,0,0.0500692359059129
8811aa44e7fffff,2024,15,1,0,0.05120376746911827
8811aa44e9fffff,2022,17,1,0,0.02608103787836825
8811aa44e9fffff,2023,2,1,0,0.020534654552300927
8811aa44e9fffff,2023,7,1,0,0.02575110705706549
8811aa44e9fffff,2023,8,1,0,0.026129284244800616
8811aa44e9fffff,2023,15,1,0,0.027238932830374922
8811aa44e9fffff,2023,21,1,0,0.027622847954663764
8811aa44e9fffff,2024,12,1,0,0.02610440126716955
8811aa44e9fffff,2024,15,1,0,0.027238932830374922
8811aa44e9fffff,2024,17,1,0,0.025945164901083086
8811aa44ebfffff,2023,13,1,0,0.0535116917111328
8811aa44ebfffff,2023,18,1,0,0.05540257764980842
8811aa44ebfffff,2023,19,1,0,0.056293285413734066
8811aa44ebfffff,2024,11,1,0,0.053267867911853076
8811aa44ebfffff,2024,15,1,0,0.05426804608660305
8811aa44ebfffff,2024,18,1,0,0.05451338947471254
8811aa44edfffff,2022,0,1,0,0.09230371713979198
8811aa44edfffff,2024,9,1,0,0.09398603962548045
8811aa44edfffff,2024,13,1,0,0.09549874837642094
8811aa4501fffff,2022,14,1,0,0.09433550490423122
8811aa4501fffff,2022,17,1,0,0.09495750589124607
8811aa4505fffff,2022,18,1,0,0.05555846427213949
8811aa4505fffff,2023,10,1,0,0.04997039388930591
8811aa4507fffff,2022,14,1,0,0.11538834904429693
8811aa450dfffff,2022,7,1,0,0.01664954529298202
8811aa450dfffff,2022,14,1,0,0.017623320901271163
8811aa450dfffff,2022,19,1,0,0.01951420683994678
8811aa450dfffff,2023,14,1,0,0.017623320901271163
8811aa450dfffff,2023,19,1,0,0.022076859720899383
8811aa450dfffff,2024,13,1,0,0.017410118016176215
8811aa450dfffff,2024,15,1,0,0.018001498089006286
8811aa450dfffff,2024,18,1,0,0.019784433205687343
8811aa4521fffff,2022,1,1,0,0.021109973897626068
8811aa4521fffff,2022,8,1,0,0.02349506674452724
8811aa4521fffff,2022,13,1,0,0.02535685135784784
8811aa4521fffff,2022,16,1,0,0.029943223977101696
8811aa4521fffff,2022,20,1,1,0.03005421397675579
8811aa4521fffff,2024,8,1,0,0.02500355714774378
8811aa4523fffff,2022,2,1,0,0.024492814967408544
8811aa4523fffff,2022,15,1,0,0.031197093245482543
8811aa4523fffff,2023,17,1,0,0.029903325316190704
8811aa4523fffff,2023,18,1,0,0.03028150250392583
8811aa4523fffff,2023,19,1,0,0.03082465399430113
8811aa4523fffff,2024,8,1,0,0.028549852931336675
8811aa4523fffff,2024,9,1,0,0.028928030119071795
8811aa4523fffff,2024,12,1,0,0.030062561682277167
8811aa4525fffff,2022,16,1,0,0.1737962242310339
8811aa4527fffff,2022,4,1,0,0.015717084904284993
8811aa4527fffff,2022,15,1,0,0.01999154410103202
8811aa4527fffff,2023,13,1,0,0.01718506742079969
8811aa4527fffff,2023,19,1,0,0.021504252851972515
8811aa4527fffff,2023,20,1,1,0.02150577244080228
8811aa4527fffff,2024,8,1,0,0.015430054459409233
8811aa4527fffff,2024,18,1,0,0.01937414396649206
8811aa4527fffff,2024,20,1,0,0.01983230773494556
8811aa4527fffff,2024,23,1,0,0.02152717737241238
8811aa4529fffff,2022,1,1,0,0.04740292124271137
8811aa4529fffff,2022,8,1,0,0.04978801408961254
8811aa4529fffff,2022,9,2,0,0.051191252429728704
8811aa4529fffff,2022,13,1,0,0.051678900028288156
8811aa4529fffff,2022,14,1,0,0.05491792070399264
8811aa4529fffff,2022,16,1,0,0.054863553896255614
8811aa4529fffff,2022,19,1,0,0.05411293745733908
8811aa4529fffff,2022,21,2,0,0.05581186583387028
8811aa4529fffff,2023,9,1,0,0.050166191277347665
8811aa4529fffff,2023,16,1,0,0.052813431591493536
8811aa4529fffff,2023,17,1,0,0.053191608779228655
8811aa4529fffff,2023,19,2,0,0.05606602194810356
8811aa4529fffff,2023,20,1,0,0.056376262647196106
8811aa4529fffff,2024,8,1,0,0.04978801408961254
8811aa4529fffff,2024,12,1,0,0.05146569714319322
8811aa4529fffff,2024,13,1,0,0.051678900028288156
8811aa4529fffff,2024,16,1,0,0.052813431591493536
8811aa4529fffff,2024,18,2,1,0.05561990827172585
8811aa4529fffff,2024,19,1,0,0.05664648901293667
8811aa4529fffff,2024,21,1,0,0.05486929183280933
8811aa452bfffff,2022,16,1,0,0.02465559793552381
8811aa452bfffff,2022,20,1,0,0.028218428991226386
8811aa452bfffff,2023,7,1,0,0.023302125550669774
8811aa452bfffff,2023,9,1,0,0.022008357621377945
8811aa452bfffff,2023,18,1,0,0.025576926613634237
8811aa452bfffff,2023,19,1,0,0.027840251803491263
8811aa452bfffff,2023,23,1,1,0.0292384504227711
8811aa452bfffff,2024,14,1,0,0.023899243560053563
8811aa452bfffff,2024,15,4,0,0.027170886568590735
8811aa452bfffff,2024,17,1,0,0.02519874942589911
8811aa452bfffff,2024,18,1,0,0.02541195231099406
8811aa452bfffff,2024,19,1,0,0.02579012949872918
8811aa452bfffff,2024,20,1,0,0.028218428991226386
8811aa452dfffff,2022,7,1,0,0.031027209454734393
8811aa452dfffff,2022,12,1,0,0.036505809426743654
8811aa452dfffff,2022,23,1,0,0.039013656631597796
8811aa452dfffff,2023,15,2,0,0.035077688108996426
8811aa452dfffff,2023,17,1,0,0.03685910363684772
8811aa452dfffff,2023,21,1,0,0.038884342963978726
8811aa452dfffff,2023,22,1,0,0.03952466761895855
8811aa452dfffff,2023,23,1,0,0.037340191925741076
8811aa452dfffff,2024,8,1,0,0.03396803952342212
8811aa452dfffff,2024,11,1,0,0.032539918205674895
8811aa452dfffff,2024,15,1,0,0.03470103051009107
8811aa452dfffff,2024,17,1,0,0.03480898133208563
8811aa452dfffff,2024,19,1,0,0.03570120868484105
8811aa4531fffff,2022,21,1,0,0.08797600297967018
8811aa4531fffff,2022,23,1,0,0.08759278607109873
8811aa4531fffff,2023,20,1,0,0.08722116819302969
8811aa4531fffff,2024,10,1,0,0.08222909651947866
8811aa4533fffff,2024,21,1,0,0.12627722656195772
8811aa4535fffff,2022,12,1,0,0.041701327737992136
8811aa4535fffff,2022,14,1,0,0.04245768211346239
8811aa4535fffff,2022,17,1,0,0.04219049492538136
8811aa4535fffff,2022,19,1,0,0.04229844574737593
8811aa4535fffff,2022,21,1,2,0.04510492242760825
8811aa4535fffff,2023,9,1,0,0.04056679617478677
8811aa4535fffff,2023,15,1,0,0.04437345102976907
8811aa4535fffff,2023,17,1,0,0.04359221367666776
8811aa4535fffff,2023,18,2,0,0.042069363863149176
8811aa4535fffff,2023,19,1,0,0.04486109862832852
8811aa4535fffff,2023,20,1,0,0.04472674523987313
8811aa4535fffff,2024,1,1,0,0.035918378138028575
8811aa4535fffff,2024,8,1,0,0.040188618987051644
8811aa4535fffff,2024,16,1,0,0.04116391418417056
8811aa4535fffff,2024,17,3,0,0.04299942155993717
8811aa4535fffff,2024,21,1,0,0.043054800122846175
8811aa4535fffff,2024,23,1,0,0.04407330196556112
8811aa4537fffff,2022,7,1,0,0.043920960914014186
8811aa4537fffff,2022,9,1,0,0.04467731528948444
8811aa4537fffff,2022,10,1,0,0.04492227617284299
8811aa4537fffff,2022,14,1,0,0.04643498492378348
8811aa4537fffff,2022,15,1,0,0.0486983101136405
8811aa4537fffff,2022,17,2,0,0.04857869864023809
8811aa4537fffff,2022,18,2,0,0.050089106964941135
8811aa4537fffff,2022,19,1,0,0.050211018864581
8811aa4537fffff,2022,20,2,0,0.04956413489993508
8811aa4537fffff,2023,11,1,0,0.04718560136270001
8811aa4537fffff,2023,12,1,0,0.04807630912662565
8811aa4537fffff,2023,18,1,0,0.047782719372083796
8811aa4537fffff,2023,19,1,0,0.050211018864581
8811aa4537fffff,2023,21,1,0,0.05147990381624176
8811aa4537fffff,2023,23,1,0,0.04993575277800411
8811aa4537fffff,2024,6,1,0,0.043244593119262306
8811aa4537fffff,2024,9,1,0,0.046429246987229764
8811aa4537fffff,2024,10,1,0,0.04643076657605953
8811aa4537fffff,2024,11,1,0,0.04799632254590728
8811aa4537fffff,2024,18,1,0,0.047782719372083796
8811aa4537fffff,2024,19,1,0,0.04816089655981892
8811aa4537fffff,2024,22,1,0,0.05212022847122159
8811aa453dfffff,2022,10,1,0,0.050004729099489005
8811aa453dfffff,2022,13,1,0,0.053189382967456456
8811aa453dfffff,2022,14,1,0,0.05181562845744626
8811aa453dfffff,2022,18,1,0,0.055080268906132074
8811aa453dfffff,2022,22,1,0,0.05480500281955519
8811aa453dfffff,2023,8,1,0,0.04941334902665894
8811aa453dfffff,2023,18,1,0,0.055080268906132074
8811aa453dfffff,2023,21,1,0,0.05621480046933745
8811aa453dfffff,2024,8,1,0,0.04968243830832068
8811aa453dfffff,2024,17,1,0,0.054702091718396954
8811aa453dfffff,2024,20,1,0,0.054084691583857
8811aa4547fffff,2024,13,1,0,0.027319387948069217
8811aa4553fffff,2023,8,1,0,0.0364402969633658
8811aa4553fffff,2023,13,1,0,0.039220371077137293
8811aa4561fffff,2022,8,1,0,0.006312500004407945
8811aa4561fffff,2022,11,1,0,0.010145557425851078
8811aa4561fffff,2022,13,2,0,0.00937754239897298
8811aa4561fffff,2022,14,1,0,0.008581563130818686
8811aa4561fffff,2022,15,3,0,0.009913354814543597
8811aa4561fffff,2022,17,1,0,0.011766216998786142
8811aa4561fffff,2023,8,1,0,0.008875152885360546
8811aa4561fffff,2023,9,2,0,0.007798225495844199
8811aa4561fffff,2023,13,1,0,0.008203385943083563
8811aa4561fffff,2023,15,1,0,0.009422905228210744
8811aa4561fffff,2023,17,2,0,0.011834153487428722
8811aa4561fffff,2023,21,1,1,0.011228803444964556
8811aa4561fffff,2024,11,1,0,0.007447031567613315
8811aa4561fffff,2024,12,2,0,0.00885026990772948
8811aa4561fffff,2024,13,1,0,0.010766038824036166
8811aa4561fffff,2024,16,1,0,0.011900570387241535
8811aa4563fffff,2022,15,1,0,0.04734117434543315
8811aa4563fffff,2022,16,1,0,0.047719351533168274
8811aa4563fffff,2023,9,2,0,0.04404705006664136
8811aa4563fffff,2023,10,1,0,0.04698788013532909
8811aa4563fffff,2024,10,1,0,0.04493775783056701
8811aa4563fffff,2024,17,1,0,0.04809752872090339
8811aa4565fffff,2022,9,1,0,0.019357252225099313
8811aa4565fffff,2022,17,1,0,0.025970383760313943
8811aa4565fffff,2022,18,2,0,0.024810969219477508
8811aa4565fffff,2023,0,1,0,0.01621580500272789
8811aa4565fffff,2023,13,1,0,0.020869960976039804
8811aa4565fffff,2023,19,2,0,0.023288119405958926
8811aa4565fffff,2024,0,2,0,0.017240866155108933
8811aa4565fffff,2024,8,1,0,0.02256678907069783
8811aa4565fffff,2024,11,1,0,0.02011360660056956
8811aa4565fffff,2024,14,1,0,0.02124813816377493
8811aa4565fffff,2024,15,1,1,0.023676437656272135
8811aa4565fffff,2024,18,1,0,0.025323499795668027
8811aa4565fffff,2024,20,1,0,0.025567323594947754
8811aa4567fffff,2022,10,1,0,0.02944413163769345
8811aa4567fffff,2022,12,1,0,0.028150363708401616
8811aa4567fffff,2022,13,2,0,0.030322397912803563
8811aa4567fffff,2022,14,1,0,0.030956840388633944
8811aa4567fffff,2022,16,1,0,0.032390699642934895
8811aa4567fffff,2023,10,1,0,0.02755898363557155
8811aa4567fffff,2023,11,1,0,0.029822308825428575
8811aa4567fffff,2023,12,1,0,0.028150363708401616
8811aa4567fffff,2023,13,2,0,0.030322397912803563
8811aa4567fffff,2023,15,3,0,0.0318475481525596
8811aa4567fffff,2023,16,2,0,0.029663072459342115
8811aa4567fffff,2023,18,1,0,0.03246954913957444
8811aa4567fffff,2024,0,1,0,0.026437037803777427
8811aa4567fffff,2024,8,1,0,0.027286058510936805
8811aa4567fffff,2024,10,1,0,0.02739400933293137
8811aa4567fffff,2024,12,2,0,0.0282183001970442
8811aa4567fffff,2024,13,1,0,0.028826731503153492
8811aa4567fffff,2024,14,2,0,0.028906718083871866
8811aa4567fffff,2024,15,2,0,0.030566221712083293
8811aa4567fffff,2024,16,2,0,0.05510127246941544
8811aa4567fffff,2024,17,2,0,0.031835106663744055
8811aa4567fffff,2024,18,1,0,0.03260542211685961
8811aa4567fffff,2024,19,1,0,0.03247106872840421
8811aa4567fffff,2024,20,1,0,0.03322590351504469
8811aa4567fffff,2024,21,1,0,0.031689831375302895
8811aa4567fffff,2024,22,1,0,0.033355217182663766
8811aa4569fffff,2022,0,1,0,0.027854443970761863
8811aa4569fffff,2023,13,1,0,0.0344228492715507
8811aa4569fffff,2024,9,1,0,0.03304601349789537
8811aa456dfffff,2022,8,1,0,0.02397859730289952
8811aa456dfffff,2022,20,1,0,0.028516723555721
8811aa456dfffff,2023,11,1,0,0.025625659442295407
8811aa456dfffff,2023,14,1,0,0.02676019100550078
8811aa456dfffff,2023,15,1,0,0.028299302322902106
8811aa456dfffff,2023,19,1,0,0.028138546367985882
8811aa456dfffff,2024,18,1,0,0.027760369180250755
8811aa456dfffff,2024,20,1,0,0.026466601250958923
8811aa4583fffff,2023,14,1,0,0.05561532977443428
8811aa4583fffff,2024,19,1,0,0.05871651550930969
8811aa4583fffff,2024,22,1,0,0.05843972983390303
8811aa4585fffff,2022,18,1,0,0.06162912828348937
8811aa4585fffff,2023,7,1,0,0.056794331012480895
8811aa4585fffff,2023,21,1,0,0.06208881164077263
8811aa4585fffff,2024,7,1,0,0.05717098861138625
8811aa4585fffff,2024,9,1,0,0.05755068538795114
8811aa4585fffff,2024,16,1,0,0.06138530448420964
8811aa4587fffff,2022,12,1,0,0.03734523483379848
8811aa4587fffff,2022,18,3,2,0.039875103467931126
8811aa4587fffff,2022,23,1,1,0.040904587843480084
8811aa4587fffff,2023,8,1,0,0.03496978256020853
8811aa4587fffff,2023,18,1,0,0.038453363830543014
8811aa4587fffff,2024,10,1,0,0.03747806863342411
8811aa4587fffff,2024,14,1,0,0.03740381998925946
8811aa4587fffff,2024,18,1,0,0.038618338133183196
8811aa4587fffff,2024,19,1,0,0.04117985393005697
8811aa4587fffff,2024,20,2,0,0.040234779358394306
8811aa4589fffff,2022,7,1,0,0.062034715788040845
8811aa4589fffff,2022,19,1,0,0.06643962573648575
8811aa4589fffff,2023,1,1,0,0.06002780012887479
8811aa4589fffff,2023,10,1,0,0.06287105674422946
8811aa4589fffff,2023,14,1,0,0.06438376549516996
8811aa4589fffff,2023,21,1,0,0.06703100580931581
8811aa4589fffff,2024,0,1,0,0.06051236646378912
8811aa4589fffff,2024,10,1,0,0.06287105674422946
8811aa4589fffff,2024,18,1,0,0.06589647424611045
8811aa458dfffff,2022,12,1,0,0.02113174447220333
8811aa458dfffff,2022,20,2,0,0.026168050782902103
8811aa458dfffff,2023,1,1,0,0.017532133481378415
8811aa458dfffff,2023,9,1,0,0.01999721290899796
8811aa458dfffff,2023,15,1,0,0.022266276035408702
8811aa458dfffff,2023,20,1,0,0.0262072842788464
8811aa458dfffff,2023,22,2,0,0.02532475912030764
8811aa4591fffff,2022,13,1,0,0.07766151581550745
8811aa4591fffff,2022,17,1,0,0.07917422456644796
8811aa4591fffff,2022,21,1,0,0.08222452504596002
8811aa4591fffff,2023,10,1,0,0.07806457598087364
8811aa4591fffff,2023,14,1,0,0.07803969300324258
8811aa4591fffff,2023,17,1,0,0.07917422456644796
8811aa4591fffff,2023,21,1,0,0.07863681101262637
8811aa4591fffff,2024,11,1,0,0.07690516144003721
8811aa4591fffff,2024,16,1,0,0.07879604737871283
8811aa4591fffff,2024,18,2,0,0.07955240175418309
8811aa4591fffff,2024,19,1,0,0.07852886019063181
8811aa4593fffff,2023,15,1,0,0.08104410666165413
8811aa4593fffff,2024,11,1,0,0.08004392848690413
8811aa4593fffff,2024,19,1,0,0.08306934598878514
8811aa4595fffff,2022,0,1,0,0.01040984258372206
8811aa4595fffff,2022,2,1,0,0.011331171261832487
8811aa4595fffff,2022,10,1,0,0.015979589298590686
8811aa4595fffff,2022,11,2,0,0.014390131332883815
8811aa4595fffff,2022,12,1,0,0.01673594367406093
8811aa4595fffff,2022,17,1,0,0.020164421341308112
8811aa4595fffff,2022,20,1,0,0.019761361175941922
8811aa4595fffff,2022,21,1,0,0.018089416058914964
8811aa4595fffff,2023,3,1,0,0.014107027027880033
8811aa4595fffff,2023,5,2,0,0.0139741932282544
8811aa4595fffff,2023,13,1,0,0.018651712590367617
8811aa4595fffff,2023,17,1,0,0.020164421341308112
8811aa4595fffff,2023,19,1,0,0.0193831839882068
8811aa4595fffff,2023,21,1,0,0.018089416058914964
8811aa4595fffff,2023,23,1,0,0.02078138260748663
8811aa4595fffff,2024,10,2,0,0.01638494989019432
8811aa4595fffff,2024,15,1,0,0.017870475237266304
8811aa4595fffff,2024,21,1,0,0.020139538363677045
8811aa4597fffff,2022,11,1,0,0.03496237134908106
8811aa4597fffff,2022,14,1,0,0.03455931118371487
8811aa4597fffff,2022,19,1,0,0.034698265424645165
8811aa4597fffff,2023,5,1,0,0.031041206362438095
8811aa4597fffff,2023,8,1,0,0.032290248057304134
8811aa4597fffff,2023,9,1,0,0.03266842524503926
8811aa4597fffff,2023,13,1,0,0.032131011691217674
8811aa4597fffff,2023,17,1,0,0.03364372044215817
8811aa4597fffff,2023,18,1,0,0.03607201993465537
8811aa4597fffff,2023,22,1,0,0.03784687615284056
8811aa4597fffff,2024,12,1,0,0.03175283450348255
8811aa4597fffff,2024,13,1,0,0.035718725724551315
8811aa4597fffff,2024,17,1,0,0.03569384274692025
8811aa4597fffff,2024,18,1,0,0.03402189762989329
8811aa4597fffff,2024,19,1,0,0.0364501971223905
8811aa4597fffff,2024,21,1,0,0.03720655149786074
8811aa4599fffff,2022,11,1,0,0.08157401004336659
8811aa4599fffff,2022,17,1,0,0.08230548144120577
8811aa4599fffff,2022,19,1,0,0.08268517821777065
8811aa4599fffff,2022,22,1,0,0.08445851484712608
8811aa4599fffff,2023,6,1,0,0.0762603843739975
8811aa4599fffff,2023,9,1,0,0.07739491593720288
8811aa4599fffff,2023,13,1,0,0.07890762468814336
8811aa4599fffff,2023,19,1,0,0.08117668781455412
8811aa4599fffff,2023,21,2,0,0.08244557276621488
8811aa4599fffff,2024,8,2,0,0.0779593127505287
8811aa4599fffff,2024,10,1,0,0.07777309312493799
8811aa4599fffff,2024,15,1,0,0.08014740831444912
8811aa4599fffff,2024,17,1,0,0.08042033343908386
8811aa4599fffff,2024,23,1,0,0.0829515440327393
8811aa459bfffff,2022,11,1,0,0.04969075161537148
8811aa459bfffff,2022,13,1,0,0.05300975887179433
8811aa459bfffff,2022,15,1,0,0.05325358267107405
8811aa459bfffff,2022,18,1,0,0.05250296623215752
8811aa459bfffff,2022,19,1,0,0.05271616911725247
8811aa459bfffff,2022,21,1,0,0.053935688402379646
8811aa459bfffff,2023,0,2,0,0.04662968237045817
8811aa459bfffff,2023,1,1,0,0.047844591911121656
8811aa459bfffff,2023,9,2,0,0.05175331540894909
8811aa459bfffff,2023,16,1,0,0.05363175985880918
8811aa459bfffff,2023,17,1,0,0.0521247890444224
8811aa459bfffff,2023,18,1,0,0.054388114234279424
8811aa459bfffff,2023,19,1,0,0.05476629142201455
8811aa459bfffff,2023,23,1,0,0.05654114764019974
8811aa459bfffff,2024,8,1,0,0.0485562200521661
8811aa459bfffff,2024,12,1,0,0.05211905110786868
8811aa459bfffff,2024,13,1,0,0.0506120802934819
8811aa459bfffff,2024,15,3,0,0.05257020856948669
8811aa459bfffff,2024,18,1,0,0.055925705962850986
8811aa459dfffff,2022,18,1,0,0.024709416780250685
8811aa459dfffff,2023,9,1,0,0.019255699785872486
8811aa459dfffff,2023,17,1,0,0.024629430199532315
8811aa459dfffff,2024,7,1,0,0.020549467715164322
8811aa459dfffff,2024,14,1,0,0.024007429212517462
8811aa459dfffff,2024,19,1,0,0.02508759396798581
8811aa45a1fffff,2022,8,1,0,0.004813392339398376
8811aa45a1fffff,2022,11,1,0,0.0055712663036983886
8811aa45a1fffff,2022,14,3,0,0.006228237838824919
8811aa45a1fffff,2022,17,1,0,0.008216987029014492
8811aa45a1fffff,2022,19,1,0,0.00897334140448474
8811aa45a1fffff,2022,20,2,0,0.009326835758953069
8811aa45a1fffff,2023,11,1,0,0.0038978015978416666
8811aa45a1fffff,2023,13,2,0,0.007473074142359776
8811aa45a1fffff,2023,19,2,0,0.009742137268770521
8811aa45a1fffff,2023,21,1,0,0.007679573475192905
8811aa45a1fffff,2024,10,1,0,0.0072432114207253455
8811aa45a1fffff,2024,11,1,0,0.006083796879888909
8811aa45a1fffff,2024,14,1,0,0.005197307463687218
8811aa45a1fffff,2024,16,1,0,0.005788687536517286
8811aa45a1fffff,2024,19,1,0,0.00948587198067526
8811aa45a3fffff,2022,0,1,0,0.06613955220336185
8811aa45a3fffff,2022,7,1,0,0.07040979305238491
8811aa45a3fffff,2022,16,2,0,0.07406965303009627
8811aa45a3fffff,2022,17,1,0,0.07214144262497407
8811aa45a3fffff,2023,6,1,1,0.07032980647166653
8811aa45a3fffff,2023,14,1,0,0.07305703336653077
8811aa45a3fffff,2023,16,2,0,0.07278832658961998
8811aa45a3fffff,2023,17,1,0,0.07214144262497407
8811aa45a3fffff,2024,0,1,0,0.06613955220336185
8811aa45a3fffff,2024,1,1,0,0.06840287739321886
8811aa45a3fffff,2024,6,1,0,0.06965495826574443
8811aa45a3fffff,2024,10,1,0,0.0694942023108282
8811aa45a3fffff,2024,11,1,0,0.06987237949856333
8811aa45a3fffff,2024,18,2,0,0.07354468096509023
8811aa45a3fffff,2024,21,1,0,0.07570427368067664
8811aa45a3fffff,2024,22,1,0,0.07445945033353456
8811aa45a5fffff,2022,4,1,0,0.06179458427895743
8811aa45a5fffff,2022,7,1,0,0.06304362597382346
8811aa45a5fffff,2022,9,2,0,0.06386791683793627
8811aa45a5fffff,2022,10,1,0,0.06447634814404558
8811aa45a5fffff,2022,12,1,0,0.06647210364107063
8811aa45a5fffff,2022,19,1,0,0.06553162992188286
8811aa45a5fffff,2022,21,2,0,0.06628798429735311
8811aa45a5fffff,2022,23,1,0,0.06730648614006805
8811aa45a5fffff,2023,9,1,0,0.061749858044531626
8811aa45a5fffff,2023,11,1,0,0.0660939264533355
8811aa45a5fffff,2023,13,1,0,0.0653126891002342
8811aa45a5fffff,2023,14,1,0,0.06722845801654088
8811aa45a5fffff,2023,18,2,0,0.06822863619129085
8811aa45a5fffff,2023,21,1,0,0.06645295859999328
8811aa45a5fffff,2024,13,1,0,0.06326256679547212
8811aa45a5fffff,2024,16,1,0,0.06439709835867749
8811aa45a5fffff,2024,17,1,0,0.06477527554641262
8811aa45a5fffff,2024,18,1,0,0.0652893257114329
8811aa45a5fffff,2024,19,1,0,0.06809428280283546
8811aa45a5fffff,2024,20,1,0,0.06860833296785575
8811aa45a5fffff,2024,21,1,0,0.06885063717830571
8811aa45a7fffff,2022,9,1,0,0.0596020219514166
8811aa45a7fffff,2022,16,2,0,0.06122420111318142
8811aa45a7fffff,2022,17,1,0,0.06057731714853551
8811aa45a7fffff,2023,8,1,0,0.05717372245891939
8811aa45a7fffff,2023,19,2,1,0.06338379382876784
8811aa45a7fffff,2023,23,1,0,0.06327350204483113
8811aa45a7fffff,2024,9,1,0,0.0596020219514166
8811aa45a7fffff,2024,15,1,0,0.05995683575035043
8811aa45a7fffff,2024,18,1,0,0.06095549433627063
8811aa45a7fffff,2024,19,1,0,0.061333671524005755
8811aa45a7fffff,2024,20,1,0,0.06427450159269346
8811aa45a7fffff,2024,22,1,0,0.0647804728592179
8811aa45a9fffff,2022,9,1,0,0.05331402229761154
8811aa45a9fffff,2023,14,1,0,0.0536673165077156
8811aa45a9fffff,2024,18,1,0,0.057606805162323534
8811aa45a9fffff,2024,21,1,0,0.056178683844576305
8811aa45abfffff,2022,18,1,0,0.018139753911091256
8811aa45abfffff,2023,8,1,0,0.012307859728977938
8811aa45abfffff,2023,14,1,0,0.01662704516015076
8811aa45abfffff,2023,18,1,0,0.018139753911091256
8811aa45abfffff,2024,10,2,0,0.015114336409210264
8811aa45abfffff,2024,12,1,0,0.01587069078468051
8811aa45abfffff,2024,17,1,0,0.018274107299546653
8811aa45adfffff,2022,14,1,0,0.03784173237649119
8811aa45adfffff,2022,17,1,0,0.03538854990636292
8811aa45adfffff,2022,19,1,0,0.03644309488884992
8811aa45adfffff,2022,22,1,0,0.03754158331228324
8811aa45adfffff,2023,14,1,0,0.03425401834315755
8811aa45adfffff,2024,7,1,0,0.03365690033377376
8811aa45adfffff,2024,18,3,0,0.03713347529727277
8811aa45adfffff,2024,21,1,0,0.0370662329599436
8811aa45b1fffff,2022,2,1,0,0.06153205678513026
8811aa45b1fffff,2022,9,2,0,0.06239278022968309
8811aa45b1fffff,2022,16,2,0,0.06599847354402169
8811aa45b1fffff,2022,21,1,0,0.06678181117899618
8811aa45b1fffff,2023,12,1,0,0.06337821648938008
8811aa45b1fffff,2023,15,2,0,0.06669874333463269
8811aa45b1fffff,2023,19,1,0,0.06807557910828801
8811aa45b1fffff,2023,23,1,0,0.06796528732435131
8811aa45b1fffff,2024,8,1,0,0.06442816061939219
8811aa45b1fffff,2024,9,1,0,0.06326874607855575
8811aa45b1fffff,2024,15,1,0,0.06656287035734752
8811aa45b1fffff,2024,17,1,0,0.0678317553090083
8811aa45b1fffff,2024,20,1,0,0.06845375629602314
8811aa45b1fffff,2024,21,2,0,0.06908819877185353
8811aa45b1fffff,2024,23,1,0,0.06780031302171113
8811aa45b3fffff,2022,18,1,0,0.08655061444344597
8811aa45b3fffff,2023,12,1,0,0.0863316736217973
8811aa45b5fffff,2022,9,1,0,0.03208504010473776
8811aa45b5fffff,2022,11,1,0,0.03173786633593837
8811aa45b5fffff,2022,12,2,0,0.03125193651450114
8811aa45b5fffff,2022,15,1,0,0.03230398092638642
8811aa45b5fffff,2022,17,1,0,0.033060335301856675
8811aa45b5fffff,2022,19,1,0,0.0339816639799671
8811aa45b5fffff,2023,9,2,0,0.030266500254804145
8811aa45b5fffff,2023,19,1,0,0.0339816639799671
8811aa45b5fffff,2023,20,1,0,0.03435984116770223
8811aa45b5fffff,2023,21,1,0,0.034573044052797174
8811aa45b5fffff,2024,1,1,3,0.027436622067979564
8811aa45b5fffff,2024,9,1,0,0.03289576128794503
8811aa45b5fffff,2024,10,2,0,0.031694421428187104
8811aa45b5fffff,2024,11,1,0,0.030791272175445927
8811aa45b5fffff,2024,22,1,0,0.035213368707776985
8811aa45b7fffff,2022,12,1,0,0.04193970138111574
8811aa45b7fffff,2022,15,1,0,0.04102411063955903
8811aa45b7fffff,2022,18,1,0,0.0433195763324306
8811aa45b7fffff,2023,5,1,0,0.03750448622945249
8811aa45b7fffff,2023,8,1,0,0.04042699263017525
8811aa45b7fffff,2023,9,1,1,0.04080516981791037
8811aa45b7fffff,2023,12,1,0,0.04035274398601059
8811aa45b7fffff,2023,13,1,0,0.042317878568850865
8811aa45b7fffff,2023,22,1,0,0.045983620725711674
8811aa45b7fffff,2024,9,2,0,0.04054890452981511
8811aa45b7fffff,2024,10,1,0,0.03913322470088341
8811aa45b7fffff,2024,13,1,0,0.042317878568850865
8811aa45b7fffff,2024,14,1,0,0.04269605575658599
8811aa45b7fffff,2024,15,1,0,0.04307423294432111
8811aa45b7fffff,2024,17,1,0,0.04383058731979136
8811aa45b9fffff,2022,1,1,0,0.005546724327074618
8811aa45b9fffff,2022,2,1,0,0.007300175613649711
8811aa45b9fffff,2022,7,1,0,0.010843163412557554
8811aa45b9fffff,2022,14,1,0,0.011576154399226503
8811aa45b9fffff,2022,15,1,0,0.012330989185866986
8811aa45b9fffff,2022,16,1,0,0.012709166373602108
8811aa45b9fffff,2023,0,1,0,0.006543821238179462
8811aa45b9fffff,2023,8,1,0,0.0077986008695992174
8811aa45b9fffff,2023,17,1,0,0.011037221256575152
8811aa45b9fffff,2023,19,3,0,0.013160323835220122
8811aa45b9fffff,2023,20,1,0,0.012171752819780526
8811aa45b9fffff,2023,23,1,0,0.013568431850230591
8811aa45b9fffff,2024,11,1,0,0.00906634873718116
8811aa45b9fffff,2024,13,1,0,0.009689486808274835
8811aa45b9fffff,2024,14,1,0,0.00990268969336978
8811aa45b9fffff,2024,16,3,0,0.011513261695824228
8811aa45b9fffff,2024,22,1,0,0.013190254662495467
8811aa45bbfffff,2022,8,1,0,0.008729315663957621
8811aa45bbfffff,2022,16,1,0,0.012267263742029133
8811aa45bbfffff,2022,18,1,0,0.01143666072239423
8811aa45bbfffff,2022,21,2,0,0.01219051452726276
8811aa45bbfffff,2023,14,1,0,0.011510909366558885
8811aa45bbfffff,2023,21,1,0,0.013268961505608872
8811aa45bbfffff,2024,7,1,0,0.00827267148433389
8811aa45bbfffff,2024,12,1,0,0.012292146719660196
8811aa45bbfffff,2024,13,1,0,0.01113273217882376
8811aa45bbfffff,2024,14,1,0,0.011510909366558885
8811aa45bbfffff,2024,20,1,0,0.014292503069160148
8811aa45bdfffff,2022,18,1,0,0.040637098567319244
8811aa45bdfffff,2022,20,2,0,0.043443575247551575
8811aa45bdfffff,2023,23,2,0,0.04279013197323956
8811aa45bdfffff,2024,10,1,0,0.03966180337020034
8811aa45bdfffff,2024,13,1,0,0.0389111869312838
8811aa45bdfffff,2024,16,1,0,0.041930866496611076
8811aa45bdfffff,2024,19,1,0,0.04306539805981645
8811aa45c1fffff,2022,0,1,1,0.065068186529011
8811aa45c1fffff,2022,13,2,0,0.0697889506545112
8811aa45c1fffff,2022,18,2,0,0.07185494306641628
8811aa45c1fffff,2022,19,1,0,0.07199140562873366
8811aa45c1fffff,2022,22,2,0,0.07427687450162286
8811aa45c1fffff,2023,5,2,0,0.0676308305179748
8811aa45c1fffff,2023,6,1,0,0.06858359259139359
8811aa45c1fffff,2023,8,1,0,0.06882741639067332
8811aa45c1fffff,2023,12,2,0,0.06932961465191029
8811aa45c1fffff,2023,13,1,0,0.06955736819968272
8811aa45c1fffff,2023,14,1,0,0.07160901009327458
8811aa45c1fffff,2023,17,1,0,0.07123505125326342
8811aa45c1fffff,2023,21,3,0,0.07342143366400626
8811aa45c1fffff,2024,0,1,0,0.06708920750841806
8811aa45c1fffff,2024,11,1,0,0.06880101382421248
8811aa45c1fffff,2024,13,1,0,0.07123083290553946
8811aa45c1fffff,2024,14,1,0,0.07109647951708405
8811aa45c1fffff,2024,22,1,0,0.07438404448620975
8811aa45c3fffff,2022,14,1,0,0.02039069589829842
8811aa45c3fffff,2023,5,1,0,0.019220903988800473
8811aa45c3fffff,2023,8,1,0,0.020171755076649756
8811aa45c3fffff,2023,13,1,0,0.02168598341642002
8811aa45c7fffff,2022,4,1,0,0.15992610133100346
8811aa45c7fffff,2022,7,1,0,0.16179444525399017
8811aa45c7fffff,2022,9,1,0,0.1615548398024344
8811aa45c7fffff,2022,16,1,0,0.16541237991278007
8811aa45c7fffff,2022,18,1,0,0.16466024388503378
8811aa45c7fffff,2022,21,1,1,0.1670889258822819
8811aa45c7fffff,2023,1,1,0,0.15948933898780737
8811aa45c7fffff,2023,5,1,0,0.16100204773874788
8811aa45c7fffff,2023,7,1,0,0.16033532051730723
8811aa45c7fffff,2023,12,1,0,0.16389967116183957
8811aa45c7fffff,2023,15,1,0,0.16365892862620499
8811aa45c7fffff,2023,18,1,0,0.16466024388503378
8811aa45c7fffff,2023,20,1,0,0.16641255808753005
8811aa45c7fffff,2024,14,1,0,0.16314753513409327
8811aa45c7fffff,2024,17,1,0,0.16425296537194364
8811aa45c7fffff,2024,18,1,0,0.1644952695823936
8811aa45c7fffff,2024,19,1,0,0.16654691147598544
8811aa45c7fffff,2024,21,2,0,0.16586138360042743
8811aa45c9fffff,2023,18,1,1,0.10594826696915732
8811aa45cbfffff,2022,0,1,0,0.002050122304762081
8811aa45cbfffff,2022,4,1,0,0.0031861734567972177
8811aa45cbfffff,2022,8,1,0,0.004813392339398376
8811aa45cbfffff,2022,10,1,0,0.003982789319763475
8811aa45cbfffff,2022,11,1,0,0.004062775900481846
8811aa45cbfffff,2022,14,1,0,0.007082455465809119
8811aa45cbfffff,2022,17,2,0,0.0062493518755725
8811aa45cbfffff,2022,20,1,0,0.0074663705900979635
8811aa45cbfffff,2022,21,2,1,0.008989602908367483
8811aa45cbfffff,2023,0,1,0,0.0004631649096569319
8811aa45cbfffff,2023,1,1,0,0.0010265807412108059
8811aa45cbfffff,2023,4,1,0,0.0024593029114329296
8811aa45cbfffff,2023,16,1,0,0.005953661839157466
8811aa45cbfffff,2023,18,1,0,0.010132755945321176
8811aa45cbfffff,2023,23,1,0,0.012285789351241493
8811aa45cbfffff,2024,8,1,2,0.0027632700346362955
8811aa45cbfffff,2024,15,1,1,0.007460632653544245
8811aa45cbfffff,2024,18,1,0,0.008595164216749615
8811aa45cbfffff,2024,19,1,0,0.0069232190997226585
8811aa45cbfffff,2024,21,1,0,0.007844547777833085
8811aa45cbfffff,2024,22,1,0,0.009480832259838928
8811aa45d1fffff,2022,18,1,0,0.03161240835601116
8811aa45d1fffff,2022,21,1,0,0.0328828128965017
8811aa45d1fffff,2023,15,1,0,0.029965346216615268
8811aa45d1fffff,2023,16,1,0,0.03085605398054091
8811aa45d1fffff,2024,1,1,0,0.0231810813578229
8811aa45d1fffff,2024,8,1,0,0.027318105902469397
8811aa45d1fffff,2024,9,1,0,0.02564616078544244
8811aa45d1fffff,2024,14,1,0,0.027702021026758242
8811aa45d1fffff,2024,17,2,0,0.030789637080728096
8811aa45d1fffff,2024,18,1,0,0.02918562845234372
8811aa45d1fffff,2024,20,1,0,0.030967043980195008
8811aa45d3fffff,2022,9,2,0,0.06607059230388462
8811aa45d3fffff,2022,12,1,0,0.06584131027529358
8811aa45d3fffff,2022,13,1,0,0.06621948746302872
8811aa45d3fffff,2022,14,1,1,0.06894597756254267
8811aa45d3fffff,2022,15,1,0,0.0693241547502778
8811aa45d3fffff,2022,17,1,0,0.06978231851873129
8811aa45d3fffff,2022,18,1,0,0.07169808743503799
8811aa45d3fffff,2022,20,2,0,0.07091685008193666
8811aa45d3fffff,2022,21,1,0,0.0712950272696718
8811aa45d3fffff,2022,23,1,0,0.07231352911238673
8811aa45d3fffff,2023,2,1,0,0.06488433874613965
8811aa45d3fffff,2023,9,1,0,0.06675690101685029
8811aa45d3fffff,2023,10,1,0,0.0665440806365063
8811aa45d3fffff,2023,11,2,0,0.06828205125660633
8811aa45d3fffff,2023,12,1,0,0.06789143258005569
8811aa45d3fffff,2023,13,2,0,0.06929467092017183
8811aa45d3fffff,2023,17,2,0,0.06875725736635024
8811aa45d3fffff,2023,19,2,0,0.06992030066987844
8811aa45d3fffff,2024,0,1,0,0.06275536694473803
8811aa45d3fffff,2024,3,1,0,0.06474998535768425
8811aa45d3fffff,2024,7,1,0,0.06600054664138005
8811aa45d3fffff,2024,8,1,0,0.06479176643401004
8811aa45d3fffff,2024,9,1,0,0.06675690101685029
8811aa45d3fffff,2024,11,1,0,0.06546313308755847
8811aa45d3fffff,2024,13,1,0,0.06621948746302872
8811aa45d3fffff,2024,14,1,0,0.06659766465076385
8811aa45d3fffff,2024,16,2,0,0.06921581253154349
8811aa45d3fffff,2024,17,1,0,0.06819536112362615
8811aa45d3fffff,2024,18,3,0,0.06953211303909244
8811aa45d3fffff,2024,21,2,0,0.06932739211622979
8811aa45d3fffff,2024,22,1,0,0.06988522961988954
8811aa45d5fffff,2022,11,1,0,0.04104978222195338
8811aa45d5fffff,2022,14,1,0,0.04064672205658719
8811aa45d5fffff,2022,20,1,0,0.041328827787892784
8811aa45d7fffff,2022,10,1,0,0.010845103004603628
8811aa45d7fffff,2022,14,1,0,0.014407934060306205
8811aa45d7fffff,2022,18,1,0,0.0159206428112467
8811aa45d7fffff,2022,22,1,0,0.01769549902943189
8811aa45d7fffff,2023,18,1,0,0.013870520506484619
8811aa45d9fffff,2022,6,1,0,0.042829345799931334
8811aa45d9fffff,2022,8,1,0,0.045635822480163665
8811aa45d9fffff,2022,14,2,0,0.04696231160551346
8811aa45d9fffff,2022,16,1,0,0.0482845823831393
8811aa45d9fffff,2022,19,1,0,0.04979577154525003
8811aa45d9fffff,2022,23,1,0,0.050681439588339344
8811aa45d9fffff,2023,3,2,0,0.042918106527140606
8811aa45d9fffff,2023,13,1,0,0.049064300147410846
8811aa45d9fffff,2023,14,2,0,0.048673681470860194
8811aa45d9fffff,2023,15,1,0,0.04982065452288109
8811aa45d9fffff,2023,17,2,0,0.04903941716977978
8811aa45d9fffff,2023,20,1,0,0.04812382642822307
8811aa45d9fffff,2023,21,1,0,0.051200529474195955
8811aa45d9fffff,2024,8,2,0,0.04358570017540159
8811aa45d9fffff,2024,12,1,0,0.04782603610993486
8811aa45d9fffff,2024,14,1,0,0.04650316685528801
8811aa45d9fffff,2024,17,5,0,0.04791184990216064
8811aa45d9fffff,2024,18,1,0,0.050955186086086464
8811aa45d9fffff,2024,20,1,0,0.04812382642822307
8811aa45dbfffff,2022,1,1,0,0.0003781771877351238
8811aa45dbfffff,2022,2,1,0,0.0007563543754702478
8811aa45dbfffff,2022,7,1,0,0.004435215151663252
8811aa45dbfffff,2022,9,1,1,0.004629673284409391
8811aa45dbfffff,2022,14,1,0,0.007082455465809119
8811aa45dbfffff,2022,16,2,0,0.006949621666183488
8811aa45dbfffff,2022,17,1,0,0.008216987029014492
8811aa45dbfffff,2023,9,1,0,0.0031414472223714194
8811aa45dbfffff,2023,10,1,0,0.0036845987127467226
8811aa45dbfffff,2023,11,1,0,0.0062461145096205
8811aa45dbfffff,2023,12,1,0,0.004275978785576791
8811aa45dbfffff,2023,13,2,0,0.006960543566169255
8811aa45dbfffff,2023,15,1,0,0.007460632653544245
8811aa45dbfffff,2023,17,1,0,0.007191925876633451
8811aa45dbfffff,2023,18,1,0,0.008218506617844255
8811aa45dbfffff,2023,19,1,0,0.0069232190997226585
8811aa45dbfffff,2023,21,1,0,0.007679573475192905
8811aa45dbfffff,2024,8,1,0,0.0037098641951287294
8811aa45dbfffff,2024,9,1,0,0.003306421525011599
8811aa45dbfffff,2024,10,1,0,0.003519624410106543
8811aa45dbfffff,2024,12,1,0,0.006838631666529391
8811aa45dbfffff,2024,17,2,0,0.008216987029014492
8811aa45dbfffff,2024,19,2,0,0.00801621674074628
8811aa45dbfffff,2024,21,3,0,0.00927215663797786
8811aa45dbfffff,2024,23,1,1,0.010371540023764572
8811aa45ddfffff,2022,9,1,0,0.08637918470446561
8811aa45ddfffff,2022,11,1,0,0.08675888148103049
8811aa45ddfffff,2022,13,1,0,0.0878918934554061
8811aa45ddfffff,2022,14,1,0,0.08638492264101932
8811aa45ddfffff,2023,8,1,0,0.0860010075167305
8811aa45ddfffff,2023,14,1,0,0.08827007064314123
8811aa45ddfffff,2023,18,2,0,0.0886518765935681
8811aa45ddfffff,2024,8,1,0,0.086513538092921
8811aa45ddfffff,2024,18,1,0,0.08773265708931965
8811aa45ddfffff,2024,20,1,0,0.09053913376955197
8811aa45e1fffff,2022,0,1,0,0.02535155316149536
8811aa45e1fffff,2022,13,2,0,0.031436130878791956
8811aa45e1fffff,2022,18,1,0,0.03189659507348289
8811aa45e1fffff,2022,22,1,0,0.03513057602835105
8811aa45e1fffff,2022,23,1,0,0.034512793389060145
8811aa45e1fffff,2023,3,2,1,0.027647018854366937
8811aa45e1fffff,2023,10,1,0,0.028871177571601903
8811aa45e1fffff,2023,13,1,0,0.030005709134807275
8811aa45e1fffff,2023,16,1,0,0.031603405607669575
8811aa45e1fffff,2023,23,1,0,0.034512793389060145
8811aa45e1fffff,2024,8,1,0,0.02857798810578859
8811aa45e1fffff,2024,17,1,0,0.032166821439223454
8811aa45e1fffff,2024,21,1,0,0.03319610093932845
8811aa45e3fffff,2022,21,4,0,0.07977105135706053
8811aa45e3fffff,2022,23,1,0,0.08080410386245297
8811aa45e3fffff,2024,10,1,0,0.07802333153296409
8811aa45e3fffff,2024,13,2,0,0.07717567728004997
8811aa45e3fffff,2024,15,1,0,0.07735156459068711
8811aa45e7fffff,2022,1,1,0,0.0721227035931358
8811aa45e7fffff,2022,3,2,0,0.07300077861587044
8811aa45e7fffff,2022,6,1,0,0.07426397264075722
8811aa45e7fffff,2022,9,2,0,0.0742635812440175
8811aa45e7fffff,2022,11,1,0,0.07464636817621631
8811aa45e7fffff,2022,12,2,0,0.07514184751912761
8811aa45e7fffff,2022,17,1,0,0.07791139112965308
8811aa45e7fffff,2022,18,1,0,0.07683044358070525
8811aa45e7fffff,2022,21,1,0,0.07942409988059358
8811aa45e7fffff,2023,0,1,0,0.07144633579838391
8811aa45e7fffff,2023,1,1,0,0.07082855315909302
8811aa45e7fffff,2023,10,1,0,0.07394089905610943
8811aa45e7fffff,2023,18,1,2,0.07726450716500716
8811aa45e7fffff,2024,0,1,0,0.07058359227573446
8811aa45e7fffff,2024,1,2,0,0.07182451298611904
8811aa45e7fffff,2024,3,1,1,0.07347005553668516
8811aa45e7fffff,2024,4,1,1,0.07196308472229838
8811aa45e7fffff,2024,8,2,0,0.07319909534331669
8811aa45e7fffff,2024,13,1,0,0.07493955764202963
8811aa45e7fffff,2024,14,1,0,0.0756159254367815
8811aa45e7fffff,2024,17,1,0,0.07710066994644581
8811aa45e7fffff,2024,18,1,0,0.07683044358070525
8811aa45e7fffff,2024,19,1,0,0.07720862076844037
8811aa45ebfffff,2022,13,1,0,0.05506927064689978
8811aa45ebfffff,2022,15,1,0,0.05453147458832725
8811aa45ebfffff,2022,17,1,0,0.055122854661157315
8811aa45ebfffff,2022,18,1,0,0.05566600615153262
8811aa45ebfffff,2022,20,1,0,0.05642236052700287
8811aa45ebfffff,2022,23,2,0,0.05780316055832113
8811aa45ebfffff,2023,11,1,0,0.0545272562406033
8811aa45ebfffff,2023,12,1,0,0.05339694302512188
8811aa45ebfffff,2023,18,1,0,0.0569601565855754
8811aa45ebfffff,2023,21,1,0,0.05680053771473799
8811aa45ebfffff,2023,22,1,0,0.057440862369717814
8811aa45ebfffff,2024,13,1,0,0.053775120212857
8811aa45ebfffff,2024,15,1,0,0.05552743441535327
8811aa45ebfffff,2024,17,1,0,0.0552878289637975
8811aa45ebfffff,2024,19,1,0,0.05604418333926774
8811aa45ebfffff,2024,23,1,0,0.057952255861829505
8811aa4605fffff,2022,16,1,0,0.09930864933499228
8811aa4605fffff,2024,7,1,0,0.09560686403835941
8811aa4605fffff,2024,20,1,0,0.10052316747891603
8811aa4607fffff,2022,11,1,0,0.02714986377633833
8811aa4607fffff,2023,19,1,0,0.03192721297596465
8811aa4607fffff,2023,20,1,0,0.030255267858937694
8811aa4607fffff,2024,19,1,0,0.03004206497384275
8811aa4607fffff,2024,21,1,0,0.0326835673514349
8811aa460dfffff,2022,9,1,0,0.08915342355292999
8811aa460dfffff,2022,21,1,1,0.09369154980575148
8811aa460dfffff,2022,22,1,0,0.09433187446073131
8811aa460dfffff,2024,17,1,0,0.09012871875004891
8811aa460dfffff,2024,20,1,0,0.09331337261801635
8811aa4621fffff,2022,14,1,0,0.037044374100479865
8811aa4621fffff,2023,17,1,0,0.0383147786409704
8811aa4621fffff,2023,21,1,0,0.041741736719387815
8811aa4621fffff,2024,10,1,0,0.03758178765430146
8811aa462bfffff,2022,15,1,0,0.15074105481313507
8811aa462dfffff,2023,12,1,0,0.03380230087480004
8811aa4631fffff,2024,10,1,0,0.11932615248187124
8811aa4633fffff,2023,8,1,0,0.2599456262428498
8811aa4639fffff,2022,21,1,0,0.07773135177908908
8811aa4639fffff,2024,14,1,0,0.07524908576758338
8811aa4639fffff,2024,18,1,0,0.07705998512554063
8811aa4641fffff,2022,9,1,0,0.09741084153503167
8811aa4641fffff,2022,14,1,0,0.09930172747370729
8811aa4643fffff,2022,17,1,0,0.145605957787137
8811aa4643fffff,2022,18,2,0,0.14590164782355206
8811aa4645fffff,2022,7,1,0,0.06450916174415078
8811aa4645fffff,2022,11,1,1,0.06602187049509127
8811aa4645fffff,2022,13,1,0,0.06502629317281619
8811aa4645fffff,2022,14,1,0,0.06527125405617475
8811aa4645fffff,2022,21,1,0,0.06980364237244252
8811aa4645fffff,2023,13,1,0,0.06486397554308461
8811aa4645fffff,2023,16,1,0,0.066027608431645
8811aa4645fffff,2023,20,2,0,0.0694254651847074
8811aa4645fffff,2024,0,1,0,0.06212406889724961
8811aa4645fffff,2024,8,1,0,0.0648873389318859
8811aa4645fffff,2024,9,1,0,0.06338036811749913
8811aa4645fffff,2024,18,1,0,0.06866911080923714
8811aa4645fffff,2024,20,1,0,0.0694254651847074
8811aa464bfffff,2024,12,1,0,0.14914898427205378
8811aa464bfffff,2024,15,1,0,0.14810017722612048
8811aa4651fffff,2022,4,1,0,0.12902248443737702
8811aa4651fffff,2022,13,1,0,0.13079131423381707
8811aa465bfffff,2022,13,1,0,0.028242497100622113
8811aa465bfffff,2023,11,1,0,0.025436020420389782
8811aa465bfffff,2023,17,2,0,0.028730144699181566
8811aa465bfffff,2023,20,1,0,0.028975488087291064
8811aa465bfffff,2023,21,1,0,0.029217792297741022
8811aa465bfffff,2024,18,1,0,0.03013338303929773
8811aa465bfffff,2024,21,1,1,0.031267914602503104
8811aa465dfffff,2022,9,1,0,0.056974644906715305
8811aa465dfffff,2023,17,1,0,0.06029825301561305
8811aa465dfffff,2023,19,1,0,0.06280653908882862
8811aa465dfffff,2023,23,1,0,0.06253127300225174
8811aa465dfffff,2024,12,1,0,0.05827415077256086
8811aa465dfffff,2024,17,1,0,0.062050184713358374
8811aa465dfffff,2024,20,1,0,0.06113459397180167
8811aa466bfffff,2023,7,1,0,0.12128490958715457
8811aa466bfffff,2024,16,1,0,0.1246885042767707
8811aa466bfffff,2024,19,1,0,0.12770818384209798
8811aa466bfffff,2024,21,1,0,0.1264144159128061
8811aa4681fffff,2022,23,1,0,0.189234376280288
8811aa4681fffff,2024,10,1,0,0.18456845594867718
8811aa4683fffff,2022,17,1,0,0.0539029644174081
8811aa4683fffff,2023,19,2,0,0.053822586439949985
8811aa4683fffff,2024,8,1,0,0.0524136190552689
8811aa4683fffff,2024,11,1,0,0.05214643186718788
8811aa4683fffff,2024,12,1,0,0.05033861377287576
8811aa4683fffff,2024,18,1,0,0.0537686110289527
8811aa4691fffff,2023,3,1,0,0.07474953248876161
8811aa4691fffff,2024,14,1,0,0.07684065307636999
8811aa4693fffff,2022,1,1,1,0.07171372252218132
8811aa4693fffff,2022,6,1,0,0.07129233868885015
8811aa4693fffff,2022,9,1,0,0.07259184455469572
8811aa4693fffff,2022,18,1,0,0.07583046494167166
8811aa4693fffff,2022,20,1,0,0.07675179361978209
8811aa4693fffff,2023,5,1,0,0.07134128327099991
8811aa4693fffff,2023,7,1,0,0.07180638885387045
8811aa4693fffff,2023,10,1,0,0.07280504743979066
8811aa4693fffff,2023,12,1,0,0.07356140181526091
8811aa4693fffff,2023,15,1,0,0.07486090768110645
8811aa4693fffff,2023,23,2,0,0.07856396541242507
8811aa4693fffff,2024,2,1,0,0.0705049423148113
8811aa4693fffff,2024,21,1,0,0.07863846121073376
8811aa4695fffff,2022,0,1,0,0.00016497430264017954
8811aa4695fffff,2022,15,1,0,0.005873675258439094
8811aa4695fffff,2022,17,2,0,0.007003597077180772
8811aa4695fffff,2022,19,2,0,0.007005706251042748
8811aa4695fffff,2022,20,1,0,0.0074663705900979635
8811aa4695fffff,2022,22,2,0,0.009049460498514203
8811aa4695fffff,2023,3,1,0,0.0012995058658455514
8811aa4695fffff,2023,9,1,0,0.003306421525011599
8811aa4695fffff,2023,12,1,0,0.004275978785576791
8811aa4695fffff,2023,14,1,2,0.006222368616068258
8811aa4695fffff,2024,0,1,0,0.00016497430264017954
8811aa4695fffff,2024,3,1,0,0.0033205268452526143
8811aa4695fffff,2024,4,1,1,0.001810899357957248
8811aa4695fffff,2024,8,1,0,0.004813392339398376
8811aa4695fffff,2024,9,2,0,0.003373029677199885
8811aa4695fffff,2024,11,2,0,0.004478268662674767
8811aa4695fffff,2024,21,1,0,0.007844547777833085
8811aa4695fffff,2024,23,1,0,0.00869807531790785
8811aa4697fffff,2022,0,1,1,0.05971617197102223
8811aa4697fffff,2022,14,1,0,0.06375254530504323
8811aa4697fffff,2022,15,1,0,0.06442891309979512
8811aa4697fffff,2023,1,1,0,0.06009434915875735
8811aa4697fffff,2023,4,1,0,0.060531111501953457
8811aa4697fffff,2023,10,2,0,0.062157349402782655
8811aa4697fffff,2023,12,1,0,0.0628312166269328
8811aa4697fffff,2023,13,1,0,0.06350758442168468
8811aa4697fffff,2023,14,2,0,0.06375254530504323
8811aa4697fffff,2023,16,1,0,0.06450889968051349
8811aa4697fffff,2023,18,2,0,0.06620782805704467
8811aa4697fffff,2024,1,1,0,0.05939657993874808
8811aa4697fffff,2024,9,1,0,0.06186165936636762
8811aa4697fffff,2024,13,1,0,0.06337436811730812
8811aa4697fffff,2024,22,1,1,0.06892525827629083
8811aa4699fffff,2022,0,2,0,0.1473764830416677
8811aa4699fffff,2022,14,1,0,0.1522438419000746
8811aa4699fffff,2022,18,1,0,0.15392152495365524
8811aa4699fffff,2023,7,1,0,0.14976157588856887
8811aa4699fffff,2023,9,1,0,0.15051793026403912
8811aa4699fffff,2023,16,2,0,0.1531506199155075
8811aa4699fffff,2024,12,1,0,0.1514874875246043
8811aa4699fffff,2024,17,1,0,0.15354334776592013
8811aa4699fffff,2024,19,1,0,0.15618485014351227
8811aa4699fffff,2024,20,2,1,0.15482697463263387
8811aa469dfffff,2022,8,1,0,0.03406747952726414
8811aa469dfffff,2022,18,1,0,0.03784925140461538
8811aa469dfffff,2022,21,1,0,0.03709863496569885
8811aa469dfffff,2023,6,1,0,0.031425977149671984
8811aa469dfffff,2023,7,1,0,0.0317750530120521
8811aa469dfffff,2023,13,1,0,0.03595836546593976
8811aa469dfffff,2023,19,1,0,0.03664047119724535
8811aa469dfffff,2024,7,1,1,0.03368930233952901
8811aa469dfffff,2024,11,1,0,0.033316863088347616
8811aa469dfffff,2024,12,1,0,0.03382825658045931
8811aa469dfffff,2024,14,1,0,0.03445139465155298
8811aa469dfffff,2024,17,1,0,0.03914453892273698
8811aa469dfffff,2024,18,1,0,0.03784925140461538
8811aa469dfffff,2024,20,1,0,0.036720457777963726
8811aa469dfffff,2024,21,1,0,0.03812369611807989
8811aa469dfffff,2024,22,1,0,0.03773895962067867
8811aa46a3fffff,2022,8,1,0,0.143392938764768
8811aa46a3fffff,2022,9,1,0,0.14395635459632186
8811aa46a3fffff,2022,10,1,0,0.1457362505353434
8811aa46a3fffff,2022,15,1,0,0.14725047887511367
8811aa46a3fffff,2022,16,1,0,0.14762865606284878
8811aa46a3fffff,2022,22,1,1,0.1500239936792191
8811aa46a3fffff,2023,10,1,0,0.14385110253322148
8811aa46a3fffff,2023,14,1,0,0.14584724053499748
8811aa46a3fffff,2023,15,1,0,0.14557701416925695
8811aa46a3fffff,2023,16,2,0,0.14612016565963223
8811aa46a3fffff,2023,18,2,0,0.1468765200351025
8811aa46a3fffff,2023,19,1,0,0.14755288782985435
8811aa46a3fffff,2023,20,1,0,0.14746790010793256
8811aa46a3fffff,2023,22,1,1,0.14862227492793265
8811aa46a3fffff,2024,1,1,0,0.14068055398549506
8811aa46a3fffff,2024,3,1,0,0.1414369083609653
8811aa46a3fffff,2024,7,1,0,0.14306412724356649
8811aa46a3fffff,2024,12,1,0,0.14444248260605155
8811aa46a3fffff,2024,21,1,0,0.14784607729566768
8811aa46a3fffff,2024,23,1,2,0.15134876502744662
8811aa46a7fffff,2022,0,1,0,0.021372663767089756
8811aa46a7fffff,2022,2,1,0,0.021616487566369486
8811aa46a7fffff,2022,5,1,0,0.02275101912957486
8811aa46a7fffff,2022,11,1,0,0.02376197496171488
8811aa46a7fffff,2022,17,1,0,0.026031038088125624
8811aa46a7fffff,2023,0,1,0,0.021372663767089756
8811aa46a7fffff,2023,2,1,0,0.020620527739343465
8811aa46a7fffff,2023,3,1,0,0.021994664754104613
8811aa46a7fffff,2023,5,2,0,0.022319647368250133
8811aa46a7fffff,2023,9,1,0,0.02400158041327066
8811aa46a7fffff,2023,11,1,0,0.024060165568731636
8811aa46a7fffff,2023,23,1,0,0.028562248681781064
8811aa46a7fffff,2024,4,1,0,0.02137688211481371
8811aa46a7fffff,2024,11,1,1,0.02376197496171488
8811aa46a7fffff,2024,13,1,0,0.025001758588020635
8811aa46a7fffff,2024,20,2,0,0.02708308250001091
8811aa46a7fffff,2024,21,1,0,0.02737877253642594
8811aa46a9fffff,2023,13,1,0,0.38141557180571023
8811aa46a9fffff,2023,20,1,0,0.3842277864224963
8811aa46a9fffff,2023,21,1,0,0.38457686228487636
8811aa46a9fffff,2024,5,1,0,0.3787881747483591
8811aa46a9fffff,2024,7,1,0,0.3793114829819397
8811aa46abfffff,2022,23,1,0,0.2038965870334762
8811aa46abfffff,2024,7,1,0,0.19741863025982936
8811aa46b3fffff,2023,21,1,0,0.2209022380669718
8811aa46b3fffff,2023,22,1,0,0.22051750156957056
8811aa46b3fffff,2024,10,1,0,0.21558135487221922
8811aa46b3fffff,2024,14,1,0,0.2172590379257999
8811aa46b3fffff,2024,21,1,0,0.21990627823994577
8811aa46b5fffff,2022,4,1,0,0.03507478126688395
8811aa46b5fffff,2022,11,1,0,0.03638544729487049
8811aa46b5fffff,2022,18,1,0,0.0387344970019996
8811aa46b5fffff,2022,19,1,0,0.039112674189734735
8811aa46b5fffff,2022,20,1,0,0.039624067681846425
8811aa46b5fffff,2023,14,1,0,0.03910693625318101
8811aa46b5fffff,2023,19,2,0,0.040055248190795686
8811aa46b5fffff,2023,22,1,0,0.0423945012223067
8811aa46b5fffff,2024,0,1,0,0.032189455090012066
8811aa46b5fffff,2024,9,1,0,0.035629092919400245
8811aa46b5fffff,2024,21,1,0,0.04137751896842152
8811aa46b9fffff,2022,2,1,0,0.1382466944729378
8811aa46b9fffff,2022,7,1,0,0.14108573274056851
8811aa46b9fffff,2022,8,2,0,0.14070966472669538
8811aa46b9fffff,2022,13,1,0,0.14214449607077947
8811aa46b9fffff,2022,14,1,0,0.14222448265149784
8811aa46b9fffff,2022,16,1,0,0.1429808370269681
8811aa46b9fffff,2022,18,1,0,0.14357221709979817
8811aa46b9fffff,2022,21,1,0,0.1458676827926697
8811aa46b9fffff,2023,3,1,0,0.13983517145687271
8811aa46b9fffff,2024,0,1,0,0.1371921494904508
8811aa46b9fffff,2024,1,1,0,0.13786851728520266
8811aa46b9fffff,2024,5,2,1,0.14033526054424772
8811aa46b9fffff,2024,9,1,0,0.14016862241018205
8811aa46b9fffff,2024,18,1,0,0.14373719140243835
8811aa46b9fffff,2024,19,1,0,0.14411536859017346
8811aa46b9fffff,2024,21,1,0,0.14500493927002028
8811aa46b9fffff,2024,22,1,0,0.14599547687145903
8811aa46bbfffff,2022,9,1,0,0.111554909170322
8811aa46bbfffff,2023,9,1,0,0.111554909170322
8811aa46bdfffff,2022,16,1,0,0.03826948114304671
8811aa46bdfffff,2022,21,1,0,0.04088723762708662
8811aa46bdfffff,2023,0,1,0,0.03167007242332214
8811aa46bdfffff,2023,6,1,0,0.034702049234869234
8811aa46bdfffff,2023,7,1,0,0.033406761716747634
8811aa46bdfffff,2023,12,1,0,0.035433520632708417
8811aa46bdfffff,2023,13,1,0,0.03584079914579856
8811aa46bdfffff,2024,1,1,0,0.03139984605758159
8811aa46bdfffff,2024,17,1,0,0.03735350789673906
8811aa46bdfffff,2024,18,2,0,0.03764919793315409
8811aa46bdfffff,2024,23,1,0,0.03971974418775432
8811aa46d1fffff,2022,10,1,0,0.18876648680500285
8811aa46d1fffff,2022,11,1,0,0.18914466399273797
8811aa46d1fffff,2022,14,1,0,0.1902791955559434
8811aa46d1fffff,2022,16,1,0,0.19133374053843036
8811aa46d1fffff,2022,21,1,0,0.19276146156744906
8811aa46d1fffff,2022,22,1,0,0.19356676052506905
8811aa46d1fffff,2023,20,1,0,0.19238328437971394
8811aa46d1fffff,2024,7,1,0,0.1877651715461741
8811aa46d1fffff,2024,8,3,1,0.18868380608933497
8811aa46d1fffff,2024,9,1,0,0.18989680002048429
8811aa46d1fffff,2024,11,1,0,0.1895787275770399
8811aa46d1fffff,2024,15,1,0,0.19095556335069525
8811aa46d1fffff,2024,19,1,0,0.19217008149461898
8811aa46d3fffff,2023,18,1,0,0.05750327745054321
8811aa46d3fffff,2024,1,1,0,0.05270903015222218
8811aa46d7fffff,2023,13,1,1,0.08698547057471263
8811aa46d7fffff,2023,16,1,0,0.08814910346327302
8811aa46d9fffff,2022,8,1,0,0.061961141968124286
8811aa46d9fffff,2022,9,2,0,0.06233931915585941
8811aa46d9fffff,2022,10,1,0,0.0640901137695259
8811aa46d9fffff,2022,11,1,0,0.06527901214046831
8811aa46d9fffff,2023,4,1,0,0.06221907108764503
8811aa46d9fffff,2023,10,1,0,0.06255252204095436
8811aa46d9fffff,2023,11,1,0,0.0633938641383464
8811aa46d9fffff,2023,12,1,0,0.0633088764164246
8811aa46d9fffff,2023,17,1,0,0.06519976235510022
8811aa46d9fffff,2023,20,1,0,0.06838441622306766
8811aa46d9fffff,2024,7,1,0,0.06158296478038917
8811aa46d9fffff,2024,10,1,0,0.06271749634359454
8811aa46d9fffff,2024,15,1,0,0.06460838228227014
8811aa46d9fffff,2024,21,1,0,0.06876259341080279
8811aa46e5fffff,2023,7,1,0,0.45545485065252844
8811aa46e5fffff,2023,12,1,0,0.45872101069004406
8811aa46e5fffff,2024,13,1,0,0.45759069747456266
8811aa46e7fffff,2024,15,1,0,0.5015272433406972
8811aa4701fffff,2022,11,1,0,0.024235966468383323
8811aa4701fffff,2022,12,1,0,0.02461414365611845
8811aa4701fffff,2022,17,1,0,0.02680322020181082
8811aa4701fffff,2022,18,1,0,0.026883206782529194
8811aa4701fffff,2022,21,1,0,0.029691203051591286
8811aa4701fffff,2023,12,1,0,0.02477911795875863
8811aa4701fffff,2023,14,2,0,0.026395559183969738
8811aa4701fffff,2023,16,1,0,0.026291826709699127
8811aa4701fffff,2024,6,2,0,0.023330908186144445
8811aa4701fffff,2024,8,1,0,0.023101434905177954
8811aa4701fffff,2024,17,3,0,0.02724339513059482
8811aa4705fffff,2022,14,1,0,0.04516628150179799
8811aa4705fffff,2022,17,1,0,0.0460026224579866
8811aa4705fffff,2022,18,2,0,0.048687187238579066
8811aa4705fffff,2022,22,1,0,0.05071830874485952
8811aa4705fffff,2023,18,1,0,0.0465457739483619
8811aa4705fffff,2023,21,1,0,0.04956545351368918
8811aa4705fffff,2024,18,1,0,0.046380799645721726
8811aa4705fffff,2024,20,1,0,0.047302128323832154
8811aa4709fffff,2022,7,1,0,0.03962160391367609
8811aa4743fffff,2022,11,1,0,0.07766235238651821
8811aa474bfffff,2022,18,1,0,0.07041952962971199
8811aa474bfffff,2024,18,1,1,0.07041952962971199
8811aa474bfffff,2024,22,1,0,0.07079266709661078
8811aa4753fffff,2022,19,1,0,0.04843892344929803
8811aa4753fffff,2023,10,1,0,0.04487035445704173
8811aa4753fffff,2023,19,1,0,0.04827394914665785
8811aa4753fffff,2024,21,1,0,0.09580645893275058
8811aa4757fffff,2022,17,1,0,0.24395058488177443
8811aa4757fffff,2023,19,1,0,0.2445737229528681
8811aa4757fffff,2023,21,1,0,0.2451651030256982
8811aa4801fffff,2022,12,1,0,0.047554319388055
8811aa4801fffff,2022,13,1,0,0.05152021060912376
8811aa4801fffff,2022,14,1,0,0.04831067376352524
8811aa4801fffff,2022,17,1,0,0.0514953276314927
8811aa4801fffff,2024,2,1,1,0.044497859887605386
8811aa4801fffff,2024,3,1,0,0.04557380629534978
8811aa4801fffff,2024,19,1,0,0.05020155970220087
8811aa4801fffff,2024,23,1,0,0.05197641592038606
8811aa4809fffff,2024,16,1,0,0.11401380530804602
8811aa480bfffff,2024,22,1,0,0.15295471502432467
8811aa480dfffff,2024,7,1,0,0.12047616690652736
8811aa4819fffff,2022,11,1,0,0.015602704298160023
8811aa4819fffff,2023,15,1,0,0.018867344746845847
8811aa4819fffff,2023,19,1,0,0.020380053497786346
8811aa4819fffff,2023,23,1,0,0.020104787411209454
8811aa4819fffff,2024,8,1,0,0.01622010443269998
8811aa481bfffff,2022,21,1,0,0.12107811536835898
8811aa481bfffff,2023,10,1,0,0.11691816630327263
8811aa481bfffff,2023,23,1,0,0.12360510761429047
8811aa481bfffff,2024,20,1,0,0.1222084285838404
8811aa4821fffff,2023,15,1,1,0.0781520095789685
8811aa4835fffff,2022,16,1,0,0.11844201938862632
8811aa4835fffff,2023,19,1,1,0.11790308624597497
8811aa4839fffff,2022,2,1,0,0.12795566387113225
8811aa4839fffff,2024,21,1,0,0.1365523476767116
8811aa483bfffff,2023,13,1,0,0.2915624249581922
8811aa484dfffff,2022,8,1,0,0.08550955387306775
8811aa484dfffff,2023,14,1,0,0.08586436767200156
8811aa4851fffff,2022,22,1,0,0.11268649695531442
8811aa4851fffff,2023,15,1,0,0.10977710917392386
8811aa4853fffff,2022,7,1,0,0.04253936638102512
8811aa4853fffff,2022,14,1,0,0.045186606695170994
8811aa4853fffff,2023,13,1,0,0.04275830720267378
8811aa4853fffff,2023,18,1,0,0.04669931544611149
8811aa4853fffff,2024,16,1,0,0.04659136462411692
8811aa4853fffff,2024,17,1,0,0.04632113825837637
8811aa4857fffff,2022,13,1,0,0.032614386165360665
8811aa4857fffff,2023,0,1,1,0.027960230192048748
8811aa4857fffff,2023,8,1,0,0.030723500226685043
8811aa4857fffff,2023,17,1,0,0.03412709491630117
8811aa4857fffff,2023,19,1,0,0.03299830128964951
8811aa4857fffff,2023,23,1,1,0.03460818320519452
8811aa4857fffff,2024,6,1,0,0.027917023546452716
8811aa4857fffff,2024,15,2,0,0.03351983584433929
8811aa4857fffff,2024,18,1,0,0.03450527210403629
8811aa4861fffff,2022,13,1,0,0.1916336329423584
8811aa4861fffff,2023,23,1,0,0.1496856734070927
8811aa4863fffff,2022,12,1,0,0.0563252259332638
8811aa4863fffff,2022,15,1,0,0.05699659258681224
8811aa4863fffff,2024,15,1,0,0.05699659258681224
8811aa4863fffff,2024,17,1,0,0.057917921264922664
8811aa4865fffff,2022,13,1,0,0.04599436131451546
8811aa4865fffff,2023,17,1,0,0.04820483928546523
8811aa4865fffff,2024,16,1,0,0.046665727968063904
8811aa4865fffff,2024,17,1,0,0.04717977813308419
8811aa4865fffff,2024,18,1,0,0.04758705664617433
8811aa4865fffff,2024,20,1,0,0.04834341102164458
8811aa486bfffff,2022,0,1,0,0.05094626040201626
8811aa4887fffff,2024,20,1,0,0.1390044973942141
8811aa488dfffff,2023,19,1,0,0.08517142802576083
8811aa4895fffff,2023,16,1,1,0.14062363900596128
8811aa48b3fffff,2024,7,1,0,0.08387232617011389
8811aa48b9fffff,2022,19,1,0,0.031370458297563686
8811aa48b9fffff,2024,7,1,0,0.024782209739980108
8811aa48c5fffff,2024,21,1,0,0.17855253479748892
8811aa48c9fffff,2022,7,1,0,0.021239208832688858
8811aa48c9fffff,2022,9,1,0,0.021995563208159107
8811aa48c9fffff,2022,19,1,0,0.025777335085510347
8811aa48c9fffff,2023,23,1,0,0.027552191303695538
8811aa48d1fffff,2022,19,1,0,0.07799759782538915
8811aa48d3fffff,2024,16,1,0,0.13310714483083508
8811aa48d5fffff,2023,7,1,0,0.25007827691574824
8811aa48d9fffff,2023,7,1,0,0.028153495538765182
8811aa48d9fffff,2023,17,1,0,0.0339853897208785
8811aa48d9fffff,2024,17,1,0,0.0339853897208785
8811aa48dbfffff,2022,14,1,0,0.02578867923707809
8811aa48dbfffff,2022,18,1,0,0.026788857411828067
8811aa48dbfffff,2023,1,1,0,0.01989512214221137
8811aa48dbfffff,2023,9,1,0,0.02150011472009005
8811aa48dbfffff,2023,13,1,0,0.025196162080169202
8811aa48dbfffff,2023,19,1,0,0.02511691229480111
8811aa48dbfffff,2024,13,2,0,0.022847849168390364
8811aa48e1fffff,2023,21,1,1,0.38004038044068
8811aa4907fffff,2022,7,1,0,0.6679466696150197
8811aa4907fffff,2022,13,1,1,0.6702157327414304
8811aa4907fffff,2023,8,1,0,0.6681598725001147
8811aa490dfffff,2024,3,1,1,0.4641270465607163
8811aa490dfffff,2024,8,1,0,0.46413972631168704
8811aa4931fffff,2024,19,1,1,0.356202389209116
8811aa4937fffff,2022,7,1,1,0.1537618070624036
8811aa4937fffff,2022,14,1,0,0.15452389937442754
8811aa4937fffff,2024,21,1,1,0.15700616538593323
8811aa493dfffff,2023,18,1,0,0.4818609517336345
8811aa493dfffff,2024,8,1,0,0.4782441541589235
8811aa493dfffff,2024,10,1,1,0.47913372483877026
8811aa493dfffff,2024,21,1,0,0.4829954832968399
8811aa4941fffff,2022,10,1,0,0.11512393715915673
8811aa4947fffff,2022,11,1,0,0.2747424702979165
8811aa4947fffff,2022,16,1,0,0.27495989153073536
8811aa4949fffff,2023,12,1,0,0.15757065645774365
8811aa4949fffff,2023,16,1,0,0.16029366500488396
8811aa4951fffff,2022,4,1,1,0.2705829927933902
8811aa495bfffff,2022,15,1,0,0.09453962671966373
8811aa495bfffff,2023,8,1,0,0.09342997813408942
8811aa495bfffff,2023,18,1,0,0.09567415828286911
8811aa4981fffff,2023,17,1,0,0.08088820230819818
8811aa4989fffff,2023,11,1,0,0.07090298195763507
8811aa49a3fffff,2022,16,1,1,0.08646350627722746
8811aa49a3fffff,2023,22,1,0,0.09104483917564499
8811aa49a3fffff,2024,12,1,0,0.08700091983104906
8811aa49a3fffff,2024,15,1,0,0.08757355515153031
8811aa49a9fffff,2022,19,1,0,0.3503523675107412
8811aa49a9fffff,2024,10,1,0,0.34681289984383995
8811aa49bdfffff,2023,9,1,0,0.06153001407607548
8811aa49bdfffff,2023,19,1,0,0.06501359534640995
8811aa49bdfffff,2024,16,1,0,0.06387906378320458
8811aa49c9fffff,2022,12,1,0,0.08088957930976007
8811aa49c9fffff,2023,8,1,0,0.03478671043024433
8811aa49c9fffff,2024,15,1,0,0.036785547190914515
8811aa4a37fffff,2024,13,1,0,0.3364318953418264
8811aa4a85fffff,2022,14,1,0,0.11933620443466193
8811aa4a85fffff,2022,21,1,0,0.1219834447488078
8811aa4a85fffff,2024,19,1,0,0.12327721267809964
8811aa4a8dfffff,2022,20,1,0,0.04905092390284116
8811aa4aa1fffff,2022,6,1,0,0.014580441398313992
8811aa4aa1fffff,2022,8,1,0,0.015336795773784238
8811aa4aa1fffff,2022,13,1,0,0.01722768171245986
8811aa4aa1fffff,2022,22,1,0,0.02243101559789223
8811aa4aa1fffff,2022,23,1,0,0.019221478752293714
8811aa4aa1fffff,2023,6,1,0,0.014580441398313992
8811aa4aa1fffff,2023,7,1,0,0.014958618586049115
8811aa4aa1fffff,2023,8,1,0,0.015336795773784238
8811aa4aa1fffff,2023,9,1,0,0.015714972961519365
8811aa4aa1fffff,2023,15,1,0,0.01798403608793011
8811aa4aa1fffff,2023,17,1,0,0.018740390463400355
8811aa4aa1fffff,2023,18,1,0,0.01911856765113548
8811aa4aa1fffff,2023,21,3,0,0.02059478626513453
8811aa4aa1fffff,2024,10,1,0,0.01609315014925449
8811aa4aa3fffff,2022,21,1,0,0.06937990178389553
8811aa4aa3fffff,2024,23,1,0,0.07039840362661047
8811aa4aa5fffff,2023,5,1,0,0.05358489744717828
8811aa4aa5fffff,2023,11,1,0,0.053918348400487606
8811aa4aa5fffff,2023,13,1,0,0.05672482508071993
8811aa4aa5fffff,2024,15,1,0,0.0554310571514281
8811aa4aa7fffff,2022,1,1,2,0.0753860690606524
8811aa4aa7fffff,2022,16,1,0,0.08079657940943456
8811aa4aa7fffff,2023,21,1,0,0.08268746534811018
8811aa4aa9fffff,2022,11,1,0,0.14124920797178492
8811aa4aa9fffff,2022,20,1,0,0.14670292496616313
8811aa4aadfffff,2023,7,1,0,0.028134429257691995
8811aa4ab1fffff,2022,19,1,0,0.07829898121647252
8811aa4ab5fffff,2022,10,1,0,0.0036845987127467226
8811aa4ab5fffff,2022,13,1,0,0.005815090102978117
8811aa4ab5fffff,2022,20,1,0,0.009351518592219863
8811aa4ab5fffff,2022,21,1,0,0.007844547777833085
8811aa4ab5fffff,2023,13,1,0,0.006704278278073995
8811aa4ab5fffff,2023,19,1,0,0.00897334140448474
8811aa4ab7fffff,2023,11,1,0,0.05918747261193703
8811aa4ab7fffff,2024,7,1,0,0.0566003370420819
8811aa4ab7fffff,2024,8,1,0,0.05856547162492217
8811aa4abbfffff,2024,16,1,0,0.029445211512699087
8811aa4abdfffff,2024,13,1,0,0.1454577653161115
8811aa4ac5fffff,2023,23,1,0,0.06451553088627948
8811aa4acdfffff,2022,23,1,0,0.0824848628407595
8811aa4acdfffff,2023,21,1,1,0.07787864696471092
8811aa4acdfffff,2024,13,1,0,0.07515142006984668
8811aa4acdfffff,2024,16,1,0,0.07803788333079739
8811aa4ae5fffff,2022,8,1,0,0.012399543867498626
8811aa4ae5fffff,2023,10,1,0,0.013291771220254036
8811aa4ae5fffff,2023,11,1,0,0.014046606006894518
8811aa4ae5fffff,2023,12,1,0,0.014048125595724282
8811aa4ae5fffff,2024,0,1,0,0.00925961623395697
8811aa4aebfffff,2024,17,1,1,0.05135504954258301
8811aa4b21fffff,2022,4,1,0,0.030749770865625487
8811aa4b21fffff,2022,14,1,0,0.03443436957837221
8811aa4b21fffff,2022,18,1,0,0.035648887722295956
8811aa4b21fffff,2023,4,1,1,0.030749770865625487
8811aa4b21fffff,2024,5,1,0,0.03129292235600079
8811aa4b21fffff,2024,19,1,0,0.0358620906073909
8811aa4b23fffff,2022,15,1,0,0.16378691892356506
8811aa4b31fffff,2022,8,1,0,0.08098091808686388
8811aa4b31fffff,2022,15,1,0,0.08409132331066668
8811aa4b31fffff,2022,19,1,0,0.08719098945671232
8811aa4b31fffff,2024,16,1,0,0.08417130989138505
8811aa4b33fffff,2022,16,1,0,0.1291985733982953
8811aa4b35fffff,2024,13,1,0,0.14656028911707705
8811aa4b37fffff,2023,17,1,0,0.13761101076286134
8811aa4b39fffff,2023,19,1,0,0.27521838924926556
8811aa4b3dfffff,2024,0,1,0,0.2052039488401682
8811aa4b41fffff,2022,7,1,1,0.1594000778716595
8811aa4b43fffff,2022,20,1,0,0.24936680021758081
8811aa4b43fffff,2023,10,1,0,0.24623343189370528
8811aa4b45fffff,2022,14,1,0,0.051131017145882085
8811aa4b45fffff,2023,17,1,0,0.05431567101384954
8811aa4b45fffff,2024,0,1,0,0.04814880628959713
8811aa4b47fffff,2022,13,1,0,0.07486421757814951
8811aa4b47fffff,2022,17,1,1,0.07654190063173019
8811aa4b47fffff,2024,21,2,0,0.07891469623241154
8811aa4b63fffff,2022,7,1,0,0.08152766827707181
8811aa4b63fffff,2023,14,1,0,0.0821247862864556
8811aa4b63fffff,2024,19,1,2,0.08401567222513123
8811aa4b6bfffff,2024,22,1,1,0.044253153472363076
8811aa4b6dfffff,2024,13,1,0,0.17163239183833862
8811aa4c03fffff,2024,20,1,0,0.036562908584520645
8811aa4c05fffff,2022,15,1,0,0.07827154951244074
8811aa4c05fffff,2022,18,1,0,0.03241824236875844
8811aa4c05fffff,2022,21,1,1,0.03573611254110246
8811aa4c05fffff,2023,9,1,0,0.03052313808235887
8811aa4c05fffff,2024,0,1,1,0.07183597801127753
8811aa4c05fffff,2024,3,1,0,0.028516222423192822
8811aa4c05fffff,2024,14,1,0,0.03190149344484398
8811aa4c05fffff,2024,16,1,0,0.0335470359954101
8811aa4c05fffff,2024,20,1,0,0.034170556571254715
8811aa4c07fffff,2022,1,1,0,0.037087935150830864
8811aa4c07fffff,2022,17,1,0,0.04322683563380708
8811aa4c07fffff,2022,23,1,1,0.045758046227462525
8811aa4c07fffff,2023,17,1,0,0.04360349323271245
8811aa4c07fffff,2023,21,1,0,0.04452520441557381
8811aa4c07fffff,2024,17,1,0,0.042714305057616565
8811aa4c07fffff,2024,21,1,0,0.04473954438474758
8811aa4c09fffff,2024,9,1,0,0.007499584662762157
8811aa4c0bfffff,2022,9,1,0,0.00903238400143562
8811aa4c0bfffff,2024,13,1,0,0.013107745633328716
8811aa4c11fffff,2022,9,1,0,0.1041436264387907
8811aa4c11fffff,2024,14,1,0,0.10398439007270424
8811aa4c13fffff,2022,8,1,0,0.029807978899224326
8811aa4c13fffff,2022,12,1,0,0.031187471345788247
8811aa4c13fffff,2022,15,2,0,0.03326457691005458
8811aa4c13fffff,2022,19,1,0,0.03413290226695087
8811aa4c13fffff,2022,22,1,0,0.03506641638774401
8811aa4c13fffff,2023,8,1,0,0.0311832529980643
8811aa4c13fffff,2023,13,1,0,0.03498838826421684
8811aa4c13fffff,2023,16,1,0,0.036258792804707375
8811aa4c13fffff,2023,21,1,0,0.03459106603540437
8811aa4c13fffff,2023,22,1,0,0.03520228936502917
8811aa4c13fffff,2024,17,1,0,0.034963505286585775
8811aa4c13fffff,2024,20,1,0,0.034511079454686
8811aa4c15fffff,2022,20,1,0,0.025656767492261697
8811aa4c15fffff,2024,9,1,0,0.020471757274794295
8811aa4c15fffff,2024,13,1,0,0.021984466025734787
8811aa4c17fffff,2022,10,1,0,0.13753079981847613
8811aa4c17fffff,2022,17,1,0,0.14034301443526218
8811aa4c17fffff,2024,0,1,1,0.13417614971100975
8811aa4c19fffff,2024,4,1,0,0.05626317540795519
8811aa4c1bfffff,2022,11,1,0,0.0309221575275422
8811aa4c1bfffff,2022,12,1,0,0.03130033471527732
8811aa4c1bfffff,2022,13,1,0,0.03167851190301245
8811aa4c1bfffff,2022,17,1,0,0.03319122065395295
8811aa4c1bfffff,2023,12,1,0,0.03130033471527732
8811aa4c1bfffff,2024,8,2,0,0.03055642182862261
8811aa4c1bfffff,2024,12,1,0,0.029548403017531994
8811aa4c1dfffff,2023,19,1,0,0.08051991200814192
8811aa4c1dfffff,2024,13,1,0,0.07825084888173117
8811aa4c21fffff,2024,20,1,0,0.04988476163285297
8811aa4c23fffff,2022,2,1,0,0.021124269035310998
8811aa4c23fffff,2022,17,2,0,0.025847142334673175
8811aa4c23fffff,2023,14,1,0,0.025776905419793147
8811aa4c23fffff,2023,16,1,0,0.026533259795263393
8811aa4c23fffff,2024,10,1,0,0.024264196668852656
8811aa4c25fffff,2024,16,1,0,0.11950710514119489
8811aa4c27fffff,2023,18,1,0,0.037685212796964476
8811aa4c29fffff,2022,20,1,0,0.09179855218844206
8811aa4c29fffff,2023,21,1,0,0.09236196801999594
8811aa4c29fffff,2024,14,1,0,0.08923129845501455
8811aa4c29fffff,2024,15,1,0,0.08858441449036863
8811aa4c29fffff,2024,22,1,0,0.0914938022717592
8811aa4c31fffff,2022,19,2,0,0.07628992171230072
8811aa4c31fffff,2023,19,1,0,0.07628992171230072
8811aa4c31fffff,2024,18,1,0,0.07591174452456559
8811aa4c35fffff,2022,18,1,0,0.030338067057697145
8811aa4c35fffff,2023,8,1,0,0.024506172875583824
8811aa4c35fffff,2023,13,1,0,0.026397058814259442
8811aa4c35fffff,2023,17,1,0,0.029959889869962023
8811aa4c35fffff,2023,19,2,0,0.02969118309305123
8811aa4c35fffff,2023,20,2,0,0.031094421433167388
8811aa4c35fffff,2024,7,1,0,0.0241279956878487
8811aa4c35fffff,2024,8,1,0,0.02655629518034591
8811aa4c35fffff,2024,12,1,0,0.029606595659857963
8811aa4c35fffff,2024,18,1,0,0.030473940034982307
8811aa4c35fffff,2024,23,2,0,0.031533975799879
8811aa4c37fffff,2022,11,1,0,0.07312079033505813
8811aa4c37fffff,2022,17,1,0,0.07487732288527836
8811aa4c37fffff,2024,10,1,0,0.07236595554841765
8811aa4c39fffff,2022,3,1,0,0.04630414984212352
8811aa4c39fffff,2022,14,1,0,0.052087099442087094
8811aa4c39fffff,2022,20,1,0,0.05435616256849783
8811aa4c39fffff,2023,3,1,0,0.047812640245340064
8811aa4c39fffff,2023,8,1,0,0.047767914010914264
8811aa4c39fffff,2024,8,1,0,0.04981803631567634
8811aa4c39fffff,2024,10,1,0,0.04852426838638452
8811aa4c39fffff,2024,13,1,0,0.050819734079256086
8811aa4c39fffff,2024,17,2,0,0.05117150870053038
8811aa4c39fffff,2024,19,1,0,0.051927863076000634
8811aa4c3bfffff,2024,10,1,0,0.15617839251348234
8811aa4c3bfffff,2024,13,1,0,0.15731292407668773
8811aa4c3dfffff,2022,8,1,0,0.013066334902187702
8811aa4c3dfffff,2022,13,1,0,0.01684236884298522
8811aa4c3dfffff,2022,17,1,0,0.016304955289163637
8811aa4c3dfffff,2023,13,1,0,0.01684236884298522
8811aa4c3dfffff,2023,14,1,0,0.017733076606910866
8811aa4c43fffff,2024,13,1,0,0.10880159693974145
8811aa4c45fffff,2022,12,1,0,0.026228724375471718
8811aa4c49fffff,2023,8,1,0,0.07808598775638231
8811aa4c53fffff,2022,11,1,0,0.015312112571387905
8811aa4c57fffff,2022,20,1,0,0.11792768672391545
8811aa4c5dfffff,2023,14,1,1,0.08694896432493504
8811aa4c5dfffff,2024,14,1,0,0.08861977235788318
8811aa4c5dfffff,2024,21,1,0,0.09059216446610693
8811aa4c63fffff,2023,8,1,0,0.06494930824333721
8811aa4c63fffff,2023,14,1,0,0.06978102425070057
8811aa4c65fffff,2022,7,1,0,0.02643602673299877
8811aa4c65fffff,2022,11,1,0,0.026923674331558227
8811aa4c65fffff,2022,16,1,0,0.031079022544169693
8811aa4c65fffff,2023,19,1,0,0.029650901226422464
8811aa4c65fffff,2024,21,1,0,0.030407255601892714
8811aa4c67fffff,2022,13,2,0,0.055311274616027
8811aa4c67fffff,2023,1,1,0,0.05010727249206677
8811aa4c67fffff,2023,21,1,0,0.05724369447688437
8811aa4c67fffff,2023,23,1,0,0.0584271706222395
8811aa4c67fffff,2024,2,1,0,0.05078364028681864
8811aa4c67fffff,2024,17,1,0,0.057781108030705956
8811aa4c67fffff,2024,20,2,2,0.05872731079445865
8811aa4c81fffff,2022,12,1,0,0.014898412391965776
8811aa4c81fffff,2022,15,3,0,0.016545474531361664
8811aa4c81fffff,2022,16,1,0,0.014525973140784368
8811aa4c81fffff,2022,22,1,0,0.01689220943179963
8811aa4c81fffff,2023,11,1,0,0.012470112899468571
8811aa4c81fffff,2024,5,1,0,0.012136661946159243
8811aa4c81fffff,2024,18,1,0,0.01716747551837652
8811aa4c81fffff,2024,19,1,0,0.017545652706111643
8811aa4c81fffff,2024,22,1,0,0.01689220943179963
8811aa4c83fffff,2022,7,1,0,0.005221471076266949
8811aa4c83fffff,2022,10,1,0,0.007864493042688861
8811aa4c83fffff,2022,19,1,0,0.011268087732304978
8811aa4c83fffff,2023,10,1,2,0.007650153073515096
8811aa4c83fffff,2023,11,1,1,0.008242670230423986
8811aa4c83fffff,2023,15,1,0,0.00808191427550776
8811aa4c83fffff,2023,21,1,0,0.010350977401918503
8811aa4c83fffff,2023,23,1,0,0.011369479244633447
8811aa4c83fffff,2024,22,1,0,0.013041424361660406
8811aa4c85fffff,2022,7,1,0,0.03746859698542058
8811aa4c85fffff,2022,10,2,1,0.037578067396244905
8811aa4c85fffff,2022,11,1,1,0.03898130573636108
8811aa4c85fffff,2022,17,1,0,0.041250368862771815
8811aa4c85fffff,2022,18,1,0,0.039578423745744856
8811aa4c85fffff,2022,21,2,0,0.04079544246027032
8811aa4c85fffff,2023,10,1,0,0.03860312854862595
8811aa4c85fffff,2023,11,1,0,0.03898130573636108
8811aa4c85fffff,2023,12,1,0,0.037607551226350865
8811aa4c85fffff,2023,13,1,0,0.039737660111831316
8811aa4c85fffff,2023,15,2,0,0.041519075639682615
8811aa4c85fffff,2023,17,1,0,0.041250368862771815
8811aa4c85fffff,2024,0,1,0,0.034706846539614054
8811aa4c85fffff,2024,6,1,0,0.037602950373875975
8811aa4c85fffff,2024,8,1,0,0.03579665186839362
8811aa4c85fffff,2024,9,1,0,0.03733576318579494
8811aa4c85fffff,2024,11,1,0,0.03693118343159899
8811aa4c85fffff,2024,13,2,0,0.03963181846369873
8811aa4c85fffff,2024,17,1,1,0.04176289943896234
8811aa4c85fffff,2024,18,1,0,0.041628546050506934
8811aa4c85fffff,2024,20,1,0,0.04033477812121511
8811aa4c85fffff,2024,21,1,0,0.04071295530895023
8811aa4c87fffff,2022,1,1,0,0.04429726303924347
8811aa4c87fffff,2022,10,1,0,0.04743871026161489
8811aa4c87fffff,2022,13,2,0,0.04968959396265638
8811aa4c87fffff,2022,15,2,1,0.051282680691054995
8811aa4c87fffff,2022,16,1,0,0.05159292139014754
8811aa4c87fffff,2022,17,3,0,0.050604350374707945
8811aa4c87fffff,2022,18,1,0,0.05264746637263454
8811aa4c87fffff,2022,19,1,0,0.05272745295335291
8811aa4c87fffff,2022,21,1,0,0.05348380732882315
8811aa4c87fffff,2022,22,1,0,0.0520740096790409
8811aa4c87fffff,2023,7,1,0,0.04818932670053142
8811aa4c87fffff,2023,9,1,0,0.04945821165219219
8811aa4c87fffff,2023,13,1,0,0.05045838982694216
8811aa4c87fffff,2023,14,1,0,0.05083656701467729
8811aa4c87fffff,2023,16,1,0,0.049542799085385454
8811aa4c87fffff,2023,18,1,0,0.05388686749418935
8811aa4c87fffff,2023,19,1,0,0.05067733064859083
8811aa4c87fffff,2023,20,2,0,0.05310563014108803
8811aa4c87fffff,2023,21,1,0,0.05143368502406107
8811aa4c87fffff,2024,8,1,0,0.046517381583504464
8811aa4c87fffff,2024,10,1,0,0.04727373595897471
8811aa4c87fffff,2024,12,1,0,0.05008021263920704
8811aa4c87fffff,2024,13,1,0,0.04840826752218008
8811aa4c87fffff,2024,18,1,0,0.05234927576561778
8811aa4c87fffff,2024,23,1,0,0.054502309171538095
8811aa4c89fffff,2022,21,1,0,0.09508299985436627
8811aa4c89fffff,2022,22,1,0,0.09572332450934609
8811aa4c89fffff,2023,9,1,0,0.09054487360154478
8811aa4c89fffff,2023,16,1,0,0.09524223622045273
8811aa4c89fffff,2024,8,1,0,0.09016669641380966
8811aa4c89fffff,2024,13,1,0,0.09410770465724735
8811aa4c89fffff,2024,17,1,0,0.09373526540606596
8811aa4c89fffff,2024,19,1,0,0.09432664547889602
8811aa4c8dfffff,2022,8,1,0,0.05160867743030825
8811aa4c8dfffff,2022,10,1,0,0.05001671889399966
8811aa4c8dfffff,2022,11,1,0,0.05295754896268739
8811aa4c8dfffff,2022,13,1,0,0.05115125045720503
8811aa4c8dfffff,2022,16,1,0,0.054335904325172484
8811aa4c8dfffff,2022,17,1,0,0.05420155093671709
8811aa4c8dfffff,2023,5,1,0,0.05043810272733082
8811aa4c8dfffff,2023,12,1,0,0.050773073269469914
8811aa4c8dfffff,2023,20,1,0,0.053798490771350904
8811aa4c8dfffff,2023,21,1,0,0.056739320840038625
8811aa4c8dfffff,2024,11,1,0,0.05039489608173479
8811aa4c8dfffff,2024,13,1,0,0.05115125045720503
8811aa4c8dfffff,2024,15,1,0,0.051907604832675286
8811aa4c8dfffff,2024,16,1,0,0.054335904325172484
8811aa4c8dfffff,2024,17,1,0,0.05522661208909813
8811aa4c8dfffff,2024,18,1,0,0.056765723406499456
8811aa4c8dfffff,2024,19,1,1,0.055470435888377856
8811aa4c8dfffff,2024,22,1,0,0.054981966916706024
8811aa4c99fffff,2022,10,2,0,0.042741416921195347
8811aa4c99fffff,2022,17,2,0,0.04583325132288916
8811aa4c99fffff,2022,18,1,0,0.04646769379871953
8811aa4c99fffff,2023,13,1,0,0.044576807860043914
8811aa4c99fffff,2023,15,1,0,0.04533316223551417
8811aa4c99fffff,2024,6,1,0,0.040044419543776154
8811aa4c99fffff,2024,13,1,0,0.042526685555281836
8811aa4c99fffff,2024,14,1,0,0.04306983704565714
8811aa4c99fffff,2024,16,1,0,0.04412438202814414
8811aa4c99fffff,2024,17,1,0,0.04608951661098441
8811aa4c99fffff,2024,19,1,0,0.04735840156264518
8811aa4c99fffff,2024,20,1,0,0.046633050606110664
8811aa4c99fffff,2024,21,1,0,0.04811475593811543
8811aa4c9bfffff,2022,10,1,0,0.0531467202245197
8811aa4c9bfffff,2022,20,1,0,0.05709346640451112
8811aa4c9bfffff,2023,2,1,0,0.05038345018988341
8811aa4c9dfffff,2023,9,1,0,0.04344716360933167
8811aa4c9dfffff,2023,12,1,0,0.04700847507620448
8811aa4ca1fffff,2022,19,1,0,0.05981612724364732
8811aa4ca1fffff,2024,6,1,0,0.05746247668404331
8811aa4ca1fffff,2024,8,1,0,0.05466021835153493
8811aa4ca1fffff,2024,18,1,0,0.06032713823100807
8811aa4ca1fffff,2024,22,1,0,0.06005187214443118
8811aa4ca3fffff,2024,20,1,0,0.02895483666897547
8811aa4ca5fffff,2022,4,1,0,0.07326469781901966
8811aa4ca5fffff,2022,12,1,0,0.07473381741961319
8811aa4ca5fffff,2022,14,1,0,0.07699866219829998
8811aa4ca5fffff,2022,15,1,0,0.07586834898281855
8811aa4ca5fffff,2022,16,1,0,0.07608155186791349
8811aa4ca5fffff,2022,20,1,0,0.07775923492149417
8811aa4ca5fffff,2023,5,1,0,0.07364287500675479
8811aa4ca5fffff,2023,7,1,0,0.07383889130796358
8811aa4ca5fffff,2023,12,1,0,0.07503200802662995
8811aa4ca5fffff,2023,16,1,0,0.07608155186791349
8811aa4ca5fffff,2023,19,1,0,0.07738105773375906
8811aa4ca5fffff,2023,20,1,0,0.077594260618854
8811aa4ca5fffff,2023,22,1,0,0.08028622716742566
8811aa4ca7fffff,2022,2,1,0,0.14069685954904637
8811aa4ca7fffff,2022,5,1,0,0.14212958171926848
8811aa4ca7fffff,2022,7,1,0,0.14232559802047728
8811aa4ca7fffff,2024,14,1,0,0.14527102894163993
8811aa4ca9fffff,2022,14,1,0,0.041158101728721426
8811aa4ca9fffff,2022,16,1,0,0.039215930245953906
8811aa4ca9fffff,2023,7,1,0,0.03597730985897797
8811aa4ca9fffff,2023,10,1,0,0.03848445884811472
8811aa4ca9fffff,2023,13,1,0,0.04064405156370114
8811aa4ca9fffff,2023,14,1,0,0.04013304057634039
8811aa4ca9fffff,2023,16,1,0,0.041266052550715984
8811aa4ca9fffff,2023,18,1,0,0.04202240692618624
8811aa4ca9fffff,2023,21,1,0,0.041106816184629524
8811aa4ca9fffff,2024,0,1,0,0.033427242709436616
8811aa4ca9fffff,2024,9,1,0,0.039131342812760636
8811aa4ca9fffff,2024,12,1,0,0.04129093552834705
8811aa4ca9fffff,2024,22,1,0,0.04174714083960935
8811aa4cabfffff,2022,8,1,0,0.038163533958172624
8811aa4cabfffff,2022,17,1,0,0.04345227664991064
8811aa4cabfffff,2023,13,1,0,0.04193956789897014
8811aa4cabfffff,2023,17,3,0,0.042085528446735916
8811aa4cabfffff,2023,21,2,0,0.04291486309608905
8811aa4cabfffff,2024,9,1,0,0.04042685914802965
8811aa4cabfffff,2024,13,1,0,0.04193956789897014
8811aa4cabfffff,2024,16,1,0,0.04307409946217551
8811aa4cadfffff,2022,2,2,0,0.0009213286781104272
8811aa4cadfffff,2022,5,1,0,0.003051820068341822
8811aa4cadfffff,2022,7,1,0,0.0028482577565581034
8811aa4cadfffff,2022,10,1,0,0.0036845987127467226
8811aa4cadfffff,2022,20,1,0,0.007301396287457783
8811aa4cadfffff,2023,9,1,0,0.003306421525011599
8811aa4cadfffff,2023,10,1,0,0.003519624410106543
8811aa4cadfffff,2023,13,1,0,0.004819130275952093
8811aa4cadfffff,2023,16,1,0,0.005953661839157466
8811aa4cadfffff,2023,19,1,0,0.007088193402362838
8811aa4cadfffff,2023,21,1,0,0.007977764082209658
8811aa4cadfffff,2024,9,2,0,0.0034555168285199753
8811aa4cadfffff,2024,11,1,0,0.004062775900481846
8811aa4cadfffff,2024,12,1,0,0.004275978785576791
8811aa4cadfffff,2024,13,1,0,0.004654155973311915
8811aa4cadfffff,2024,14,1,0,0.005330523768063791
8811aa4cadfffff,2024,18,1,0,0.006545041911987535
8811aa4cadfffff,2024,20,1,0,0.007599586894474535
8811aa4cb3fffff,2022,18,1,0,0.10337463789765017
8811aa4cb3fffff,2024,11,1,0,0.09884224958138241
8811aa4cb7fffff,2024,15,1,0,0.04134346696344202
8811aa4cb7fffff,2024,18,1,0,0.04042787622188531
8811aa4cb9fffff,2022,12,1,0,0.037051296309717506
8811aa4cb9fffff,2023,19,1,0,0.040723597776244416
8811aa4cb9fffff,2023,20,1,0,0.039564183235407974
8811aa4cb9fffff,2024,20,1,0,0.040076713811598504
8811aa4cbdfffff,2024,22,1,0,0.1159503432589173
8811aa4cc1fffff,2022,1,1,0,0.03923210135342979
8811aa4cc1fffff,2022,8,1,0,0.04191538480734771
8811aa4cc1fffff,2022,12,1,0,0.04243213373126219
8811aa4cc1fffff,2022,19,1,0,0.044781183438391305
8811aa4cc1fffff,2022,20,1,0,0.04666785102934297
8811aa4cc1fffff,2022,21,1,0,0.04742268581598345
8811aa4cc1fffff,2022,22,2,0,0.047525797061505955
8811aa4cc1fffff,2022,23,1,0,0.04639106535393631
8811aa4cc1fffff,2023,1,1,0,0.03807116722376359
8811aa4cc1fffff,2023,2,1,0,0.04049946671626079
8811aa4cc1fffff,2023,3,1,0,0.03926158518353575
8811aa4cc1fffff,2023,10,1,0,0.04167577935579194
8811aa4cc1fffff,2023,13,1,0,0.04234714600934038
8811aa4cc1fffff,2023,14,1,0,0.04318848810673243
8811aa4cc1fffff,2023,15,1,0,0.04426443451447683
8811aa4cc1fffff,2023,17,1,0,0.04744756879361451
8811aa4cc1fffff,2023,21,1,0,0.04704602821707809
8811aa4cc1fffff,2023,22,1,0,0.04717382229586739
8811aa4cc1fffff,2024,3,1,0,0.04028664633591679
8811aa4cc1fffff,2024,6,1,0,0.03986487999783469
8811aa4cc1fffff,2024,12,1,0,0.04196896882160525
8811aa4cc1fffff,2024,16,2,0,0.046368532230236195
8811aa4cc3fffff,2022,4,1,0,0.01886732520562382
8811aa4cc3fffff,2022,12,1,0,0.021795569542900295
8811aa4cc3fffff,2022,13,1,0,0.02247193733765217
8811aa4cc3fffff,2022,14,1,0,0.024437071920492444
8811aa4cc3fffff,2022,15,1,1,0.024815249108227567
8811aa4cc3fffff,2022,16,4,0,0.024594006651384587
8811aa4cc3fffff,2022,17,3,1,0.025400759958300975
8811aa4cc3fffff,2022,19,2,0,0.027435506162869196
8811aa4cc3fffff,2022,21,1,0,0.027084312234638308
8811aa4cc3fffff,2022,22,1,0,0.02772463688961813
8811aa4cc3fffff,2023,0,1,0,0.017354616454683322
8811aa4cc3fffff,2023,10,1,0,0.02292436316955195
8811aa4cc3fffff,2023,11,1,0,0.02330254035728707
8811aa4cc3fffff,2023,13,2,0,0.022157867731503612
8811aa4cc3fffff,2023,14,2,0,0.022386949615730362
8811aa4cc3fffff,2023,15,1,0,0.024815249108227567
8811aa4cc3fffff,2023,17,3,0,0.02664195562850724
8811aa4cc3fffff,2023,19,1,0,0.024741000464062916
8811aa4cc3fffff,2024,2,1,0,0.01811097083015357
8811aa4cc3fffff,2024,7,1,0,0.019739709301584498
8811aa4cc3fffff,2024,9,1,0,0.021656997806720944
8811aa4cc3fffff,2024,10,2,0,0.02446195489812351
8811aa4cc3fffff,2024,13,1,0,0.02405889473275732
8811aa4cc3fffff,2024,14,2,0,0.023412010768111405
8811aa4cc3fffff,2024,17,1,0,0.025571603483697816
8811aa4cc3fffff,2024,20,1,0,0.024656012742141107
8811aa4cc5fffff,2022,3,3,0,0.06575222421446983
8811aa4cc5fffff,2022,8,1,0,0.06648056850885196
8811aa4cc5fffff,2022,13,1,0,0.06807326384051082
8811aa4cc5fffff,2022,18,1,0,0.06996414977918645
8811aa4cc5fffff,2022,19,1,0,0.071288921127414
8811aa4cc5fffff,2022,23,1,0,0.07357630792178972
8811aa4cc5fffff,2023,5,1,0,0.06728164911874801
8811aa4cc5fffff,2023,8,1,0,0.0661823779018352
8811aa4cc5fffff,2023,12,1,0,0.06915421138945867
8811aa4cc5fffff,2023,16,2,0,0.07031534370741732
8811aa4cc5fffff,2023,18,1,0,0.07012912408182663
8811aa4cc5fffff,2024,0,1,0,0.06509257257305563
8811aa4cc5fffff,2024,3,1,0,0.06622710413626101
8811aa4cc5fffff,2024,5,1,0,0.06530999380587453
8811aa4cc5fffff,2024,7,1,0,0.06626736562375701
8811aa4cc5fffff,2024,9,1,0,0.06685874569658708
8811aa4cc5fffff,2024,19,1,1,0.07239244927168366
8811aa4cc5fffff,2024,21,1,0,0.0731488036471539
8811aa4cc5fffff,2024,23,1,0,0.07241537379212351
8811aa4cc9fffff,2022,1,1,0,0.011351057337130205
8811aa4cc9fffff,2022,2,1,0,0.01172923452486533
8811aa4cc9fffff,2022,7,1,0,0.013059782389279502
8811aa4cc9fffff,2022,20,1,0,0.017976085829836112
8811aa4cc9fffff,2022,21,1,0,0.018354263017571235
8811aa4cc9fffff,2022,23,1,0,0.02039782601266722
8811aa4cc9fffff,2023,0,2,0,0.011321764759399717
8811aa4cc9fffff,2023,16,1,1,0.017835994504826997
8811aa4cc9fffff,2023,17,1,0,0.01684155426663074
8811aa4cc9fffff,2023,18,1,0,0.017219731454365866
8811aa4cc9fffff,2023,19,1,0,0.01948305664422289
8811aa4cc9fffff,2023,20,2,0,0.019121140960370514
8811aa4cc9fffff,2024,3,1,0,0.012107411712600453
8811aa4cc9fffff,2024,7,1,0,0.013192998693656073
8811aa4cc9fffff,2024,8,1,0,0.014433919404040646
8811aa4cc9fffff,2024,9,1,0,0.01381613676474975
8811aa4cc9fffff,2024,10,1,0,0.014194313952484872
8811aa4cc9fffff,2024,11,2,1,0.014490003988899904
8811aa4cc9fffff,2024,17,1,0,0.01684155426663074
8811aa4cc9fffff,2024,19,1,0,0.017597908642100986
8811aa4cc9fffff,2024,22,1,0,0.01999054749957708
8811aa4cc9fffff,2024,23,1,0,0.019207790557646
8811aa4ccbfffff,2022,9,1,0,0.025195239091704427
8811aa4ccbfffff,2022,12,1,0,0.028379892959671877
8811aa4ccbfffff,2022,16,1,0,0.02959441110359562
8811aa4ccbfffff,2023,9,1,1,0.026947170789449755
8811aa4ccbfffff,2023,11,1,0,0.02770352516492
8811aa4ccbfffff,2023,12,1,0,0.028081702352655124
8811aa4ccbfffff,2023,18,1,0,0.02830064317430379
8811aa4ccbfffff,2023,19,1,0,0.030728942666800995
8811aa4ccbfffff,2024,8,1,0,0.026568993601714632
8811aa4ccbfffff,2024,10,1,0,0.02573839058207973
8811aa4ccbfffff,2024,14,1,0,0.02678793442336329
8811aa4ccbfffff,2024,16,1,0,0.02754428879883354
8811aa4ccbfffff,2024,17,1,0,0.029972588291330746
8811aa4ccbfffff,2024,20,1,0,0.029056997549774036
8811aa4ccdfffff,2024,12,1,0,0.06497742582569925
8811aa4cd1fffff,2022,10,1,0,0.005867937321885377
8811aa4cd1fffff,2022,12,1,0,0.006326101090338872
8811aa4cd1fffff,2022,13,1,0,0.006704278278073995
8811aa4cd1fffff,2022,14,1,0,0.007082455465809119
8811aa4cd1fffff,2022,15,1,0,0.005410510348782162
8811aa4cd1fffff,2022,16,1,1,0.005953661839157466
8811aa4cd1fffff,2022,18,1,0,0.008595164216749615
8811aa4cd1fffff,2023,10,1,0,0.003519624410106543
8811aa4cd1fffff,2023,11,2,0,0.005005349901542796
8811aa4cd1fffff,2023,12,1,0,0.004411851762861952
8811aa4cd1fffff,2023,15,2,0,0.006518058652483293
8811aa4cd1fffff,2023,16,1,0,0.009376401569850928
8811aa4cd1fffff,2023,18,3,0,0.0086945610857552
8811aa4cd1fffff,2023,21,1,0,0.007679573475192905
8811aa4cd1fffff,2024,9,1,0,0.0051915695271335
8811aa4cd1fffff,2024,12,1,0,0.006326101090338872
8811aa4cd1fffff,2024,16,1,0,0.005788687536517286
8811aa4cd1fffff,2024,17,1,0,0.008216987029014492
8811aa4cd1fffff,2024,18,1,0,0.008595164216749615
8811aa4cd1fffff,2024,19,1,0,0.0069232190997226585
8811aa4cd1fffff,2024,20,1,0,0.009864049168410383
8811aa4cd1fffff,2024,22,1,0,0.010370020434934808
8811aa4cd3fffff,2022,0,1,0,0.047579511044718546
8811aa4cd3fffff,2022,3,1,0,0.04854906830528374
8811aa4cd3fffff,2022,14,2,0,0.0524468699031254
8811aa4cd3fffff,2022,16,2,0,0.05525334658335773
8811aa4cd3fffff,2022,18,2,0,0.05633390273556582
8811aa4cd3fffff,2022,20,1,0,0.05676605533429823
8811aa4cd3fffff,2022,21,1,0,0.055392300824288025
8811aa4cd3fffff,2022,22,1,0,0.0557344348722511
8811aa4cd3fffff,2023,8,1,0,0.05222792908147674
8811aa4cd3fffff,2023,10,1,0,0.054521875185518556
8811aa4cd3fffff,2023,12,1,0,0.05374063783241724
8811aa4cd3fffff,2023,13,1,0,0.052233667018030464
8811aa4cd3fffff,2023,15,1,0,0.054498511796717254
8811aa4cd3fffff,2023,19,1,0,0.057925469875134666
8811aa4cd3fffff,2024,8,1,0,0.05017780677671466
8811aa4cd3fffff,2024,12,1,0,0.054253168408607756
8811aa4cd3fffff,2024,14,1,1,0.05449699220788749
8811aa4cd3fffff,2024,15,1,0,0.05654863410147933
8811aa4cd3fffff,2024,17,2,0,0.05588778905918812
8811aa4cd3fffff,2024,18,3,0,0.05532632685724062
8811aa4cd3fffff,2024,19,1,0,0.054337755841801026
8811aa4cd3fffff,2024,23,1,0,0.0562775863626264
8811aa4cd5fffff,2022,3,1,0,0.05129979160442358
8811aa4cd5fffff,2022,5,1,0,0.051841806010720054
8811aa4cd5fffff,2022,8,1,0,0.05125506536999778
8811aa4cd5fffff,2022,11,1,1,0.05443971923796523
8811aa4cd5fffff,2022,13,1,0,0.05331092561131358
8811aa4cd5fffff,2022,18,1,0,0.055036837247349014
8811aa4cd5fffff,2022,19,1,0,0.057465136739846226
8811aa4cd5fffff,2023,1,1,0,0.04903494682573679
8811aa4cd5fffff,2023,2,1,0,0.049413124013471914
8811aa4cd5fffff,2023,3,1,1,0.049924517505583604
8811aa4cd5fffff,2023,7,1,0,0.05292701048702474
8811aa4cd5fffff,2023,13,1,0,0.053145951308673396
8811aa4cd5fffff,2023,15,1,1,0.05406727998678383
8811aa4cd5fffff,2023,18,1,0,0.055201811549989196
8811aa4cd5fffff,2023,19,2,0,0.05677882802688053
8811aa4cd5fffff,2023,20,1,0,0.057843313927581345
8811aa4cd5fffff,2024,8,1,0,0.05241599949966398
8811aa4cd5fffff,2024,10,1,0,0.05406154205023011
8811aa4cd5fffff,2024,13,1,0,0.05331092561131358
8811aa4cd5fffff,2024,14,1,0,0.05557425080117061
8811aa4cd5fffff,2024,15,1,0,0.05390230568414365
8811aa4cd7fffff,2022,0,1,0,0.047288436689310744
8811aa4cd7fffff,2022,9,1,0,0.05042988391168216
8811aa4cd7fffff,2023,10,1,0,0.05080806109941729
8811aa4cd7fffff,2024,2,1,0,0.04766813346587563
8811aa4cd7fffff,2024,7,1,0,0.04967352953621191
8811aa4cd7fffff,2024,10,1,0,0.049406342348130884
8811aa4cd9fffff,2022,8,1,0,0.08618052364451122
8811aa4cd9fffff,2022,14,1,0,0.08669765507317663
8811aa4cd9fffff,2023,10,1,0,0.08488675571521938
8811aa4cd9fffff,2023,16,1,0,0.0892059411463922
8811aa4cd9fffff,2023,19,1,0,0.09034047270959758
8811aa4cd9fffff,2024,8,1,0,0.08618052364451122
8811aa4cd9fffff,2024,15,1,0,0.09036535568722864
8811aa4cdbfffff,2022,12,1,0,0.12388629267042417
8811aa4cdbfffff,2023,14,1,0,0.12464264704589441
8811aa4cdbfffff,2024,12,1,0,0.12388629267042417
8811aa4cdbfffff,2024,14,1,0,0.12259252474113233
8811aa4cdbfffff,2024,15,2,0,0.12399576308124849
8811aa4cddfffff,2023,11,1,0,0.14093851740273713
8811aa4ce1fffff,2022,2,1,0,0.06994277424507543
8811aa4ce1fffff,2022,6,1,0,0.07038261434556396
8811aa4ce1fffff,2022,10,1,0,0.07141189384566896
8811aa4ce1fffff,2022,11,1,0,0.07329856143662061
8811aa4ce1fffff,2022,23,2,0,0.07650785760215018
8811aa4ce1fffff,2023,1,1,0,0.0696430640492289
8811aa4ce1fffff,2023,11,1,0,0.07179007103340408
8811aa4ce1fffff,2024,4,1,1,0.07069912862054568
8811aa4ce3fffff,2022,17,1,0,0.02702469684833881
8811aa4ce3fffff,2022,19,1,0,0.02586680189633214
8811aa4ce3fffff,2023,9,1,0,0.02399927934645782
8811aa4ce3fffff,2023,15,1,0,0.024354093145391643
8811aa4ce3fffff,2024,19,1,0,0.02829358179999958
8811aa4ce7fffff,2022,5,1,0,0.057929409500752094
8811aa4ce7fffff,2022,13,1,0,0.0611267431196903
8811aa4ce7fffff,2022,17,1,0,0.06237036258896906
8811aa4ce7fffff,2022,19,1,0,0.06325993326881588
8811aa4ce7fffff,2022,23,1,0,0.06487247185726948
8811aa4ce7fffff,2023,4,1,0,0.0580143972226739
8811aa4ce7fffff,2023,12,1,0,0.06031450234765326
8811aa4ce7fffff,2023,17,1,0,0.06220538828632888
8811aa4ce7fffff,2023,21,1,0,0.06401628764428612
8811aa4ce7fffff,2024,0,1,0,0.057497648298759425
8811aa4ce7fffff,2024,3,1,1,0.05717305512528184
8811aa4ce7fffff,2024,4,1,0,0.05973722759506421
8811aa4ce7fffff,2024,9,1,0,0.05934494508708807
8811aa4cebfffff,2022,0,1,0,0.04293037325797964
8811aa4cebfffff,2022,6,1,0,0.04394132909011966
8811aa4cebfffff,2022,8,1,0,0.04569364329261593
8811aa4cebfffff,2022,10,1,0,0.045454037841060155
8811aa4cebfffff,2022,14,1,0,0.047099962896377225
8811aa4cebfffff,2022,18,1,0,0.048479455342941145
8811aa4cebfffff,2022,21,1,0,0.05163500788555358
8811aa4cebfffff,2022,22,1,0,0.05025431156112634
8811aa4cebfffff,2022,23,2,0,0.051955740508259254
8811aa4cebfffff,2023,1,2,1,0.04411927162892203
8811aa4cebfffff,2023,17,1,0,0.04810127815520602
8811aa4cebfffff,2023,18,1,0,0.04947541516996717
8811aa4cebfffff,2024,0,1,0,0.043228563864996385
8811aa4cebfffff,2024,3,1,0,0.04457743539737553
8811aa4cebfffff,2024,7,1,0,0.04431950627785478
8811aa4cebfffff,2024,10,1,0,0.045454037841060155
8811aa4cebfffff,2024,11,1,0,0.04925495475948874
8811aa4cebfffff,2024,16,1,0,0.04755812666483072
8811aa4cebfffff,2024,19,1,0,0.050366122933892817
8811aa4cebfffff,2024,20,1,0,0.049534000325428144
8811aa4d03fffff,2023,13,1,0,0.08927332412684322
8811aa4d09fffff,2024,5,1,0,0.049787275447585676
8811aa4d09fffff,2024,12,1,0,0.054222490599248926
8811aa4d09fffff,2024,17,1,0,0.05581518593090779
8811aa4d11fffff,2024,19,1,0,0.04972527259459429
8811aa4d13fffff,2022,11,1,0,0.01148184672370324
8811aa4d13fffff,2023,11,1,0,0.01096931614751272
8811aa4d13fffff,2023,16,1,0,0.012860202086188339
8811aa4d13fffff,2024,8,1,0,0.0077846622795452675
8811aa4d13fffff,2024,9,1,0,0.010212961772042473
8811aa4d13fffff,2024,17,1,0,0.013750909850113985
8811aa4d13fffff,2024,19,2,0,0.013994733649393713
8811aa4d1bfffff,2023,19,1,0,0.1443746975386354
8811aa4d33fffff,2022,17,1,0,0.045146606120844215
8811aa4d33fffff,2022,20,1,0,0.046281137684049595
8811aa4d33fffff,2024,21,1,0,0.046282657272879356
8811aa4d3bfffff,2024,13,1,0,0.15449886688748643
8811aa4d43fffff,2022,13,1,0,0.2112678552165167
8811aa4d43fffff,2024,16,1,0,0.2139399785082936
8811aa4d51fffff,2022,15,1,0,0.05661850770260116
8811aa4d51fffff,2023,19,1,0,0.05783302584652491
8811aa4d51fffff,2024,14,1,0,0.0563762034921512
8811aa4d53fffff,2024,21,1,0,0.1542359207721977
8811aa4d55fffff,2022,14,1,0,0.045280393472260434
8811aa4d55fffff,2022,21,1,0,0.0479276337864063
8811aa4d55fffff,2023,21,1,0,0.0479276337864063
8811aa4d55fffff,2023,22,1,0,0.04651783613662404
8811aa4d55fffff,2024,16,1,0,0.04603674784773068
8811aa4d57fffff,2022,23,1,0,0.04445521038423221
8811aa4d57fffff,2023,7,1,0,0.040192350217987616
8811aa4d57fffff,2023,19,1,0,0.04268035416604702
8811aa4d63fffff,2024,18,1,0,0.057665251309051035
8811aa4d81fffff,2022,20,1,0,0.03686552874436496
8811aa4d81fffff,2022,22,1,0,0.03785492926172488
8811aa4d81fffff,2023,8,1,0,0.032327402491543464
8811aa4d81fffff,2023,14,1,0,0.03443149131531403
8811aa4d81fffff,2024,14,1,0,0.03443149131531403
8811aa4d85fffff,2022,12,2,0,0.04191234020195959
8811aa4d85fffff,2022,13,1,0,0.04280304796588523
8811aa4d85fffff,2022,17,2,0,0.04380322614063521
8811aa4d85fffff,2022,20,2,0,0.04493775770384058
8811aa4d85fffff,2023,16,1,0,0.04342504895290008
8811aa4d85fffff,2023,19,1,0,0.045072111092295974
8811aa4d85fffff,2024,13,1,0,0.04280304796588523
8811aa4d85fffff,2024,14,1,0,0.04078354657530793
8811aa4d85fffff,2024,18,2,0,0.04399307452891765
8811aa4d87fffff,2022,10,1,0,0.030111699724575492
8811aa4d87fffff,2022,12,1,0,0.029116122402300413
8811aa4d87fffff,2022,15,1,0,0.032002585663251114
8811aa4d87fffff,2022,17,1,0,0.030708817733959278
8811aa4d87fffff,2022,20,1,0,0.03184334929716466
8811aa4d87fffff,2023,10,2,0,0.02806157741981341
8811aa4d87fffff,2023,12,2,0,0.03061178881195048
8811aa4d87fffff,2023,13,2,0,0.030221170135399822
8811aa4d87fffff,2023,15,1,0,0.03011743766112921
8811aa4d87fffff,2023,16,1,0,0.03079380545588109
8811aa4d87fffff,2023,19,1,0,0.03146517210942953
8811aa4d87fffff,2023,20,1,0,0.03389347160192674
8811aa4d87fffff,2024,6,1,0,0.02822233337472964
8811aa4d87fffff,2024,9,2,0,0.02776588738339838
8811aa4d87fffff,2024,15,1,0,0.032002585663251114
8811aa4d87fffff,2024,17,2,0,0.033527735903007144
8811aa4d87fffff,2024,22,1,0,0.03491197344464168
8811aa4d8dfffff,2022,1,1,0,0.024021003803388858
8811aa4d8dfffff,2022,13,1,0,0.028595173195982402
8811aa4d8dfffff,2022,16,1,0,0.031481636456933096
8811aa4d8dfffff,2023,7,1,0,0.026027919462554904
8811aa4d8dfffff,2023,18,1,0,0.03035284283028145
8811aa4d8dfffff,2023,19,2,0,0.031591106867757436
8811aa4d8dfffff,2023,22,1,0,0.03212769904846664
8811aa4d8dfffff,2024,7,1,0,0.026192893765195086
8811aa4d8dfffff,2024,16,2,0,0.03173790174502836
8811aa4d8dfffff,2024,18,1,0,0.031348802657307474
8811aa4d91fffff,2022,8,1,0,0.09937530962501717
8811aa4d91fffff,2022,9,1,0,0.09975348681275228
8811aa4d91fffff,2024,10,1,0,0.10013166400048741
8811aa4d91fffff,2024,11,1,0,0.10050984118822254
8811aa4d91fffff,2024,12,1,0,0.10118620898297441
8811aa4d93fffff,2022,3,1,0,0.014980078780712867
8811aa4d93fffff,2022,8,3,0,0.015107081629320106
8811aa4d93fffff,2022,10,3,0,0.015035374041769023
8811aa4d93fffff,2022,15,1,0,0.017235036586882597
8811aa4d93fffff,2022,16,1,0,0.018687640593532347
8811aa4d93fffff,2023,1,1,0,0.013277130244750187
8811aa4d93fffff,2023,9,1,0,0.01450280855081492
8811aa4d93fffff,2023,12,1,0,0.017310804819877016
8811aa4d93fffff,2023,21,1,0,0.01968933835711209
8811aa4d93fffff,2024,9,1,0,0.016552930855577002
8811aa4d93fffff,2024,10,1,0,0.014880985738550045
8811aa4d93fffff,2024,17,1,0,0.017826416659712664
8811aa4d93fffff,2024,19,1,0,0.01844955473080634
8811aa4d93fffff,2024,20,1,0,0.018662757615901283
8811aa4d93fffff,2024,22,1,0,0.019846233761256406
8811aa4d95fffff,2022,8,1,0,0.041419836520694864
8811aa4d95fffff,2022,14,1,0,0.04398709025412236
8811aa4d95fffff,2022,18,1,0,0.045337481375331265
8811aa4d95fffff,2022,22,1,0,0.0469764646162313
8811aa4d95fffff,2023,8,2,0,0.04200030358552796
8811aa4d95fffff,2023,19,1,0,0.047629907890543305
8811aa4d95fffff,2024,13,1,0,0.0449841871652272
8811aa4d95fffff,2024,15,2,0,0.04517462513854186
8811aa4d95fffff,2024,18,1,0,0.04536658270068628
8811aa4d95fffff,2024,21,1,0,0.046501114263891655
8811aa4d97fffff,2022,7,1,0,0.047524082500250066
8811aa4d97fffff,2022,8,1,0,0.047902259687985185
8811aa4d97fffff,2022,15,1,0,0.05106203057832158
8811aa4d97fffff,2022,16,1,0,0.04904252918774428
8811aa4d97fffff,2022,17,2,0,0.05145494968110968
8811aa4d97fffff,2022,18,2,0,0.049701845749216926
8811aa4d97fffff,2022,19,1,0,0.05257473932926207
8811aa4d97fffff,2022,22,1,1,0.05345888778352162
8811aa4d97fffff,2023,9,1,0,0.047255375723339266
8811aa4d97fffff,2023,13,1,0,0.04790799762453891
8811aa4d97fffff,2023,14,1,0,0.05068385339058645
8811aa4d97fffff,2023,15,2,0,0.04856731418601156
8811aa4d97fffff,2023,20,1,0,0.052440385940806675
8811aa4d97fffff,2023,21,1,0,0.052818563128541794
8811aa4d97fffff,2024,2,1,0,0.04589534402881914
8811aa4d97fffff,2024,6,1,0,0.045095783007752854
8811aa4d97fffff,2024,8,1,0,0.047902259687985185
8811aa4d97fffff,2024,11,1,0,0.04698666894642848
8811aa4d97fffff,2024,13,1,0,0.050305676202851334
8811aa4d97fffff,2024,14,1,0,0.05017132281439594
8811aa4d97fffff,2024,16,1,0,0.0488775548851041
8811aa4d97fffff,2024,23,1,0,0.05178694266649466
8811aa4d9bfffff,2022,0,1,0,0.19902322814884896
8811aa4d9bfffff,2022,11,1,0,0.20262283913967385
8811aa4d9bfffff,2022,14,1,0,0.20556405171311254
8811aa4d9bfffff,2023,3,1,0,0.20088463025741862
8811aa4d9bfffff,2023,9,1,0,0.20186648476420363
8811aa4d9bfffff,2023,12,1,0,0.20429516676145176
8811aa4d9bfffff,2023,16,1,0,0.2045137250783495
8811aa4d9bfffff,2023,18,1,1,0.2067785698570363
8811aa4d9bfffff,2023,20,1,0,0.20586145952664983
8811aa4d9bfffff,2024,20,1,0,0.20632462443630672
8811aa4da3fffff,2022,10,1,1,0.046044868278902966
8811aa4da3fffff,2022,17,1,0,0.047531174463382626
8811aa4da3fffff,2023,15,1,0,0.048824942392674466
8811aa4da3fffff,2023,16,1,0,0.04715299727564751
8811aa4da3fffff,2024,13,1,0,0.046018465712442135
8811aa4da3fffff,2024,23,1,0,0.05211250736180015
8811aa4da9fffff,2022,16,3,0,0.05174017187757949
8811aa4da9fffff,2022,20,1,0,0.05188613242534527
8811aa4da9fffff,2022,23,1,0,0.05328281145579533
8811aa4da9fffff,2023,8,1,0,0.049398128477285856
8811aa4da9fffff,2023,15,2,0,0.05007773363798974
8811aa4da9fffff,2023,17,2,0,0.05177666201452094
8811aa4da9fffff,2023,18,1,0,0.0531799003546371
8811aa4da9fffff,2024,16,1,0,0.05396113770773841
8811aa4da9fffff,2024,17,1,0,0.05091657516478007
8811aa4da9fffff,2024,20,2,0,0.052911193577726306
8811aa4dabfffff,2022,3,1,0,0.03744534630798343
8811aa4dabfffff,2022,7,1,0,0.037534973462013024
8811aa4dabfffff,2022,16,1,0,0.04350122103258174
8811aa4dabfffff,2022,17,1,1,0.04336686764412634
8811aa4dabfffff,2023,0,1,0,0.03579828416858754
8811aa4dabfffff,2023,9,1,0,0.04034145014224535
8811aa4dabfffff,2023,10,1,0,0.04071962732998048
8811aa4dabfffff,2023,11,1,0,0.0410978045177156
8811aa4dabfffff,2023,14,2,0,0.04146354021663519
8811aa4dabfffff,2023,17,1,0,0.04336686764412634
8811aa4dabfffff,2023,18,1,0,0.043745044831861465
8811aa4dabfffff,2024,12,2,0,0.042244777569736505
8811aa4dabfffff,2024,17,1,0,0.04336686764412634
8811aa4dabfffff,2024,19,1,0,0.04412322201959659
8811aa4dabfffff,2024,20,1,0,0.04245127690256963
8811aa4dadfffff,2022,2,1,0,0.106493007611707
8811aa4dadfffff,2022,10,1,0,0.10758281294048658
8811aa4dadfffff,2023,10,1,0,0.10758281294048658
8811aa4dadfffff,2024,14,1,0,0.10909552169142707
8811aa4db1fffff,2023,16,1,0,0.1152159472054567
8811aa4db3fffff,2022,0,1,0,0.07893904307291151
8811aa4db3fffff,2022,5,1,0,0.08118014195804607
8811aa4db3fffff,2022,6,1,0,0.08183780358008202
8811aa4db3fffff,2022,10,1,0,0.08232545117864148
8811aa4db3fffff,2022,11,1,0,0.08253865406373644
8811aa4db3fffff,2022,18,1,0,0.08564905928753923
8811aa4db3fffff,2022,23,1,0,0.08750390208644279
8811aa4db3fffff,2023,9,1,0,0.08194727399090637
8811aa4db3fffff,2023,11,1,0,0.08369958819340263
8811aa4db3fffff,2023,14,1,0,0.08383815992958198
8811aa4db3fffff,2023,18,1,1,0.08535086868052248
8811aa4db3fffff,2023,20,2,0,0.086173831208181
8811aa4db3fffff,2024,10,2,0,0.08232545117864148
8811aa4db3fffff,2024,13,1,0,0.08345998274184685
8811aa4db3fffff,2024,17,1,0,0.08596865131981338
8811aa4db3fffff,2024,18,1,0,0.0851858943778823
8811aa4db3fffff,2024,19,1,0,0.08572904586825761
8811aa4db5fffff,2022,8,1,0,0.06011488031908688
8811aa4db5fffff,2022,16,1,0,0.06467788954953942
8811aa4db5fffff,2022,19,1,0,0.06427482938417324
8811aa4db5fffff,2023,16,1,0,0.06467788954953942
8811aa4db5fffff,2023,22,1,0,0.0656715084146233
8811aa4db5fffff,2024,12,1,0,0.06162758907002737
8811aa4db5fffff,2024,21,1,0,0.06503118375964348
8811aa4db7fffff,2022,0,1,1,0.04291044153730045
8811aa4db7fffff,2022,1,1,0,0.04299042811801882
8811aa4db7fffff,2022,5,1,0,0.04601162727217586
8811aa4db7fffff,2022,7,1,0,0.04499734377718487
8811aa4db7fffff,2022,8,1,0,0.04521054666227981
8811aa4db7fffff,2022,12,1,0,0.04672325541322031
8811aa4db7fffff,2022,16,1,0,0.050421959446208045
8811aa4db7fffff,2022,20,1,0,0.04988454589238646
8811aa4db7fffff,2022,22,1,0,0.05093214906045642
8811aa4db7fffff,2023,0,1,0,0.0444973989324056
8811aa4db7fffff,2023,6,1,0,0.04612765699266629
8811aa4db7fffff,2023,7,2,0,0.04506395192937315
8811aa4db7fffff,2023,8,2,0,0.04646719026948931
8811aa4db7fffff,2023,9,1,0,0.04575369815265511
8811aa4db7fffff,2023,16,1,0,0.05028608646892288
8811aa4db7fffff,2023,19,1,0,0.04983366063702311
8811aa4db7fffff,2023,21,1,0,0.05268950298378902
8811aa4db7fffff,2024,0,1,0,0.04244727662764351
8811aa4db7fffff,2024,3,1,0,0.04528437422206063
8811aa4db7fffff,2024,4,1,0,0.04409585835586917
8811aa4db7fffff,2024,6,1,1,0.04445419228680956
8811aa4db7fffff,2024,10,1,0,0.04712783516741627
8811aa4db7fffff,2024,11,1,0,0.04680824313514211
8811aa4db7fffff,2024,12,1,0,0.04672325541322031
8811aa4db7fffff,2024,20,1,0,0.051720328227974774
8811aa4db7fffff,2024,23,1,0,0.05131032624819155
8811aa4db9fffff,2022,0,1,0,0.08733830066701699
8811aa4db9fffff,2022,10,3,0,0.08976141726835124
8811aa4db9fffff,2022,12,1,0,0.09161427945259379
8811aa4db9fffff,2022,14,1,0,0.09048548582594212
8811aa4db9fffff,2023,16,1,1,0.0931269882035343
8811aa4db9fffff,2023,17,1,0,0.09145504308650733
8811aa4db9fffff,2023,19,1,0,0.09221139746197758
8811aa4db9fffff,2024,0,1,0,0.08528817836225491
8811aa4db9fffff,2024,11,1,0,0.09123610226485866
8811aa4db9fffff,2024,12,1,0,0.09212681002878431
8811aa4db9fffff,2024,13,1,0,0.09010730863820701
8811aa4db9fffff,2024,15,1,0,0.09172374986341811
8811aa4db9fffff,2024,18,1,0,0.09199819457688263
8811aa4db9fffff,2024,22,1,0,0.0939062670994444
8811aa4dbbfffff,2022,7,1,0,0.06014128633954876
8811aa4dbbfffff,2023,14,1,0,0.06295350095633481
8811aa4dbbfffff,2024,10,1,0,0.05936156857527721
8811aa4dbbfffff,2024,19,1,0,0.06467941259237024
8811aa4dbdfffff,2022,0,1,0,0.06708246112815563
8811aa4dbdfffff,2022,12,1,0,0.07135843991373242
8811aa4dbdfffff,2022,13,1,0,0.07173661710146755
8811aa4dbdfffff,2022,19,2,1,0.07426194551597355
8811aa4dbdfffff,2022,20,2,0,0.0743838574156134
8811aa4dbdfffff,2022,21,1,0,0.07476203460334853
8811aa4dbdfffff,2023,0,1,0,0.06503233882339354
8811aa4dbdfffff,2023,8,2,0,0.06984573116279193
8811aa4dbdfffff,2023,13,3,0,0.06978589166571104
8811aa4dbdfffff,2023,16,1,0,0.07287114866467292
8811aa4dbdfffff,2023,18,1,0,0.07157738073538109
8811aa4dbdfffff,2023,20,2,0,0.07335879626323236
8811aa4dbdfffff,2023,23,1,0,0.076293067022254
8811aa4dbdfffff,2024,17,1,0,0.07119920354764596
8811aa4dbdfffff,2024,19,1,0,0.07195555792311621
8811aa4dc1fffff,2023,18,1,0,0.02894477031545205
8811aa4dc7fffff,2024,0,1,0,0.012570873895589247
8811aa4dc7fffff,2024,8,1,0,0.017384266234987622
8811aa4dc7fffff,2024,12,1,0,0.018896974985928117
8811aa4dc7fffff,2024,14,1,0,0.017603207056636285
8811aa4dc7fffff,2024,20,1,0,0.021922392487809108
8811aa4dc9fffff,2022,15,1,0,0.005410510348782162
8811aa4dc9fffff,2022,20,2,0,0.007301396287457783
8811aa4dc9fffff,2023,17,1,0,0.008216987029014492
8811aa4dc9fffff,2023,18,1,0,0.008595164216749615
8811aa4dc9fffff,2024,20,1,0,0.0074663705900979635
8811aa4dcbfffff,2023,10,1,0,0.07631878112319487
8811aa4dcbfffff,2024,11,1,0,0.07669695831092999
8811aa4dcbfffff,2024,21,1,0,0.08047873018828122
8811aa4dcdfffff,2022,22,1,0,0.018836513601245032
8811aa4dcdfffff,2023,5,1,0,0.013866626146430878
8811aa4dcdfffff,2023,14,1,0,0.015847139239136096
8811aa4dcdfffff,2023,19,1,0,0.019489956875557046
8811aa4dcdfffff,2024,21,1,0,0.02024631125102729
8811aa4ddbfffff,2024,8,1,0,0.24717812529653538
8811aa4de1fffff,2022,7,2,0,0.021522918781226016
8811aa4de1fffff,2022,16,2,0,0.026034061774543264
8811aa4de1fffff,2022,19,1,0,0.02708610618642855
8811aa4de1fffff,2023,9,1,0,0.02330433430907731
8811aa4de1fffff,2023,11,1,0,0.022010566379785473
8811aa4de1fffff,2023,12,1,0,0.024951396448473197
8811aa4de1fffff,2023,14,1,0,0.025195220247752927
8811aa4de1fffff,2024,3,1,1,0.020920761051005904
8811aa4de1fffff,2024,12,2,1,0.023413804719901638
8811aa4de1fffff,2024,13,1,0,0.025329573636208323
8811aa4de1fffff,2024,14,1,0,0.026732811976324485
8811aa4de1fffff,2024,17,1,0,0.0263297518109583
8811aa4de1fffff,2024,20,2,0,0.02823307923844945
8811aa4de1fffff,2024,21,1,0,0.027842460561898794
8811aa4de3fffff,2022,10,1,0,0.07441675223244296
8811aa4de3fffff,2022,15,1,0,0.0754184499960227
8811aa4de3fffff,2022,16,1,0,0.07668581535885369
8811aa4de3fffff,2022,19,3,0,0.07645359871888435
8811aa4de3fffff,2022,20,1,0,0.07614840180503211
8811aa4de3fffff,2022,21,1,0,0.07652657899276724
8811aa4de3fffff,2023,12,1,0,0.0751731066079132
8811aa4de3fffff,2023,13,1,0,0.07350116149088624
8811aa4de3fffff,2023,20,1,0,0.07614840180503211
8811aa4de3fffff,2023,21,1,0,0.07652657899276724
8811aa4de3fffff,2024,9,1,0,0.07433676565172458
8811aa4de3fffff,2024,14,2,0,0.07490439983100242
8811aa4de3fffff,2024,15,1,0,0.07425751586635648
8811aa4de3fffff,2024,17,1,0,0.07706399254658883
8811aa4de3fffff,2024,18,1,0,0.07744216973432395
8811aa4de3fffff,2024,21,1,0,0.07857670129752932
8811aa4de3fffff,2024,23,1,0,0.07754508083548219
8811aa4de5fffff,2022,13,1,0,0.04319065391849013
8811aa4de5fffff,2022,17,1,0,0.044489022700256856
8811aa4de5fffff,2022,23,2,1,0.04672204268689554
8811aa4de5fffff,2023,14,1,0,0.04305630053003473
8811aa4de5fffff,2023,17,1,0,0.0441908320932401
8811aa4de5fffff,2023,20,1,0,0.045325363656445475
8811aa4de5fffff,2023,21,1,1,0.043653418539418516
8811aa4de5fffff,2024,9,1,0,0.03928026658923721
8811aa4de5fffff,2024,10,1,0,0.03949346947433215
8811aa4de5fffff,2024,11,1,0,0.04205764194411452
8811aa4de5fffff,2024,17,1,0,0.044703362669430625
8811aa4de5fffff,2024,18,1,0,0.04456900928097522
8811aa4de5fffff,2024,20,2,0,0.044300302504064436
8811aa4de5fffff,2024,21,1,0,0.045703540844180594
8811aa4de7fffff,2022,17,2,0,0.06631695588114861
8811aa4de7fffff,2022,21,1,0,0.06603580761542227
8811aa4de7fffff,2023,8,1,0,0.06316962647962776
8811aa4de7fffff,2023,12,1,0,0.06519486580675876
8811aa4de7fffff,2023,15,1,0,0.06376674448901154
8811aa4de7fffff,2023,17,1,0,0.06452309886448178
8811aa4de7fffff,2023,18,2,0,0.06695139835697898
8811aa4de7fffff,2023,20,1,0,0.06582260473032733
8811aa4de7fffff,2024,5,1,1,0.06192058478476172
8811aa4de7fffff,2024,7,1,0,0.06279144929189263
8811aa4de7fffff,2024,18,1,0,0.06695139835697898
8811aa4de9fffff,2022,12,1,0,0.01416818081450626
8811aa4de9fffff,2022,21,1,0,0.0174068012014822
8811aa4de9fffff,2023,6,1,0,0.01340760809131206
8811aa4de9fffff,2023,13,1,0,0.014679574306617958
8811aa4de9fffff,2023,16,1,0,0.01756603756756866
8811aa4de9fffff,2023,21,1,0,0.019080265907338922
8811aa4de9fffff,2024,13,2,0,0.015488932003302336
8811aa4de9fffff,2024,14,1,0,0.014759560887336329
8811aa4de9fffff,2024,15,1,0,0.017700390956024055
8811aa4de9fffff,2024,18,1,0,0.018322391943038904
8811aa4de9fffff,2024,20,1,0,0.019078746318509154
8811aa4debfffff,2022,1,1,0,0.00922114089926021
8811aa4debfffff,2022,13,1,0,0.013497119684837001
8811aa4debfffff,2022,15,2,0,0.014335961211627338
8811aa4debfffff,2024,6,1,0,0.011014853673331314
8811aa4debfffff,2024,14,1,0,0.013875296872572123
8811aa4debfffff,2024,15,1,0,0.014253474060307249
8811aa4debfffff,2024,19,1,0,0.015766182811247746
8811aa4debfffff,2024,20,1,0,0.01870701287993547
8811aa4debfffff,2024,22,1,0,0.019212984146459895
8811aa4dedfffff,2022,14,1,0,0.05392197500317163
8811aa4dedfffff,2023,17,1,0,0.05270819365459816
8811aa4dedfffff,2023,19,1,0,0.056027200911021015
8811aa4dedfffff,2023,22,2,0,0.05699383651660065
8811aa4dedfffff,2024,19,1,0,0.053464548030068414
8811aa4dedfffff,2024,21,1,0,0.05422090240553866
8811aa4e01fffff,2022,0,1,0,0.01981300710059528
8811aa4e01fffff,2022,11,1,0,0.021825660696315047
8811aa4e01fffff,2022,17,1,0,0.025979871824847692
8811aa4e01fffff,2022,18,1,0,0.026358049012582815
8811aa4e01fffff,2023,6,1,0,0.02181992275976133
8811aa4e01fffff,2023,19,1,0,0.02673622620031794
8811aa4e01fffff,2024,11,1,0,0.02538427340429367
8811aa4e01fffff,2024,12,1,0,0.02255139415760051
8811aa4e05fffff,2022,0,1,0,0.027035788781472128
8811aa4e05fffff,2022,11,1,0,0.03298371268407588
8811aa4e05fffff,2022,16,1,0,0.034874598622751496
8811aa4e05fffff,2022,17,2,0,0.03525277581048662
8811aa4e05fffff,2023,22,1,0,0.03740580921640694
8811aa4e09fffff,2022,0,2,0,0.03835116149096984
8811aa4e09fffff,2022,1,1,0,0.03992950630431547
8811aa4e09fffff,2022,6,1,0,0.041422371798461234
8811aa4e09fffff,2022,7,2,0,0.04041205256113317
8811aa4e09fffff,2022,8,1,0,0.04077700742264508
8811aa4e09fffff,2022,9,1,0,0.0425569033616666
8811aa4e09fffff,2022,12,1,0,0.04574155722963406
8811aa4e09fffff,2022,13,1,0,0.042995185293692464
8811aa4e09fffff,2023,1,1,0,0.0397151663351417
8811aa4e09fffff,2023,10,1,0,0.041562463123470346
8811aa4e09fffff,2023,11,1,0,0.04177566600856529
8811aa4e09fffff,2023,16,1,0,0.04383152624988109
8811aa4e09fffff,2023,18,1,0,0.04647302862747323
8811aa4e09fffff,2024,0,4,1,0.03939650355955018
8811aa4e09fffff,2024,7,1,0,0.0402629572576248
8811aa4e09fffff,2024,15,1,0,0.04533849706426787
8811aa4e09fffff,2024,18,2,0,0.04458788062535134
8811aa4e09fffff,2024,22,1,0,0.04619776254089635
8811aa4e09fffff,2024,23,1,0,0.04657593972863147
8811aa4e0bfffff,2022,6,1,0,0.16115112836110793
8811aa4e0bfffff,2023,0,1,0,0.15914421270194187
8811aa4e0bfffff,2023,8,1,0,0.16190748273657815
8811aa4e0bfffff,2024,4,1,0,0.1609551120598991
8811aa4e0bfffff,2024,10,1,0,0.1626638371120484
8811aa4e0bfffff,2024,12,1,0,0.16355340779189526
8811aa4e0bfffff,2024,14,1,0,0.16401157156034876
8811aa4e0bfffff,2024,22,1,0,0.17088685056280808
8811aa4e0dfffff,2022,15,1,0,0.02704673374441205
8811aa4e0dfffff,2022,19,1,0,0.024971728462018904
8811aa4e0dfffff,2023,7,1,0,0.022483724513959497
8811aa4e0dfffff,2023,16,1,0,0.023837196898813532
8811aa4e0dfffff,2023,19,1,0,0.024971728462018904
8811aa4e0dfffff,2023,20,1,0,0.02740002795451611
8811aa4e0dfffff,2023,22,1,0,0.029956121525802612
8811aa4e0dfffff,2024,8,1,0,0.02081177939693254
8811aa4e0dfffff,2024,12,1,0,0.024374610452635115
8811aa4e0dfffff,2024,20,1,0,0.025349905649754027
8811aa4e11fffff,2022,0,1,0,0.08989794339480761
8811aa4e11fffff,2022,16,1,0,0.09730268965178508
8811aa4e11fffff,2022,18,1,0,0.09617389602513342
8811aa4e11fffff,2023,17,1,0,0.09781673981680536
8811aa4e11fffff,2023,22,1,0,0.0979487522433186
8811aa4e11fffff,2024,16,1,0,0.09743856262907025
8811aa4e11fffff,2024,21,1,0,0.09714345328569861
8811aa4e15fffff,2023,18,1,0,0.035275800708890505
8811aa4e15fffff,2023,19,1,0,0.03514144732043511
8811aa4e15fffff,2024,10,1,0,0.031873725608104156
8811aa4e15fffff,2024,18,1,0,0.0333906527067686
8811aa4e15fffff,2024,19,1,0,0.035277320297720266
8811aa4e17fffff,2022,6,1,0,0.18001026740234455
8811aa4e17fffff,2022,7,1,0,0.18009025398306291
8811aa4e17fffff,2022,22,1,0,0.18731920970037724
8811aa4e17fffff,2024,20,1,0,0.18484158312097937
8811aa4e1bfffff,2022,15,1,0,0.11119153834077677
8811aa4e1dfffff,2022,23,1,0,0.16241245509774266
8811aa4e1dfffff,2023,12,1,0,0.1558043632833644
8811aa4e1dfffff,2023,21,1,0,0.1592079579729805
8811aa4e25fffff,2022,18,1,0,0.01855351162114748
8811aa4e25fffff,2022,21,1,0,0.017637920879590773
8811aa4e25fffff,2024,10,2,0,0.013560458965824498
8811aa4e27fffff,2024,14,1,1,0.0862474908055115
8811aa4e29fffff,2022,14,1,0,0.08059092591301192
8811aa4e29fffff,2023,13,1,0,0.08291127458351458
8811aa4e29fffff,2024,17,1,0,0.0837755797809794
8811aa4e2bfffff,2022,17,1,0,0.08430615281498967
8811aa4e2bfffff,2023,15,1,0,0.08266061026442355
8811aa4e2bfffff,2024,12,1,0,0.08255113985359923
8811aa4e2bfffff,2024,13,1,0,0.08228091348785865
8811aa4e2bfffff,2024,16,1,0,0.08341544505106403
8811aa4e2bfffff,2024,19,1,0,0.08468584959155456
8811aa4e31fffff,2022,9,1,0,0.08512581810320957
8811aa4e31fffff,2024,5,1,1,0.08357706621249701
8811aa4e31fffff,2024,7,1,1,0.08407127312072257
8811aa4e31fffff,2024,8,1,0,0.08482610790736306
8811aa4e31fffff,2024,12,1,0,0.08633881665830355
8811aa4e37fffff,2022,1,1,0,0.007422959853970644
8811aa4e37fffff,2022,7,1,0,0.009429875513136692
8811aa4e37fffff,2022,10,1,0,0.010564407076342064
8811aa4e37fffff,2022,14,1,0,0.01207711582728256
8811aa4e37fffff,2023,12,1,1,0.011618952058829063
8811aa4e37fffff,2024,18,1,0,0.014052989487879987
8811aa4e37fffff,2024,23,1,0,0.015742857984143373
8811aa4e41fffff,2022,8,1,0,0.003061460641653048
8811aa4e41fffff,2022,13,1,0,0.004819130275952093
8811aa4e41fffff,2022,15,1,0,0.005575484651422342
8811aa4e41fffff,2022,16,1,0,0.005953661839157466
8811aa4e41fffff,2022,17,1,0,0.006331839026892589
8811aa4e41fffff,2022,18,1,0,0.006545041911987535
8811aa4e41fffff,2022,21,2,0,0.008598792979441355
8811aa4e41fffff,2023,9,2,0,0.003306421525011599
8811aa4e41fffff,2023,10,1,0,0.0036845987127467226
8811aa4e41fffff,2023,15,1,1,0.007382165661655636
8811aa4e41fffff,2023,17,1,0,0.006465055331269163
8811aa4e41fffff,2024,1,1,0,0.0005140501650202856
8811aa4e41fffff,2024,4,1,0,0.0025377699033215365
8811aa4e41fffff,2024,15,1,0,0.005575484651422342
8811aa4e41fffff,2024,18,1,0,0.006710016214627713
8811aa4e43fffff,2022,15,1,0,0.07777913534952703
8811aa4e43fffff,2023,14,1,0,0.07740095816179192
8811aa4e43fffff,2024,0,1,1,0.07253359930338506
8811aa4e43fffff,2024,13,1,0,0.07718775527669697
8811aa4e47fffff,2022,2,1,0,0.09301439189610708
8811aa4e47fffff,2022,12,1,0,0.09623582569919686
8811aa4e47fffff,2022,13,1,0,0.09863502386633904
8811aa4e47fffff,2022,20,2,0,0.10018926653946131
8811aa4e47fffff,2022,22,1,0,0.10011477074115262
8811aa4e47fffff,2023,18,1,0,0.09950084865263363
8811aa4e47fffff,2024,8,1,0,0.09472311694825636
8811aa4e47fffff,2024,10,1,0,0.09736461932584851
8811aa4e47fffff,2024,15,1,0,0.09737035726240223
8811aa4e47fffff,2024,17,1,0,0.10001185963999439
8811aa4e4bfffff,2023,14,1,0,0.20493964798656544
8811aa4e4dfffff,2022,8,3,1,0.02742456076774215
8811aa4e4dfffff,2022,10,1,0,0.028367328333150907
8811aa4e4dfffff,2022,14,1,0,0.02953248081054106
8811aa4e4dfffff,2022,17,1,0,0.031527099223487294
8811aa4e4dfffff,2022,18,1,0,0.031045189561481557
8811aa4e4dfffff,2023,5,2,1,0.027941449310307676
8811aa4e4dfffff,2023,16,1,0,0.03028883518601131
8811aa4e4dfffff,2023,17,1,0,0.03217550277696298
8811aa4e4dfffff,2023,19,1,0,0.03142336674921668
8811aa4e4dfffff,2023,20,1,0,0.031801543936951816
8811aa4e4dfffff,2023,23,1,0,0.034194182794427895
8811aa4e4dfffff,2024,6,1,0,0.027503023135686092
8811aa4e4dfffff,2024,8,1,0,0.02966109626244274
8811aa4e51fffff,2023,12,1,0,0.18914442778883686
8811aa4e59fffff,2022,12,1,0,0.010791133415624224
8811aa4e59fffff,2023,12,1,0,0.008442820503845391
8811aa4e59fffff,2024,0,1,0,0.004331816020908779
8811aa4e5bfffff,2022,16,1,0,0.0975521176242203
8811aa4e5bfffff,2022,18,1,0,0.09677088027111898
8811aa4e5bfffff,2023,19,1,0,0.0971490574588541
8811aa4e5bfffff,2024,12,1,0,0.09617528185056495
8811aa4e5dfffff,2022,7,1,0,0.019699908235445485
8811aa4e5dfffff,2024,17,1,0,0.025068637507901875
8811aa4e63fffff,2024,17,1,0,0.05699858715657626
8811aa4e63fffff,2024,20,1,0,0.05594712343773439
8811aa4e67fffff,2024,16,1,0,0.06527497890086321
8811aa4e6bfffff,2022,9,1,0,0.07682346437850983
8811aa4e6bfffff,2023,0,1,0,0.07176776782866148
8811aa4e6bfffff,2024,16,1,0,0.0794707046926557
8811aa4e6bfffff,2024,18,1,0,0.08022705906812594
8811aa4e81fffff,2022,12,1,0,0.11804916566812
8811aa4e81fffff,2023,12,1,0,0.11804916566812
8811aa4e81fffff,2023,15,1,0,0.11729854922920346
8811aa4e83fffff,2022,0,1,0,0.17185367201273932
8811aa4e83fffff,2022,1,1,0,0.17260850679937983
8811aa4e83fffff,2022,10,1,0,0.1738648060196293
8811aa4e83fffff,2022,13,2,0,0.17640065800146437
8811aa4e83fffff,2022,14,1,0,0.1775608533797085
8811aa4e83fffff,2022,16,1,0,0.1764320597530568
8811aa4e83fffff,2022,17,2,0,0.1772257297029849
8811aa4e83fffff,2022,18,1,0,0.17718841412852707
8811aa4e83fffff,2022,22,2,0,0.17931215495671693
8811aa4e83fffff,2023,0,1,0,0.1708286108603583
8811aa4e83fffff,2023,6,1,0,0.17386058767190538
8811aa4e83fffff,2023,21,1,0,0.17785978078207554
8811aa4e83fffff,2023,23,2,0,0.179192352230939
8811aa4e83fffff,2024,8,1,1,0.17461694204737563
8811aa4e83fffff,2024,9,1,0,0.17478077926593696
8811aa4e83fffff,2024,10,2,0,0.1738502553569518
8811aa4e83fffff,2024,17,1,0,0.17678113561543693
8811aa4e83fffff,2024,20,1,0,0.17915506830019712
8811aa4e83fffff,2024,21,1,1,0.1790207149117417
8811aa4e83fffff,2024,22,1,0,0.1786650797396955
8811aa4e83fffff,2024,23,1,0,0.1803374073614734
8811aa4e85fffff,2022,12,1,0,0.10384371749566931
8811aa4e85fffff,2022,18,1,0,0.10697552414472951
8811aa4e85fffff,2022,20,1,0,0.10862106669529563
8811aa4e85fffff,2022,21,1,0,0.10694912157826866
8811aa4e85fffff,2023,9,1,0,0.10241099532544719
8811aa4e85fffff,2023,17,1,0,0.10543641282732819
8811aa4e85fffff,2023,20,1,0,0.10862106669529563
8811aa4e85fffff,2024,4,1,0,0.1012454217636732
8811aa4e85fffff,2024,13,1,0,0.108159821663197
8811aa4e87fffff,2022,2,1,0,0.058410051246992015
8811aa4e87fffff,2022,4,1,0,0.06053902304839365
8811aa4e87fffff,2022,6,1,0,0.062223265411640416
8811aa4e87fffff,2022,12,1,0,0.06176470135445838
8811aa4e87fffff,2022,17,1,0,0.06395377790015074
8811aa4e87fffff,2022,18,1,0,0.0641987387835093
8811aa4e87fffff,2022,22,1,0,0.06696955482872052
8811aa4e87fffff,2023,7,1,0,0.06003878971842294
8811aa4e87fffff,2023,14,1,0,0.06419452043578534
8811aa4e87fffff,2023,16,1,0,0.06532753241016095
8811aa4e87fffff,2023,21,1,0,0.06516829604407448
8811aa4e87fffff,2024,1,1,0,0.05786689975661671
8811aa4e87fffff,2024,14,2,0,0.06435816640197123
8811aa4e87fffff,2024,19,2,0,0.0645623653085669
8811aa4e8dfffff,2022,12,1,0,0.07540534131172374
8811aa4e8dfffff,2022,15,1,0,0.07414219429661668
8811aa4e8dfffff,2022,17,1,0,0.07489854867208694
8811aa4e8dfffff,2022,19,2,0,0.07557241589623709
8811aa4e8dfffff,2022,23,1,0,0.07945078024514944
8811aa4e8dfffff,2023,11,1,0,0.07362544537270221
8811aa4e8dfffff,2024,15,1,0,0.07616321527602375
8811aa4e8dfffff,2024,16,1,0,0.07654139246375888
8811aa4e8dfffff,2024,17,2,0,0.07584112267314788
8811aa4e8dfffff,2024,18,1,0,0.07576015511065756
8811aa4e91fffff,2022,8,1,0,0.055032878659248115
8811aa4e91fffff,2023,14,1,0,0.055251819480896774
8811aa4e91fffff,2023,16,1,0,0.05600817385636703
8811aa4e91fffff,2023,18,2,0,0.05907091582469461
8811aa4e91fffff,2023,19,1,0,0.0571427054195724
8811aa4e91fffff,2023,22,1,0,0.058539384450022464
8811aa4e91fffff,2024,19,1,1,0.059841231277810165
8811aa4e93fffff,2022,8,1,0,0.06641143306424985
8811aa4e93fffff,2022,10,1,0,0.06511766513495801
8811aa4e93fffff,2022,12,1,0,0.0694617335437619
8811aa4e93fffff,2022,14,1,0,0.06868049619066058
8811aa4e93fffff,2022,15,1,0,0.06816948520329982
8811aa4e93fffff,2022,18,2,0,0.06916814378922004
8811aa4e93fffff,2022,19,1,0,0.07210897385790775
8811aa4e93fffff,2023,9,1,0,0.06678961025198496
8811aa4e93fffff,2023,14,1,0,0.0691930267668511
8811aa4e93fffff,2023,15,1,0,0.06905867337839572
8811aa4e93fffff,2023,17,1,0,0.07032755833005647
8811aa4e93fffff,2023,21,1,0,0.07132773650480645
8811aa4e93fffff,2024,7,1,0,0.06398313357175263
8811aa4e93fffff,2024,12,2,0,0.06689908066280928
8811aa4e93fffff,2024,14,1,0,0.06868049619066058
8811aa4e93fffff,2024,15,1,0,0.06700855107363361
8811aa4e93fffff,2024,16,2,0,0.06841178941374979
8811aa4e93fffff,2024,17,1,0,0.07135261948243751
8811aa4e93fffff,2024,18,1,0,0.068143082636839
8811aa4e93fffff,2024,19,1,0,0.0705713821293362
8811aa4e93fffff,2024,23,1,0,0.0702961160427593
8811aa4e95fffff,2022,13,1,0,0.040952758947068846
8811aa4e95fffff,2023,12,1,0,0.03685099474871492
8811aa4e95fffff,2024,13,1,0,0.04081688596978368
8811aa4e95fffff,2024,15,1,0,0.037985526311920294
8811aa4e95fffff,2024,19,1,0,0.03979642566987754
8811aa4e97fffff,2022,14,2,0,0.056533973569493995
8811aa4e97fffff,2022,20,2,0,0.05959651539345732
8811aa4e97fffff,2022,23,1,0,0.06253078615247894
8811aa4e97fffff,2023,1,1,0,0.05318582686992518
8811aa4e97fffff,2023,13,1,0,0.05592421392693041
8811aa4e97fffff,2023,14,1,0,0.05630239111466553
8811aa4e97fffff,2023,17,1,1,0.05760189698051108
8811aa4e97fffff,2023,21,1,0,0.06062309613466812
8811aa4e97fffff,2023,23,1,1,0.061939788584399816
8811aa4e97fffff,2024,10,1,0,0.05495465666636521
8811aa4e97fffff,2024,12,1,0,0.055681909716480446
8811aa4e97fffff,2024,15,1,0,0.05668056830240066
8811aa4e97fffff,2024,18,1,0,0.057815099865606026
8811aa4e97fffff,2024,21,1,0,0.06062309613466812
8811aa4e99fffff,2023,21,1,0,0.09541758142274978
8811aa4e9bfffff,2022,11,1,0,0.031558870445270136
8811aa4e9bfffff,2022,12,2,0,0.0349050611055615
8811aa4e9bfffff,2022,13,1,0,0.03436534712550247
8811aa4e9bfffff,2022,20,2,0,0.03701258743964834
8811aa4e9bfffff,2022,22,1,0,0.0359809669776012
8811aa4e9bfffff,2023,0,1,0,0.02782604315006865
8811aa4e9bfffff,2023,12,1,0,0.03398716993776735
8811aa4e9bfffff,2023,13,1,0,0.03248019912338057
8811aa4e9bfffff,2024,19,1,0,0.03574522207681733
8811aa4e9bfffff,2024,21,1,0,0.039064229333240184
8811aa4e9dfffff,2022,0,1,0,0.23119999707277772
8811aa4e9dfffff,2022,8,1,0,0.2363900470110815
8811aa4e9dfffff,2022,16,1,0,0.235992724782269
8811aa4e9dfffff,2022,22,1,0,0.23852393537592442
8811aa4e9dfffff,2023,11,1,0,0.23410183884359334
8811aa4e9dfffff,2023,13,1,0,0.2349914095234402
8811aa4e9dfffff,2024,2,1,0,0.23225454205526472
8811aa4e9dfffff,2024,11,2,0,0.23423638348442422
8811aa4e9dfffff,2024,13,1,0,0.23485819321906362
8811aa4e9dfffff,2024,17,2,0,0.2363709019700041
8811aa4e9dfffff,2024,18,1,0,0.23658410485509906
8811aa4e9dfffff,2024,19,1,0,0.23726047264985092
8811aa4e9dfffff,2024,22,1,0,0.238657151680301
8811aa4ea1fffff,2022,17,1,0,0.03688532877096211
8811aa4ea1fffff,2024,8,1,0,0.031808269375489265
8811aa4ea1fffff,2024,15,1,0,0.034455509689635136
8811aa4ea3fffff,2022,9,1,0,0.07556404603642544
8811aa4ea3fffff,2022,21,1,0,0.08010217228924692
8811aa4ea3fffff,2023,0,1,0,0.07285666239835593
8811aa4ea5fffff,2022,11,1,0,0.06034528463615587
8811aa4ea5fffff,2022,14,1,0,0.061479816199361235
8811aa4ea7fffff,2022,17,1,0,0.01164684579195881
8811aa4ea7fffff,2023,21,1,0,0.015209676847661389
8811aa4ea9fffff,2022,19,1,0,0.02040767831807076
8811aa4ea9fffff,2023,7,1,0,0.016167742672266023
8811aa4ea9fffff,2024,1,1,0,0.013862636406083222
8811aa4ea9fffff,2024,10,1,0,0.017169057931094824
8811aa4eadfffff,2024,8,1,0,0.01020065929220106
8811aa4eb1fffff,2022,8,1,0,0.039456515898906745
8811aa4eb1fffff,2024,8,1,0,0.04134166390102865
8811aa4eb1fffff,2024,11,1,0,0.04042607315947194
8811aa4eb1fffff,2024,12,1,0,0.04080425034720706
8811aa4eb1fffff,2024,14,1,0,0.04361072702743939
8811aa4eb1fffff,2024,17,1,0,0.04474525859064476
8811aa4eb1fffff,2024,18,1,0,0.045123435778379885
8811aa4eb1fffff,2024,23,1,0,0.04536221985682329
8811aa4eb3fffff,2022,7,1,0,0.07899682404928128
8811aa4eb3fffff,2022,15,1,0,0.08202224155116225
8811aa4eb3fffff,2022,20,1,0,0.08391312748983788
8811aa4eb3fffff,2023,14,1,0,0.08164406436342712
8811aa4eb3fffff,2023,19,1,0,0.08404748087829327
8811aa4eb3fffff,2023,21,1,0,0.08224118237281092
8811aa4eb3fffff,2024,11,1,0,0.07845941049545968
8811aa4eb3fffff,2024,13,1,0,0.07986416842440562
8811aa4eb3fffff,2024,18,1,0,0.08110665080960555
8811aa4eb5fffff,2022,0,1,0,0.07932250648021569
8811aa4eb5fffff,2022,10,1,0,0.08154798045627946
8811aa4eb5fffff,2022,18,1,0,0.08645854596028235
8811aa4eb5fffff,2022,20,1,0,0.0872149003357526
8811aa4eb5fffff,2023,15,1,0,0.0832738920923149
8811aa4eb5fffff,2023,16,1,0,0.0838170435826902
8811aa4eb5fffff,2023,23,1,0,0.08656145706144058
8811aa4eb5fffff,2024,1,1,0,0.0787047238409248
8811aa4eb5fffff,2024,4,1,0,0.07967428110148998
8811aa4eb5fffff,2024,9,2,0,0.08108731611722425
8811aa4eb5fffff,2024,14,1,0,0.08306068920721996
8811aa4eb5fffff,2024,15,1,0,0.0832738920923149
8811aa4eb5fffff,2024,18,3,0,0.08577517185869499
8811aa4eb5fffff,2024,20,1,0,0.0853297523336307
8811aa4eb9fffff,2022,4,1,1,0.07581491453020947
8811aa4eb9fffff,2022,7,1,0,0.075100341231065
8811aa4eb9fffff,2022,12,1,0,0.07669303656272387
8811aa4eb9fffff,2023,2,1,0,0.07468190255583387
8811aa4eb9fffff,2023,9,1,0,0.07539353069687832
8811aa4eb9fffff,2023,11,1,0,0.07731081920201477
8811aa4eb9fffff,2023,17,1,0,0.08009241290461604
8811aa4eb9fffff,2023,18,1,0,0.08047059009235115
8811aa4eb9fffff,2024,8,2,0,0.07535410594855854
8811aa4eb9fffff,2024,11,1,0,0.07614988507234857
8811aa4eb9fffff,2024,16,1,0,0.07804077101102418
8811aa4eb9fffff,2024,18,1,0,0.07879712538649444
8811aa4ebbfffff,2022,9,1,0,0.0900182096207528
8811aa4ebbfffff,2022,17,1,0,0.0949287751247557
8811aa4ebbfffff,2023,7,1,0,0.08909688094264236
8811aa4ebbfffff,2023,8,1,0,0.09152518043513957
8811aa4ebbfffff,2023,13,1,0,0.0934160663738152
8811aa4ebbfffff,2023,15,1,0,0.09417242074928545
8811aa4ebbfffff,2023,21,1,0,0.09455633587357429
8811aa4ebbfffff,2024,6,1,0,0.09039216846076396
8811aa4ebbfffff,2024,8,1,0,0.08964003243301767
8811aa4ebbfffff,2024,9,1,0,0.0919033576228747
8811aa4ebbfffff,2024,12,1,0,0.09098776688131799
8811aa4ebbfffff,2024,14,1,0,0.09190909555942842
8811aa4ebbfffff,2024,16,1,0,0.09455059793702057
8811aa4ebbfffff,2024,19,1,0,0.09568512950022594
8811aa4ebbfffff,2024,21,1,0,0.09644148387569618
8811aa4ebdfffff,2022,1,1,1,0.0090316195774925
8811aa4ebdfffff,2022,3,1,0,0.011838096257724829
8811aa4ebdfffff,2022,5,1,0,0.010411112024056424
8811aa4ebdfffff,2022,7,1,0,0.012413809335498516
8811aa4ebdfffff,2022,11,1,0,0.012418027683222472
8811aa4ebdfffff,2022,14,1,0,0.014548519073453864
8811aa4ebdfffff,2022,17,2,0,0.014687090809633215
8811aa4ebdfffff,2022,19,1,0,0.015443445185103462
8811aa4ebdfffff,2022,20,1,0,0.01579252104748357
8811aa4ebdfffff,2022,22,1,1,0.01684012421555353
8811aa4ebdfffff,2022,23,1,0,0.017189200077933633
8811aa4ebdfffff,2023,0,1,0,0.008653442389757375
8811aa4ebdfffff,2023,3,1,0,0.011163248051802716
8811aa4ebdfffff,2023,6,1,0,0.012035632147763393
8811aa4ebdfffff,2023,15,1,0,0.015815884436284865
8811aa4ebdfffff,2023,17,1,0,0.014522116506993034
8811aa4ebdfffff,2023,19,1,0,0.015414343859748447
8811aa4ebdfffff,2023,23,2,1,0.017972546604896923
8811aa4ebdfffff,2024,0,1,0,0.010028716488597347
8811aa4ebdfffff,2024,3,1,0,0.009489783345945996
8811aa4ebdfffff,2024,5,1,1,0.012730323610480238
8811aa4ebdfffff,2024,12,1,0,0.012796204870957593
8811aa4ebdfffff,2024,17,1,0,0.014985281416649968
8811aa4ebdfffff,2024,22,1,0,0.0169733405199301
8811aa4ec1fffff,2022,11,1,0,0.056955692268375276
8811aa4ec1fffff,2022,16,1,0,0.058846578207050894
8811aa4ec1fffff,2023,14,1,0,0.06065287671253324
8811aa4ec1fffff,2023,16,1,0,0.058846578207050894
8811aa4ec1fffff,2024,0,1,0,0.05510801297529569
8811aa4ec1fffff,2024,8,1,0,0.05787128300993198
8811aa4ec1fffff,2024,11,1,0,0.059005814573137354
8811aa4ec1fffff,2024,13,1,0,0.0597621689486076
8811aa4ec1fffff,2024,21,2,1,0.06073746414572651
8811aa4ec3fffff,2023,18,1,0,0.07388086463556216
8811aa4ec5fffff,2022,9,1,0,0.014903311385267548
8811aa4ec5fffff,2022,13,1,0,0.018602015418255288
8811aa4ec5fffff,2022,17,1,0,0.01809370318978872
8811aa4ec5fffff,2022,19,1,0,0.018685083262618786
8811aa4ec5fffff,2023,11,1,0,0.015659665760737795
8811aa4ec5fffff,2024,18,1,0,0.018306906074883663
8811aa4ec7fffff,2022,19,1,0,0.05687524068252841
8811aa4ec7fffff,2023,8,1,0,0.0524171010104253
8811aa4ec7fffff,2023,12,1,0,0.05560327446722251
8811aa4ec7fffff,2024,20,1,0,0.05900534956800886
8811aa4ec9fffff,2022,8,1,0,0.030716050542298926
8811aa4ec9fffff,2022,11,1,0,0.031850582105504295
8811aa4ec9fffff,2022,16,1,0,0.03374146804417991
8811aa4ec9fffff,2023,18,1,0,0.03244770011488809
8811aa4ec9fffff,2023,21,1,0,0.03563235398285554
8811aa4ec9fffff,2024,0,1,0,0.027952780507662627
8811aa4ec9fffff,2024,12,1,0,0.03017863698847734
8811aa4ec9fffff,2024,14,1,0,0.03298511366870967
8811aa4ec9fffff,2024,15,2,0,0.033619556144540055
8811aa4ecbfffff,2022,14,1,0,0.03249680115590407
8811aa4ecbfffff,2022,16,1,0,0.03325315553137432
8811aa4ecbfffff,2022,17,1,0,0.033631332719109445
8811aa4ecbfffff,2023,8,1,0,0.03022773802949332
8811aa4ecbfffff,2023,11,1,0,0.031362269592698694
8811aa4ecbfffff,2023,16,1,0,0.031203033226612234
8811aa4ecbfffff,2023,17,1,0,0.034442053902316715
8811aa4ecbfffff,2023,18,2,0,0.03298444875446352
8811aa4ecbfffff,2023,19,2,0,0.03344511309351874
8811aa4ecbfffff,2024,11,1,0,0.031362269592698694
8811aa4ecbfffff,2024,21,2,0,0.035912837334335715
8811aa4ecbfffff,2024,22,2,0,0.035596037325577076
8811aa4ecdfffff,2022,7,1,1,0.0766871400777813
8811aa4ecdfffff,2022,17,1,0,0.08017072134811579
8811aa4ecdfffff,2023,7,1,0,0.07450380146864265
8811aa4ecdfffff,2024,11,1,0,0.07585153591694296
8811aa4ed1fffff,2022,0,1,0,0.022346237465920078
8811aa4ed1fffff,2022,7,1,0,0.025029520919838
8811aa4ed1fffff,2022,19,1,0,0.031154604567764643
8811aa4ed1fffff,2023,19,1,0,0.030777946968859278
8811aa4ed1fffff,2023,20,1,0,0.030805911210135473
8811aa4ed1fffff,2024,18,1,0,0.030776427380029513
8811aa4ed1fffff,2024,19,1,0,0.029269456565642737
8811aa4ed1fffff,2024,20,2,0,0.030658144243081394
8811aa4ed3fffff,2022,14,1,0,0.028934348070995965
8811aa4ed3fffff,2022,18,1,0,0.027024317091243002
8811aa4ed3fffff,2022,21,1,0,0.02815884865444837
8811aa4ed3fffff,2022,22,1,0,0.02863419900678801
8811aa4ed3fffff,2023,1,1,0,0.022742600369112492
8811aa4ed3fffff,2023,15,1,0,0.02688574535506365
8811aa4ed3fffff,2023,19,1,0,0.027885923529813627
8811aa4ed3fffff,2023,23,1,0,0.029012376194523137
8811aa4ed3fffff,2024,7,1,0,0.022835266700801618
8811aa4ed3fffff,2024,11,1,0,0.025885567180313675
8811aa4ed3fffff,2024,17,1,0,0.026481165600867693
8811aa4ed7fffff,2022,4,1,1,0.0019758736605974274
8811aa4ed7fffff,2022,6,3,0,0.0027191255310039324
8811aa4ed7fffff,2022,11,1,0,0.004195992204858419
8811aa4ed7fffff,2022,16,1,0,0.005953661839157466
8811aa4ed7fffff,2022,23,1,0,0.009859009447574051
8811aa4ed7fffff,2023,2,2,0,0.002188104455909219
8811aa4ed7fffff,2023,14,1,0,0.0050323331610470385
8811aa4ed7fffff,2023,20,1,0,0.0074663705900979635
8811aa4ed7fffff,2024,4,1,0,0.0031861734567972177
8811aa4ed7fffff,2024,13,1,0,0.004819130275952093
8811aa4ed7fffff,2024,18,1,0,0.006710016214627713
8811aa4ed7fffff,2024,22,1,0,0.009480832259838928
8811aa4ed7fffff,2024,23,1,0,0.010371540023764572
8811aa4ed9fffff,2022,3,1,0,0.004066411450693354
8811aa4ed9fffff,2022,8,1,0,0.007580297924246179
8811aa4ed9fffff,2022,11,2,0,0.00802852077448586
8811aa4ed9fffff,2022,12,1,0,0.009093006675186673
8811aa4ed9fffff,2022,16,1,0,0.00872056742400527
8811aa4ed9fffff,2022,17,1,0,0.009098744611740392
8811aa4ed9fffff,2022,19,2,0,0.0126581381571267
8811aa4ed9fffff,2022,23,1,0,0.011629955205395833
8811aa4ed9fffff,2023,8,1,0,0.005993340529141029
8811aa4ed9fffff,2023,11,1,0,0.006829681485329649
8811aa4ed9fffff,2023,12,1,0,0.007042884370424593
8811aa4ed9fffff,2023,14,2,1,0.008030821200723308
8811aa4ed9fffff,2023,15,1,0,0.008177415933629964
8811aa4ed9fffff,2023,16,1,0,0.00855559312136509
8811aa4ed9fffff,2023,18,1,0,0.011362069801597418
8811aa4ed9fffff,2023,19,2,0,0.01079767298827159
8811aa4ed9fffff,2023,22,1,0,0.011251778017660708
8811aa4ed9fffff,2024,0,1,0,0.002931879887487983
8811aa4ed9fffff,2024,10,2,0,0.007311591147335386
8811aa4ed9fffff,2024,13,1,0,0.0094711838629218
8811aa4ed9fffff,2024,16,1,0,0.01060571542612717
8811aa4ed9fffff,2024,17,1,0,0.011282083220879048
8811aa4ed9fffff,2024,18,1,0,0.009311947496835338
8811aa4ed9fffff,2024,19,1,0,0.011740246989332542
8811aa4ed9fffff,2024,20,1,0,0.012118424177067665
8811aa4edbfffff,2022,2,1,0,0.025252826456842924
8811aa4edbfffff,2022,3,1,0,0.024093411916006488
8811aa4edbfffff,2022,4,1,0,0.025496650256122654
8811aa4edbfffff,2022,12,1,0,0.02753304974539466
8811aa4edbfffff,2022,13,1,0,0.031200750359446673
8811aa4edbfffff,2022,16,1,0,0.02877666921467342
8811aa4edbfffff,2023,5,1,0,0.026173018050874526
8811aa4edbfffff,2023,11,1,0,0.02672080897335762
8811aa4edbfffff,2023,15,1,0,0.028398492026938296
8811aa4edbfffff,2024,2,1,0,0.025116953479557762
8811aa4edbfffff,2024,7,1,0,0.025343973199702285
8811aa4edbfffff,2024,12,2,0,0.027761940377245935
8811aa4edbfffff,2024,13,1,0,0.027642137651468047
8811aa4edbfffff,2024,15,1,0,0.0302836400290602
8811aa4edbfffff,2024,16,2,0,0.029680009719790068
8811aa4edbfffff,2024,17,2,0,0.029140295739731033
8811aa4edbfffff,2024,21,1,0,0.032176045556565586
8811aa4eddfffff,2022,1,1,0,0.06384797498096635
8811aa4eddfffff,2022,11,1,0,0.06855497817318554
8811aa4eddfffff,2022,17,1,0,0.07001332011638901
8811aa4eddfffff,2022,21,1,0,0.06961177953985258
8811aa4eddfffff,2023,13,1,0,0.06645048906068643
8811aa4eddfffff,2024,7,1,0,0.06776913996760933
8811aa4eddfffff,2024,9,1,0,0.06750043319069854
8811aa4eddfffff,2024,11,1,0,0.06774425698997827
8811aa4eddfffff,2024,21,1,0,0.0715260288673295
8811aa4ee1fffff,2022,9,1,0,0.008904640634227431
8811aa4ee1fffff,2022,16,1,0,0.011850071555390052
8811aa4ee1fffff,2023,15,1,0,0.009123581455876094
8811aa4ee1fffff,2024,22,1,0,0.012681372790742341
8811aa4ee3fffff,2023,11,1,0,0.11230282211850942
8811aa4ee3fffff,2023,13,1,0,0.1115215847654081
8811aa4ee9fffff,2022,20,1,0,0.15518115192571955
8811aa4ee9fffff,2023,11,1,0,0.15331514896467502
8811aa4ee9fffff,2024,0,1,0,0.1483429205479187
8811aa4ee9fffff,2024,6,1,0,0.15005164560006798
8811aa4eebfffff,2022,9,1,0,0.005113102535244894
8811aa4eebfffff,2022,11,1,0,0.004062775900481846
8811aa4eebfffff,2022,13,1,0,0.005844191428333134
8811aa4eebfffff,2022,23,1,0,0.009161240227564782
8811aa4eebfffff,2023,10,1,0,0.0036845987127467226
8811aa4eebfffff,2023,11,1,0,0.0038978015978416666
8811aa4eebfffff,2023,14,1,0,0.005197307463687218
8811aa4eebfffff,2023,16,1,0,0.005953661839157466
8811aa4eebfffff,2023,18,1,0,0.006710016214627713
8811aa4eebfffff,2023,19,1,0,0.007221409706739411
8811aa4eedfffff,2023,14,1,0,0.013774662562012275
8811aa4eedfffff,2024,16,1,0,0.014531016937482521
8811aa4f01fffff,2023,8,1,0,0.0701633183016738
8811aa4f01fffff,2023,9,1,0,0.06900390376083737
8811aa4f05fffff,2022,8,1,0,0.02642874076672761
8811aa4f05fffff,2023,14,1,0,0.028697803893138356
8811aa4f05fffff,2024,20,1,0,0.030966867019549104
8811aa4f09fffff,2024,20,1,0,0.08591216220397875
8811aa4f1bfffff,2022,20,1,1,0.03234755662167856
8811aa4f1bfffff,2023,19,1,0,0.030431787705371874
8811aa4f1bfffff,2023,23,1,1,0.03388010862941379
8811aa4f21fffff,2022,0,1,0,0.047757656042645674
8811aa4f21fffff,2022,15,1,0,0.05467665679464439
8811aa4f21fffff,2023,11,1,0,0.052437077498339604
8811aa4f21fffff,2023,12,1,0,0.05186866052558229
8811aa4f21fffff,2023,19,1,0,0.05468087514236834
8811aa4f21fffff,2024,0,1,0,0.04913027346857706
8811aa4f21fffff,2024,7,1,0,0.05165123929276339
8811aa4f21fffff,2024,9,1,0,0.05073412896237692
8811aa4f21fffff,2024,13,1,0,0.05224683771331741
8811aa4f2bfffff,2024,1,1,0,0.0839402319353312
8811aa4f2dfffff,2022,9,1,0,0.042775406818768485
8811aa4f2dfffff,2022,22,1,0,0.0485157539692939
8811aa4f2dfffff,2023,18,1,0,0.045851709576012825
8811aa4f2dfffff,2024,5,1,1,0.042008274785908184
8811aa4f2dfffff,2024,8,1,0,0.042099039024016606
8811aa4f2dfffff,2024,16,1,0,0.04612041635292362
8811aa4f31fffff,2024,18,1,0,0.06516301881337695
8811aa4f35fffff,2022,22,1,0,0.21134431901003378
8811aa4f3dfffff,2022,9,1,1,0.007203597178722407
8811aa4f3dfffff,2022,21,1,0,0.01190669773418407
8811aa4f3dfffff,2023,18,1,0,0.010607191868338521
8811aa4f3dfffff,2024,12,1,0,0.00880129365158471
8811aa4f3dfffff,2024,16,1,0,0.010015811795508452
8811aa4f3dfffff,2024,20,1,0,0.01303701094966549
8811aa4f49fffff,2022,8,1,0,0.019259777473627948
8811aa4f49fffff,2023,18,1,0,0.021503957622407626
8811aa4f49fffff,2024,17,1,0,0.01907565812991042
8811aa4f4bfffff,2022,9,1,0,0.056714768332366154
8811aa4f4bfffff,2022,10,1,0,0.05709294552010129
8811aa4f4bfffff,2022,11,1,0,0.05747112270783641
8811aa4f4bfffff,2022,13,1,0,0.05822747708330665
8811aa4f4bfffff,2022,14,1,0,0.10486927910547374
8811aa4f4bfffff,2022,21,1,0,0.061252894585187644
8811aa4f4bfffff,2023,1,1,0,0.05600162060249195
8811aa4f4bfffff,2023,11,1,0,0.059521245012598485
8811aa4f4bfffff,2023,14,2,0,0.05860565427104177
8811aa4f4bfffff,2024,8,1,0,0.056336591144631035
8811aa4f4bfffff,2024,11,5,1,0.05759039895064311
8811aa4f4bfffff,2024,16,1,0,0.059362008646512025
8811aa4f4bfffff,2024,19,1,0,0.0604965402097174
8811aa4f4bfffff,2024,20,1,0,0.0629248397022146
8811aa4f51fffff,2023,11,1,1,0.14286754726034878
8811aa4f51fffff,2024,16,1,0,0.1430849684931677
8811aa4f5bfffff,2022,0,1,0,0.015092430922691379
8811aa4f5bfffff,2022,13,1,0,0.01928342198634636
8811aa4f5bfffff,2022,20,1,0,0.02398078460525431
8811aa4f5bfffff,2024,16,1,0,0.022468075854313815
8811aa4f5bfffff,2024,21,1,0,0.022308839488227355
8811aa4f5dfffff,2023,7,1,0,0.09726979418519002
8811aa4f5dfffff,2023,22,1,0,0.10180288071717519
8811aa4f65fffff,2022,16,1,0,0.03690287294564096
8811aa4f65fffff,2023,12,1,0,0.0352542912174153
8811aa4f65fffff,2023,16,1,0,0.03676699996835579
8811aa4f65fffff,2024,18,1,0,0.03752335434382604
8811aa5421fffff,2022,10,1,0,0.11288273530915033
8811aa5423fffff,2024,18,1,0,0.06129613037774643
8811aa542dfffff,2023,12,1,0,0.09731326770691363
8811aa542dfffff,2023,13,1,0,0.09750620625083001
8811aa542dfffff,2024,17,1,0,0.09855575009211358
8811aa5435fffff,2022,8,1,0,0.07859121766939405
8811aa5435fffff,2022,11,1,0,0.08199021150653525
8811aa5435fffff,2022,16,1,0,0.1274461964214051
8811aa5435fffff,2023,19,1,0,0.08245297612746366
8811aa5435fffff,2023,21,1,1,0.0832093305029339
8811aa5435fffff,2024,2,1,0,0.1225497362376432
8811aa5435fffff,2024,21,1,0,0.0832093305029339
8811aa5437fffff,2023,7,1,0,0.18892376326838767
8811aa5437fffff,2023,22,1,0,0.19318510384580254
8811aa5445fffff,2023,1,1,0,0.11854843771348941
8811aa5445fffff,2024,7,1,0,0.12007192412181995
8811aa544dfffff,2024,18,2,0,0.19321273917086254
8811aa5461fffff,2022,15,2,0,0.028429652793726938
8811aa5461fffff,2022,17,2,0,0.029872315882162874
8811aa5461fffff,2023,7,1,0,0.02541878595452346
8811aa5461fffff,2023,13,1,0,0.027687849080934197
8811aa5461fffff,2023,15,1,0,0.028279229153764268
8811aa5461fffff,2024,16,1,0,0.02865740634149939
8811aa5461fffff,2024,19,2,0,0.030816999057085806
8811aa5467fffff,2022,9,1,0,0.07996734846626591
8811aa5467fffff,2022,23,1,0,0.08703246696501887
8811aa5467fffff,2023,18,1,1,0.08320596885324183
8811aa546dfffff,2024,8,1,0,0.1015912189335306
8811aa54a1fffff,2022,15,1,0,0.06780109355026553
8811aa54a1fffff,2022,18,2,0,0.06799305111240996
8811aa54a1fffff,2024,8,1,0,0.06310373093135759
8811aa54a3fffff,2023,8,1,0,0.10611112787236035
8811aa54a3fffff,2024,17,1,1,0.10951472256197646
8811aa54adfffff,2023,15,1,0,0.07616349745748771
8811aa54adfffff,2023,23,1,0,0.07945106242661339
8811aa54adfffff,2024,8,1,0,0.07351625714334184
8811aa54adfffff,2024,11,1,0,0.0772134415874998
8811aa54b5fffff,2022,0,1,0,0.10993787413356902
8811aa54e7fffff,2022,3,1,0,0.04401661921911741
8811aa54e7fffff,2022,8,1,0,0.04499695413707266
8811aa54e7fffff,2023,9,1,0,0.04554010562744796
8811aa5511fffff,2022,6,1,0,0.09906537111274871
8811aa5511fffff,2023,21,1,0,0.10627562065734714
8811aa5511fffff,2024,8,1,0,0.09998669979085915
8811aa5511fffff,2024,16,1,0,0.10301211729274012
8811aa5511fffff,2024,17,1,0,0.10578797305878768
8811aa5517fffff,2022,14,1,0,0.07044544274567573
8811aa5517fffff,2023,20,1,0,0.07271450587208649
8811aa5517fffff,2024,2,1,0,0.06630533693738411
8811aa551bfffff,2024,21,1,0,0.2933063704056851
8811aa5533fffff,2022,12,1,0,0.06562891225702487
8811aa5533fffff,2022,14,1,0,0.06450011863037322
8811aa5533fffff,2024,17,1,0,0.0656346501935786
8811aa553bfffff,2022,14,1,0,0.0630890151391034
8811aa553bfffff,2023,19,1,0,0.0668650490799009
8811aa5543fffff,2024,11,1,0,0.07460631400029823
8811aa5547fffff,2024,6,1,0,0.17488014022465753
8811aa554bfffff,2024,8,1,1,0.06449619981028477
8811aa555bfffff,2022,6,1,0,0.13328913603095718
8811aa5563fffff,2022,19,1,0,0.08669969780086766
8811aa5563fffff,2022,21,1,0,0.13371967701076987
8811aa5563fffff,2023,14,1,0,0.08480881186219204
8811aa5563fffff,2024,8,1,0,0.12880337357021326
8811aa5583fffff,2022,15,1,0,0.025169201136098097
8811aa5583fffff,2023,18,1,0,0.02630373269930347
8811aa5583fffff,2024,9,1,0,0.022900138009687356
8811aa5583fffff,2024,10,1,0,0.025840968078375076
8811aa558bfffff,2023,8,1,0,0.034727207858986094
8811aa5591fffff,2022,12,1,0,0.04303305199088236
8811aa5591fffff,2022,15,1,0,0.04416758355408774
8811aa5591fffff,2022,16,1,0,0.046595883046584935
8811aa5591fffff,2023,14,1,0,0.043954380668992786
8811aa5591fffff,2023,15,1,0,0.04416758355408774
8811aa5591fffff,2023,21,1,0,0.04878495959227731
8811aa5591fffff,2024,15,1,0,0.04416758355408774
8811aa5593fffff,2023,10,1,0,0.10261156570649281
8811aa5593fffff,2023,15,1,0,0.10450245164516841
8811aa5593fffff,2024,16,1,0,0.10488062883290354
8811aa55b1fffff,2023,17,1,0,0.15312260768599512
8811aa55b5fffff,2023,12,1,1,0.05536160561467136
8811aa55d5fffff,2023,18,1,0,0.11341662884225136
8811aa55d7fffff,2023,14,1,0,0.11710295542468374
8811aa55d7fffff,2023,17,1,0,0.11823748698788912
8811aa55ddfffff,2022,19,1,1,0.013681370193062127
8811aa55ddfffff,2024,0,1,0,0.004708028788577387
8811aa55ddfffff,2024,19,1,0,0.013681370193062127
8811aa5627fffff,2022,17,1,0,0.06202790372164312
8811aa5627fffff,2023,9,1,0,0.059167460522402314
8811aa5627fffff,2024,12,2,0,0.06020495427161009
8811aa5627fffff,2024,16,1,0,0.06194791714092475
8811aa562dfffff,2022,9,1,0,0.14503304700877664
8811aa562dfffff,2024,12,1,1,0.14360492569102942
8811aa5661fffff,2022,10,1,0,0.02576502743166244
8811aa5661fffff,2022,19,1,0,0.025580908087944915
8811aa5661fffff,2023,17,2,0,0.02591755135349829
8811aa5661fffff,2024,21,1,1,0.02633726246341516
8811aa5703fffff,2024,17,1,0,0.09493027855287388
8811aa570bfffff,2022,9,1,0,0.01817004628369482
8811aa570bfffff,2022,11,1,0,0.018926400659165066
8811aa570bfffff,2022,20,1,0,0.0202798730440191
8811aa570bfffff,2024,17,1,0,0.019310315783453907
8811aa570bfffff,2024,19,1,0,0.019901695856283975
8811aa5733fffff,2024,4,1,0,0.10214646892415823
8811aa5737fffff,2022,11,1,0,0.12108918895981874
8811aa5737fffff,2022,13,1,0,0.12181644200993397
8811aa5737fffff,2024,16,1,0,0.12311329120287093
8811aa573bfffff,2022,20,1,0,0.0777496707233346
8811aa573bfffff,2023,7,1,0,0.07266839298013779
8811aa573bfffff,2024,19,1,1,0.07720651923295929
8811aa573bfffff,2024,21,1,0,0.07812784791106972
8811aa5893fffff,2022,11,1,0,0.3379403273708714
8811aa5893fffff,2024,20,1,0,0.341856452636678
8811aa589bfffff,2023,16,1,0,0.20921041273025962
8811aa589bfffff,2024,22,1,0,0.21174162332391502
8811aa5987fffff,2023,11,1,1,0.1941392549221967
8811aa59bdfffff,2024,16,1,0,0.13608102695601948
8811aa59d5fffff,2024,8,1,1,0.6166258083123317
8811aa59e3fffff,2023,10,1,1,0.12165044624636999
8811aa59e5fffff,2022,19,1,0,0.09264840856620461
8811aa5a0dfffff,2024,3,1,1,0.4493096838457383
8811aa5a0dfffff,2024,17,1,0,0.4528335266035688
8811aa5a4bfffff,2024,18,1,0,0.040705165887172164
8811aa5a4dfffff,2023,13,1,0,0.035286778090380756
8811aa5a4dfffff,2023,16,1,0,0.038306457655708025
8811aa5a65fffff,2022,19,1,0,0.054613339602391654
8811aa5a65fffff,2024,15,1,0,0.05498577885357306
8811aa5a69fffff,2022,11,1,1,0.08880609527626339
8811aa5a69fffff,2023,7,1,0,0.08759157713233964
8811aa5a69fffff,2023,10,1,0,0.0920156321218619
8811aa5a69fffff,2023,14,1,0,0.09010560114210893
8811aa5a69fffff,2023,18,1,0,0.09145333559040926
8811aa5a69fffff,2024,11,1,0,0.08926926018592031
8811aa5a69fffff,2024,12,1,0,0.09034520659366471
8811aa5a69fffff,2024,14,1,0,0.09040379174912569
8811aa5a6dfffff,2022,12,1,0,0.03791563056915108
8811aa5a6dfffff,2023,14,1,0,0.03850701064198114
8811aa5a6dfffff,2024,5,1,0,0.03703902812546645
8811aa5a6dfffff,2024,17,1,0,0.041691664509948594
8811aa5b3dfffff,2023,0,1,0,0.20697337128176807
8811aa5b4bfffff,2022,6,1,0,0.22559096407103765
8811aa5b4bfffff,2022,13,1,0,0.2281023314078984
8811aa5b55fffff,2022,14,1,1,0.11457019947304672
8811aa5b59fffff,2022,20,1,0,0.0770895707609078
8811aa5b59fffff,2023,10,1,0,0.07330779888355657
8811aa5b5dfffff,2022,10,1,0,0.040838859097919865
8811aa5b5dfffff,2023,11,1,0,0.043779689166607585
8811aa5b5dfffff,2024,16,1,0,0.0431079222243306
8811aa6005fffff,2022,6,1,0,0.01570511566235338
8811aa6005fffff,2022,12,1,0,0.019726110486509452
8811aa6005fffff,2022,15,1,0,0.020860642049714828
8811aa6005fffff,2022,16,1,0,0.02123881923744995
8811aa6005fffff,2023,9,1,0,0.01859157892330408
8811aa6005fffff,2023,11,1,0,0.01934793329877433
8811aa6005fffff,2023,18,1,0,0.019945051308158115
8811aa6005fffff,2023,20,1,0,0.022751527988390446
8811aa6005fffff,2023,23,1,0,0.022396275321095182
8811aa6007fffff,2022,16,1,0,0.05803259505050371
8811aa6013fffff,2022,1,1,0,0.7210815720920682
8811aa6013fffff,2022,19,1,0,0.7267347691560514
8811aa6013fffff,2022,23,1,0,0.7298848994730767
8811aa6013fffff,2023,0,1,0,0.7207033949043332
8811aa6013fffff,2023,4,1,0,0.7221870023299187
8811aa6013fffff,2024,9,1,0,0.7228197809743235
8811aa6013fffff,2024,23,1,0,0.7293723688968862
8811aa6017fffff,2022,5,1,1,0.003350010675358574
8811aa6017fffff,2022,18,1,0,0.007008206821644466
8811aa6017fffff,2022,21,1,0,0.009353038181049628
8811aa6017fffff,2022,23,2,0,0.009524675500246927
8811aa6017fffff,2023,21,1,0,0.009138698211875858
8811aa6017fffff,2024,18,1,0,0.006710016214627713
8811aa6017fffff,2024,23,1,0,0.008863049620548031
8811aa601bfffff,2022,10,1,0,0.7123592778694087
8811aa601bfffff,2023,6,1,0,0.7098506092914421
8811aa601bfffff,2024,9,1,0,0.7108201665520073
8811aa601bfffff,2024,11,1,0,0.7136266432322396
8811aa601bfffff,2024,21,1,0,0.7155232671074688
8811aa601bfffff,2024,23,1,0,0.7165417689501838
8811aa6021fffff,2022,9,1,0,0.03990061727777444
8811aa6021fffff,2022,13,1,0,0.04157564365844652
8811aa6021fffff,2023,1,1,0,0.03729966487286974
8811aa6021fffff,2023,8,1,0,0.039849732022411086
8811aa6021fffff,2023,11,1,0,0.04257122098072161
8811aa6021fffff,2023,17,1,0,0.04325332671202721
8811aa6021fffff,2023,19,1,0,0.0455966384826026
8811aa6021fffff,2023,23,1,0,0.04737149470078779
8811aa6021fffff,2024,6,1,0,0.04068033504204599
8811aa6021fffff,2024,7,1,0,0.03917336422765921
8811aa6021fffff,2024,9,1,0,0.041814866605251355
8811aa6021fffff,2024,10,1,0,0.04030789579086458
8811aa6021fffff,2024,11,2,0,0.04154615982834057
8811aa6021fffff,2024,13,1,0,0.04384010593238237
8811aa6021fffff,2024,14,1,0,0.041655630239164895
8811aa6021fffff,2024,15,1,0,0.04408392973166211
8811aa6021fffff,2024,17,1,0,0.04292603477965543
8811aa6021fffff,2024,21,1,0,0.04446784485595095
8811aa6023fffff,2022,10,1,0,0.04012080840703802
8811aa6023fffff,2022,11,1,0,0.04408669962810678
8811aa6023fffff,2022,16,1,0,0.04282393511775068
8811aa6023fffff,2022,22,2,0,0.04671493914377102
8811aa6023fffff,2023,10,1,0,0.04012080840703802
8811aa6023fffff,2023,14,1,0,0.04179849146061869
8811aa6023fffff,2023,19,1,0,0.04352440309665414
8811aa6023fffff,2023,21,1,0,0.04428075747212438
8811aa6023fffff,2024,7,1,0,0.03898627684383265
8811aa6023fffff,2024,8,1,0,0.04141457633632985
8811aa6023fffff,2024,17,1,0,0.04533070160213648
8811aa6023fffff,2024,18,1,0,0.043146225908919006
8811aa6023fffff,2024,19,2,0,0.04454946424903518
8811aa6025fffff,2022,8,1,0,0.03504538957619391
8811aa6025fffff,2022,11,1,0,0.034129798834637196
8811aa6025fffff,2022,16,1,0,0.036020684773312814
8811aa6025fffff,2022,17,1,0,0.03639886196104795
8811aa6025fffff,2022,18,1,0,0.038827161453545145
8811aa6025fffff,2022,20,2,0,0.03983978111711066
8811aa6025fffff,2023,8,1,0,0.03504538957619391
8811aa6025fffff,2023,10,2,0,0.035801743951664154
8811aa6025fffff,2023,14,2,0,0.03731445270260465
8811aa6025fffff,2023,19,1,0,0.03732019063915837
8811aa6025fffff,2023,20,2,0,0.03837012587718168
8811aa6025fffff,2023,21,1,0,0.03996169301675052
8811aa6025fffff,2023,22,1,0,0.040602017671730335
8811aa6025fffff,2024,16,2,0,0.03807080707807489
8811aa6025fffff,2024,17,1,0,0.03656383626368812
8811aa6025fffff,2024,19,2,0,0.03826276464021933
8811aa6027fffff,2022,0,1,0,0.01916491996273654
8811aa6027fffff,2022,2,1,1,0.019921274338206788
8811aa6027fffff,2022,8,1,0,0.022226380604389587
8811aa6027fffff,2022,9,1,0,0.02435648948987004
8811aa6027fffff,2022,10,2,0,0.02379209267654421
8811aa6027fffff,2022,12,1,0,0.02549102105307541
8811aa6027fffff,2022,13,1,0,0.024117266543065206
8811aa6027fffff,2022,14,2,0,0.027784967157117216
8811aa6027fffff,2022,15,1,0,0.026923743223297537
8811aa6027fffff,2022,16,2,0,0.027259995092111168
8811aa6027fffff,2022,20,1,1,0.028516438554956402
8811aa6027fffff,2022,21,1,0,0.02889461574269153
8811aa6027fffff,2023,4,1,0,0.022351093419533757
8811aa6027fffff,2023,10,1,0,0.024734666677605162
8811aa6027fffff,2023,16,1,0,0.027003729804015907
8811aa6027fffff,2023,17,2,0,0.02635684583936999
8811aa6027fffff,2023,21,1,0,0.02889461574269153
8811aa6027fffff,2024,0,1,0,0.01916491996273654
8811aa6027fffff,2024,10,1,0,0.022684544372843084
8811aa6027fffff,2024,14,2,0,0.025222314276164618
8811aa6027fffff,2024,15,2,0,0.02465791746283879
8811aa6027fffff,2024,21,1,0,0.027009467740569625
8811aa6027fffff,2024,22,1,0,0.029534940397671346
8811aa6027fffff,2024,23,1,0,0.029913117585406473
8811aa6029fffff,2024,12,1,0,0.1200693760068329
8811aa6029fffff,2024,17,1,0,0.12182438896822335
8811aa602bfffff,2022,17,1,0,0.049961586999768895
8811aa602bfffff,2023,7,1,0,0.04617981512241766
8811aa602bfffff,2023,9,1,0,0.049498822378840505
8811aa602dfffff,2022,7,1,0,0.027048687505298367
8811aa602dfffff,2022,11,1,0,0.028561396256238863
8811aa602dfffff,2022,16,2,0,0.029427221042533442
8811aa602dfffff,2022,20,1,0,0.029914868641092898
8811aa602dfffff,2023,13,1,0,0.029317750631709112
8811aa602dfffff,2023,15,1,0,0.028023982702417276
8811aa602dfffff,2023,18,2,0,0.029472583871771207
8811aa602dfffff,2023,19,1,0,0.03158681375811985
8811aa602dfffff,2024,11,1,0,0.028561396256238863
8811aa602dfffff,2024,13,1,0,0.027916031880422715
8811aa602dfffff,2024,15,1,0,0.02818895700505746
8811aa602dfffff,2024,16,1,0,0.03045228219491448
8811aa602dfffff,2024,17,2,0,0.030830459382649607
8811aa602dfffff,2024,18,2,0,0.03026606256932378
8811aa6035fffff,2022,16,1,0,0.0756302965136176
8811aa6035fffff,2023,12,1,0,0.07616771006743919
8811aa6035fffff,2023,16,1,0,0.0756302965136176
8811aa6035fffff,2023,17,1,0,0.07600847370135275
8811aa6035fffff,2024,17,1,0,0.07973206071197154
8811aa6035fffff,2024,18,1,0,0.07638665088908786
8811aa6035fffff,2024,19,1,0,0.07881495038158506
8811aa6037fffff,2022,12,1,0,0.05846907376880988
8811aa6037fffff,2022,15,1,0,0.0580660136034437
8811aa6037fffff,2022,17,1,0,0.05693721997679204
8811aa6037fffff,2023,11,1,0,0.0565533048525032
8811aa6037fffff,2023,19,1,0,0.059578722354384196
8811aa6037fffff,2024,16,1,0,0.05858006376846398
8811aa6037fffff,2024,21,1,0,0.05828495442509236
8811aa603dfffff,2024,10,1,0,0.13362854742767477
8811aa6045fffff,2022,8,1,0,0.03898376783028303
8811aa6045fffff,2023,9,1,0,0.03936194501801815
8811aa6045fffff,2024,1,1,0,0.036433700680741685
8811aa6047fffff,2022,11,1,0,0.10927040120755435
8811aa6047fffff,2022,12,1,0,0.10964857839528948
8811aa604dfffff,2022,21,1,0,0.1004725780728019
8811aa604dfffff,2022,23,1,0,0.10316454462137356
8811aa604dfffff,2023,10,1,0,0.09777175374439849
8811aa604dfffff,2023,12,1,0,0.09706898338318579
8811aa604dfffff,2023,19,1,0,0.09988119799997183
8811aa604dfffff,2024,11,2,0,0.0971539711051076
8811aa604dfffff,2024,19,1,0,0.10176634600209374
8811aa6061fffff,2022,7,1,0,0.02191489913568964
8811aa6061fffff,2022,9,1,0,0.02062113120639781
8811aa6061fffff,2022,13,1,0,0.024183962262100386
8811aa6061fffff,2022,16,1,0,0.025318493825305755
8811aa6061fffff,2022,18,3,0,0.025949295667807553
8811aa6061fffff,2022,19,1,0,0.02645302538851113
8811aa6061fffff,2022,21,1,0,0.027507570370998127
8811aa6061fffff,2022,22,1,0,0.027849704418961195
8811aa6061fffff,2023,14,1,0,0.02267699144771361
8811aa6061fffff,2023,15,2,0,0.025196581925665894
8811aa6061fffff,2023,16,1,0,0.02685608555387732
8811aa6061fffff,2023,17,1,0,0.02723426274161244
8811aa6061fffff,2023,18,1,0,0.026210721178061166
8811aa6061fffff,2023,20,1,0,0.026454544977340896
8811aa6061fffff,2024,7,1,0,0.02191489913568964
8811aa6061fffff,2024,8,1,0,0.022293076323424768
8811aa6061fffff,2024,9,1,0,0.02267125351115989
8811aa6061fffff,2024,15,1,0,0.02289019433280855
8811aa6061fffff,2024,18,2,1,0.026074848200776005
8811aa6063fffff,2022,0,1,0,0.008450836766851705
8811aa6063fffff,2022,7,1,0,0.012886051918514958
8811aa6063fffff,2022,17,3,0,0.015301075592691477
8811aa6063fffff,2022,18,1,0,0.018583592712172883
8811aa6063fffff,2022,20,1,0,0.017802355359071566
8811aa6063fffff,2022,23,1,0,0.019199034389521637
8811aa6063fffff,2023,8,1,0,0.012887571507344724
8811aa6063fffff,2023,11,1,0,0.014398760669455451
8811aa6063fffff,2023,13,1,0,0.016692706773497264
8811aa6063fffff,2023,14,1,0,0.015831482839677575
8811aa6063fffff,2023,15,1,0,0.013861347115633868
8811aa6063fffff,2023,19,1,0,0.017424178171336444
8811aa6063fffff,2024,9,1,0,0.013642406293985205
8811aa6063fffff,2024,18,1,0,0.01516085298147942
8811aa6063fffff,2024,19,1,1,0.017424178171336444
8811aa6063fffff,2024,20,2,0,0.017802355359071566
8811aa6063fffff,2024,22,2,0,0.019589653066072292
8811aa6065fffff,2024,17,1,0,0.14532446649835512
8811aa6067fffff,2022,23,1,0,0.1395306277771752
8811aa6067fffff,2023,0,1,2,0.1318285122862934
8811aa6067fffff,2023,7,1,0,0.13472613570938508
8811aa6067fffff,2023,17,1,0,0.13683444288087962
8811aa6067fffff,2023,21,1,0,0.13851212593446027
8811aa6067fffff,2024,8,1,0,0.1334308481912635
8811aa6069fffff,2022,1,1,0,0.03600342699696808
8811aa6069fffff,2022,6,1,0,0.04105490519909246
8811aa6069fffff,2022,13,2,0,0.043189614937047816
8811aa6069fffff,2022,16,1,0,0.04329908534787214
8811aa6069fffff,2022,18,1,0,0.044055439723342395
8811aa6069fffff,2022,21,1,0,0.04518997128654776
8811aa6069fffff,2023,8,1,0,0.038223545541229066
8811aa6069fffff,2023,9,1,0,0.04065184503372628
8811aa6069fffff,2023,11,1,0,0.03965626771145119
8811aa6069fffff,2023,14,1,0,0.04049260866763981
8811aa6069fffff,2023,16,1,0,0.041248963043110064
8811aa6069fffff,2024,9,1,0,0.04065184503372628
8811aa6069fffff,2024,13,1,0,0.041652023208476247
8811aa6069fffff,2024,18,1,0,0.0420053174185803
8811aa6069fffff,2024,20,1,0,0.04341007534752624
8811aa606bfffff,2023,2,1,0,0.02452776972458445
8811aa606bfffff,2023,23,1,1,0.08159395898942337
8811aa606bfffff,2024,18,1,0,0.030316457261101735
8811aa606bfffff,2024,20,1,0,0.03107281163657199
8811aa606dfffff,2022,1,1,0,0.05686461540730703
8811aa606dfffff,2022,8,1,0,0.0592497082542082
8811aa606dfffff,2022,10,1,1,0.060006062629678454
8811aa606dfffff,2022,11,1,0,0.058982521066127176
8811aa606dfffff,2022,12,2,0,0.05879478185170671
8811aa606dfffff,2022,13,2,0,0.06114059419288382
8811aa606dfffff,2022,14,2,0,0.06134499324384378
8811aa606dfffff,2022,18,2,1,0.06318057543506782
8811aa606dfffff,2022,22,1,1,0.06480633634974463
8811aa606dfffff,2023,16,1,0,0.06227512575608919
8811aa606dfffff,2023,17,1,1,0.06060318063906223
8811aa606dfffff,2023,20,1,0,0.06378783450702968
8811aa606dfffff,2024,9,1,0,0.05962788544194332
8811aa606dfffff,2024,10,1,0,0.06014193560696362
8811aa606dfffff,2024,15,1,0,0.059846826263591994
8811aa606dfffff,2024,16,1,0,0.060225003451327114
8811aa606dfffff,2024,18,1,0,0.06303148013155944
8811aa606dfffff,2024,22,2,0,0.06420251478809905
8811aa60e5fffff,2022,15,1,0,0.25319307975411703
8811aa60e5fffff,2023,9,1,0,0.25143654720389685
8811aa60e5fffff,2023,23,1,0,0.2567788353302595
8811aa60e5fffff,2024,14,1,0,0.25211713334637265
8811aa60e5fffff,2024,16,1,0,0.25357125694185223
8811aa60e5fffff,2024,18,1,0,0.25346486779467303
8811aa60e5fffff,2024,21,1,0,0.2544661830535018
8811aa60edfffff,2023,14,1,0,0.36756436162250483
8811aa60edfffff,2024,5,1,0,0.3651497849454977
8811aa60edfffff,2024,7,1,0,0.3664256117115755
8811aa60edfffff,2024,8,1,0,0.3662912583231201
8811aa60edfffff,2024,14,2,0,0.3672661710154881
8811aa60edfffff,2024,18,1,0,0.3687788797664286
8811aa6101fffff,2023,6,1,0,0.09943905325382671
8811aa6101fffff,2023,15,1,0,0.10116918323758609
8811aa6105fffff,2023,5,1,0,0.11410692706403457
8811aa6105fffff,2023,17,1,0,0.11838290584961135
8811aa6105fffff,2024,18,1,0,0.11913774063625183
8811aa6109fffff,2023,12,1,0,0.02171652677436312
8811aa6109fffff,2023,15,1,0,0.02285105833756849
8811aa6109fffff,2023,21,1,0,0.025120121463979232
8811aa6109fffff,2023,22,1,1,0.0279464414010063
8811aa6109fffff,2024,9,1,0,0.06735815062178024
8811aa6109fffff,2024,12,1,0,0.02171652677436312
8811aa6109fffff,2024,14,1,0,0.022637855452473547
8811aa6109fffff,2024,21,1,0,0.025120121463979232
8811aa6109fffff,2024,23,1,0,0.026138623306694177
8811aa610bfffff,2024,14,1,0,0.055804544228208894
8811aa610dfffff,2022,17,2,0,0.09133464620701569
8811aa610dfffff,2023,8,1,0,0.08766465405871503
8811aa610dfffff,2023,9,1,0,0.08757966633679323
8811aa610dfffff,2024,11,2,0,0.08833602071226347
8811aa610dfffff,2024,13,2,0,0.08992910744066207
8811aa610dfffff,2024,16,2,0,0.09052642559441013
8811aa610dfffff,2024,19,1,0,0.09282056295082741
8811aa6111fffff,2022,8,2,0,0.04153363795629071
8811aa6111fffff,2022,11,1,0,0.04399142127889387
8811aa6111fffff,2022,12,2,0,0.04407140785961224
8811aa6111fffff,2022,13,1,0,0.04444958504734737
8811aa6111fffff,2022,14,2,0,0.044058966370796704
8811aa6111fffff,2022,15,1,0,0.045205939422817615
8811aa6111fffff,2022,18,3,0,0.046169627460626146
8811aa6111fffff,2022,23,1,0,0.048493504391943304
8811aa6111fffff,2023,11,1,0,0.04369323067187712
8811aa6111fffff,2023,14,1,0,0.04277763993032041
8811aa6111fffff,2023,15,2,0,0.044180878270436576
8811aa6111fffff,2023,18,1,0,0.04634047098602299
8811aa6111fffff,2023,19,1,0,0.046718648173758114
8811aa6111fffff,2023,21,2,0,0.045937410820656804
8811aa6111fffff,2024,1,1,0,0.0381234839570085
8811aa6111fffff,2024,13,2,0,0.04342452389496633
8811aa6111fffff,2024,14,1,0,0.044827762235082495
8811aa6111fffff,2024,15,1,0,0.04534181240010278
8811aa6111fffff,2024,16,3,0,0.044955733943178776
8811aa6111fffff,2024,20,1,0,0.04709682536149323
8811aa6111fffff,2024,21,1,0,0.04542488024446628
8811aa6111fffff,2024,22,1,0,0.04811532720420818
8811aa6111fffff,2024,23,1,0,0.048493504391943304
8811aa6113fffff,2022,17,1,0,0.03414335454100414
8811aa6113fffff,2022,18,1,0,0.03298394000016769
8811aa6113fffff,2022,19,1,0,0.03387464776409334
8811aa6113fffff,2022,20,1,0,0.035277886104209503
8811aa6113fffff,2023,7,1,0,0.02693884293295943
8811aa6113fffff,2023,9,1,0,0.02958034531055158
8811aa6113fffff,2023,11,1,0,0.031874291414593386
8811aa6113fffff,2023,12,1,0,0.030714876873756947
8811aa6113fffff,2023,15,1,0,0.033387000165533885
8811aa6113fffff,2023,16,2,0,0.031202524472316407
8811aa6113fffff,2023,17,2,1,0.033374558676718354
8811aa6113fffff,2023,18,2,0,0.03375273586445347
8811aa6113fffff,2023,19,3,0,0.03336211718790282
8811aa6113fffff,2023,20,1,0,0.03374029437563794
8811aa6113fffff,2024,8,1,0,0.029202168122816452
8811aa6113fffff,2024,10,1,0,0.030471053074477224
8811aa6113fffff,2024,11,1,0,0.031874291414593386
8811aa6113fffff,2024,12,1,0,0.02866475456899487
8811aa6113fffff,2024,13,1,0,0.03122892703877723
8811aa6113fffff,2024,14,1,0,0.029421108944465115
8811aa6113fffff,2024,15,1,0,0.03198528141424749
8811aa6113fffff,2024,16,1,0,0.030177463319935365
8811aa6113fffff,2024,17,1,0,0.03260576281243257
8811aa6113fffff,2024,21,1,0,0.03411847156337307
8811aa6113fffff,2024,23,1,0,0.03462444282989749
8811aa6117fffff,2022,15,1,0,0.11154147797696624
8811aa6117fffff,2023,15,1,0,0.10949135567220417
8811aa6117fffff,2023,19,1,0,0.11305418672790675
8811aa6117fffff,2024,4,1,0,0.10559355407436251
8811aa6119fffff,2022,8,1,0,0.0489027740331766
8811aa6119fffff,2022,13,1,0,0.05438137400518586
8811aa6119fffff,2022,14,1,0,0.05322195946434943
8811aa6119fffff,2022,18,1,0,0.05627225994386149
8811aa6119fffff,2023,8,2,0,0.05095289633793869
8811aa6119fffff,2023,14,1,0,0.05322195946434943
8811aa6119fffff,2023,16,1,0,0.054490844416010195
8811aa6119fffff,2023,18,2,0,0.054734668215289925
8811aa6119fffff,2023,20,1,0,0.05549102259076017
8811aa6119fffff,2023,23,1,0,0.05688770162121024
8811aa6119fffff,2024,8,1,0,0.0489027740331766
8811aa6119fffff,2024,13,1,0,0.05284378227661431
8811aa6119fffff,2024,15,2,0,0.052575075499703514
8811aa6119fffff,2024,16,1,0,0.05441237742412159
8811aa6119fffff,2024,18,1,0,0.054734668215289925
8811aa6119fffff,2024,19,1,0,0.05511284540302505
8811aa6119fffff,2024,20,1,1,0.05344090028599809
8811aa611bfffff,2022,10,1,0,0.02579589256529355
8811aa611bfffff,2022,11,1,0,0.02361141687207607
8811aa611bfffff,2022,13,1,0,0.02436777124754632
8811aa611bfffff,2022,15,3,0,0.02580749972460393
8811aa611bfffff,2023,10,1,0,0.02323323968434095
8811aa611bfffff,2023,12,1,0,0.02463799761328688
8811aa611bfffff,2023,15,1,0,0.02717424792777865
8811aa611bfffff,2023,18,1,0,0.026258657186221942
8811aa611bfffff,2023,20,2,0,0.02709749871301228
8811aa611bfffff,2024,0,1,0,0.019713615274234406
8811aa611bfffff,2024,7,1,0,0.022098708121135575
8811aa611bfffff,2024,8,1,0,0.024527007613632783
8811aa611bfffff,2024,13,1,0,0.0245327455501865
8811aa611bfffff,2024,14,1,0,0.024745948435281447
8811aa611bfffff,2024,18,2,0,0.026258657186221942
8811aa611bfffff,2024,19,2,0,0.027661895526338104
8811aa611dfffff,2022,8,1,0,0.10098811800465772
8811aa611dfffff,2022,19,1,0,0.10719818937450616
8811aa611dfffff,2023,13,1,1,0.1049291262480954
8811aa611dfffff,2024,11,1,0,0.1037961142737198
8811aa6121fffff,2022,7,1,0,0.03822250036158903
8811aa6121fffff,2022,14,1,0,0.03898459267361299
8811aa6121fffff,2022,16,1,0,0.04192428565822189
8811aa6121fffff,2022,18,1,0,0.042382449426675385
8811aa6121fffff,2022,23,1,0,0.042650334830473806
8811aa6121fffff,2023,8,1,0,0.036848745851578824
8811aa6121fffff,2023,10,1,0,0.037306909620032316
8811aa6121fffff,2023,17,1,0,0.042004272238940266
8811aa6121fffff,2023,19,1,0,0.04071050430964844
8811aa6121fffff,2023,22,1,0,0.045694897373432145
8811aa6121fffff,2024,11,1,0,0.03973520911252953
8811aa6121fffff,2024,13,1,0,0.04049156348799977
8811aa6121fffff,2024,14,1,0,0.0408697406757349
8811aa6121fffff,2024,21,1,0,0.043516980989880764
8811aa6123fffff,2022,11,1,0,0.026622993826431154
8811aa6123fffff,2022,16,1,0,0.02616556685332794
8811aa6123fffff,2022,17,1,0,0.029106396922015665
8811aa6123fffff,2022,21,1,1,0.02805645279200356
8811aa6123fffff,2022,22,1,0,0.03074689975174546
8811aa6123fffff,2023,8,1,0,0.02689283768742077
8811aa6123fffff,2023,16,1,0,0.02821568915809002
8811aa6123fffff,2023,19,1,0,0.029862751297485914
8811aa6123fffff,2023,21,1,0,0.02805645279200356
8811aa6123fffff,2023,23,1,0,0.031125076939480585
8811aa6123fffff,2024,8,1,0,0.025190271656209032
8811aa6123fffff,2024,16,1,0,0.02821568915809002
8811aa6123fffff,2024,19,1,0,0.02935022072129539
8811aa6123fffff,2024,23,1,0,0.031125076939480585
8811aa6125fffff,2022,6,1,0,0.048601484681525225
8811aa6125fffff,2022,19,1,0,0.05556791042684392
8811aa6125fffff,2023,11,1,0,0.05049237062020085
8811aa6125fffff,2023,14,2,0,0.051626902183406216
8811aa6125fffff,2023,17,1,0,0.054811556051373674
8811aa6125fffff,2023,19,1,0,0.05556791042684392
8811aa6125fffff,2024,9,1,0,0.05192201152677785
8811aa6125fffff,2024,10,1,0,0.050114193432465724
8811aa6125fffff,2024,15,1,0,0.05405520167590343
8811aa6125fffff,2024,17,1,0,0.054811556051373674
8811aa6127fffff,2022,17,1,0,0.06318473498888971
8811aa6127fffff,2022,18,2,1,0.06356291217662483
8811aa6127fffff,2022,20,1,0,0.06243411854997318
8811aa6127fffff,2022,21,1,0,0.06520997431602071
8811aa6127fffff,2023,1,2,0,0.056370986299991384
8811aa6127fffff,2023,8,1,0,0.059781140299273595
8811aa6127fffff,2023,12,1,0,0.061293849050214094
8811aa6127fffff,2023,13,1,0,0.06320961796652078
8811aa6127fffff,2023,16,2,0,0.06280655780115459
8811aa6127fffff,2023,18,3,0,0.0630956725928627
8811aa6127fffff,2023,19,1,0,0.06291602821197892
8811aa6127fffff,2024,3,1,0,0.05777574422893731
8811aa6127fffff,2024,11,1,0,0.05903052386035707
8811aa6127fffff,2024,13,1,0,0.06218455681413974
8811aa6127fffff,2024,18,1,0,0.061512789871862754
8811aa6127fffff,2024,20,1,0,0.06431926655209506
8811aa6129fffff,2022,11,1,1,0.09627422803502497
8811aa6129fffff,2022,14,1,0,0.09787192450788727
8811aa6129fffff,2022,16,1,0,0.10021523627846267
8811aa6129fffff,2023,13,1,0,0.09732877301751197
8811aa6129fffff,2023,19,1,0,0.09946461983954615
8811aa6129fffff,2024,10,1,0,0.09948376488062348
8811aa6129fffff,2024,15,1,0,0.09795191108860564
8811aa612bfffff,2022,2,1,0,0.034207885695831775
8811aa612bfffff,2022,6,1,0,0.035293472676887386
8811aa612bfffff,2022,9,2,1,0.036659586694921226
8811aa612bfffff,2022,12,1,0,0.03756253580329814
8811aa612bfffff,2022,13,1,0,0.03810568729367344
8811aa612bfffff,2022,14,1,0,0.04036901248353047
8811aa612bfffff,2022,16,1,1,0.04112536685900071
8811aa612bfffff,2022,17,1,0,0.039453421741973756
8811aa612bfffff,2022,18,1,0,0.03999657323234906
8811aa612bfffff,2022,19,1,0,0.04225989842220609
8811aa612bfffff,2023,0,1,0,0.03345153132036152
8811aa612bfffff,2023,8,1,0,0.03963754108569128
8811aa612bfffff,2023,10,1,0,0.03885630373258997
8811aa612bfffff,2023,13,1,0,0.03810568729367344
8811aa612bfffff,2024,1,1,0,0.0341278991151134
8811aa612bfffff,2024,2,1,0,0.035203845522857796
8811aa612bfffff,2024,3,1,0,0.034586062883566894
8811aa612bfffff,2024,7,1,0,0.03567164986462252
8811aa612bfffff,2024,12,1,0,0.03756253580329814
8811aa612bfffff,2024,17,1,0,0.03961839604461393
8811aa612bfffff,2024,18,1,0,0.03999657323234906
8811aa612bfffff,2024,20,3,1,0.04131661839919488
8811aa612dfffff,2022,8,1,0,0.031445763475416465
8811aa612dfffff,2022,10,1,0,0.030151995546124633
8811aa612dfffff,2022,12,1,0,0.030908349921594882
8811aa612dfffff,2022,16,1,0,0.03447118097729746
8811aa612dfffff,2022,17,1,0,0.03484935816503258
8811aa612dfffff,2022,18,1,0,0.0352275353527677
8811aa612dfffff,2022,19,1,0,0.033555590235740756
8811aa612dfffff,2022,20,1,0,0.035983889728237954
8811aa612dfffff,2022,22,1,0,0.03495226926619082
8811aa612dfffff,2023,2,1,0,0.02803712906496402
8811aa612dfffff,2023,11,1,0,0.030530172733859755
8811aa612dfffff,2023,13,1,0,0.031286527109330005
8811aa612dfffff,2023,14,2,0,0.03412018719343085
8811aa612dfffff,2024,13,1,0,0.031286527109330005
8811aa6131fffff,2022,3,1,0,0.08773416677786905
8811aa6131fffff,2023,8,1,0,0.08768944054344326
8811aa6131fffff,2023,15,1,0,0.09033668085758911
8811aa6131fffff,2024,22,1,0,0.09341104294161985
8811aa6135fffff,2022,15,1,0,0.10738684753065286
8811aa6135fffff,2022,21,1,0,0.10914338008087308
8811aa6135fffff,2023,11,1,0,0.10587413877971236
8811aa6135fffff,2023,12,1,0,0.1042021936626854
8811aa6135fffff,2023,19,1,0,0.10889955628159334
8811aa6135fffff,2024,9,1,1,0.10576618795771779
8811aa6135fffff,2024,12,1,0,0.10625231596744748
8811aa6137fffff,2022,17,2,0,0.12977916369009718
8811aa6137fffff,2022,18,1,0,0.12984327127168374
8811aa6137fffff,2023,7,1,0,0.1273567869124541
8811aa6137fffff,2023,15,1,0,0.12887371401111855
8811aa6137fffff,2023,22,1,0,0.1330772522265519
8811aa6137fffff,2024,9,1,0,0.1265755495593528
8811aa6137fffff,2024,18,1,0,0.12984327127168374
8811aa613dfffff,2022,12,1,0,0.02714922617683836
8811aa613dfffff,2022,15,2,0,0.02939130604374486
8811aa613dfffff,2022,16,1,0,0.02912509983743579
8811aa613dfffff,2022,20,1,0,0.030174643678719353
8811aa613dfffff,2023,0,1,0,0.022873247391261568
8811aa613dfffff,2023,11,1,0,0.026771048989103232
8811aa613dfffff,2023,15,1,0,0.02844873204268391
8811aa613dfffff,2023,16,1,0,0.0322496489611125
8811aa613dfffff,2024,6,1,0,0.026930285355189695
8811aa613dfffff,2024,10,1,0,0.02844299410613019
8811aa613dfffff,2024,13,1,0,0.02752740336457348
8811aa613dfffff,2024,17,1,0,0.029040112115513977
8811aa613dfffff,2024,18,1,0,0.03198094218420171
8811aa613dfffff,2024,22,3,0,0.03130312838986108
8811aa6141fffff,2022,8,1,0,0.02488178696030653
8811aa6141fffff,2022,11,1,0,0.0260163185235119
8811aa6141fffff,2022,21,1,0,0.031848212705625226
8811aa6141fffff,2022,22,1,0,0.03043841505584296
8811aa6141fffff,2023,14,1,0,0.027150850086717273
8811aa6141fffff,2023,17,1,0,0.030335503954684727
8811aa6141fffff,2023,21,1,0,0.031848212705625226
8811aa6141fffff,2023,22,1,0,0.03300106793679557
8811aa6141fffff,2024,8,1,0,0.02488178696030653
8811aa6141fffff,2024,17,1,0,0.030335503954684727
8811aa6143fffff,2022,8,2,0,0.0027632700346362955
8811aa6143fffff,2022,9,1,0,0.0051915695271335
8811aa6143fffff,2022,13,2,0,0.00480325127682029
8811aa6143fffff,2022,15,1,0,0.007973163229734764
8811aa6143fffff,2022,17,1,0,0.006166864724252411
8811aa6143fffff,2022,18,1,0,0.008595164216749615
8811aa6143fffff,2022,20,1,0,0.009351518592219863
8811aa6143fffff,2022,22,1,0,0.008484872432812906
8811aa6143fffff,2023,13,1,0,0.005815090102978117
8811aa6143fffff,2023,17,1,0,0.008216987029014492
8811aa6143fffff,2023,20,1,0,0.007301396287457783
8811aa6143fffff,2023,21,1,0,0.007679573475192905
8811aa6143fffff,2024,0,1,0,0.002050122304762081
8811aa6143fffff,2024,6,1,0,0.0021718899618062273
8811aa6143fffff,2024,8,2,0,0.0027632700346362955
8811aa6143fffff,2024,11,2,0,0.004922862750222707
8811aa6143fffff,2024,12,1,0,0.006326101090338872
8811aa6143fffff,2024,13,1,0,0.0070024688850907485
8811aa6143fffff,2024,18,1,0,0.006545041911987535
8811aa6145fffff,2022,8,1,1,0.053319105882172195
8811aa6145fffff,2022,9,1,0,0.05164716076514524
8811aa6145fffff,2022,14,1,0,0.05588635961559969
8811aa6145fffff,2022,17,2,0,0.05672270057178832
8811aa6145fffff,2022,21,1,0,0.05635026132060691
8811aa6145fffff,2023,1,1,0,0.05093401303527103
8811aa6145fffff,2023,7,1,0,0.05447852042300864
8811aa6145fffff,2023,10,1,0,0.05202533795288037
8811aa6145fffff,2023,13,1,0,0.053159869516085735
8811aa6145fffff,2023,14,1,0,0.05353804670382086
8811aa6145fffff,2023,18,2,0,0.05607581660714239
8811aa6145fffff,2023,19,2,0,0.056453993794877526
8811aa6145fffff,2024,10,1,0,0.05421133323492761
8811aa6145fffff,2024,12,2,1,0.05560061049739848
8811aa6145fffff,2024,13,1,0,0.05520999182084781
8811aa6145fffff,2024,16,1,0,0.05634452338405319
8811aa6147fffff,2022,16,1,0,0.0459130688445908
8811aa6147fffff,2022,19,1,0,0.04718347338508134
8811aa6147fffff,2023,13,1,0,0.04682865958614751
8811aa6147fffff,2024,16,2,0,0.04693812999697184
8811aa6149fffff,2022,3,1,0,0.048934950613781426
8811aa6149fffff,2022,9,2,0,0.05299198857770955
8811aa6149fffff,2022,12,2,0,0.05515158129329596
8811aa6149fffff,2022,16,1,0,0.05615175946804594
8811aa6149fffff,2023,2,1,0,0.0485567734260463
8811aa6149fffff,2023,12,1,0,0.05412652014091492
8811aa6149fffff,2023,15,1,0,0.05321092939935822
8811aa6149fffff,2023,17,1,0,0.05601740607959054
8811aa6149fffff,2023,18,1,0,0.05639558326732567
8811aa6149fffff,2023,19,1,0,0.056773760455060794
8811aa6149fffff,2024,6,1,0,0.051857457014504185
8811aa6149fffff,2024,7,1,0,0.052235634202239305
8811aa6149fffff,2024,9,1,0,0.051106840575587655
8811aa6149fffff,2024,14,1,0,0.05299772651426327
8811aa6149fffff,2024,15,1,0,0.05679864343269186
8811aa6149fffff,2024,16,1,0,0.05375408088973352
8811aa6149fffff,2024,17,1,0,0.05601740607959054
8811aa6149fffff,2024,20,1,0,0.057151937642795914
8811aa614bfffff,2022,5,1,0,0.048217560932616386
8811aa614bfffff,2022,7,1,0,0.04717417611227038
8811aa614bfffff,2022,9,1,0,0.045880408182978547
8811aa614bfffff,2022,10,1,0,0.04984629940404731
8811aa614bfffff,2022,11,1,0,0.04709992746810573
8811aa614bfffff,2022,12,1,0,0.05060265377951756
8811aa614bfffff,2022,13,3,1,0.048759865137093766
8811aa614bfffff,2022,15,1,0,0.050199593614151376
8811aa614bfffff,2022,17,3,0,0.050955947989621615
8811aa614bfffff,2022,22,2,0,0.051058859090779854
8811aa614bfffff,2022,23,1,0,0.05143703627851498
8811aa614bfffff,2023,10,1,0,0.048606898282492504
8811aa614bfffff,2023,12,2,0,0.049833857915231775
8811aa614bfffff,2023,14,1,0,0.04982141642641625
8811aa614bfffff,2023,15,1,0,0.050199593614151376
8811aa614bfffff,2023,16,2,0,0.05083403608998176
8811aa614bfffff,2023,17,2,0,0.050955947989621615
8811aa614bfffff,2023,18,1,0,0.05133412517735674
8811aa614bfffff,2023,19,1,0,0.05171230236509187
8811aa614bfffff,2023,20,1,0,0.052090479552826995
8811aa614bfffff,2023,22,1,0,0.054646573124113494
8811aa614bfffff,2024,1,1,0,0.043117138148342254
8811aa614bfffff,2024,11,1,0,0.04868688486321088
8811aa614bfffff,2024,13,1,0,0.047393116933919045
8811aa614bfffff,2024,14,1,0,0.04982141642641625
8811aa614bfffff,2024,15,2,0,0.04917453246177034
8811aa614bfffff,2024,17,1,0,0.050955947989621615
8811aa614bfffff,2024,19,1,0,0.05184817534237703
8811aa614dfffff,2022,15,1,0,0.05237596744574209
8811aa614dfffff,2023,10,1,0,0.05018689090004973
8811aa614dfffff,2023,14,1,0,0.049649477346228134
8811aa614dfffff,2023,18,1,0,0.05321230840193072
8811aa614dfffff,2024,7,1,0,0.049052359336844355
8811aa614dfffff,2024,8,1,0,0.049430536524579474
8811aa614dfffff,2024,13,1,0,0.05132142246325509
8811aa614dfffff,2024,16,1,0,0.05040583172169839
8811aa6151fffff,2022,9,1,0,0.041276954136972584
8811aa6151fffff,2022,13,1,0,0.04146641112851528
8811aa6151fffff,2022,17,1,0,0.04311233618383235
8811aa6151fffff,2022,19,1,0,0.04473143408195205
8811aa6151fffff,2022,20,1,1,0.04599879944478305
8811aa6151fffff,2022,22,2,0,0.04519876143756438
8811aa6151fffff,2023,9,1,0,0.0397887280749346
8811aa6151fffff,2023,10,1,0,0.04033187956530991
8811aa6151fffff,2023,15,1,0,0.042057791201345354
8811aa6151fffff,2023,21,1,0,0.04432685432775609
8811aa6151fffff,2024,3,1,0,0.037781812415768556
8811aa6151fffff,2024,9,1,0,0.04146219278079133
8811aa6151fffff,2024,14,1,0,0.041815486990895386
8811aa6151fffff,2024,15,1,0,0.04410791350610743
8811aa6151fffff,2024,22,2,0,0.045886398486984364
8811aa6155fffff,2022,0,1,0,0.04778073132739128
8811aa6155fffff,2022,6,1,0,0.04948945637954058
8811aa6155fffff,2022,7,1,0,0.047982485565153804
8811aa6155fffff,2022,9,1,0,0.04873883994062405
8811aa6155fffff,2022,17,1,0,0.05278931859488608
8811aa6155fffff,2023,21,1,0,0.055162114195567435
8811aa6155fffff,2024,9,1,0,0.04857386563798387
8811aa6155fffff,2024,17,1,0,0.05176425744250504
8811aa6155fffff,2024,19,1,0,0.05252061181797529
8811aa6155fffff,2024,22,1,0,0.05391729084842536
8811aa6157fffff,2022,10,1,0,0.05435362835572948
8811aa6157fffff,2022,16,2,0,0.0542250129038278
8811aa6157fffff,2023,6,1,0,0.05027826672383638
8811aa6157fffff,2023,15,1,0,0.05384683571609268
8811aa6159fffff,2022,9,1,0,0.06732088524152859
8811aa6159fffff,2023,8,1,1,0.06694270805379346
8811aa6159fffff,2023,13,1,0,0.06694844599034719
8811aa6159fffff,2023,14,1,0,0.0673266231780823
8811aa6159fffff,2023,16,1,0,0.06805387622819753
8811aa6159fffff,2023,23,1,0,0.07099236533494312
8811aa6159fffff,2024,1,1,1,0.06264336587941538
8811aa6159fffff,2024,16,1,0,0.06996812555567446
8811aa6159fffff,2024,19,1,0,0.07110265711887984
8811aa6159fffff,2024,23,1,0,0.07099236533494312
8811aa615bfffff,2022,1,1,0,0.02605285312656388
8811aa615bfffff,2022,3,1,0,0.025300717098817583
8811aa615bfffff,2022,12,2,0,0.030153534186535734
8811aa615bfffff,2022,13,1,0,0.028655367206283946
8811aa615bfffff,2022,16,1,1,0.03124902350617227
8811aa615bfffff,2022,17,1,0,0.03184154066308117
8811aa615bfffff,2022,19,1,0,0.034512144366028334
8811aa615bfffff,2022,21,1,0,0.03287082016318616
8811aa615bfffff,2023,2,1,1,0.026431030314299
8811aa615bfffff,2023,7,2,0,0.028436426384635286
8811aa615bfffff,2023,9,1,0,0.02730763275798363
8811aa615bfffff,2023,10,2,0,0.028545896795459616
8811aa615bfffff,2023,11,1,0,0.02994913513557578
8811aa615bfffff,2023,15,1,0,0.029411721581754195
8811aa615bfffff,2023,16,1,0,0.0318400210742514
8811aa615bfffff,2023,17,2,0,0.030250563108544532
8811aa615bfffff,2023,18,1,0,0.030546253144959568
8811aa615bfffff,2023,20,1,0,0.03489032155376346
8811aa615bfffff,2023,21,1,0,0.03184575901080512
8811aa615bfffff,2023,22,1,0,0.03348204349281097
8811aa615bfffff,2023,23,1,0,0.08152556426626445
8811aa615bfffff,2024,5,1,0,0.02589209717164765
8811aa615bfffff,2024,10,2,0,0.028545896795459616
8811aa615bfffff,2024,17,1,0,0.03016807595722444
8811aa615bfffff,2024,19,1,0,0.03297455263745678
8811aa615dfffff,2022,7,1,0,0.03104526045342946
8811aa615dfffff,2022,9,1,0,0.030049683131154373
8811aa615dfffff,2022,10,1,0,0.032477982623651584
8811aa615dfffff,2022,11,1,0,0.033070499780560474
8811aa615dfffff,2022,14,1,0,0.03164237846281324
8811aa615dfffff,2022,16,1,0,0.034448855143045576
8811aa615dfffff,2022,18,1,0,0.03571774009470634
8811aa615dfffff,2022,19,1,0,0.03558338670625094
8811aa615dfffff,2023,8,1,0,0.02953828963904268
8811aa615dfffff,2023,13,2,0,0.03126420127507812
8811aa615dfffff,2023,14,1,0,0.03369250076757532
8811aa615dfffff,2023,15,1,0,0.034070677955310456
8811aa615dfffff,2023,16,1,0,0.034448855143045576
8811aa615dfffff,2023,17,1,0,0.034827032330780695
8811aa615dfffff,2023,18,1,0,0.03520520951851582
8811aa615dfffff,2023,19,1,0,0.034181667954964544
8811aa615dfffff,2023,20,1,0,0.03596156389398607
8811aa615dfffff,2023,23,1,0,0.03530812061967406
8811aa615dfffff,2024,1,1,0,0.029038344794263406
8811aa615dfffff,2024,6,1,0,0.02861696096093225
8811aa615dfffff,2024,8,2,0,0.03039837648878354
8811aa615dfffff,2024,9,1,0,0.03193748780618487
8811aa615dfffff,2024,13,1,0,0.03126420127507812
8811aa615dfffff,2024,16,1,0,0.034448855143045576
8811aa615dfffff,2024,17,2,0,0.034827032330780695
8811aa615dfffff,2024,21,1,0,0.03428961877695911
8811aa6161fffff,2022,8,1,0,0.02584232122912301
8811aa6161fffff,2022,14,2,0,0.029030603859782206
8811aa6161fffff,2023,3,1,0,0.025887047463548814
8811aa6161fffff,2023,6,1,0,0.025250941156292943
8811aa6161fffff,2023,7,1,0,0.025464144041387887
8811aa6161fffff,2023,16,1,0,0.032455452764337644
8811aa6161fffff,2024,9,1,0,0.02668366332651507
8811aa6161fffff,2024,13,1,0,0.02773320716779863
8811aa6161fffff,2024,21,2,0,0.030758624669679623
8811aa6163fffff,2022,8,1,0,0.04082519226687284
8811aa6163fffff,2022,11,1,0,0.04538246356077167
8811aa6163fffff,2022,16,2,0,0.04479318376981478
8811aa6163fffff,2022,17,1,0,0.04538706441324656
8811aa6163fffff,2022,18,1,0,0.044606964144224076
8811aa6163fffff,2022,23,1,0,0.04826848795336094
8811aa6163fffff,2023,0,1,0,0.03806192223223654
8811aa6163fffff,2023,1,2,0,0.038275125117331485
8811aa6163fffff,2023,5,1,1,0.04008602447528874
8811aa6163fffff,2023,7,1,0,0.04028204077649754
8811aa6163fffff,2023,8,1,0,0.04233368267008938
8811aa6163fffff,2023,9,1,0,0.04103839515196778
8811aa6163fffff,2023,15,2,0,0.043472432581018704
8811aa6163fffff,2023,18,1,0,0.046115454547440614
8811aa6163fffff,2023,22,1,0,0.04621684605976909
8811aa6163fffff,2024,8,1,0,0.04066021796423266
8811aa6163fffff,2024,13,1,0,0.044601226207670354
8811aa6163fffff,2024,15,2,0,0.04516925178368793
8811aa6163fffff,2024,16,1,0,0.04385060976875383
8811aa6163fffff,2024,20,1,0,0.04687180892291087
8811aa6163fffff,2024,21,1,0,0.04574149570742945
8811aa6165fffff,2023,0,1,0,0.0615138430558391
8811aa6165fffff,2023,12,1,0,0.06608801244843263
8811aa6165fffff,2023,16,1,0,0.06562906588649965
8811aa6165fffff,2023,18,1,0,0.06681948384627182
8811aa6165fffff,2023,20,1,0,0.06714177463744014
8811aa6165fffff,2024,12,2,0,0.06419884428687925
8811aa6165fffff,2024,22,1,1,0.06880868003363078
8811aa6167fffff,2022,18,1,0,0.034850610119648184
8811aa6167fffff,2022,19,1,0,0.034716256731192795
8811aa6169fffff,2023,6,1,0,0.13427017433988203
8811aa6169fffff,2023,20,1,0,0.13956465496817377
8811aa6169fffff,2024,7,1,0,0.13669847383237924
8811aa6169fffff,2024,12,1,0,0.13858935977105488
8811aa6169fffff,2024,15,1,0,0.13972389133426025
8811aa616bfffff,2022,10,2,0,0.05318549223431716
8811aa616bfffff,2022,13,1,0,0.05508881966180831
8811aa616bfffff,2022,14,2,0,0.05363390633693231
8811aa616bfffff,2022,15,1,0,0.05584517403727855
8811aa616bfffff,2022,17,2,0,0.054038875531796204
8811aa616bfffff,2022,18,1,0,0.053391991567150285
8811aa616bfffff,2023,0,1,0,0.047011923957802924
8811aa616bfffff,2023,21,1,0,0.056576645435117735
8811aa616bfffff,2024,7,1,0,0.051282164806826
8811aa616bfffff,2024,9,1,0,0.05203851918229625
8811aa616bfffff,2024,10,1,1,0.051014977618744975
8811aa616bfffff,2024,11,1,0,0.05309306416478325
8811aa616bfffff,2024,15,1,0,0.052555650610961666
8811aa616bfffff,2024,16,2,0,0.05500996127317996
8811aa616bfffff,2024,18,1,0,0.05544211387191237
8811aa616dfffff,2022,9,1,0,0.07654260625114627
8811aa616dfffff,2022,12,1,0,0.07751216351171146
8811aa616dfffff,2022,21,1,0,0.08091575820132757
8811aa616dfffff,2023,0,1,0,0.07528630703089675
8811aa616dfffff,2023,8,2,0,0.07608194191209104
8811aa616dfffff,2023,21,1,0,0.08091575820132757
8811aa616dfffff,2024,12,2,0,0.07876880711892097
8811aa616dfffff,2024,15,1,0,0.08099500798669566
8811aa6181fffff,2022,5,1,1,0.0313920618694882
8811aa6181fffff,2022,8,1,0,0.030805321228765923
8811aa6181fffff,2022,11,1,0,0.0319398527919713
8811aa6181fffff,2023,1,1,0,0.030391883694738227
8811aa6181fffff,2023,6,1,0,0.031209900982961877
8811aa6181fffff,2023,7,1,0,0.03059211834367098
8811aa6181fffff,2023,16,1,0,0.03383073873064692
8811aa6181fffff,2023,23,1,0,0.03871178182491096
8811aa6181fffff,2024,7,1,0,0.03056301701831596
8811aa6181fffff,2024,13,1,0,0.03315937207709848
8811aa6181fffff,2024,14,1,0,0.03323935865781685
8811aa6181fffff,2024,18,1,0,0.03458709310611716
8811aa6181fffff,2024,20,1,0,0.0355084217842276
8811aa6181fffff,2024,21,1,0,0.03588659897196272
8811aa6185fffff,2022,2,1,0,0.12778340794260643
8811aa6185fffff,2022,17,2,0,0.13407257596323843
8811aa6185fffff,2022,19,1,0,0.13424846327387557
8811aa6185fffff,2022,23,1,0,0.1368860630147102
8811aa6185fffff,2023,14,1,1,0.13351851146486615
8811aa6185fffff,2023,19,1,0,0.13395027266685883
8811aa6185fffff,2024,16,1,0,0.13298071540629364
8811aa6185fffff,2024,20,1,0,0.13449342415723411
8811aa6189fffff,2022,3,1,0,0.03956607109869519
8811aa6189fffff,2022,7,1,0,0.04286675468715308
8811aa6189fffff,2022,12,4,1,0.043261292472917184
8811aa6189fffff,2022,14,1,0,0.0439270376061938
8811aa6189fffff,2022,16,1,0,0.04422022707200711
8811aa6189fffff,2022,17,1,0,0.04664852656450432
8811aa6189fffff,2023,0,1,0,0.04077985244726866
8811aa6189fffff,2023,4,1,0,0.041617712992287045
8811aa6189fffff,2023,7,2,0,0.04192418068609213
8811aa6189fffff,2023,13,2,0,0.045135817813563815
8811aa6189fffff,2023,14,1,0,0.043463872696536864
8811aa6189fffff,2023,16,2,0,0.045245288224388155
8811aa6189fffff,2024,0,1,0,0.040481661840251905
8811aa6189fffff,2024,9,1,0,0.041572986757861245
8811aa6189fffff,2024,13,2,0,0.04308569550880174
8811aa6189fffff,2024,16,1,0,0.04422022707200711
8811aa6189fffff,2024,19,1,0,0.045519732937852664
8811aa6189fffff,2024,20,1,0,0.04589791012558779
8811aa6189fffff,2024,21,1,0,0.04816123531544481
8811aa6189fffff,2024,23,1,0,0.0488030795592544
8811aa618bfffff,2022,5,1,0,0.03969975205315217
8811aa618bfffff,2022,8,1,0,0.04027394554209609
8811aa618bfffff,2022,9,1,0,0.040785339034207786
8811aa618bfffff,2022,17,1,0,0.043512565929072024
8811aa618bfffff,2022,19,1,0,0.04443389460718246
8811aa618bfffff,2022,20,1,1,0.04494528809929415
8811aa618bfffff,2022,23,1,0,0.047068837675108506
8811aa618bfffff,2023,3,1,0,0.03848023276802499
8811aa618bfffff,2023,17,1,1,0.0455626882338341
8811aa618bfffff,2023,20,1,0,0.04494528809929415
8811aa618bfffff,2024,8,1,0,0.04057213614911284
8811aa618bfffff,2024,16,1,0,0.04329936304397708
8811aa618bfffff,2024,19,1,0,0.04443389460718246
8811aa618dfffff,2023,8,1,0,0.02127463691770397
8811aa618dfffff,2023,11,1,0,0.02035904617614726
8811aa618dfffff,2024,9,2,0,0.021652814105439094
8811aa618dfffff,2024,10,1,0,0.022030991293174214
8811aa618dfffff,2024,11,1,0,0.02035904617614726
8811aa618dfffff,2024,20,1,0,0.025812763170525454
8811aa6195fffff,2022,19,1,0,0.10667572027593882
8811aa6195fffff,2023,16,1,0,0.10554118871273342
8811aa6195fffff,2024,11,1,0,0.10394849338107458
8811aa6197fffff,2023,13,1,0,0.035101697369440084
8811aa6197fffff,2023,20,1,0,0.035834688356109035
8811aa6197fffff,2024,2,1,0,0.02980217702031201
8811aa6197fffff,2024,9,1,0,0.033588988618499585
8811aa6197fffff,2024,13,1,1,0.035101697369440084
8811aa6197fffff,2024,19,1,0,0.03737076049585083
8811aa61a5fffff,2023,22,1,0,0.051948557653063936
8811aa61a9fffff,2022,0,1,0,0.1323113702294541
8811aa61a9fffff,2022,7,1,0,0.13550718425956257
8811aa61a9fffff,2022,16,1,0,0.13842734969834317
8811aa61a9fffff,2022,18,1,0,0.13769547801177545
8811aa61a9fffff,2023,18,1,0,0.1379936686187922
8811aa61a9fffff,2023,22,1,0,0.13993349913961756
8811aa61a9fffff,2023,23,1,0,0.1399843843949809
8811aa61a9fffff,2024,11,1,0,0.13521321200026973
8811aa61a9fffff,2024,12,1,0,0.13572460549238147
8811aa61a9fffff,2024,15,1,0,0.13672592075121026
8811aa61a9fffff,2024,21,2,1,0.13949296379113402
8811aa61adfffff,2022,7,1,0,0.05166947396805846
8811aa61adfffff,2022,9,1,0,0.05242582834352871
8811aa61adfffff,2022,11,1,0,0.052883992111982206
8811aa61adfffff,2022,13,1,0,0.053938537094469205
8811aa61adfffff,2022,14,2,0,0.0551101929797569
8811aa61adfffff,2022,19,1,0,0.0559094096138632
8811aa61adfffff,2022,20,1,0,0.05612261249895814
8811aa61adfffff,2023,6,1,0,0.05279978718353988
8811aa61adfffff,2023,8,2,0,0.05260954739851769
8811aa61adfffff,2023,12,1,0,0.05356035990673408
8811aa61adfffff,2023,13,1,0,0.053938537094469205
8811aa61adfffff,2023,21,1,0,0.05666576398933344
8811aa61adfffff,2024,13,2,0,0.05428742170447384
8811aa61adfffff,2024,15,1,0,0.0543967008629227
8811aa61adfffff,2024,18,1,0,0.05553123242612807
8811aa61adfffff,2024,20,1,0,0.0562584854762433
8811aa61bbfffff,2023,12,1,0,0.18257771259113598
8811aa61c1fffff,2022,0,1,0,0.0
8811aa61c1fffff,2022,5,1,0,0.003350010675358574
8811aa61c1fffff,2022,8,2,0,0.003912743657258918
8811aa61c1fffff,2022,10,1,0,0.003519624410106543
8811aa61c1fffff,2022,12,1,0,0.006326101090338872
8811aa61c1fffff,2022,15,2,0,0.006435571501163204
8811aa61c1fffff,2022,16,1,0,0.007838809841279366
8811aa61c1fffff,2022,20,1,0,0.009351518592219863
8811aa61c1fffff,2023,1,1,1,0.002428299492497205
8811aa61c1fffff,2023,7,2,0,0.004435215151663252
8811aa61c1fffff,2023,8,3,0,0.0035566270046504425
8811aa61c1fffff,2023,11,1,0,0.005087837052862886
8811aa61c1fffff,2023,12,2,0,0.005557305226053091
8811aa61c1fffff,2023,15,1,1,0.005575484651422342
8811aa61c1fffff,2023,17,1,0,0.009754578757586051
8811aa61c1fffff,2023,21,2,0,0.009729695779954986
8811aa61c1fffff,2023,23,1,0,0.01126072819886045
8811aa61c1fffff,2024,7,1,0,0.0023850928469011713
8811aa61c1fffff,2024,12,1,0,0.006326101090338872
8811aa61c1fffff,2024,14,1,0,0.00862004719438068
8811aa61c1fffff,2024,15,2,0,0.008297365006472605
8811aa61c1fffff,2024,17,1,0,0.008216987029014492
8811aa61c1fffff,2024,19,2,0,0.00801621674074628
8811aa61c1fffff,2024,22,1,0,0.010882551011125327
8811aa61c1fffff,2024,23,2,0,0.009954718925117356
8811aa61c3fffff,2022,18,1,0,0.07251545792154214
8811aa61c3fffff,2022,20,1,0,0.07327181229701238
8811aa61c3fffff,2022,21,1,0,0.0736499894847475
8811aa61c3fffff,2023,8,1,0,0.06684853804206899
8811aa61c3fffff,2023,15,1,0,0.07138092635833676
8811aa61c3fffff,2023,17,1,0,0.07213728073380701
8811aa61c3fffff,2023,21,1,0,0.0736499894847475
8811aa61c3fffff,2024,7,3,0,0.06835550885645576
8811aa61c3fffff,2024,9,1,0,0.06706174092716394
8811aa61c3fffff,2024,15,1,0,0.07138092635833676
8811aa61c3fffff,2024,19,1,0,0.07340616568546779
8811aa61c5fffff,2022,7,1,0,0.044211027173479064
8811aa61c5fffff,2022,9,1,0,0.047017503853711395
8811aa61c5fffff,2022,16,2,0,0.04981383947136563
8811aa61c5fffff,2022,17,2,0,0.04901786020321135
8811aa61c5fffff,2023,13,1,0,0.05006780433322345
8811aa61c5fffff,2023,14,1,0,0.04942092036857753
8811aa61c5fffff,2023,15,1,0,0.04928656698012213
8811aa61c5fffff,2023,17,1,0,0.050042921355592386
8811aa61c5fffff,2023,21,1,0,0.05155563010653288
8811aa61c5fffff,2024,0,1,0,0.041825934326577885
8811aa61c5fffff,2024,2,1,0,0.04258228870204814
8811aa61c5fffff,2024,11,1,0,0.04572373592441956
8811aa61c5fffff,2024,12,1,0,0.04982550012277349
8811aa61c5fffff,2024,15,1,0,0.047236444675360055
8811aa61c5fffff,2024,19,1,0,0.05079927573106263
8811aa61c5fffff,2024,21,1,0,0.052068160682723394
8811aa61c7fffff,2022,12,1,0,0.04605225636936906
8811aa61c7fffff,2022,14,1,0,0.045271019016267754
8811aa61c7fffff,2022,18,1,0,0.046783727767208245
8811aa61c7fffff,2022,21,1,0,0.04791825933041362
8811aa61c7fffff,2023,10,1,0,0.04187316226320535
8811aa61c7fffff,2023,12,1,1,0.0445146646407975
8811aa61c7fffff,2023,15,3,0,0.04553334411281943
8811aa61c7fffff,2023,16,1,0,0.047564965120309555
8811aa61c7fffff,2023,20,1,0,0.04754008214267849
8811aa61c7fffff,2024,6,1,0,0.04173307093819624
8811aa61c7fffff,2024,13,1,0,0.04489284182853263
8811aa61c7fffff,2024,15,1,0,0.04578506918128804
8811aa61c7fffff,2024,16,1,0,0.046539903967928516
8811aa61c7fffff,2024,19,1,0,0.046785247356038014
8811aa61c9fffff,2022,0,1,0,0.025201513431186342
8811aa61c9fffff,2022,1,1,0,0.02557969061892147
8811aa61c9fffff,2022,5,1,0,0.025178150042385043
8811aa61c9fffff,2022,14,2,0,0.029547537879267692
8811aa61c9fffff,2022,15,2,0,0.030868289068063763
8811aa61c9fffff,2022,16,1,0,0.03099020096770363
8811aa61c9fffff,2022,17,3,1,0.031368378155438754
8811aa61c9fffff,2022,18,1,0,0.03174655534317388
8811aa61c9fffff,2022,21,2,0,0.030913451752937256
8811aa61c9fffff,2023,0,1,0,0.023151391126424264
8811aa61c9fffff,2023,6,1,0,0.02515830678559031
8811aa61c9fffff,2023,8,1,0,0.02796478346582264
8811aa61c9fffff,2023,10,2,1,0.028532809041840204
8811aa61c9fffff,2023,12,2,0,0.028452431064382094
8811aa61c9fffff,2023,13,1,0,0.027805547099736174
8811aa61c9fffff,2023,15,1,0,0.030612023779968505
8811aa61c9fffff,2023,16,2,0,0.030733935679608373
8811aa61c9fffff,2023,17,1,0,0.031368378155438754
8811aa61c9fffff,2023,18,1,0,0.03174655534317388
8811aa61c9fffff,2023,19,2,0,0.032124732530909
8811aa61c9fffff,2023,21,2,0,0.030830964601617168
8811aa61c9fffff,2024,0,1,0,0.025201513431186342
8811aa61c9fffff,2024,7,2,0,0.027654542766730097
8811aa61c9fffff,2024,8,1,0,0.02796478346582264
8811aa61c9fffff,2024,9,1,0,0.028478833630842925
8811aa61c9fffff,2024,10,1,0,0.026671015536530805
8811aa61c9fffff,2024,11,1,0,0.02751235763392286
8811aa61c9fffff,2024,12,1,0,0.029477492216763133
8811aa61c9fffff,2024,13,1,0,0.027805547099736174
8811aa61c9fffff,2024,14,2,0,0.031002642456519163
8811aa61c9fffff,2024,15,1,0,0.03112455435615902
8811aa61c9fffff,2024,16,1,0,0.03099020096770363
8811aa61c9fffff,2024,17,1,0,0.02948323015331685
8811aa61c9fffff,2024,18,2,0,0.03174655534317388
8811aa61c9fffff,2024,19,3,0,0.032340867048734234
8811aa61c9fffff,2024,20,1,0,0.030452787413882045
8811aa61c9fffff,2024,22,2,0,0.03377767684945433
8811aa61cbfffff,2022,13,1,0,0.02112952653956608
8811aa61cbfffff,2022,19,1,0,0.02463799078753163
8811aa61cbfffff,2023,7,1,0,0.020612395110900662
8811aa61cbfffff,2023,15,1,0,0.021075159731829052
8811aa61cbfffff,2023,20,1,0,0.02552869855145727
8811aa61cbfffff,2024,7,1,0,0.020612395110900662
8811aa61cbfffff,2024,8,1,0,0.018427919417683184
8811aa61cbfffff,2024,12,1,0,0.02250328104957628
8811aa61cbfffff,2024,15,1,0,0.023125282036591133
8811aa61cbfffff,2024,17,1,0,0.023881636412061383
8811aa61cbfffff,2024,18,1,0,0.024772344175987025
8811aa61cbfffff,2024,19,1,0,0.024773863764816793
8811aa61cbfffff,2024,20,1,0,0.02552869855145727
8811aa61cdfffff,2022,7,1,0,0.05155897392070581
8811aa61cdfffff,2022,8,1,0,0.051424620532250415
8811aa61cdfffff,2022,10,1,0,0.052693505483911184
8811aa61cdfffff,2022,13,1,0,0.05177791474235448
8811aa61cdfffff,2022,14,2,0,0.05230518723359798
8811aa61cdfffff,2022,15,1,0,0.0545843914225868
8811aa61cdfffff,2022,18,2,0,0.053751287832350184
8811aa61cdfffff,2022,19,2,0,0.0560971001735273
8811aa61cdfffff,2022,20,2,0,0.05442515505650034
8811aa61cdfffff,2023,0,1,0,0.04712375876904256
8811aa61cdfffff,2023,9,1,0,0.05026520599141398
8811aa61cdfffff,2023,11,1,0,0.053584213247836826
8811aa61cdfffff,2023,13,1,0,0.053828037047116556
8811aa61cdfffff,2023,14,1,0,0.05245428253710635
8811aa61cdfffff,2023,17,2,0,0.054315684645676016
8811aa61cdfffff,2023,18,2,0,0.05571892298579218
8811aa61cdfffff,2023,19,1,0,0.05404697786876522
8811aa61cdfffff,2023,21,4,1,0.056853454548997547
8811aa61cdfffff,2024,3,2,0,0.04825829033224793
8811aa61cdfffff,2024,9,1,0,0.052315328296176064
8811aa61cdfffff,2024,12,2,0,0.05242479870700039
8811aa61cdfffff,2024,15,1,0,0.0545843914225868
8811aa61cdfffff,2024,16,1,0,0.054073380435226054
8811aa61cdfffff,2024,17,1,0,0.05687833752662861
8811aa61cdfffff,2024,18,3,0,0.05503554888420482
8811aa61cdfffff,2024,21,1,0,0.05480333224423547
8811aa61cdfffff,2024,22,1,0,0.057493779203977365
8811aa61d1fffff,2022,9,1,0,0.013013325097970619
8811aa61d1fffff,2022,19,1,0,0.017229160559623775
8811aa61d1fffff,2022,22,1,1,0.020241898310534006
8811aa61d1fffff,2023,2,1,0,0.01211645831310742
8811aa61d1fffff,2023,4,1,0,0.013058051332396417
8811aa61d1fffff,2023,11,1,0,0.013905552450726028
8811aa61d1fffff,2023,14,1,0,0.014904211036646239
8811aa61d1fffff,2023,15,1,0,0.017332510529143443
8811aa61d1fffff,2023,16,1,0,0.01733403011797321
8811aa61d1fffff,2023,23,1,0,0.01959501434588809
8811aa61d1fffff,2024,18,1,0,0.018467042092348816
8811aa61d5fffff,2022,16,1,0,0.039364699355527236
8811aa61d5fffff,2022,20,1,0,0.04292753041122981
8811aa61d5fffff,2023,6,1,0,0.035582927478176
8811aa61d5fffff,2023,8,1,0,0.03838940415840832
8811aa61d5fffff,2023,14,1,0,0.04219605901339063
8811aa61d5fffff,2023,16,1,0,0.041414821660289314
8811aa61d5fffff,2023,18,3,0,0.04217117603575956
8811aa61d5fffff,2023,20,1,0,0.04292753041122981
8811aa61d5fffff,2023,21,1,0,0.04155377590121961
8811aa61d5fffff,2024,7,1,0,0.038011226970673204
8811aa61d5fffff,2024,8,1,0,0.03647515483093141
8811aa61d5fffff,2024,15,1,0,0.041036644472554194
8811aa61d5fffff,2024,16,1,0,0.04052563348519344
8811aa61d5fffff,2024,18,1,0,0.04012105373099748
8811aa61d5fffff,2024,21,1,0,0.041420559596843036
8811aa61d7fffff,2022,2,1,0,0.11800447216054497
8811aa61d7fffff,2022,15,2,0,0.1224270456790284
8811aa61d7fffff,2023,9,1,0,0.12009137440042938
8811aa61d7fffff,2024,1,1,0,0.11732810436579309
8811aa61d7fffff,2024,16,1,0,0.12257364041193507
8811aa61d9fffff,2022,1,1,0,0.04589567595552656
8811aa61d9fffff,2022,21,1,1,0.05491990261537465
8811aa61d9fffff,2023,14,1,0,0.05008666701918153
8811aa61d9fffff,2024,4,1,0,0.04802616734575795
8811aa61d9fffff,2024,8,1,0,0.04986772619753287
8811aa61dbfffff,2022,12,1,0,0.14267371876952267
8811aa61dbfffff,2024,23,1,0,0.1473940059088705
8811aa61ddfffff,2022,0,1,0,0.025051105378789275
8811aa61ddfffff,2022,14,3,0,0.031962717319201556
8811aa61ddfffff,2022,15,1,0,0.03280992863935027
8811aa61ddfffff,2023,15,1,0,0.030461615727571435
8811aa61ddfffff,2023,21,1,0,0.03273067885398218
8811aa61ddfffff,2023,22,1,0,0.035421125813724086
8811aa61ddfffff,2024,15,1,0,0.030461615727571435
8811aa61ddfffff,2024,20,1,0,0.034538496948294306
8811aa61e1fffff,2022,7,1,0,0.02262632718059361
8811aa61e1fffff,2022,11,1,0,0.022088913626772025
8811aa61e1fffff,2022,12,1,0,0.02246709081450715
8811aa61e1fffff,2024,9,1,0,0.02492027328463542
8811aa61e1fffff,2024,10,1,0,0.023760858743798987
8811aa61e1fffff,2024,11,1,0,0.02413903593153411
8811aa61e1fffff,2024,13,1,0,0.02519358091402111
8811aa61e1fffff,2024,18,1,0,0.026786276245679974
8811aa61e5fffff,2022,0,1,0,0.0016734647058567224
8811aa61e5fffff,2024,17,1,0,0.008216987029014492
8811aa61e7fffff,2024,23,1,0,0.09321366863524555
8811aa61e9fffff,2022,8,1,0,0.03681661603875218
8811aa61e9fffff,2022,9,1,0,0.04061753295718076
8811aa61e9fffff,2022,15,1,0,0.03929888205025787
8811aa61e9fffff,2022,17,1,0,0.04210535873049019
8811aa61e9fffff,2022,20,1,0,0.043239890293695564
8811aa61e9fffff,2023,8,1,0,0.038701764040874075
8811aa61e9fffff,2023,11,1,0,0.03778617329931737
8811aa61e9fffff,2023,13,1,0,0.041105180555740216
8811aa61e9fffff,2023,15,1,0,0.03929888205025787
8811aa61e9fffff,2023,16,1,0,0.04172718154275507
8811aa61e9fffff,2023,17,1,0,0.04261788930668072
8811aa61e9fffff,2023,21,2,0,0.04259300632904965
8811aa61e9fffff,2023,22,1,0,0.04425839213641051
8811aa61e9fffff,2024,9,1,0,0.039215814205894366
8811aa61e9fffff,2024,10,1,0,0.03945811841634433
8811aa61e9fffff,2024,13,1,0,0.04059264997954969
8811aa61e9fffff,2024,14,1,0,0.040970827167284826
8811aa61e9fffff,2024,18,1,0,0.04043341361346323
8811aa61ebfffff,2022,14,1,0,0.0386662422570937
8811aa61ebfffff,2022,21,1,0,0.041313482571239554
8811aa61ebfffff,2023,10,1,0,0.03510341120139112
8811aa61ebfffff,2023,13,3,0,0.03777553449316805
8811aa61ebfffff,2023,14,1,0,0.04020383398566525
8811aa61ebfffff,2023,15,2,0,0.0391123559334714
8811aa61ebfffff,2023,16,1,0,0.03737247432780186
8811aa61ebfffff,2024,2,1,0,0.033501075296421025
8811aa61ebfffff,2024,8,1,0,0.03690970970687347
8811aa61ebfffff,2024,18,1,0,0.038128828703272104
8811aa61ebfffff,2024,20,1,0,0.040935305383504435
8811aa6201fffff,2022,7,1,0,0.042247457324647957
8811aa6201fffff,2022,11,2,0,0.04551209777333378
8811aa6201fffff,2022,17,1,0,0.04573103859498245
8811aa6201fffff,2022,20,1,0,0.0489156924629499
8811aa6201fffff,2022,22,1,0,0.04993419430566484
8811aa6201fffff,2023,2,1,0,0.04148146237586649
8811aa6201fffff,2023,16,1,0,0.0455178357098875
8811aa6201fffff,2023,17,1,0,0.04931875262831608
8811aa6201fffff,2023,18,2,0,0.04713427693509861
8811aa6201fffff,2023,21,1,0,0.04929386965068502
8811aa6201fffff,2024,9,1,0,0.04270562109310145
8811aa6201fffff,2024,10,1,0,0.04667151231417022
8811aa6201fffff,2024,14,1,0,0.04459650703177707
8811aa6201fffff,2024,21,2,1,0.04929386965068502
8811aa6201fffff,2024,22,1,0,0.047884072000902764
8811aa6203fffff,2022,10,1,0,0.08336704507445661
8811aa6203fffff,2022,14,2,0,0.08540550672781083
8811aa6203fffff,2022,17,1,1,0.08639094298750784
8811aa6203fffff,2023,11,1,0,0.08207175755633501
8811aa6203fffff,2023,14,1,0,0.08525641142430246
8811aa6203fffff,2023,19,1,0,0.08714729736297808
8811aa6203fffff,2024,8,1,0,0.08110220029576981
8811aa6203fffff,2024,9,2,0,0.08215213553379312
8811aa6203fffff,2024,10,1,0,0.08336704507445661
8811aa6203fffff,2024,20,1,0,0.0875254745507132
8811aa6205fffff,2022,10,1,0,0.037000317049603576
8811aa6205fffff,2022,13,1,0,0.04069750149376155
8811aa6205fffff,2022,15,1,0,0.03918939359529595
8811aa6205fffff,2022,17,1,0,0.04221021024470205
8811aa6205fffff,2022,19,3,1,0.04187094236903619
8811aa6205fffff,2023,5,1,0,0.03553655288081284
8811aa6205fffff,2023,6,1,0,0.035652582601303266
8811aa6205fffff,2023,10,1,0,0.037000317049603576
8811aa6205fffff,2023,11,1,0,0.037543468539978885
8811aa6205fffff,2023,16,1,0,0.0394343544786545
8811aa6205fffff,2023,18,1,0,0.042588387432437175
8811aa6205fffff,2023,19,1,0,0.04040391173921969
8811aa6205fffff,2024,8,2,0,0.03640893697677351
8811aa6205fffff,2024,13,2,0,0.03821733576412904
8811aa6205fffff,2024,14,1,0,0.03867800010318425
8811aa6205fffff,2024,16,4,0,0.039985255216233806
8811aa6205fffff,2024,17,2,0,0.040755105667450574
8811aa6205fffff,2024,18,1,0,0.042075856856246645
8811aa6205fffff,2024,21,1,0,0.04321038841945202
8811aa6205fffff,2024,22,1,0,0.042448994323145445
8811aa6207fffff,2022,6,1,0,0.035247878781075506
8811aa6207fffff,2022,11,1,0,0.035088642414989046
8811aa6207fffff,2022,12,2,0,0.03672346320993368
8811aa6207fffff,2022,13,2,0,0.038663914959507155
8811aa6207fffff,2022,17,1,0,0.03940782784616187
8811aa6207fffff,2022,19,1,0,0.03827903421951021
8811aa6207fffff,2022,21,1,0,0.04245812832567392
8811aa6207fffff,2022,22,1,0,0.08747427314005522
8811aa6207fffff,2023,8,1,1,0.03600423315654576
8811aa6207fffff,2023,9,1,0,0.03792000207285244
8811aa6207fffff,2023,10,1,0,0.0348754395298941
8811aa6207fffff,2023,17,1,0,0.03940782784616187
8811aa6207fffff,2023,20,1,0,0.04054235940936724
8811aa6207fffff,2024,8,1,0,0.037541824885117314
8811aa6207fffff,2024,11,1,0,0.03867635644832268
8811aa6207fffff,2024,15,1,0,0.038651473470691616
8811aa6207fffff,2024,17,1,0,0.03940782784616187
8811aa6207fffff,2024,19,1,0,0.03827903421951021
8811aa6209fffff,2022,1,1,0,0.040863552814315696
8811aa6209fffff,2022,13,1,0,0.04527274790426905
8811aa6209fffff,2022,21,1,1,0.047999974799133295
8811aa6209fffff,2022,22,1,0,0.04864029945411311
8811aa6209fffff,2023,8,1,0,0.04308367135857668
8811aa6209fffff,2023,12,1,0,0.04473225308680234
8811aa6209fffff,2023,13,2,0,0.046487466192557066
8811aa6209fffff,2023,14,1,0,0.045352734484987424
8811aa6209fffff,2023,16,2,0,0.04867174174141027
8811aa6209fffff,2023,17,1,0,0.05007498008152644
8811aa6209fffff,2023,18,2,0,0.04891556554069
8811aa6209fffff,2023,19,2,0,0.05031880388080617
8811aa6209fffff,2023,23,2,0,0.05004353779422928
8811aa6209fffff,2024,0,1,0,0.040968804877416075
8811aa6209fffff,2024,8,1,0,0.04373207491205237
8811aa6209fffff,2024,11,1,0,0.04421820292178206
8811aa6209fffff,2024,12,1,0,0.046646502414279256
8811aa6209fffff,2024,16,1,0,0.048159211165219755
8811aa6209fffff,2024,18,1,0,0.046865443235927916
8811aa6209fffff,2024,19,1,0,0.047756150999853565
8811aa6209fffff,2024,23,2,0,0.050367739570967116
8811aa620bfffff,2022,10,2,0,0.03545249068872949
8811aa620bfffff,2022,11,1,0,0.033631450268194155
8811aa620bfffff,2022,12,1,0,0.03605974976069136
8811aa620bfffff,2022,18,3,0,0.03859905328150453
8811aa620bfffff,2022,22,1,0,0.040103669105287294
8811aa620bfffff,2023,0,1,1,0.032081961582131314
8811aa620bfffff,2023,7,1,0,0.034168863822015734
8811aa620bfffff,2023,8,1,0,0.03454704100975087
8811aa620bfffff,2023,12,1,0,0.03605974976069136
8811aa620bfffff,2023,13,1,0,0.036437926948426486
8811aa620bfffff,2023,18,3,1,0.037474595260117906
8811aa620bfffff,2023,21,1,0,0.0374132221455454
8811aa620bfffff,2024,3,1,0,0.03151658378703354
8811aa620bfffff,2024,10,1,0,0.03684098711379267
8811aa620bfffff,2024,15,2,0,0.03719428132389673
8811aa620bfffff,2024,17,1,0,0.03795063569936698
8811aa620bfffff,2024,18,1,0,0.0364436648849802
8811aa620dfffff,2022,7,1,0,0.023874460241028163
8811aa620dfffff,2023,10,1,0,0.024496461228043016
8811aa620dfffff,2023,12,1,0,0.024227754451132223
8811aa620dfffff,2023,13,1,0,0.025118462215057865
8811aa620dfffff,2023,15,2,0,0.02448632016546493
8811aa620dfffff,2023,18,1,0,0.025471756425161925
8811aa620dfffff,2023,20,1,0,0.026393085103272353
8811aa620dfffff,2024,1,1,0,0.020793117762947486
8811aa620dfffff,2024,7,1,0,0.021476781662715744
8811aa620dfffff,2024,8,1,0,0.021689984547810685
8811aa620dfffff,2024,16,1,0,0.026765524354453757
8811aa620dfffff,2024,17,1,0,0.027143701542188883
8811aa620dfffff,2024,18,2,0,0.027672302369886676
8811aa620dfffff,2024,19,2,0,0.02713126005337335
8811aa6211fffff,2022,8,1,0,0.02254667496383311
8811aa6211fffff,2022,10,1,1,0.023303029339303363
8811aa6211fffff,2022,16,1,0,0.025572092465714104
8811aa6211fffff,2022,19,1,0,0.026706624028919476
8811aa6211fffff,2023,0,1,0,0.018758343776815775
8811aa6211fffff,2023,22,1,0,0.029640894787941102
8811aa6211fffff,2024,1,1,0,0.01811145981216986
8811aa6211fffff,2024,8,1,0,0.020661526961711214
8811aa6211fffff,2024,21,1,0,0.02541285609962764
8811aa6213fffff,2022,9,1,0,0.04365243735679323
8811aa6213fffff,2022,14,1,0,0.04759344560023093
8811aa6213fffff,2022,15,1,0,0.049509214516537614
8811aa6213fffff,2022,17,2,0,0.0487279771634363
8811aa6213fffff,2022,18,1,0,0.05064374607974299
8811aa6213fffff,2023,17,1,0,0.04940548204226701
8811aa6213fffff,2023,18,1,0,0.05064374607974299
8811aa6213fffff,2024,9,1,0,0.04365243735679323
8811aa6213fffff,2024,16,1,0,0.04834979997570118
8811aa6213fffff,2024,20,1,0,0.04986250872664168
8811aa6215fffff,2022,7,1,0,0.08339645518164075
8811aa6215fffff,2022,11,1,0,0.0813214498992476
8811aa6215fffff,2022,17,1,0,0.08375548732829853
8811aa6215fffff,2023,12,1,0,0.08186460138962291
8811aa6215fffff,2023,18,1,0,0.08601881251815555
8811aa6215fffff,2024,10,2,0,0.08376219088056033
8811aa6215fffff,2024,12,1,0,0.08169962708698272
8811aa6215fffff,2024,15,1,0,0.0865577456608069
8811aa6215fffff,2024,17,1,0,0.08564063533042043
8811aa6215fffff,2024,18,1,0,0.08564215491925019
8811aa6215fffff,2024,20,1,0,0.08728769746981631
8811aa6215fffff,2024,23,1,0,0.08817184592407587
8811aa6217fffff,2022,7,1,0,0.06038470079053383
8811aa6217fffff,2022,8,1,0,0.06264802598039085
8811aa6217fffff,2022,9,1,0,0.06243520560004686
8811aa6217fffff,2022,10,2,0,0.06417317622014687
8811aa6217fffff,2022,11,1,0,0.06532014927216777
8811aa6217fffff,2022,12,1,0,0.06211061242656927
8811aa6217fffff,2022,13,1,0,0.06483710252608323
8811aa6217fffff,2022,14,1,0,0.06303194110467969
8811aa6217fffff,2022,15,2,0,0.0652952662945367
8811aa6217fffff,2022,20,1,0,0.06530100423109043
8811aa6217fffff,2023,0,1,1,0.05988475594575456
8811aa6217fffff,2023,6,1,0,0.060006523602798706
8811aa6217fffff,2023,7,2,0,0.0630386446569415
8811aa6217fffff,2023,10,1,0,0.06135425805109903
8811aa6217fffff,2023,13,1,0,0.062488789614304395
8811aa6217fffff,2023,15,1,0,0.0652952662945367
8811aa6217fffff,2023,17,1,1,0.06605162067000697
8811aa6217fffff,2023,20,1,0,0.06530100423109043
8811aa6217fffff,2023,22,1,0,0.06658859535546711
8811aa6217fffff,2023,23,1,0,0.06858283126366241
8811aa6217fffff,2024,10,1,0,0.06494197208443266
8811aa6217fffff,2024,11,3,0,0.06378255754359623
8811aa6217fffff,2024,12,1,0,0.06467326530752188
8811aa6217fffff,2024,16,2,0,0.0672110352108434
8811aa6217fffff,2024,19,1,0,0.06834556677404878
8811aa6219fffff,2022,7,1,0,0.025183745975273054
8811aa6219fffff,2022,9,1,0,0.025940100350743296
8811aa6219fffff,2022,15,1,0,0.028374137779794223
8811aa6219fffff,2022,17,1,1,0.03101564015738637
8811aa6219fffff,2022,19,1,0,0.03018503713775147
8811aa6219fffff,2022,20,1,0,0.032150171720591744
8811aa6219fffff,2023,6,1,0,0.02685569109230001
8811aa6219fffff,2023,11,1,0,0.026696454726213546
8811aa6219fffff,2024,8,1,0,0.027612045467770255
8811aa6219fffff,2024,9,1,0,0.025940100350743296
8811aa6219fffff,2024,16,1,0,0.030637462969651245
8811aa6219fffff,2024,17,1,0,0.031528170733576895
8811aa6219fffff,2024,23,1,0,0.03166170274891991
8811aa621bfffff,2022,6,1,0,0.02678231635375432
8811aa621bfffff,2022,7,1,0,0.025110371236727363
8811aa621bfffff,2022,10,1,0,0.026244902799932735
8811aa621bfffff,2022,16,1,0,0.02916236947981916
8811aa621bfffff,2022,17,1,0,0.030942265418840684
8811aa621bfffff,2022,18,1,0,0.0313204426065758
8811aa621bfffff,2022,19,1,0,0.031698619794310934
8811aa621bfffff,2022,21,1,0,0.03245497416978118
8811aa621bfffff,2023,16,1,0,0.02851396592634348
8811aa621bfffff,2023,18,1,0,0.0313204426065758
8811aa621bfffff,2023,21,1,0,0.030404851865019098
8811aa621bfffff,2024,0,1,0,0.026312992423159834
8811aa621bfffff,2024,7,1,0,0.027160493541489444
8811aa621bfffff,2024,12,1,0,0.029051379480165063
8811aa621bfffff,2024,13,1,0,0.029429556667900186
8811aa621bfffff,2024,14,1,0,0.03010592446265206
8811aa621bfffff,2024,15,1,0,0.030185911043370435
8811aa621bfffff,2024,16,2,0,0.02859645307766357
8811aa621bfffff,2024,17,1,0,0.029540546667554284
8811aa621bfffff,2024,18,2,0,0.0313204426065758
8811aa621bfffff,2024,19,1,0,0.031698619794310934
8811aa621bfffff,2024,20,2,0,0.03233306227014132
8811aa621bfffff,2024,21,1,0,0.032967504745971696
8811aa621bfffff,2024,22,1,0,0.033095298824761005
8811aa621bfffff,2024,23,1,0,0.033473476012496124
8811aa621dfffff,2022,1,1,0,0.016730236332591773
8811aa621dfffff,2022,12,1,0,0.022678160235195522
8811aa621dfffff,2022,17,1,1,0.02251892386910906
8811aa621dfffff,2022,19,1,0,0.02532540054934139
8811aa621dfffff,2022,20,6,1,0.024449747013706908
8811aa621dfffff,2022,22,1,0,0.024671957275029376
8811aa621dfffff,2023,0,1,0,0.017000462698332334
8811aa621dfffff,2023,7,2,0,0.020613496159744733
8811aa621dfffff,2023,11,1,0,0.0222999830474604
8811aa621dfffff,2023,14,1,0,0.023947045186856288
8811aa621dfffff,2023,16,2,0,0.024703399562326537
8811aa621dfffff,2023,17,2,0,0.0235439850214901
8811aa621dfffff,2023,19,2,0,0.02430033939696035
8811aa621dfffff,2023,20,2,1,0.02595984302517177
8811aa621dfffff,2023,21,2,0,0.025825489636716378
8811aa621dfffff,2024,0,1,0,0.01635205914485665
8811aa621dfffff,2024,4,1,1,0.019914890200559227
8811aa621dfffff,2024,8,1,0,0.01976373273296863
8811aa621dfffff,2024,10,1,0,0.02345939758829683
8811aa621dfffff,2024,13,2,0,0.021006215118168563
8811aa621dfffff,2024,15,2,0,0.024068957086496152
8811aa621dfffff,2024,16,1,0,0.024190868986136017
8811aa621dfffff,2024,17,2,0,0.023868186798227945
8811aa621dfffff,2024,18,2,0,0.024246363985963068
8811aa621dfffff,2024,19,1,0,0.02532540054934139
8811aa621dfffff,2024,20,1,0,0.025703577737076513
8811aa621dfffff,2024,21,1,0,0.02608175492481164
8811aa621dfffff,2024,22,1,0,0.026722079579791457
8811aa621dfffff,2024,23,2,0,0.02607519561514554
8811aa6221fffff,2022,16,1,1,0.141885364012783
8811aa6221fffff,2022,17,1,0,0.14156577198050885
8811aa6221fffff,2023,10,1,0,0.137430305604325
8811aa6227fffff,2022,6,1,0,0.06286409057844128
8811aa6227fffff,2022,12,1,0,0.06516225503020703
8811aa6227fffff,2023,8,1,0,0.06413297553010204
8811aa6227fffff,2023,14,1,0,0.065191738860313
8811aa6229fffff,2023,14,1,0,0.07276638640445883
8811aa6229fffff,2024,2,1,0,0.06763032076914119
8811aa6229fffff,2024,11,2,0,0.07211970258417719
8811aa6229fffff,2024,22,1,0,0.07605395137358452
8811aa6239fffff,2022,8,1,0,0.08166190852502253
8811aa6239fffff,2022,16,1,0,0.08280217802478161
8811aa6239fffff,2022,19,3,0,0.08455539181357596
8811aa6239fffff,2022,20,1,0,0.08461307738273888
8811aa6239fffff,2023,7,1,0,0.08090707373838205
8811aa6239fffff,2023,13,1,0,0.08166764646157625
8811aa6239fffff,2023,22,1,0,0.08533338861843706
8811aa6239fffff,2024,2,1,0,0.07776984486373459
8811aa6239fffff,2024,19,1,0,0.0863343881662994
8811aa6239fffff,2024,20,2,0,0.08517497362546297
8811aa6239fffff,2024,22,1,0,0.08516841431579687
8811aa623bfffff,2022,10,1,0,0.11206874643079179
8811aa623bfffff,2022,14,1,0,0.11374642948437245
8811aa623bfffff,2023,19,1,1,0.11752246342516998
8811aa623bfffff,2024,12,1,0,0.1129900751089022
8811aa623bfffff,2024,16,2,0,0.11536287070958356
8811aa623bfffff,2024,20,1,0,0.1179006406129051
8811aa6241fffff,2023,18,1,0,0.06840558010245702
8811aa6241fffff,2024,9,1,0,0.0650019854128409
8811aa6241fffff,2024,12,2,0,0.06441059644802204
8811aa6241fffff,2024,15,1,0,0.06791945209272733
8811aa6243fffff,2022,10,1,0,0.008229558480376296
8811aa6243fffff,2022,14,1,0,0.009742267231316791
8811aa6243fffff,2022,17,1,0,0.013439451675474764
8811aa6243fffff,2022,20,1,0,0.014061452662489616
8811aa6243fffff,2022,21,1,0,0.012389507545462659
8811aa6243fffff,2023,8,1,0,0.00914666881076277
8811aa6243fffff,2023,9,1,0,0.007851381292641171
8811aa6243fffff,2023,13,1,0,0.011037554749438388
8811aa6243fffff,2023,21,1,0,0.014439629850224737
8811aa6243fffff,2024,10,2,0,0.008312045631696387
8811aa6243fffff,2024,13,1,0,0.011414212348343748
8811aa6243fffff,2024,18,1,0,0.013817628863209887
8811aa6245fffff,2022,8,2,0,0.012115863185403888
8811aa6245fffff,2022,11,1,0,0.012994129460513999
8811aa6245fffff,2022,15,1,0,0.012456715906692414
8811aa6245fffff,2022,16,1,0,0.014885015399189619
8811aa6245fffff,2022,23,1,0,0.017794403180580183
8811aa6245fffff,2023,1,1,0,0.007722573352662129
8811aa6245fffff,2023,4,1,0,0.008558914308850746
8811aa6245fffff,2023,7,1,0,0.009431298404811422
8811aa6245fffff,2023,11,1,0,0.011108981458392099
8811aa6245fffff,2023,13,1,0,0.011865335833862347
8811aa6245fffff,2023,15,1,0,0.012456715906692414
8811aa6245fffff,2023,18,1,0,0.015641369774659866
8811aa6245fffff,2024,7,1,0,0.010592232534477624
8811aa6245fffff,2024,11,1,0,0.011108981458392099
8811aa6245fffff,2024,13,1,0,0.012348765084697847
8811aa6245fffff,2024,14,3,0,0.012530208638177756
8811aa6245fffff,2024,16,1,0,0.014885015399189619
8811aa6245fffff,2024,17,1,0,0.016800784315496305
8811aa6245fffff,2024,18,1,0,0.01717896150323143
8811aa6245fffff,2024,21,1,0,0.017288431914055758
8811aa6245fffff,2024,23,1,0,0.016392684429293786
8811aa6247fffff,2022,0,1,0,0.033445576802141955
8811aa6247fffff,2022,9,1,0,0.0383389557222587
8811aa6247fffff,2022,10,1,0,0.038717132909993825
8811aa6247fffff,2022,14,1,0,0.04022984166093432
8811aa6247fffff,2022,17,1,0,0.04290196495271126
8811aa6247fffff,2022,19,1,0,0.04212072759960994
8811aa6247fffff,2022,20,1,0,0.04249890478734506
8811aa6247fffff,2022,21,1,0,0.0408269596703181
8811aa6247fffff,2023,9,1,0,0.0383389557222587
8811aa6247fffff,2023,13,1,0,0.03985166447319919
8811aa6247fffff,2023,15,2,0,0.03992171013570375
8811aa6247fffff,2023,16,1,0,0.03893607373164249
8811aa6247fffff,2023,18,1,0,0.03969242810711273
8811aa6247fffff,2023,20,1,0,0.04044878248258298
8811aa6247fffff,2024,4,1,0,0.03633355965192242
8811aa6247fffff,2024,8,2,0,0.03821704382261883
8811aa6247fffff,2024,13,1,0,0.03985166447319919
8811aa6247fffff,2024,18,2,0,0.04079997641081386
8811aa6247fffff,2024,19,1,0,0.04212072759960994
8811aa6249fffff,2022,7,1,0,0.04142362364849508
8811aa6249fffff,2022,21,1,1,0.04876822658154889
8811aa6249fffff,2023,7,1,0,0.04142362364849508
8811aa6249fffff,2023,9,1,0,0.04474263090491793
8811aa6249fffff,2023,14,1,0,0.046633516843593535
8811aa6249fffff,2023,18,1,0,0.04763369501834352
8811aa6249fffff,2023,20,1,0,0.046339927089051686
8811aa6249fffff,2024,0,1,0,0.03968693435506959
8811aa6249fffff,2024,13,1,0,0.0443410903283815
8811aa6249fffff,2024,15,1,0,0.04701169403132867
8811aa6249fffff,2024,21,1,0,0.04688307857942699
8811aa624bfffff,2022,11,1,0,0.03350537512603475
8811aa624bfffff,2022,16,1,0,0.034883730488519844
8811aa624bfffff,2023,7,1,0,0.03199266637509425
8811aa624bfffff,2024,13,1,0,0.03169907662055239
8811aa624dfffff,2022,0,1,0,0.04920722550228616
8811aa624dfffff,2022,18,3,0,0.05527470738619484
8811aa624dfffff,2022,20,1,0,0.055347687660077735
8811aa624dfffff,2023,10,1,0,0.053103507511298054
8811aa624dfffff,2023,13,1,0,0.05423803907450342
8811aa624dfffff,2023,14,1,0,0.05461621626223855
8811aa624dfffff,2023,22,1,0,0.05601863322924234
8811aa624dfffff,2024,3,1,0,0.0486682923596348
8811aa624dfffff,2024,7,1,0,0.05196897594809268
8811aa624dfffff,2024,10,1,0,0.05105338520653597
8811aa624dfffff,2024,12,1,0,0.05180973958200622
8811aa624dfffff,2024,14,1,0,0.05273106826011664
8811aa624dfffff,2024,16,2,0,0.05434750948532775
8811aa624dfffff,2024,17,1,0,0.05370062552068184
8811aa624dfffff,2024,18,3,0,0.05544555091159168
8811aa624dfffff,2024,20,1,0,0.055000131386527394
8811aa6251fffff,2022,0,1,0,0.03978534906587797
8811aa6251fffff,2022,10,1,0,0.04381750405217503
8811aa6251fffff,2022,21,1,0,0.047977453117261384
8811aa6251fffff,2023,19,1,0,0.04517097643702907
8811aa6251fffff,2024,7,1,1,0.04217044191277913
8811aa6251fffff,2024,8,1,0,0.04254861910051426
8811aa6251fffff,2024,14,1,0,0.044817682226925004
8811aa6251fffff,2024,15,1,0,0.04331071141253823
8811aa6251fffff,2024,20,1,0,0.04568502660204935
8811aa6253fffff,2022,13,1,0,0.044967848120172474
8811aa6253fffff,2022,19,2,1,0.0485442488567806
8811aa6253fffff,2023,12,1,0,0.044291480325420594
8811aa6253fffff,2023,13,1,0,0.044834631815795896
8811aa6253fffff,2023,18,1,0,0.04912319633278393
8811aa6253fffff,2024,9,1,0,0.0438053523156909
8811aa6253fffff,2024,23,1,0,0.04936198041122734
8811aa6255fffff,2022,0,1,0,0.07601579709998704
8811aa6255fffff,2022,6,1,0,0.08144545248984655
8811aa6255fffff,2022,12,1,0,0.0837145156162573
8811aa6255fffff,2022,19,1,0,0.0848241642018316
8811aa6255fffff,2022,21,1,0,0.08353039627253976
8811aa6255fffff,2022,22,1,0,0.08622084323228166
8811aa6255fffff,2023,9,1,0,0.07899227001971829
8811aa6255fffff,2023,10,1,0,0.081933100088406
8811aa6255fffff,2023,11,1,0,0.0817987466999506
8811aa6255fffff,2023,14,1,0,0.08293327826315597
8811aa6255fffff,2023,16,2,0,0.08445842850291202
8811aa6255fffff,2023,17,1,0,0.08406780982636136
8811aa6255fffff,2023,18,1,0,0.08444598701409647
8811aa6255fffff,2023,19,2,1,0.08388159020077066
8811aa6255fffff,2023,21,1,0,0.08558051857730184
8811aa6255fffff,2024,1,1,0,0.07687740353855767
8811aa6255fffff,2024,8,1,0,0.08117674571293576
8811aa6255fffff,2024,9,1,0,0.08104239232448036
8811aa6255fffff,2024,12,1,0,0.0837145156162573
8811aa6255fffff,2024,13,1,0,0.08255510107542086
8811aa6255fffff,2024,14,1,0,0.08293327826315597
8811aa6255fffff,2024,15,1,0,0.08382398602708162
8811aa6255fffff,2024,16,2,0,0.08274705863756528
8811aa6255fffff,2024,18,1,0,0.08598357874266803
8811aa6255fffff,2024,20,1,0,0.08380062263828034
8811aa6255fffff,2024,21,2,0,0.08558051857730184
8811aa6255fffff,2024,22,1,0,0.08775843496085323
8811aa6255fffff,2024,23,1,0,0.08711155099620731
8811aa6257fffff,2022,10,4,0,0.0400222742038894
8811aa6257fffff,2022,12,1,0,0.04334128146031224
8811aa6257fffff,2022,17,1,0,0.043694575670416305
8811aa6257fffff,2022,18,3,1,0.04348877562556965
8811aa6257fffff,2022,19,1,0,0.04445093004588655
8811aa6257fffff,2023,6,1,0,0.03953462660532994
8811aa6257fffff,2023,9,1,0,0.04066915816853531
8811aa6257fffff,2023,10,1,0,0.04104733535627044
8811aa6257fffff,2023,18,1,0,0.044072752858151425
8811aa6257fffff,2023,19,1,0,0.04445093004588655
8811aa6257fffff,2024,2,1,0,0.03828406532163414
8811aa6257fffff,2024,4,1,0,0.037155271694982485
8811aa6257fffff,2024,5,1,0,0.03801687813355312
8811aa6257fffff,2024,7,1,1,0.03991280379306507
8811aa6257fffff,2024,8,4,0,0.038956733716257595
8811aa6257fffff,2024,12,1,0,0.0397535674269786
8811aa6257fffff,2024,13,1,0,0.04371945864804737
8811aa6257fffff,2024,16,4,0,0.04370079641482407
8811aa6257fffff,2024,18,1,0,0.044585283434341955
8811aa6257fffff,2024,19,2,0,0.04470719533398181
8811aa6257fffff,2024,20,3,0,0.04482910723362168
8811aa6257fffff,2024,21,2,0,0.04546354970945206
8811aa6259fffff,2022,6,1,0,0.03305015573886243
8811aa6259fffff,2022,9,1,0,0.032134564997305715
8811aa6259fffff,2022,14,1,0,0.03761316496931497
8811aa6259fffff,2022,16,1,0,0.036831927616213664
8811aa6259fffff,2023,8,2,0,0.03175638780957059
8811aa6259fffff,2023,10,2,0,0.03430659920170766
8811aa6259fffff,2023,13,1,0,0.035697396053008285
8811aa6259fffff,2023,16,1,0,0.036831927616213664
8811aa6259fffff,2023,19,1,0,0.037966459179419036
8811aa6259fffff,2024,9,1,0,0.032134564997305715
8811aa6259fffff,2024,10,1,0,0.03507539506599344
8811aa6259fffff,2024,12,1,0,0.03583174944146369
8811aa6259fffff,2024,19,1,0,0.037966459179419036
8811aa6259fffff,2024,20,1,0,0.03694291761586776
8811aa6259fffff,2024,21,1,0,0.0366726912501272
8811aa625bfffff,2022,0,1,0,0.05652340420695424
8811aa625bfffff,2022,14,2,0,0.06314269476310641
8811aa625bfffff,2022,15,2,0,0.06428966781512732
8811aa625bfffff,2022,18,3,0,0.06448455998865008
8811aa625bfffff,2022,19,1,0,0.06503358070178203
8811aa625bfffff,2022,20,2,0,0.06541175788951716
8811aa625bfffff,2023,14,1,0,0.06314269476310641
8811aa625bfffff,2023,15,1,0,0.06403340252703206
8811aa625bfffff,2023,16,1,0,0.06389904913857666
8811aa625bfffff,2023,19,1,0,0.06503358070178203
8811aa625bfffff,2023,22,1,0,0.06672845033924885
8811aa625bfffff,2023,23,2,0,0.06593247107109457
8811aa625bfffff,2024,0,1,0,0.05811036160205938
8811aa625bfffff,2024,10,1,0,0.06214251658835645
8811aa625bfffff,2024,12,1,0,0.06079938299253102
8811aa625bfffff,2024,15,2,0,0.062495810798460505
8811aa625bfffff,2024,18,3,0,0.06334364674508558
8811aa625bfffff,2024,20,1,0,0.06541175788951716
8811aa625bfffff,2024,21,1,0,0.0637398127724902
8811aa625dfffff,2022,3,2,1,0.02396978162128005
8811aa625dfffff,2022,9,1,0,0.027861845282568003
8811aa625dfffff,2022,12,1,0,0.027111228843651473
8811aa625dfffff,2022,14,3,0,0.02975273122124362
8811aa625dfffff,2022,15,1,0,0.03166850013755031
8811aa625dfffff,2022,17,3,0,0.03020388868286163
8811aa625dfffff,2022,18,2,0,0.030240378819803078
8811aa625dfffff,2022,20,1,0,0.029971672042892285
8811aa625dfffff,2022,22,1,0,0.03099017388560723
8811aa625dfffff,2023,8,1,0,0.027483668094832877
8811aa625dfffff,2023,12,2,0,0.02874011155767811
8811aa625dfffff,2023,13,1,0,0.0293745540335085
8811aa625dfffff,2023,15,1,1,0.030130908408978745
8811aa625dfffff,2023,17,1,0,0.030887262784448994
8811aa625dfffff,2023,18,3,0,0.02927030910163543
8811aa625dfffff,2023,19,3,0,0.03164361715991924
8811aa625dfffff,2024,1,1,0,0.023048452943169623
8811aa625dfffff,2024,9,1,0,0.0259766972804461
8811aa625dfffff,2024,13,1,0,0.0293745540335085
8811aa625dfffff,2024,16,2,0,0.02956651159565292
8811aa625dfffff,2024,17,1,0,0.030887262784448994
8811aa625dfffff,2024,18,1,0,0.03126543997218412
8811aa625dfffff,2024,19,1,0,0.03164361715991924
8811aa625dfffff,2024,20,1,0,0.029971672042892285
8811aa625dfffff,2024,21,3,1,0.03194243239341236
8811aa6261fffff,2022,10,1,0,0.07859139708230797
8811aa6261fffff,2023,18,1,0,0.08264187573657
8811aa6261fffff,2024,15,1,0,0.08304493590193619
8811aa6261fffff,2024,17,1,0,0.08226369854883488
8811aa6263fffff,2022,1,1,0,0.08797549477223236
8811aa6263fffff,2022,8,1,0,0.08847543961701163
8811aa6263fffff,2022,18,1,0,0.0920922371917227
8811aa6263fffff,2022,20,1,0,0.09284859156719294
8811aa6263fffff,2022,21,1,0,0.09339174305756824
8811aa6263fffff,2023,9,1,0,0.08868864250210659
8811aa6263fffff,2023,11,1,0,0.09149511918233891
8811aa6263fffff,2023,12,1,0,0.09187329637007403
8811aa6263fffff,2023,13,1,0,0.09036632555568726
8811aa6263fffff,2023,19,1,0,0.092635388682098
8811aa6263fffff,2024,0,1,0,0.08605972585592568
8811aa6263fffff,2024,10,1,0,0.08923179399248189
8811aa6263fffff,2024,11,1,0,0.089609971180217
8811aa6263fffff,2024,15,1,0,0.0911226799311575
8811aa6263fffff,2024,17,1,0,0.09287499413365378
8811aa6263fffff,2024,18,2,0,0.09225721149436288
8811aa6263fffff,2024,19,2,0,0.09287710330751575
8811aa6263fffff,2024,21,1,0,0.09339174305756824
8811aa6265fffff,2022,6,1,0,0.022059571320937253
8811aa6265fffff,2022,11,1,0,0.02395045725961287
8811aa6265fffff,2022,13,2,0,0.02598813807555942
8811aa6265fffff,2022,15,1,0,0.02802581889150597
8811aa6265fffff,2022,16,1,0,0.027891465503050574
8811aa6265fffff,2022,20,1,0,0.030941765982562628
8811aa6265fffff,2022,21,1,0,0.030294882017916712
8811aa6265fffff,2023,9,1,0,0.025244225188904706
8811aa6265fffff,2023,13,1,0,0.026756933939845202
8811aa6265fffff,2023,14,1,0,0.025383179429835
8811aa6265fffff,2023,16,1,0,0.026006317500928675
8811aa6265fffff,2023,18,1,0,0.02864781987852082
8811aa6265fffff,2023,19,1,0,0.02813680889116007
8811aa6265fffff,2023,20,3,0,0.02813770847745813
8811aa6265fffff,2024,9,1,0,0.023359077186782803
8811aa6265fffff,2024,10,2,0,0.024828923679087258
8811aa6265fffff,2024,11,2,0,0.02574431427627969
8811aa6265fffff,2024,13,1,0,0.02829452566841676
8811aa6265fffff,2024,14,1,0,0.025249963125458425
8811aa6265fffff,2024,16,1,1,0.029429057231622133
8811aa6265fffff,2024,17,1,0,0.028782173266976217
8811aa6265fffff,2024,19,2,0,0.028083423065194995
8811aa6265fffff,2024,20,1,0,0.030941765982562628
8811aa6265fffff,2024,21,1,0,0.029782351441726192
8811aa6265fffff,2024,22,1,0,0.029020957345419617
8811aa6265fffff,2024,23,1,0,0.02939913453315474
8811aa6267fffff,2022,1,1,0,0.01311162833031725
8811aa6267fffff,2022,3,1,1,0.01416617331280425
8811aa6267fffff,2022,8,1,0,0.015629937481594997
8811aa6267fffff,2022,10,3,0,0.016925863654854826
8811aa6267fffff,2022,13,1,0,0.019272755118015943
8811aa6267fffff,2022,14,1,0,0.021188524034322625
8811aa6267fffff,2022,15,1,0,0.02002910949348619
8811aa6267fffff,2022,17,1,0,0.018735341564194357
8811aa6267fffff,2023,0,1,0,0.013031641749598878
8811aa6267fffff,2023,8,2,0,0.015331746874578242
8811aa6267fffff,2023,12,1,0,0.018894577930280817
8811aa6267fffff,2023,14,3,0,0.01885170611298026
8811aa6267fffff,2023,15,2,0,0.02079790535777197
8811aa6267fffff,2023,16,1,0,0.018357164376459234
8811aa6267fffff,2023,17,1,0,0.018735341564194357
8811aa6267fffff,2023,19,1,0,0.020516757092045642
8811aa6267fffff,2023,21,1,0,0.022298172619896934
8811aa6267fffff,2023,23,1,0,0.021431526460489975
8811aa6267fffff,2024,11,1,0,0.018139743143640336
8811aa6267fffff,2024,13,1,0,0.019272755118015943
8811aa6267fffff,2024,14,1,0,0.019650932305751066
8811aa6267fffff,2024,16,1,0,0.020407286681221312
8811aa6267fffff,2024,18,2,1,0.01911351875192948
8811aa6267fffff,2024,19,2,0,0.021541818244426688
8811aa6267fffff,2024,21,1,0,0.022298172619896934
8811aa6269fffff,2022,8,1,0,0.036384695862169074
8811aa6269fffff,2022,15,1,0,0.03698181387155287
8811aa6269fffff,2023,8,1,0,0.034334573557406996
8811aa6269fffff,2023,11,2,0,0.03630583747354073
8811aa6269fffff,2023,17,1,0,0.03790314254966329
8811aa6269fffff,2023,19,1,0,0.042082236655827
8811aa6269fffff,2023,22,1,0,0.04156466635880015
8811aa6269fffff,2024,10,1,0,0.03714105023763933
8811aa6269fffff,2024,15,1,0,0.0393301267833317
8811aa6269fffff,2024,16,1,0,0.03782315596894492
8811aa6269fffff,2024,18,2,0,0.04016646773952031
8811aa6269fffff,2024,22,1,0,0.04194132395770551
8811aa6269fffff,2024,23,1,0,0.04091778239415424
8811aa626bfffff,2022,10,1,0,0.0397556824658456
8811aa626bfffff,2022,11,2,0,0.03957940375846872
8811aa626bfffff,2022,12,1,0,0.038461914536553767
8811aa626bfffff,2023,15,1,0,0.03946322979538257
8811aa626bfffff,2023,18,1,0,0.042482909360709836
8811aa626bfffff,2023,19,2,0,0.04191851254738402
8811aa626bfffff,2024,8,2,0,0.036800110482104895
8811aa626bfffff,2024,9,1,0,0.03719416666897182
8811aa626bfffff,2024,12,1,0,0.040512036841315845
8811aa626bfffff,2024,18,1,0,0.042482909360709836
8811aa626bfffff,2024,19,2,0,0.04286108654844496
8811aa626dfffff,2022,1,1,0,0.07309413026388328
8811aa626dfffff,2022,8,1,0,0.026788818372685062
8811aa626dfffff,2022,9,1,0,0.029217117865182267
8811aa626dfffff,2022,14,1,0,0.029057881499095804
8811aa626dfffff,2022,19,1,0,0.030948767437771422
8811aa626dfffff,2023,15,1,0,0.029436058686830927
8811aa626dfffff,2023,16,1,0,0.029814235874566053
8811aa626dfffff,2024,9,1,0,0.027166995560420185
8811aa626dfffff,2024,12,2,1,0.030351649428387636
8811aa626dfffff,2024,16,1,0,0.029814235874566053
8811aa626dfffff,2024,17,1,0,0.03275506594325378
8811aa626dfffff,2024,18,2,0,0.03191985317915518
8811aa626dfffff,2024,19,1,0,0.031113741740411604
8811aa626dfffff,2024,20,1,0,0.031326944625506545
8811aa628dfffff,2022,12,1,0,0.004574169392593543
8811aa628dfffff,2022,16,1,0,0.005788687536517286
8811aa62a5fffff,2022,6,1,0,0.5628902633695049
8811aa62a5fffff,2023,10,1,0,0.5644029721204454
8811aa62a5fffff,2023,21,1,1,0.5691539187536109
8811aa62a9fffff,2022,0,1,0,0.2424484269571313
8811aa62a9fffff,2022,12,1,0,0.24699349502436985
8811aa62a9fffff,2022,20,1,0,0.24988303954896568
8811aa62a9fffff,2023,8,1,1,0.24620765681879364
8811aa62a9fffff,2023,22,1,1,0.2520624755213468
8811aa62a9fffff,2024,7,1,0,0.2446685455013923
8811aa62adfffff,2022,21,1,0,0.45595980502573713
8811aa62adfffff,2023,14,1,0,0.45382509528778175
8811aa62c1fffff,2022,2,1,0,0.014754203538408237
8811aa62c1fffff,2022,9,1,0,0.01730427068794959
8811aa62c1fffff,2022,19,1,0,0.02108604256530083
8811aa62c1fffff,2023,19,1,0,0.02259453296851737
8811aa62c1fffff,2024,0,2,1,0.01502291031531903
8811aa62c1fffff,2024,12,1,0,0.01827382794851478
8811aa62c1fffff,2024,14,1,0,0.019195156626625208
8811aa62c1fffff,2024,15,2,0,0.019722429117868708
8811aa62c1fffff,2024,19,1,0,0.020921068262660648
8811aa62c1fffff,2024,20,1,1,0.02334936775515785
8811aa62c1fffff,2024,23,1,0,0.024184150542883812
8811aa62c5fffff,2022,9,1,0,0.05124468921774715
8811aa62c5fffff,2022,12,2,0,0.05079226338584737
8811aa62c5fffff,2023,8,1,0,0.05086651203001202
8811aa62c5fffff,2023,11,1,0,0.050599324841931005
8811aa62c5fffff,2023,15,1,0,0.053513752344157894
8811aa62c5fffff,2023,20,5,2,0.05417456489997626
8811aa62c5fffff,2024,5,2,0,0.04878073798221763
8811aa62c5fffff,2024,13,1,0,0.05070727566392556
8811aa62c5fffff,2024,16,1,0,0.05200678152977112
8811aa62c5fffff,2024,19,1,0,0.05502646109509839
8811aa62c5fffff,2024,20,1,0,0.05540463828283351
8811aa62c7fffff,2022,4,1,0,0.08926376383280334
8811aa62c7fffff,2022,20,1,0,0.09505245136932063
8811aa62c9fffff,2022,3,1,0,0.06334863631655654
8811aa62c9fffff,2022,16,1,0,0.06697773113748741
8811aa62c9fffff,2022,22,2,1,0.07003469463355658
8811aa62c9fffff,2022,23,1,0,0.07026377651778334
8811aa62c9fffff,2023,0,1,0,0.06170157417716066
8811aa62c9fffff,2023,3,1,1,0.0637252939154619
8811aa62c9fffff,2023,12,1,0,0.06525068241737315
8811aa62c9fffff,2023,18,1,0,0.06708568195948197
8811aa62c9fffff,2023,22,1,0,0.06932370308732409
8811aa62c9fffff,2024,0,1,0,0.06100380495715139
8811aa62c9fffff,2024,7,1,0,0.06322392350141239
8811aa62c9fffff,2024,10,1,0,0.06406026445760099
8811aa62c9fffff,2024,17,1,0,0.06670750477174686
8811aa62cdfffff,2023,2,1,0,0.011836373923344771
8811aa62cdfffff,2023,19,1,0,0.01954083037616874
8811aa62cdfffff,2024,10,1,0,0.016649766262743147
8811aa62cdfffff,2024,15,1,0,0.017138933450132367
8811aa62cdfffff,2024,23,1,1,0.019778094865782372
8811aa62e3fffff,2022,0,1,0,0.09890938161750196
8811aa62e3fffff,2022,12,1,0,0.10318536040307874
8811aa62e3fffff,2022,16,1,0,0.10469806915401923
8811aa62e3fffff,2023,9,1,0,0.10218404514424993
8811aa62e3fffff,2023,12,1,0,0.10447951083712152
8811aa62e3fffff,2024,14,1,0,0.1037767404759088
8811aa62e3fffff,2024,21,2,1,0.10832769961428557
8811aa62e9fffff,2022,7,2,0,0.014777192469898174
8811aa62e9fffff,2022,9,1,0,0.01281166649031816
8811aa62e9fffff,2022,10,1,0,0.013024869375413105
8811aa62e9fffff,2022,11,1,0,0.016990760596481868
8811aa62e9fffff,2022,16,1,0,0.015458906804464028
8811aa62e9fffff,2022,18,1,0,0.01618615985457926
8811aa62e9fffff,2022,20,1,0,0.018856763557526423
8811aa62e9fffff,2023,10,1,0,0.015074991680175185
8811aa62e9fffff,2023,12,1,0,0.013946198053523533
8811aa62e9fffff,2023,14,1,0,0.01470255242899378
8811aa62e9fffff,2023,15,1,0,0.015080729616728902
8811aa62e9fffff,2023,17,1,0,0.01567210968955897
8811aa62e9fffff,2023,18,1,0,0.018100409182056174
8811aa62e9fffff,2023,21,2,0,0.02000373660954733
8811aa62e9fffff,2024,0,1,0,0.010153648518782242
8811aa62e9fffff,2024,3,1,0,0.011288180081987613
8811aa62e9fffff,2024,7,1,0,0.013940460116969812
8811aa62e9fffff,2024,8,1,0,0.014318637304704937
8811aa62e9fffff,2024,11,1,0,0.01545316886791031
8811aa62e9fffff,2024,12,1,0,0.015831346055645432
8811aa62e9fffff,2024,14,1,0,0.0145375781263536
8811aa62e9fffff,2024,16,2,0,0.01664319543094273
8811aa62e9fffff,2024,20,2,0,0.018155904181883224
8811aa62ebfffff,2022,2,1,0,0.0608781164075146
8811aa62ebfffff,2022,3,2,1,0.06058320720850725
8811aa62ebfffff,2022,4,1,0,0.06128425783652592
8811aa62ebfffff,2022,10,2,0,0.062281991342442736
8811aa62ebfffff,2022,12,1,0,0.0628892504144046
8811aa62ebfffff,2022,15,1,0,0.06415699828198654
8811aa62ebfffff,2022,20,2,0,0.06685724191734654
8811aa62ebfffff,2022,22,1,0,0.06676819545636034
8811aa62ebfffff,2023,10,1,1,0.06453057461724676
8811aa62ebfffff,2023,11,2,0,0.06337116007641033
8811aa62ebfffff,2023,12,2,0,0.06338590199146332
8811aa62ebfffff,2023,15,1,0,0.06402378197760997
8811aa62ebfffff,2023,17,2,0,0.06469764920176013
8811aa62ebfffff,2023,19,1,0,0.06537151642591028
8811aa62ebfffff,2024,1,2,0,0.059406941578755854
8811aa62ebfffff,2024,3,1,0,0.06163295119415508
8811aa62ebfffff,2024,5,1,0,0.062012647970719974
8811aa62ebfffff,2024,8,2,0,0.062048299713752295
8811aa62ebfffff,2024,9,1,0,0.06158974454855905
8811aa62ebfffff,2024,10,2,0,0.06263087595244737
8811aa62ebfffff,2024,13,3,0,0.06394021570430587
8811aa62ebfffff,2024,14,2,0,0.06399316106342517
8811aa62ebfffff,2024,16,2,0,0.06526204601508595
8811aa62ebfffff,2024,18,1,0,0.0652915298451919
8811aa62ebfffff,2024,19,2,0,0.06537151642591028
8811aa62ebfffff,2024,20,2,0,0.0658321807649655
8811aa62ebfffff,2024,21,1,0,0.06677627435485622
8811aa62ebfffff,2024,22,1,0,0.06881831776112242
8811aa62edfffff,2022,13,1,0,0.10841934747481913
8811aa62edfffff,2023,8,1,0,0.1085785838409056
8811aa62edfffff,2023,18,1,0,0.11236035571825684
8811aa6303fffff,2023,8,1,0,0.047922047563629666
8811aa6303fffff,2024,12,1,0,0.049434756314570165
8811aa6303fffff,2024,14,1,0,0.05019111069004042
8811aa6305fffff,2022,0,1,0,0.02889390277647357
8811aa6305fffff,2022,11,1,0,0.034841826679077315
8811aa6305fffff,2022,12,1,0,0.03316988156205036
8811aa6305fffff,2022,14,1,0,0.03597635824228269
8811aa6305fffff,2022,18,1,0,0.03800159756941371
8811aa6305fffff,2022,19,1,0,0.03786724418095831
8811aa6305fffff,2022,20,2,0,0.03824542136869344
8811aa6305fffff,2023,2,1,0,0.02994844775896057
8811aa6305fffff,2023,6,1,1,0.032950940740401696
8811aa6305fffff,2023,7,1,0,0.034866709656708385
8811aa6305fffff,2023,12,1,0,0.03316988156205036
8811aa6305fffff,2023,14,1,0,0.03751394997085425
8811aa6305fffff,2023,16,1,0,0.034682590312990855
8811aa6305fffff,2023,19,2,0,0.03863604004524409
8811aa6305fffff,2024,9,1,0,0.03408547230360707
8811aa6305fffff,2024,10,1,0,0.034463649491342195
8811aa6305fffff,2024,13,3,0,0.03547262852157911
8811aa6305fffff,2024,14,1,0,0.03508717006718681
8811aa6305fffff,2024,15,1,0,0.03446938742789591
8811aa6305fffff,2024,17,3,0,0.03704032870673301
8811aa6305fffff,2024,19,4,1,0.03735471360476779
8811aa6305fffff,2024,20,1,0,0.03824542136869344
8811aa6305fffff,2024,21,1,0,0.03673845055430666
8811aa6307fffff,2022,10,1,0,0.06323861366443174
8811aa6307fffff,2022,15,1,0,0.06154178556977373
8811aa6307fffff,2022,17,1,0,0.062298139945243976
8811aa6307fffff,2023,11,1,0,0.06170254152468996
8811aa6307fffff,2023,12,1,0,0.06296990688752095
8811aa6307fffff,2023,18,1,0,0.0626763171329791
8811aa6307fffff,2023,22,1,0,0.06491433826082123
8811aa6307fffff,2024,8,2,0,0.059044968895590536
8811aa6307fffff,2024,15,1,0,0.06359190787453581
8811aa6307fffff,2024,17,1,0,0.06588585397857762
8811aa6307fffff,2024,19,2,0,0.06440375724983309
8811aa6309fffff,2022,0,1,0,0.07631741166914426
8811aa6309fffff,2022,3,1,0,0.07745194323234963
8811aa6309fffff,2024,10,1,0,0.07881197492686977
8811aa6309fffff,2024,20,1,0,0.08194534325074532
8811aa630bfffff,2022,10,1,0,0.044507411896210436
8811aa630dfffff,2022,9,1,0,0.03133421342883955
8811aa630dfffff,2022,11,1,0,0.03004044549954771
8811aa630dfffff,2023,0,1,0,0.028192766206468125
8811aa630dfffff,2023,7,1,0,0.030577859053369297
8811aa630dfffff,2023,17,1,0,0.034359630930720544
8811aa630dfffff,2023,18,1,0,0.034737808118455664
8811aa630dfffff,2023,21,2,0,0.03484727852927999
8811aa630dfffff,2024,14,1,0,0.03117497706275308
8811aa630dfffff,2024,19,1,0,0.03306586300142871
8811aa630dfffff,2024,21,1,0,0.03638487025785155
8811aa6311fffff,2022,15,1,0,0.06449833807493242
8811aa6311fffff,2022,18,1,0,0.06563286963813779
8811aa6311fffff,2023,4,1,0,0.06060053647709076
8811aa6311fffff,2023,8,1,0,0.06185109776078656
8811aa6311fffff,2023,16,1,0,0.06487651526266755
8811aa6311fffff,2023,19,1,0,0.06754863855444447
8811aa6311fffff,2024,8,1,0,0.06185109776078656
8811aa6311fffff,2024,14,1,0,0.0641201608871973
8811aa6311fffff,2024,15,1,0,0.06261319007281053
8811aa6313fffff,2022,0,1,0,0.1053129555358447
8811aa6313fffff,2022,20,2,0,0.11350353999839836
8811aa6313fffff,2024,9,1,0,0.109343590933312
8811aa6313fffff,2024,14,1,0,0.11277206860055917
8811aa6313fffff,2024,19,1,0,0.1146629545392348
8811aa6315fffff,2022,19,1,0,0.10738456534136148
8811aa6315fffff,2023,1,1,0,0.10046286583046858
8811aa6315fffff,2023,10,1,0,0.1019308483469833
8811aa6315fffff,2023,20,1,0,0.10738608493019125
8811aa6315fffff,2024,12,1,0,0.10627491675578718
8811aa6315fffff,2024,19,1,0,0.10738456534136148
8811aa6317fffff,2023,6,1,0,0.018527386879508372
8811aa6317fffff,2023,11,1,0,0.022468395122946076
8811aa6317fffff,2023,17,1,0,0.02627504997792838
8811aa6317fffff,2023,19,1,0,0.025493812624827066
8811aa6317fffff,2024,1,1,0,0.017063622710717628
8811aa6317fffff,2024,17,1,0,0.02473745824935682
8811aa6317fffff,2024,21,1,0,0.02420004469553523
8811aa6317fffff,2024,22,1,0,0.028428083383848692
8811aa6319fffff,2022,7,1,0,0.057666700752091925
8811aa6319fffff,2022,20,1,0,0.06463312649741061
8811aa6319fffff,2024,16,1,0,0.0631204177464701
8811aa6319fffff,2024,20,1,0,0.06514565707360112
8811aa631bfffff,2022,20,1,0,0.05674762925571072
8811aa631dfffff,2023,15,1,0,0.060565079251787036
8811aa6321fffff,2022,7,2,0,0.01627443928859503
8811aa6321fffff,2022,11,1,0,0.018299678615726046
8811aa6321fffff,2022,14,1,0,0.01943421017893142
8811aa6321fffff,2022,15,1,0,0.019812387366666545
8811aa6321fffff,2022,18,1,0,0.019194987232126585
8811aa6321fffff,2022,20,1,0,0.021703273305342163
8811aa6321fffff,2023,10,1,1,0.017921501427990923
8811aa6321fffff,2023,12,2,0,0.01662773349869909
8811aa6321fffff,2023,16,1,0,0.018140442249639586
8811aa6321fffff,2024,9,1,0,0.0175433242402558
8811aa6321fffff,2024,12,1,0,0.01935536068229187
8811aa6321fffff,2024,16,1,1,0.020703095130592184
8811aa6321fffff,2024,18,1,0,0.020946918929871914
8811aa6321fffff,2024,19,1,0,0.02132509611760704
8811aa6321fffff,2024,22,1,0,0.022721775148057108
8811aa6323fffff,2022,6,1,0,0.01783293876235098
8811aa6323fffff,2022,7,1,0,0.01804614164744592
8811aa6323fffff,2022,9,1,0,0.020852618327678252
8811aa6323fffff,2022,11,1,0,0.019558850398386417
8811aa6323fffff,2022,15,1,0,0.023121681454088994
8811aa6323fffff,2022,17,1,0,0.023878035829559243
8811aa6323fffff,2022,19,2,0,0.02463439020502949
8811aa6323fffff,2022,20,1,0,0.026550159121336174
8811aa6323fffff,2022,23,1,0,0.026409246423214683
8811aa6323fffff,2023,8,1,0,0.018589293137821223
8811aa6323fffff,2023,16,1,0,0.023499858641824117
8811aa6323fffff,2023,17,4,0,0.023271340853642384
8811aa6323fffff,2023,18,1,0,0.024256213017294366
8811aa6323fffff,2023,21,1,0,0.023340622275737653
8811aa6323fffff,2024,9,1,0,0.01880249602291617
8811aa6323fffff,2024,10,3,0,0.021159348859022115
8811aa6323fffff,2024,11,2,0,0.021352707415053237
8811aa6323fffff,2024,14,2,0,0.02069338196159179
8811aa6323fffff,2024,16,1,0,0.021449736337062035
8811aa6323fffff,2024,21,1,0,0.02539074458049974
8811aa6325fffff,2022,5,1,0,0.0018908859386756198
8811aa6325fffff,2022,7,1,0,0.0023850928469011713
8811aa6325fffff,2022,9,1,0,0.0037898507758471005
8811aa6325fffff,2022,12,1,0,0.004440953088216969
8811aa6325fffff,2022,13,2,0,0.005935482413788215
8811aa6325fffff,2022,18,1,0,0.006545041911987535
8811aa6325fffff,2022,22,1,0,0.008319898130172726
8811aa6325fffff,2023,9,2,0,0.0034555168285199753
8811aa6325fffff,2023,14,1,0,0.00549549807070397
8811aa6325fffff,2023,17,1,0,0.008216987029014492
8811aa6325fffff,2023,18,1,0,0.008595164216749615
8811aa6325fffff,2023,21,1,0,0.009729695779954986
8811aa6325fffff,2024,10,1,0,0.004168027963582225
8811aa6325fffff,2024,11,1,0,0.005058735727507868
8811aa6325fffff,2024,13,3,0,0.00544751294332606
8811aa6325fffff,2024,19,1,0,0.007088193402362838
8811aa6325fffff,2024,21,2,0,0.008357078354023606
8811aa6325fffff,2024,22,1,0,0.008319898130172726
8811aa6325fffff,2024,23,1,1,0.010157200054590802
8811aa6327fffff,2022,11,1,0,0.08332911094378635
8811aa6327fffff,2023,9,1,0,0.08227456596129937
8811aa6327fffff,2023,16,1,0,0.08492180627544522
8811aa6327fffff,2024,18,1,0,0.08772828295567756
8811aa6329fffff,2022,2,1,0,0.09936973104818722
8811aa6329fffff,2022,7,1,0,0.10070027891260139
8811aa6329fffff,2022,11,1,0,0.10105205353387568
8811aa6329fffff,2023,4,1,0,0.09883193498961468
8811aa6329fffff,2023,5,1,0,0.0992101121773498
8811aa6329fffff,2023,8,1,0,0.09991752197067032
8811aa6329fffff,2023,11,1,0,0.10221298766354188
8811aa6329fffff,2023,13,1,0,0.103858530214108
8811aa6329fffff,2023,17,1,0,0.10332111666028643
8811aa6329fffff,2023,18,1,0,0.10728700788135519
8811aa6329fffff,2023,19,1,0,0.10612759334051876
8811aa6329fffff,2023,21,1,0,0.10739647829217952
8811aa6329fffff,2024,1,1,0,0.09769740342640931
8811aa6329fffff,2024,6,1,0,0.09945935820221681
8811aa6329fffff,2024,17,1,0,0.10332111666028643
8811aa6329fffff,2024,23,1,0,0.10585232725394186
8811aa632bfffff,2022,9,1,0,0.03409945448171185
8811aa632bfffff,2022,10,1,0,0.03652775397420906
8811aa632bfffff,2022,11,1,0,0.0348558088571821
8811aa632bfffff,2022,12,1,0,0.03523398604491722
8811aa632bfffff,2022,14,1,0,0.03615531472302765
8811aa632bfffff,2023,8,1,0,0.03577139959873881
8811aa632bfffff,2023,10,2,0,0.03550269282182801
8811aa632bfffff,2023,17,1,0,0.03917499428835492
8811aa632bfffff,2024,17,1,0,0.03917499428835492
8811aa632bfffff,2024,19,1,0,0.03788122635906309
8811aa632bfffff,2024,21,1,0,0.04120023361548594
8811aa632dfffff,2022,2,1,0,0.008021122468987122
8811aa632dfffff,2022,8,1,0,0.01361575216148681
8811aa632dfffff,2022,10,1,0,0.012669540505745319
8811aa632dfffff,2022,17,1,0,0.013266658515129105
8811aa632dfffff,2022,19,2,0,0.015130561194300483
8811aa632dfffff,2022,21,2,0,0.01486185441738969
8811aa632dfffff,2023,8,2,0,0.01165692084217981
8811aa632dfffff,2023,10,1,0,0.01229288290683996
8811aa632dfffff,2023,11,1,0,0.01356024826967096
8811aa632dfffff,2023,12,1,0,0.014963486609787125
8811aa632dfffff,2023,15,2,0,0.014560426444420939
8811aa632dfffff,2023,16,4,0,0.01425229491919037
8811aa632dfffff,2023,17,1,0,0.013266658515129105
8811aa632dfffff,2023,18,1,0,0.015694958007626308
8811aa632dfffff,2023,19,1,0,0.016073135195361434
8811aa632dfffff,2023,20,1,0,0.014401190078334477
8811aa632dfffff,2023,21,1,0,0.014779367266069598
8811aa632dfffff,2024,9,1,0,0.012291363318010194
8811aa632dfffff,2024,11,1,0,0.010997595388718362
8811aa632dfffff,2024,13,1,0,0.01431660264514121
8811aa632dfffff,2024,14,2,0,0.014438514544781074
8811aa632dfffff,2024,15,1,0,0.014560426444420939
8811aa632dfffff,2024,16,1,0,0.01493860363215606
8811aa632dfffff,2024,17,1,0,0.015316780819891185
8811aa632dfffff,2024,18,4,0,0.015223671007095832
8811aa632dfffff,2024,20,1,0,0.014401190078334477
8811aa6331fffff,2022,11,3,0,0.005867662362063681
8811aa6331fffff,2022,12,1,0,0.007863692818910431
8811aa6331fffff,2022,14,4,1,0.006995566397421534
8811aa6331fffff,2022,16,2,0,0.007045331143726793
8811aa6331fffff,2022,17,1,0,0.009754578757586051
8811aa6331fffff,2022,18,1,0,0.006680914889272696
8811aa6331fffff,2022,19,3,0,0.009485871980675261
8811aa6331fffff,2023,10,1,0,0.005569746714868625
8811aa6331fffff,2023,11,1,0,0.004062775900481846
8811aa6331fffff,2023,12,2,0,0.007094896954624652
8811aa6331fffff,2023,14,1,0,0.007082455465809119
8811aa6331fffff,2023,15,1,0,0.009134097359400965
8811aa6331fffff,2023,16,1,0,0.007838809841279366
8811aa6331fffff,2023,17,2,0,0.007191925876633452
8811aa6331fffff,2023,18,1,0,0.008595164216749615
8811aa6331fffff,2023,19,2,0,0.00922960669258
8811aa6331fffff,2024,11,2,0,0.004922862750222707
8811aa6331fffff,2024,12,1,0,0.004275978785576791
8811aa6331fffff,2024,13,1,0,0.006704278278073995
8811aa6331fffff,2024,15,1,0,0.007460632653544245
8811aa6331fffff,2024,16,1,0,0.007462152242374008
8811aa6331fffff,2024,18,2,0,0.008595164216749615
8811aa6331fffff,2024,20,1,0,0.0074663705900979635
8811aa6333fffff,2022,1,1,0,0.002428299492497205
8811aa6333fffff,2022,14,2,0,0.006057394313428079
8811aa6333fffff,2022,15,1,0,0.007460632653544245
8811aa6333fffff,2022,18,1,0,0.008595164216749615
8811aa6333fffff,2022,19,1,0,0.0105109331330563
8811aa6333fffff,2022,20,1,0,0.009351518592219863
8811aa6333fffff,2023,9,1,0,0.0057041001033240205
8811aa6333fffff,2023,13,1,0,0.0070024688850907485
8811aa6333fffff,2023,16,1,0,0.007838809841279366
8811aa6333fffff,2023,18,1,0,0.006545041911987535
8811aa6333fffff,2023,19,1,0,0.0105109331330563
8811aa6333fffff,2024,7,1,0,0.005972806880234812
8811aa6333fffff,2024,9,1,0,0.005327442504418662
8811aa6333fffff,2024,10,2,1,0.005569746714868625
8811aa6333fffff,2024,16,1,1,0.007838809841279366
8811aa6335fffff,2022,9,1,1,0.05317984900969465
8811aa6335fffff,2022,13,1,0,0.05482843073792031
8811aa6335fffff,2022,17,1,0,0.05825538881633773
8811aa6335fffff,2022,21,1,0,0.05976809756727822
8811aa6335fffff,2023,9,1,0,0.05334482331233483
8811aa6335fffff,2023,10,1,0,0.05560814850219186
8811aa6335fffff,2023,14,1,0,0.057633387829322875
8811aa6335fffff,2024,10,1,0,0.05560814850219186
8811aa6335fffff,2024,11,2,0,0.0564988562661175
8811aa6335fffff,2024,18,2,0,0.05786477013978707
8811aa6337fffff,2022,17,1,0,0.1442229743157258
8811aa6337fffff,2022,18,1,0,0.14460115150346092
8811aa6337fffff,2022,19,1,0,0.14497932869119606
8811aa6337fffff,2023,15,1,0,0.1414164976354935
8811aa6337fffff,2023,17,1,0,0.1442229743157258
8811aa6337fffff,2024,18,1,0,0.14460115150346092
8811aa6339fffff,2022,8,1,0,0.05752027772691693
8811aa6339fffff,2022,9,1,0,0.05584833260988998
8811aa6339fffff,2022,14,1,0,0.05978934085332768
8811aa6339fffff,2022,15,1,1,0.058117395736300724
8811aa6339fffff,2022,19,1,0,0.0616802267920033
8811aa6339fffff,2023,13,1,0,0.05992369424178308
8811aa6339fffff,2023,17,2,1,0.059898811264152016
8811aa6339fffff,2024,13,1,0,0.05736104136083047
8811aa633bfffff,2022,10,1,0,0.026272530171916858
8811aa633bfffff,2022,12,1,0,0.024978762242625026
8811aa633bfffff,2022,13,5,0,0.02709954338940792
8811aa633bfffff,2022,15,2,0,0.027138354958211437
8811aa633bfffff,2022,16,1,0,0.030079185026899165
8811aa633bfffff,2022,17,1,0,0.030457362214634288
8811aa633bfffff,2022,18,1,0,0.02929794767379785
8811aa633bfffff,2022,19,3,0,0.02967612486153297
8811aa633bfffff,2023,6,1,1,0.024759821420976363
8811aa633bfffff,2023,8,1,0,0.02581436640346336
8811aa633bfffff,2023,9,1,0,0.025894352984181735
8811aa633bfffff,2023,14,1,0,0.027785238922857353
8811aa633bfffff,2023,15,1,0,0.026113293805830398
8811aa633bfffff,2023,16,1,0,0.02649147099356552
8811aa633bfffff,2023,17,3,0,0.02891977048606273
8811aa633bfffff,2023,21,1,0,0.028518229909526304
8811aa633bfffff,2024,13,1,0,0.02791959231131275
8811aa633bfffff,2024,14,2,0,0.027098930209891667
8811aa633bfffff,2024,15,1,1,0.026113293805830398
8811aa633bfffff,2024,17,2,0,0.027894709333681687
8811aa633bfffff,2024,18,1,0,0.02929794767379785
8811aa633bfffff,2024,20,1,0,0.030566832625458618
8811aa633dfffff,2022,14,1,0,0.0775117293070686
8811aa633dfffff,2023,6,1,0,0.07297782140197105
8811aa633dfffff,2023,8,1,0,0.07356920147480112
8811aa633dfffff,2023,11,1,0,0.07726638591895908
8811aa633dfffff,2023,13,1,0,0.07751020971823883
8811aa633dfffff,2023,16,1,0,0.07659461897668211
8811aa633dfffff,2023,17,1,0,0.07902291846917932
8811aa633dfffff,2024,6,1,0,0.07486296940409295
8811aa633dfffff,2024,7,1,0,0.07486448899292272
8811aa633dfffff,2024,17,1,0,0.07713777046705743
8811aa633dfffff,2024,18,2,0,0.0783760345045334
8811aa633dfffff,2024,19,1,0,0.0794026152457442
8811aa633dfffff,2024,20,2,0,0.07818981487894269
8811aa6341fffff,2022,14,1,0,0.0842067592924483
8811aa6341fffff,2022,16,2,0,0.08512808797055872
8811aa6341fffff,2022,19,3,0,0.08740353277732858
8811aa6341fffff,2023,18,1,0,0.08588444234602897
8811aa6341fffff,2023,21,1,0,0.08701897390923434
8811aa6341fffff,2024,2,1,0,0.08009575480951169
8811aa6341fffff,2024,7,1,0,0.0836096412830645
8811aa6341fffff,2024,14,1,0,0.08437173359508847
8811aa6341fffff,2024,18,1,0,0.08776959034815088
8811aa6341fffff,2024,19,1,0,0.08814776753588599
8811aa6343fffff,2023,16,1,0,0.10383231384152163
8811aa6345fffff,2022,10,1,0,0.03823055146842475
8811aa6345fffff,2022,12,1,1,0.03539919181056136
8811aa6345fffff,2022,14,1,0,0.036320520488671786
8811aa6345fffff,2022,21,1,0,0.04085290880493955
8811aa6345fffff,2022,22,1,0,0.04090223589184025
8811aa6345fffff,2023,2,1,0,0.03187956740045481
8811aa6345fffff,2023,8,1,0,0.035559947765477586
8811aa6345fffff,2023,14,1,0,0.03661871109568854
8811aa6345fffff,2023,15,1,0,0.03669869767640691
8811aa6345fffff,2023,17,1,0,0.040877791782570616
8811aa6345fffff,2023,19,1,0,0.03804643212470723
8811aa6345fffff,2023,20,1,0,0.040474731617204426
8811aa6345fffff,2023,23,2,0,0.03990377549421251
8811aa6345fffff,2024,6,1,0,0.03671784271748425
8811aa6345fffff,2024,9,1,0,0.034264660247355985
8811aa6345fffff,2024,11,1,0,0.03518598892546641
8811aa6345fffff,2024,18,2,1,0.03877580324067323
8811aa6345fffff,2024,20,1,0,0.03858958361508253
8811aa6345fffff,2024,22,2,0,0.040873532899141966
8811aa6347fffff,2022,13,1,0,0.08204433363180011
8811aa6347fffff,2022,20,1,0,0.08485654824858616
8811aa6347fffff,2023,1,1,0,0.0779333291488635
8811aa6347fffff,2023,4,1,0,0.08057635111528541
8811aa6347fffff,2023,5,1,0,0.0792810635971638
8811aa6347fffff,2023,11,1,0,0.08128797925632987
8811aa6347fffff,2023,17,1,0,0.08355704238274062
8811aa6347fffff,2023,18,1,0,0.08410019387311592
8811aa6347fffff,2023,22,1,0,0.08571007578866091
8811aa6347fffff,2024,16,1,0,0.08485232990086221
8811aa6349fffff,2022,18,1,0,0.03516541865427062
8811aa6349fffff,2023,20,1,0,0.03592177302974087
8811aa6349fffff,2024,9,1,0,0.03176182396465451
8811aa6349fffff,2024,13,1,0,0.03122441041083292
8811aa6349fffff,2024,17,1,0,0.0329020934644136
8811aa634bfffff,2022,0,1,0,0.0316016094302715
8811aa634bfffff,2022,9,1,0,0.03662820465476483
8811aa634bfffff,2022,12,1,0,0.038060926824986956
8811aa634bfffff,2022,13,1,0,0.036090791100943244
8811aa634bfffff,2022,17,1,0,0.03965362215664582
8811aa634bfffff,2022,18,1,0,0.04003179934438094
8811aa634bfffff,2022,23,1,1,0.042184832750301264
8811aa634bfffff,2023,0,1,0,0.0316016094302715
8811aa634bfffff,2023,11,1,0,0.035334436725473
8811aa634bfffff,2023,16,1,0,0.0392754449689107
8811aa634bfffff,2023,17,2,0,0.03768598700320383
8811aa634bfffff,2023,18,2,0,0.03926300348009516
8811aa634bfffff,2023,19,1,0,0.040409976532116074
8811aa634bfffff,2023,20,1,0,0.038738031415089115
8811aa634bfffff,2023,22,1,0,0.04180665556256614
8811aa634bfffff,2023,23,1,0,0.04013471044553918
8811aa634bfffff,2024,1,1,1,0.03386493462012854
8811aa634bfffff,2024,9,1,0,0.03522648590347843
8811aa634bfffff,2024,10,2,0,0.03598132069011892
8811aa634bfffff,2024,11,1,0,0.03768274963725183
8811aa634bfffff,2024,13,2,0,0.036255765403583426
8811aa634bfffff,2024,15,1,0,0.038897267781175575
8811aa634bfffff,2024,16,1,0,0.037225322664148616
8811aa634bfffff,2024,17,2,0,0.038952762781002626
8811aa634bfffff,2024,18,1,0,0.039655141745475596
8811aa634bfffff,2024,19,2,0,0.03844234137867408
8811aa634bfffff,2024,20,2,0,0.040019357855565416
8811aa634bfffff,2024,22,2,0,0.040864081561505186
8811aa634dfffff,2022,4,1,0,0.05694573807020743
8811aa634dfffff,2022,5,1,0,0.05581542485472601
8811aa634dfffff,2022,8,1,0,0.056985999557703435
8811aa634dfffff,2022,12,2,0,0.05835974517572484
8811aa634dfffff,2022,13,1,0,0.06200143462005577
8811aa634dfffff,2022,15,1,0,0.061220197266954456
8811aa634dfffff,2022,17,1,0,0.0600914036403028
8811aa634dfffff,2022,18,1,0,0.06030460652539774
8811aa634dfffff,2022,22,1,0,0.06207946274358294
8811aa634dfffff,2022,23,2,0,0.06262261423395823
8811aa634dfffff,2023,0,1,0,0.05580968691817229
8811aa634dfffff,2023,9,2,0,0.05698349898710171
8811aa634dfffff,2023,12,2,0,0.05811803055030709
8811aa634dfffff,2023,13,1,0,0.058413720586722125
8811aa634dfffff,2023,19,2,0,0.06083187901664125
8811aa634dfffff,2023,20,1,0,0.061060960900867996
8811aa634dfffff,2023,22,1,0,0.06412958504834501
8811aa634dfffff,2023,23,1,0,0.06364767538633927
8811aa634dfffff,2024,11,1,0,0.0593308309171086
8811aa634dfffff,2024,13,1,0,0.05887688549637906
8811aa634dfffff,2024,16,2,0,0.059872453926665334
8811aa634dfffff,2024,18,2,0,0.06158593296587404
8811aa634dfffff,2024,19,1,0,0.06068278371313287
8811aa634dfffff,2024,22,1,0,0.06207946274358294
8811aa6351fffff,2022,18,1,0,0.02148205925766637
8811aa6351fffff,2022,19,1,0,0.021860236445401488
8811aa6351fffff,2022,23,1,0,0.023635092663586682
8811aa6351fffff,2023,14,1,0,0.01791922820196379
8811aa6351fffff,2023,18,1,0,0.020969528681475846
8811aa6351fffff,2023,22,1,0,0.021206793171089477
8811aa6351fffff,2023,23,1,0,0.023635092663586682
8811aa6351fffff,2024,3,1,0,0.014669830157597805
8811aa6351fffff,2024,7,1,0,0.017322110192580002
8811aa6351fffff,2024,8,3,0,0.016675226227934086
8811aa6351fffff,2024,10,1,0,0.016406519451023296
8811aa6351fffff,2024,12,1,0,0.019511186738272377
8811aa6351fffff,2024,16,3,0,0.020725704882196116
8811aa6351fffff,2024,20,2,0,0.02155210492017092
8811aa6353fffff,2023,10,1,0,0.09487412828215233
8811aa6353fffff,2023,17,1,0,0.09671064741309093
8811aa6353fffff,2024,10,1,0,0.09406340709894506
8811aa6355fffff,2022,16,1,0,0.10703436418967387
8811aa6357fffff,2022,12,1,0,0.10720795755335394
8811aa6357fffff,2022,14,1,0,0.10812928623146437
8811aa6357fffff,2022,15,1,0,0.10804429850954256
8811aa6357fffff,2023,21,1,0,0.11390107566928695
8811aa6357fffff,2024,17,1,0,0.11085077518977489
8811aa6359fffff,2022,2,1,0,0.017153581331348762
8811aa6359fffff,2022,13,1,0,0.021051382929190433
8811aa6359fffff,2022,16,1,0,0.022185914492395802
8811aa6359fffff,2022,18,1,0,0.02089214656310397
8811aa6359fffff,2023,13,1,0,0.021051382929190433
8811aa6359fffff,2023,15,1,0,0.02180773730466068
8811aa6359fffff,2023,16,1,0,0.020135792187633724
8811aa6359fffff,2023,17,2,0,0.02186323230448773
8811aa6359fffff,2023,18,1,0,0.02294226886786605
8811aa6359fffff,2023,20,3,0,0.023186092667145778
8811aa6359fffff,2024,0,1,0,0.014347104651116436
8811aa6359fffff,2024,9,2,0,0.017571039024807947
8811aa6359fffff,2024,10,2,0,0.019916851365985058
8811aa6359fffff,2024,12,2,0,0.02074114223009789
8811aa6359fffff,2024,13,1,0,0.021051382929190433
8811aa6359fffff,2024,14,1,0,0.021942090693116076
8811aa6359fffff,2024,16,1,0,0.022185914492395802
8811aa6359fffff,2024,17,1,0,0.020513969375368847
8811aa6359fffff,2024,19,3,0,0.023024049997235882
8811aa635bfffff,2022,14,1,0,0.06731684709966253
8811aa635bfffff,2022,17,1,0,0.06640125635810581
8811aa635bfffff,2022,23,1,0,0.07098258925652334
8811aa635bfffff,2023,7,1,0,0.06466960678551666
8811aa635bfffff,2023,17,1,0,0.06845137866286789
8811aa635bfffff,2023,18,1,0,0.06882955585060302
8811aa635bfffff,2024,8,1,0,0.06299766166848972
8811aa635bfffff,2024,11,1,0,0.06618231553645715
8811aa635bfffff,2024,12,1,0,0.0670730233003828
8811aa635bfffff,2024,17,1,0,0.06861635296550808
8811aa635bfffff,2024,19,1,0,0.06920773303833815
8811aa635bfffff,2024,20,1,0,0.0700984408022638
8811aa635bfffff,2024,22,1,0,0.07060441206878822
8811aa635dfffff,2022,12,1,0,0.021862671306238347
8811aa635dfffff,2022,13,1,0,0.022240848493973474
8811aa635dfffff,2022,14,1,0,0.022106495105518077
8811aa635dfffff,2022,15,2,0,0.02325346815753898
8811aa635dfffff,2022,20,1,0,0.02437555823192882
8811aa635dfffff,2023,8,1,0,0.01778730967434525
8811aa635dfffff,2023,14,1,0,0.022106495105518077
8811aa635dfffff,2023,16,1,0,0.02081272717622624
8811aa635dfffff,2023,17,2,0,0.02221596551634241
8811aa635dfffff,2024,0,1,0,0.015672443193184643
8811aa635dfffff,2024,9,1,0,0.02021560916684246
8811aa635dfffff,2024,10,2,0,0.020593786354577582
8811aa635dfffff,2024,13,1,0,0.022240848493973474
8811aa635dfffff,2024,16,1,0,0.022862849480988323
8811aa635dfffff,2024,17,1,0,0.021190904363961368
8811aa635dfffff,2024,19,1,0,0.023997381044193695
8811aa635dfffff,2024,21,1,0,0.024753735419663945
8811aa635dfffff,2024,22,2,0,0.02565032536273902
8811aa6361fffff,2022,8,1,0,0.11110521138259621
8811aa6361fffff,2022,12,1,0,0.1107327721314148
8811aa6361fffff,2022,14,2,0,0.11414307037329273
8811aa6361fffff,2022,18,2,0,0.11495491974859004
8811aa6361fffff,2022,20,1,0,0.11564333763541769
8811aa6361fffff,2023,15,1,0,0.11170232939198
8811aa6361fffff,2023,17,2,0,0.11356623207115138
8811aa6361fffff,2024,17,1,0,0.11450880607221232
8811aa6361fffff,2024,18,1,0,0.11488698325994745
8811aa6361fffff,2024,20,1,0,0.1137581896332958
8811aa6363fffff,2022,1,1,0,0.013249094405028247
8811aa6363fffff,2022,6,1,0,0.016171983310501948
8811aa6363fffff,2022,10,1,0,0.018788220205712084
8811aa6363fffff,2022,12,2,0,0.01815607815611915
8811aa6363fffff,2022,14,2,0,0.018333293803210592
8811aa6363fffff,2022,15,1,0,0.02170416729676875
8811aa6363fffff,2022,17,1,0,0.021435460519857955
8811aa6363fffff,2023,14,2,0,0.019019602516176282
8811aa6363fffff,2023,15,1,0,0.020166575568197186
8811aa6363fffff,2023,16,2,0,0.019602178754871358
8811aa6363fffff,2023,21,1,0,0.02154645051951205
8811aa6363fffff,2023,22,1,0,0.02307596334958775
8811aa6363fffff,2024,4,1,0,0.01589211637145016
8811aa6363fffff,2024,11,1,0,0.01916639739344721
8811aa6363fffff,2024,12,1,0,0.017146896002869914
8811aa6363fffff,2024,16,1,0,0.02054475275593231
8811aa6363fffff,2024,18,2,1,0.020276045979021516
8811aa6365fffff,2022,8,2,0,0.045553370244728754
8811aa6365fffff,2022,9,1,0,0.04593154743246389
8811aa6365fffff,2022,10,2,0,0.04528466346781797
8811aa6365fffff,2022,12,1,0,0.04706607899566925
8811aa6365fffff,2022,13,1,0,0.045394133878642294
8811aa6365fffff,2022,17,1,0,0.04895696493434488
8811aa6365fffff,2022,20,1,0,0.048041374192788165
8811aa6365fffff,2022,21,2,0,0.0502134083971901
8811aa6365fffff,2023,21,1,0,0.05046967368528536
8811aa6365fffff,2023,23,1,0,0.05059898735290443
8811aa6365fffff,2024,6,1,0,0.04274689356449642
8811aa6365fffff,2024,8,1,0,0.045553370244728754
8811aa6365fffff,2024,9,2,0,0.0451627515681781
8811aa6365fffff,2024,16,2,0,0.047702821897737085
8811aa6365fffff,2024,18,3,0,0.0490387460637147
8811aa6365fffff,2024,19,1,0,0.049713319309815124
8811aa6365fffff,2024,21,2,0,0.049444612532904324
8811aa6367fffff,2022,8,1,0,0.05494444603196318
8811aa6367fffff,2022,9,1,0,0.05532262321969831
8811aa6367fffff,2022,14,1,0,0.05751169976539068
8811aa6367fffff,2022,17,1,0,0.0583480407215793
8811aa6367fffff,2022,19,2,1,0.05910439509704955
8811aa6367fffff,2023,8,1,0,0.05494444603196318
8811aa6367fffff,2023,12,1,0,0.05645715478290368
8811aa6367fffff,2023,17,1,1,0.0583480407215793
8811aa6367fffff,2023,18,1,0,0.05872621790931442
8811aa6367fffff,2023,21,1,0,0.0598607494725198
8811aa6367fffff,2024,9,1,0,0.05532262321969831
8811aa6367fffff,2024,15,1,0,0.059129278074680616
8811aa6367fffff,2024,18,2,0,0.05770115675693338
8811aa6367fffff,2024,19,1,0,0.057054272792287475
8811aa6367fffff,2024,20,1,0,0.05948257228478467
8811aa6369fffff,2022,12,1,0,0.009982374072300937
8811aa6369fffff,2022,15,1,0,0.009579313906934749
8811aa6369fffff,2022,18,2,0,0.011482641334425898
8811aa6369fffff,2023,13,1,0,0.008822959531464501
8811aa6369fffff,2023,16,1,0,0.007907368789907792
8811aa6369fffff,2023,17,1,0,0.010335668282404996
8811aa6369fffff,2024,11,1,1,0.008066605155994251
8811aa6369fffff,2024,14,1,0,0.009201136719199622
8811aa6369fffff,2024,17,1,0,0.010471541259690157
8811aa6369fffff,2024,19,1,0,0.011092022657875244
8811aa636bfffff,2022,10,1,0,0.08605319395670126
8811aa636bfffff,2022,11,1,0,0.08823805215466968
8811aa636bfffff,2022,14,2,0,0.08865757201221108
8811aa636bfffff,2022,16,1,0,0.08931821691013801
8811aa636bfffff,2022,17,1,0,0.09058558227296903
8811aa636bfffff,2023,5,1,0,0.08544951663765137
8811aa636bfffff,2023,8,1,0,0.08529683958123101
8811aa636bfffff,2023,11,2,0,0.08649797929662467
8811aa636bfffff,2023,20,1,0,0.09134345623726904
8811aa636bfffff,2023,22,2,0,0.09171355452650828
8811aa636bfffff,2024,9,1,0,0.0858082330733427
8811aa636bfffff,2024,15,1,0,0.08777910559273669
8811aa636bfffff,2024,19,1,0,0.08945678864631737
8811aa636bfffff,2024,23,1,0,0.09106667056186238
8811aa636dfffff,2022,9,1,0,0.09274180492869126
8811aa636dfffff,2022,16,1,0,0.09487651466664662
8811aa636dfffff,2022,17,1,0,0.09525469185438175
8811aa636dfffff,2022,19,2,0,0.09396092392508991
8811aa636dfffff,2023,8,1,0,0.08980097486000353
8811aa636dfffff,2023,17,2,0,0.09508091371760657
8811aa636dfffff,2023,19,1,0,0.09652357680604251
8811aa636dfffff,2024,7,1,0,0.0914729199770305
8811aa636dfffff,2024,9,1,0,0.09222927435250075
8811aa636dfffff,2024,10,1,0,0.09311998211642639
8811aa636dfffff,2024,12,1,0,0.09131368361094404
8811aa636dfffff,2024,13,1,0,0.09374198310344124
8811aa636dfffff,2024,14,1,0,0.09425603326846152
8811aa636dfffff,2024,19,1,0,0.09601104622985199
8811aa6659fffff,2024,22,1,0,0.08359917232562777
8811aa6801fffff,2022,1,1,0,0.04536141792169173
8811aa6801fffff,2022,8,1,0,0.0496316587707148
8811aa6801fffff,2022,14,1,0,0.04985059959236346
8811aa6801fffff,2022,17,1,0,0.05098513115556884
8811aa6801fffff,2022,19,1,0,0.054304138411991686
8811aa6801fffff,2022,22,2,0,0.054999958066798554
8811aa6801fffff,2022,23,1,0,0.05556646405398635
8811aa6801fffff,2023,8,1,0,0.0496316587707148
8811aa6801fffff,2023,16,4,0,0.051119484544024235
8811aa6801fffff,2023,17,1,0,0.053035253460330924
8811aa6801fffff,2023,18,2,0,0.05341343064806604
8811aa6801fffff,2023,19,2,0,0.052766546683420124
8811aa6801fffff,2023,21,1,1,0.05454796221127141
8811aa6801fffff,2024,11,1,0,0.05076619033392017
8811aa6801fffff,2024,12,1,0,0.04909424521689322
8811aa6801fffff,2024,14,1,0,0.05001557389500364
8811aa6801fffff,2024,15,2,0,0.05234683557350325
8811aa6801fffff,2024,17,1,0,0.05098513115556884
8811aa6801fffff,2024,19,1,0,0.051906459833679267
8811aa6801fffff,2024,21,1,0,0.05454796221127141
8811aa6801fffff,2024,22,1,0,0.053138164561489155
8811aa6803fffff,2022,16,1,0,0.043685866955604016
8811aa6803fffff,2023,10,1,0,0.041416803829193265
8811aa6803fffff,2023,22,1,0,0.04621707754925945
8811aa6803fffff,2024,11,1,0,0.0417949810169284
8811aa6805fffff,2022,0,1,0,0.027902230045564542
8811aa6805fffff,2022,8,1,0,0.03271562238496292
8811aa6805fffff,2022,9,1,0,0.03104367726793596
8811aa6805fffff,2022,11,1,0,0.03385015394816829
8811aa6805fffff,2022,12,1,0,0.03422833113590342
8811aa6805fffff,2022,14,3,0,0.0351555290367705
8811aa6805fffff,2022,15,1,0,0.035362862699108794
8811aa6805fffff,2022,18,1,0,0.037009924838504675
8811aa6805fffff,2022,19,1,0,0.034961322122572365
8811aa6805fffff,2022,20,1,0,0.03520362633302233
8811aa6805fffff,2022,21,1,0,0.035581803520757446
8811aa6805fffff,2023,3,1,0,0.030710226314626637
8811aa6805fffff,2023,8,1,0,0.030665500080200837
8811aa6805fffff,2023,11,1,0,0.03385015394816829
8811aa6805fffff,2023,13,1,0,0.03525491187711422
8811aa6805fffff,2023,14,1,0,0.03293456320661158
8811aa6805fffff,2023,16,1,0,0.03369091758208183
8811aa6805fffff,2023,17,2,1,0.035094155922198
8811aa6805fffff,2023,18,2,0,0.03649739426231416
8811aa6805fffff,2023,19,1,0,0.0348254491452872
8811aa6805fffff,2024,1,1,0,0.028416280210584826
8811aa6805fffff,2024,7,1,0,0.03028732289246571
8811aa6805fffff,2024,8,1,0,0.030665500080200837
8811aa6805fffff,2024,12,1,0,0.03217820883114133
8811aa6805fffff,2024,16,1,0,0.03574103988684391
8811aa6805fffff,2024,18,1,0,0.03444727195755208
8811aa6805fffff,2024,19,1,0,0.0348254491452872
8811aa6805fffff,2024,20,1,0,0.037253748637784405
8811aa6805fffff,2024,21,1,0,0.035581803520757446
8811aa6805fffff,2024,22,1,0,0.038272250480499356
8811aa6807fffff,2022,20,1,0,0.037593746021687136
8811aa6809fffff,2022,9,1,0,0.08645431559174378
8811aa6809fffff,2022,23,1,0,0.09184596938464003
8811aa6809fffff,2023,13,1,0,0.08780205004004409
8811aa6809fffff,2023,18,1,0,0.0922555888596723
8811aa6809fffff,2024,8,1,0,0.08847381698232107
8811aa6809fffff,2024,15,1,0,0.09214611844884797
8811aa680bfffff,2022,5,1,0,0.023135972583166606
8811aa680bfffff,2022,15,3,0,0.02853487577263839
8811aa680bfffff,2022,16,1,0,0.029083896485770352
8811aa680bfffff,2022,17,2,0,0.028693277809219698
8811aa680bfffff,2022,18,1,0,0.027955102859118702
8811aa680bfffff,2023,13,1,0,0.027949364922564984
8811aa680bfffff,2023,15,1,0,0.02870571929803523
8811aa680bfffff,2023,20,1,0,0.02854648293194877
8811aa680bfffff,2023,23,1,0,0.031616626668255564
8811aa680bfffff,2024,3,1,0,0.023540552337362564
8811aa680bfffff,2024,9,1,0,0.027974247900196047
8811aa680bfffff,2024,11,2,0,0.025481640681748
8811aa680bfffff,2024,13,2,0,0.027060176747469106
8811aa680dfffff,2022,7,1,0,0.002683283453917924
8811aa680dfffff,2022,8,2,0,0.003788331187017336
8811aa680dfffff,2022,10,1,0,0.005491279722980018
8811aa680dfffff,2022,21,1,0,0.010242226356145506
8811aa680dfffff,2023,9,2,0,0.004654356117676186
8811aa680dfffff,2023,16,2,0,0.006251852446174219
8811aa680dfffff,2023,17,1,0,0.006166864724252411
8811aa680dfffff,2023,19,1,0,0.0069232190997226585
8811aa680dfffff,2024,8,1,0,0.005325922915588897
8811aa680dfffff,2024,10,1,0,0.005705619692153786
8811aa680dfffff,2024,18,3,0,0.007966781549375648
8811aa680dfffff,2024,20,1,0,0.0074663705900979635
8811aa6811fffff,2022,6,1,0,0.017440067758804696
8811aa6811fffff,2022,8,1,0,0.01803144783163476
8811aa6811fffff,2022,11,1,0,0.019464170001856882
8811aa6811fffff,2022,21,1,0,0.024108685401857573
8811aa6811fffff,2023,3,1,0,0.016402709360203837
8811aa6811fffff,2023,6,1,0,0.019325215760926596
8811aa6811fffff,2023,8,2,0,0.01913899613533589
8811aa6811fffff,2023,9,1,0,0.018409625019369887
8811aa6811fffff,2023,12,1,0,0.019544156582575255
8811aa6811fffff,2023,13,1,0,0.019922333770310382
8811aa6811fffff,2023,15,1,0,0.024266402179114268
8811aa6811fffff,2023,16,1,0,0.02105686533351575
8811aa6811fffff,2023,18,1,0,0.022276384618642932
8811aa6811fffff,2024,9,2,0,0.018492112170689974
8811aa6811fffff,2024,12,1,0,0.02000732149223219
8811aa6811fffff,2024,13,1,0,0.02008730807295056
8811aa6811fffff,2024,15,1,0,0.02097687875279738
8811aa6811fffff,2024,16,1,0,0.02105686533351575
8811aa6811fffff,2024,21,1,0,0.024997873576953454
8811aa6813fffff,2022,0,1,0,0.024102435988030455
8811aa6813fffff,2022,8,1,0,0.025328114294095195
8811aa6813fffff,2022,15,1,0,0.02951294633681262
8811aa6813fffff,2022,21,1,0,0.028194295429889722
8811aa6813fffff,2022,22,1,0,0.02883462008486954
8811aa6813fffff,2023,8,1,0,0.025328114294095195
8811aa6813fffff,2023,12,1,0,0.02713901365205244
8811aa6813fffff,2023,16,1,0,0.028353531795976182
8811aa6813fffff,2024,7,1,0,0.02494993710636007
8811aa6813fffff,2024,17,1,0,0.02873170898371131
8811aa6813fffff,2024,20,1,0,0.0278161182421546
8811aa6815fffff,2024,7,1,1,0.01614411945834423
8811aa6817fffff,2022,0,1,0,0.018384814507550456
8811aa6817fffff,2022,13,1,0,0.021365505775005646
8811aa6817fffff,2022,18,1,0,0.023256391713681268
8811aa6817fffff,2022,22,1,0,0.02503124793186646
8811aa6817fffff,2023,15,1,0,0.02358098488715885
8811aa6817fffff,2024,22,1,0,0.02503124793186646
8811aa6819fffff,2022,2,1,0,0.03671268217026714
8811aa6819fffff,2022,8,1,0,0.03898868711109492
8811aa6819fffff,2022,10,1,0,0.042898691935596894
8811aa6819fffff,2022,12,1,0,0.04125736773275472
8811aa6819fffff,2022,17,1,0,0.0421231925190493
8811aa6819fffff,2022,19,1,0,0.04438803729773609
8811aa6819fffff,2022,23,1,1,0.046675424092111804
8811aa6819fffff,2023,11,1,0,0.03982502806728354
8811aa6819fffff,2023,16,1,0,0.041580041028674
8811aa6819fffff,2024,12,1,0,0.04023230658037368
8811aa6819fffff,2024,18,1,0,0.04438651770890633
8811aa681bfffff,2022,16,1,1,0.04969284411069687
8811aa681bfffff,2022,20,1,0,0.04834470937366801
8811aa681bfffff,2023,11,1,0,0.04699123698881398
8811aa681bfffff,2024,18,1,0,0.049638477302959845
8811aa681dfffff,2022,14,1,0,0.03158759601277217
8811aa681dfffff,2022,21,1,0,0.032184714022155954
8811aa681dfffff,2022,22,1,0,0.03282503867713578
8811aa681dfffff,2023,8,1,0,0.02726841058159934
8811aa681dfffff,2023,19,2,0,0.03245342079906675
8811aa681dfffff,2024,8,1,0,0.02726841058159934
8811aa681dfffff,2024,21,2,0,0.032184714022155954
8811aa6829fffff,2022,1,2,1,0.03376221754204184
8811aa6829fffff,2022,2,1,0,0.033695800642229025
8811aa6829fffff,2022,3,1,0,0.034372168436980904
8811aa6829fffff,2022,12,1,0,0.03621946522530954
8811aa6829fffff,2022,15,2,0,0.03923914479063682
8811aa6829fffff,2022,17,2,0,0.03852584392617808
8811aa6829fffff,2022,18,1,0,0.038488528351720286
8811aa6829fffff,2022,19,1,0,0.03870173123681523
8811aa6829fffff,2023,6,1,0,0.03424859270591555
8811aa6829fffff,2023,11,1,0,0.03567631373493424
8811aa6829fffff,2023,13,1,0,0.036432668110404486
8811aa6829fffff,2023,19,1,1,0.04075185354157731
8811aa6829fffff,2023,20,1,0,0.03907990842455036
8811aa6829fffff,2023,22,2,2,0.040247505570773674
8811aa6829fffff,2024,1,1,1,0.03229256230211286
8811aa6829fffff,2024,8,1,0,0.036591904476490945
8811aa6829fffff,2024,11,1,0,0.03567631373493424
8811aa6829fffff,2024,14,1,0,0.036810845298139605
8811aa6829fffff,2024,15,1,0,0.03718902248587474
8811aa6829fffff,2024,21,2,0,0.04018764798062695
8811aa6829fffff,2024,23,2,0,0.04150164860738146
8811aa6841fffff,2022,10,1,0,0.03937811072567769
8811aa6841fffff,2022,16,1,0,0.03959705154732635
8811aa6841fffff,2022,20,1,0,0.04315988260302893
8811aa6841fffff,2023,11,1,0,0.037871139911290916
8811aa6841fffff,2023,23,1,0,0.04455656163347899
8811aa6841fffff,2024,9,1,0,0.03694981123318049
8811aa6841fffff,2024,10,2,0,0.03749296272355579
8811aa6841fffff,2024,16,1,0,0.03959705154732635
8811aa6841fffff,2024,17,1,0,0.040111101712346636
8811aa6841fffff,2024,21,1,1,0.04353805979076405
8811aa6841fffff,2024,22,1,0,0.04417838444574387
8811aa6843fffff,2022,0,1,0,0.062074771704475326
8811aa6843fffff,2022,1,1,0,0.06231707591492529
8811aa6843fffff,2022,4,1,1,0.06388567106243256
8811aa6843fffff,2022,8,1,0,0.06675229106658853
8811aa6843fffff,2022,10,1,0,0.06592168804695363
8811aa6843fffff,2022,11,1,0,0.06788682262979391
8811aa6843fffff,2022,20,1,1,0.07129041731941002
8811aa6843fffff,2022,22,2,0,0.07032673334600545
8811aa6843fffff,2023,7,1,0,0.06462218218110807
8811aa6843fffff,2023,8,1,0,0.06637563346768317
8811aa6843fffff,2023,13,3,0,0.06725997357991158
8811aa6843fffff,2023,23,1,0,0.07093516465211476
8811aa6843fffff,2024,3,1,0,0.06423436442006172
8811aa6843fffff,2024,18,1,0,0.07207165467251132
8811aa6843fffff,2024,20,1,0,0.06940526931728812
8811aa6847fffff,2022,1,1,0,0.11788660125528597
8811aa6847fffff,2022,9,1,0,0.12035168068290551
8811aa6847fffff,2022,10,1,0,0.12102804847765737
8811aa6847fffff,2023,8,1,0,0.1198085291925302
8811aa6847fffff,2023,12,2,1,0.12213328746313226
8811aa6847fffff,2023,16,1,0,0.12432217275644916
8811aa6847fffff,2023,17,1,0,0.1233770981847865
8811aa6847fffff,2023,18,1,0,0.12375527537252162
8811aa6847fffff,2024,2,1,1,0.12014992644514298
8811aa6847fffff,2024,7,1,0,0.11959532630743525
8811aa6847fffff,2024,10,1,0,0.12056488356800045
8811aa6847fffff,2024,11,2,0,0.12125713036188412
8811aa6847fffff,2024,12,1,0,0.12418208143144004
8811aa6847fffff,2024,13,1,0,0.12186438943384599
8811aa6847fffff,2024,18,1,0,0.12359030106988143
8811aa6847fffff,2024,23,1,0,0.12620649938545866
8811aa6849fffff,2022,0,1,0,0.0071111230291632434
8811aa6849fffff,2022,1,1,0,0.0070261353072414365
8811aa6849fffff,2022,2,2,1,0.008472627302733387
8811aa6849fffff,2022,7,2,0,0.009496215876064416
8811aa6849fffff,2022,11,1,1,0.01259588202211006
8811aa6849fffff,2022,14,1,0,0.014242944161505951
8811aa6849fffff,2022,15,2,0,0.013315112075497982
8811aa6849fffff,2022,17,1,0,0.016402536877092366
8811aa6849fffff,2022,18,2,0,0.015243122336255929
8811aa6849fffff,2022,19,1,0,0.01562129952399105
8811aa6849fffff,2022,22,1,0,0.017017978554441118
8811aa6849fffff,2023,0,2,0,0.008847175727776768
8811aa6849fffff,2023,2,1,0,0.00740431249497656
8811aa6849fffff,2023,4,1,0,0.008325641173086989
8811aa6849fffff,2023,8,1,0,0.009576202456782788
8811aa6849fffff,2023,9,1,0,0.009954379644517912
8811aa6849fffff,2023,10,2,1,0.010316677833121232
8811aa6849fffff,2023,13,1,0,0.013352236397580307
8811aa6849fffff,2023,17,3,0,0.030070018908839573
8811aa6849fffff,2023,19,1,0,0.013571177219228972
8811aa6849fffff,2024,8,2,1,0.010436289306523648
8811aa6849fffff,2024,11,2,0,0.01071073401998816
8811aa6849fffff,2024,16,1,0,0.012899810565680531
8811aa684bfffff,2022,8,2,0,0.017775146711867237
8811aa684bfffff,2022,10,1,0,0.019854752846735275
8811aa684bfffff,2022,12,1,0,0.020312916615188772
8811aa684bfffff,2022,14,1,0,0.02106927099065902
8811aa684bfffff,2022,15,1,0,0.019533198850917227
8811aa684bfffff,2022,17,1,0,0.022203802553864393
8811aa684bfffff,2022,19,2,0,0.0219350957769536
8811aa684bfffff,2022,20,1,0,0.021288211812307684
8811aa684bfffff,2023,13,2,0,0.020691093802923898
8811aa684bfffff,2023,15,1,0,0.022985039906965706
8811aa684bfffff,2023,21,1,0,0.021666389000042807
8811aa684bfffff,2024,9,1,0,0.019314258029268564
8811aa684bfffff,2024,10,1,0,0.019556562239718526
8811aa684bfffff,2024,11,1,0,0.017884617122691567
8811aa684bfffff,2024,14,1,0,0.01901914868589694
8811aa684bfffff,2024,19,1,0,0.020910034624572558
8811aa684bfffff,2024,20,1,0,0.023338334117069762
8811aa6851fffff,2022,0,1,0,0.11453015221438198
8811aa6851fffff,2022,5,1,0,0.11625606385041742
8811aa6851fffff,2022,8,2,0,0.1172109350976982
8811aa6851fffff,2022,12,1,0,0.1186411566973186
8811aa6851fffff,2022,17,1,0,0.12190731673483418
8811aa6851fffff,2022,18,1,0,0.12228549392256931
8811aa6851fffff,2022,19,1,0,0.12266367111030443
8811aa6851fffff,2022,22,1,0,0.12384601017158074
8811aa6851fffff,2022,23,1,0,0.12425328868467088
8811aa6851fffff,2023,0,1,0,0.11574045201058178
8811aa6851fffff,2023,9,1,0,0.1188818992329532
8811aa6851fffff,2023,10,2,0,0.11773570701833998
8811aa6851fffff,2024,5,1,0,0.11711880737306687
8811aa6851fffff,2024,8,1,0,0.11747866089283704
8811aa6851fffff,2024,12,1,0,0.11950390021996805
8811aa6851fffff,2024,17,1,0,0.12023385202897748
8811aa6851fffff,2024,21,1,0,0.12204475138693471
8811aa6851fffff,2024,23,1,0,0.12293003692527307
8811aa6853fffff,2022,8,1,0,0.05501987375956448
8811aa6853fffff,2023,21,1,0,0.05993617720012109
8811aa6853fffff,2023,23,1,0,0.06095467904283603
8811aa6853fffff,2024,13,1,0,0.0550256116961182
8811aa6853fffff,2024,17,1,0,0.058423468449180595
8811aa6853fffff,2024,20,1,0,0.05955800001238597
8811aa6855fffff,2022,9,1,0,0.023777552428892762
8811aa6855fffff,2022,11,1,0,0.02658402910912509
8811aa6855fffff,2022,12,1,0,0.026962206296860212
8811aa6855fffff,2022,13,1,0,0.025290261179833254
8811aa6855fffff,2022,16,1,0,0.026424792743038626
8811aa6855fffff,2022,17,1,0,0.02696794423341393
8811aa6855fffff,2022,21,1,0,0.028315678681714244
8811aa6855fffff,2023,8,1,0,0.02369756584817439
8811aa6855fffff,2023,19,2,0,0.028584385458625038
8811aa6855fffff,2023,20,1,0,0.027937501493979125
8811aa6855fffff,2024,0,1,3,0.02063610520652134
8811aa6855fffff,2024,11,2,0,0.025558967956744047
8811aa6855fffff,2024,12,2,0,0.025937145144479173
8811aa6855fffff,2024,14,1,0,0.026316841921044064
8811aa6855fffff,2024,15,1,0,0.028096737860065585
8811aa6855fffff,2024,22,1,0,0.03100612564145615
8811aa6857fffff,2022,10,1,0,0.04872201177464327
8811aa6857fffff,2022,11,2,0,0.05191910713142625
8811aa6857fffff,2022,20,1,0,0.05455390595675658
8811aa6857fffff,2022,21,1,0,0.05288196083972963
8811aa6857fffff,2023,14,1,0,0.05023472052558376
8811aa6857fffff,2023,16,1,0,0.05266453960691073
8811aa6857fffff,2023,18,1,0,0.05174742927652426
8811aa6857fffff,2023,19,1,0,0.052125606464259386
8811aa6857fffff,2023,20,1,0,0.05455390595675658
8811aa6857fffff,2024,11,1,0,0.049100188962378395
8811aa6857fffff,2024,14,1,0,0.05190818523144049
8811aa6859fffff,2022,9,1,0,0.02168625549022463
8811aa6859fffff,2022,13,1,0,0.02071477835210113
8811aa6859fffff,2022,18,1,0,0.02277063859341693
8811aa6859fffff,2022,21,1,0,0.02732790988731576
8811aa6859fffff,2023,1,1,0,0.01811226427238106
8811aa6859fffff,2024,1,1,0,0.016603773869164517
8811aa6859fffff,2024,11,1,0,0.02252107685758348
8811aa685bfffff,2022,3,1,1,0.07409988287905511
8811aa685bfffff,2022,7,1,0,0.07300213125097206
8811aa685bfffff,2022,12,1,0,0.07489301718964769
8811aa685bfffff,2022,18,1,0,0.07716208031605844
8811aa685bfffff,2022,20,1,0,0.07791843469152869
8811aa685bfffff,2023,9,1,0,0.07405667623345907
8811aa685bfffff,2023,10,1,0,0.07413666281417745
8811aa685bfffff,2023,11,1,0,0.07467981430455276
8811aa685bfffff,2023,16,1,0,0.07657070024322836
8811aa685bfffff,2024,0,1,0,0.07229050310992761
8811aa685bfffff,2024,16,1,0,0.07657070024322836
8811aa685bfffff,2024,20,1,0,0.07821662529854544
8811aa685bfffff,2024,21,1,0,0.07859480248628056
8811aa685dfffff,2022,1,1,1,0.04321805122645697
8811aa685dfffff,2022,7,1,0,0.04304162827648437
8811aa685dfffff,2022,9,1,0,0.04568313065407652
8811aa685dfffff,2022,12,1,0,0.044767539912519805
8811aa685dfffff,2022,14,1,0,0.04671392974301127
8811aa685dfffff,2022,15,1,0,0.04606704577836536
8811aa685dfffff,2022,21,2,0,0.0713029470193519
8811aa685dfffff,2022,23,2,0,0.050257951252607694
8811aa685dfffff,2023,9,2,0,0.04480716480520386
8811aa685dfffff,2023,10,1,1,0.044523716113240075
8811aa685dfffff,2023,12,1,0,0.04490341288980497
8811aa685dfffff,2023,15,1,0,0.04636523638538211
8811aa685dfffff,2023,19,1,0,0.04757975452930586
8811aa685dfffff,2023,22,1,0,0.049836520409496786
8811aa685dfffff,2024,0,1,0,0.041652495256609225
8811aa685dfffff,2024,6,2,0,0.043417696290357514
8811aa685dfffff,2024,7,1,0,0.042876653973844187
8811aa685dfffff,2024,8,1,0,0.04325483116157931
8811aa685dfffff,2024,15,1,0,0.04606704577836536
8811aa685dfffff,2024,16,1,0,0.04833037096822238
8811aa685dfffff,2024,19,1,0,0.0479273108028562
8811aa685dfffff,2024,20,1,0,0.04984307971916288
8811aa685dfffff,2024,21,1,0,0.04817113460213592
8811aa685dfffff,2024,23,1,0,0.051161291757724346
8811aa6861fffff,2022,1,1,0,0.1661130884831305
8811aa6861fffff,2022,8,1,0,0.1684981813300317
8811aa6861fffff,2022,12,1,0,0.16880059028477237
8811aa6861fffff,2022,15,1,0,0.17114542164417754
8811aa6861fffff,2022,17,1,0,0.17022831131379107
8811aa6861fffff,2022,22,1,0,0.17486553060877538
8811aa6861fffff,2023,3,1,0,0.16686944285860073
8811aa6861fffff,2023,18,2,0,0.17193106859737828
8811aa6861fffff,2024,15,1,0,0.1709310816750038
8811aa6861fffff,2024,16,1,0,0.1701483247330727
8811aa6861fffff,2024,23,1,0,0.17322268681710346
8811aa6863fffff,2022,4,1,0,0.1130416236446402
8811aa6863fffff,2022,6,1,0,0.11337085625022557
8811aa6863fffff,2023,18,1,0,0.12047163538399965
8811aa6863fffff,2023,19,1,0,0.11828715969078218
8811aa6863fffff,2023,23,1,0,0.12006201590896738
8811aa6865fffff,2022,7,1,0,0.1747785582027094
8811aa6865fffff,2022,11,1,0,0.17645624125629006
8811aa6865fffff,2022,13,1,0,0.17909774363388226
8811aa6865fffff,2022,15,1,0,0.1782671406142473
8811aa6865fffff,2022,18,1,0,0.17893850726779578
8811aa6865fffff,2022,19,1,0,0.1793166844555309
8811aa6865fffff,2022,21,1,0,0.18174650353685784
8811aa6865fffff,2022,23,1,0,0.18155470558337303
8811aa6865fffff,2023,5,1,0,0.17428435129448386
8811aa6865fffff,2023,12,1,0,0.17713260905104194
8811aa6865fffff,2023,14,1,0,0.17759077281949545
8811aa6865fffff,2023,16,1,0,0.1783471271949657
8811aa6865fffff,2023,19,1,0,0.18077580919221384
8811aa6865fffff,2023,22,1,0,0.18087833778862114
8811aa6865fffff,2024,5,1,1,0.17544528542415005
8811aa6865fffff,2024,20,1,0,0.17985983594590618
8811aa6867fffff,2024,12,1,0,0.15945897956337962
8811aa686bfffff,2022,1,1,0,0.09099242369669083
8811aa686bfffff,2022,5,1,0,0.09129483265143155
8811aa686bfffff,2022,13,3,0,0.1104822911267352
8811aa686bfffff,2022,20,1,0,0.09773040415259475
8811aa686bfffff,2022,22,1,0,0.09755887054028847
8811aa686bfffff,2023,7,1,0,0.09149084895264034
8811aa686bfffff,2023,8,1,0,0.09183992481502046
8811aa686bfffff,2023,11,1,0,0.09300355770358085
8811aa686bfffff,2023,17,1,0,0.09510764652735142
8811aa686bfffff,2023,19,1,0,0.09791412320758373
8811aa686bfffff,2023,22,2,0,0.0980294757975575
8811aa686bfffff,2024,3,1,0,0.09007531336630437
8811aa686bfffff,2024,21,1,0,0.0966203552782919
8811aa6881fffff,2023,2,1,0,0.08714699823035754
8811aa6885fffff,2023,7,1,0,0.06779327909734677
8811aa6885fffff,2023,9,1,0,0.06854963347281702
8811aa6885fffff,2023,12,1,0,0.07173428734078446
8811aa6885fffff,2023,14,1,0,0.07073871001850938
8811aa6885fffff,2023,17,1,0,0.07157505097469802
8811aa6885fffff,2023,18,2,0,0.07195322816243313
8811aa6885fffff,2023,22,1,0,0.07372808438061831
8811aa6885fffff,2023,23,1,0,0.07577972627421017
8811aa6885fffff,2024,2,1,0,0.06783800533177257
8811aa6885fffff,2024,9,1,0,0.0705997557775791
8811aa6887fffff,2022,12,1,0,0.052672610791906174
8811aa688dfffff,2023,7,1,0,0.04583717746444955
8811aa688dfffff,2024,6,1,0,0.04545900027671442
8811aa68a1fffff,2022,13,1,0,0.057659885110613825
8811aa68a1fffff,2022,17,1,0,0.060710185590125886
8811aa68a1fffff,2022,20,1,0,0.060307125424759696
8811aa68a1fffff,2023,0,1,0,0.05146813740873035
8811aa68a1fffff,2023,19,1,0,0.05787882593226249
8811aa68a1fffff,2024,16,1,0,0.05674429436905712
8811aa68a1fffff,2024,21,1,0,0.06119783318868534
8811aa68a5fffff,2024,6,1,0,0.08358237371304159
8811aa68a9fffff,2022,1,1,0,0.04969466063500066
8811aa68a9fffff,2022,8,1,0,0.05536927690821872
8811aa68a9fffff,2022,10,1,0,0.05253791725035533
8811aa68a9fffff,2022,11,1,0,0.05308106874073063
8811aa68a9fffff,2022,16,2,0,0.05598113683265549
8811aa68a9fffff,2022,18,1,0,0.0576134570569984
8811aa68a9fffff,2022,19,2,0,0.05754704015718559
8811aa68a9fffff,2022,20,1,0,0.05631968912770657
8811aa68a9fffff,2022,23,1,0,0.05771636815815664
8811aa68a9fffff,2023,8,1,0,0.05194653717752526
8811aa68a9fffff,2023,11,1,0,0.05291609443809046
8811aa68a9fffff,2023,15,1,0,0.05459377749167113
8811aa68a9fffff,2023,16,1,0,0.05736963325771867
8811aa68a9fffff,2023,17,1,0,0.055350131867141376
8811aa68a9fffff,2024,11,1,0,0.05291609443809046
8811aa68a9fffff,2024,12,1,0,0.055344393930587654
8811aa68a9fffff,2024,16,1,0,0.05685710268152815
8811aa68a9fffff,2024,17,1,0,0.05723527986926328
8811aa68a9fffff,2024,19,1,0,0.056404676849628375
8811aa68a9fffff,2024,22,1,1,0.05938831327518359
8811aa68abfffff,2023,13,1,0,0.038024717232716866
8811aa68abfffff,2024,1,1,0,0.03477379959952112
8811aa68abfffff,2024,10,1,0,0.038213437428909286
8811aa68adfffff,2022,9,2,0,0.024720873848581383
8811aa68adfffff,2022,16,1,0,0.02506172656986991
8811aa68adfffff,2022,17,1,0,0.028002556638557635
8811aa68adfffff,2022,19,1,0,0.026494448740092033
8811aa68adfffff,2022,20,1,0,0.028624557625572485
8811aa68adfffff,2022,23,1,0,0.02797111435126047
8811aa68adfffff,2023,1,2,0,0.02090785982829725
8811aa68adfffff,2023,3,1,0,0.020407570596557994
8811aa68adfffff,2023,13,1,0,0.02422538561368129
8811aa68adfffff,2023,18,1,0,0.025818080945340157
8811aa68adfffff,2023,22,1,0,0.03015559004447795
8811aa68adfffff,2023,23,1,0,0.030021236656022555
8811aa68adfffff,2024,7,1,0,0.023708254185015876
8811aa68adfffff,2024,10,1,0,0.024842785748221245
8811aa68adfffff,2024,12,1,0,0.024012182728586347
8811aa68adfffff,2024,14,2,0,0.026423430987804322
8811aa68adfffff,2024,16,3,0,0.02574510067145727
8811aa68adfffff,2024,17,1,0,0.02543990375760503
8811aa68adfffff,2024,19,1,0,0.02824638043783736
8811aa68c5fffff,2022,18,1,0,0.03490784359613185
8811aa68c5fffff,2022,19,1,0,0.035286020783866986
8811aa68c5fffff,2023,10,1,0,0.03188242609425087
8811aa68c5fffff,2023,14,1,0,0.03339513484519137
8811aa68c5fffff,2023,17,3,0,0.03384629230680938
8811aa68c5fffff,2023,21,1,0,0.036042375159337225
8811aa68c5fffff,2024,15,1,0,0.0317231897281644
8811aa68c5fffff,2024,17,1,0,0.032479544103634655
8811aa68c5fffff,2024,22,1,0,0.03463257750955497
8811aa68c7fffff,2023,15,1,0,0.040478127168287664
8811aa68c7fffff,2024,1,1,0,0.034556605832144746
8811aa68e1fffff,2022,8,1,0,0.0027632700346362955
8811aa68e1fffff,2022,12,2,0,0.005301039937957832
8811aa68e1fffff,2022,17,1,0,0.009754578757586051
8811aa68e1fffff,2022,18,1,0,0.006545041911987535
8811aa68e1fffff,2022,19,1,0,0.007386384009379591
8811aa68e1fffff,2022,21,2,0,0.0077620606265129954
8811aa68e1fffff,2023,12,1,0,0.006326101090338872
8811aa68e1fffff,2023,15,1,0,0.005410510348782162
8811aa68e1fffff,2023,20,1,0,0.008974860993314505
8811aa68e1fffff,2024,5,1,2,0.0035643506445323407
8811aa68e1fffff,2024,8,1,0,0.004436734740493017
8811aa68e1fffff,2024,11,1,0,0.006625428781434447
8811aa68e1fffff,2024,15,1,0,0.005410510348782162
8811aa68e1fffff,2024,19,1,0,0.00897334140448474
8811aa68e1fffff,2024,20,2,0,0.008718595705219243
8811aa68e1fffff,2024,23,1,1,0.010371540023764572
8811aa68e3fffff,2022,7,1,0,0.044602682669709764
8811aa68e3fffff,2022,15,1,0,0.04762810017159076
8811aa68e3fffff,2023,2,1,0,0.042597286599373486
8811aa68e3fffff,2024,1,1,1,0.04221910941163837
8811aa68e5fffff,2022,8,1,0,0.026572245721104733
8811aa68e5fffff,2022,17,1,0,0.030488370986911366
8811aa68e5fffff,2023,19,3,0,0.030435798727825803
8811aa68e5fffff,2024,1,1,0,0.02278543412291716
8811aa68e5fffff,2024,16,2,0,0.028828867358699942
8811aa68e5fffff,2024,20,1,0,0.03140856258094297
8811aa68e7fffff,2022,1,2,0,0.005072672892089573
8811aa68e7fffff,2022,2,1,0,0.005533337231144787
8811aa68e7fffff,2022,15,2,0,0.011047580054197563
8811aa68e7fffff,2022,19,2,0,0.012347277172418585
8811aa68e7fffff,2022,20,1,0,0.012078379143132322
8811aa68e7fffff,2022,23,1,0,0.015360206175704293
8811aa68e7fffff,2023,10,2,0,0.00938827657035041
8811aa68e7fffff,2023,15,1,0,0.010187493204456702
8811aa68e7fffff,2023,17,3,0,0.012828995582048851
8811aa68e7fffff,2023,21,1,0,0.014854234909179868
8811aa68e7fffff,2024,1,1,0,0.007040308045531564
8811aa68e7fffff,2024,11,1,0,0.010559932455638108
8811aa68e7fffff,2024,13,1,0,0.009266164526346274
8811aa68e7fffff,2024,14,2,0,0.010900985321290906
8811aa68e7fffff,2024,18,1,0,0.011157050465021894
8811aa68e7fffff,2024,19,1,0,0.011535227652757019
8811aa68e7fffff,2024,23,1,0,0.01331008387094221
8811aa68e9fffff,2022,0,1,0,0.021294182877838998
8811aa68e9fffff,2022,5,1,0,0.023185068816514616
8811aa68e9fffff,2022,12,1,0,0.02586835227043254
8811aa68e9fffff,2022,14,1,0,0.026326516038886038
8811aa68e9fffff,2022,16,1,1,0.027082870414356287
8811aa68e9fffff,2022,22,1,0,0.029614081008011724
8811aa68e9fffff,2023,4,1,1,0.02426601636546245
8811aa68e9fffff,2023,8,2,0,0.025082514064856336
8811aa68e9fffff,2023,9,1,0,0.02443563010021042
8811aa68e9fffff,2023,10,1,0,0.025111997894962296
8811aa68e9fffff,2023,11,1,0,0.025191984475680666
8811aa68e9fffff,2023,12,1,0,0.02557016166341579
8811aa68e9fffff,2023,13,1,0,0.02594833885115091
8811aa68e9fffff,2023,18,2,0,0.029957283583231194
8811aa68e9fffff,2024,16,1,0,0.029132992719118365
8811aa68e9fffff,2024,19,1,0,0.028217401977561656
8811aa68e9fffff,2024,20,1,0,0.030269043871153506
8811aa68e9fffff,2024,21,1,0,0.03153640923398451
8811aa68ebfffff,2023,9,1,0,0.06875722016892093
8811aa6949fffff,2022,2,1,0,0.09772118583115652
8811aa6949fffff,2022,13,1,0,0.10032483699495541
8811aa6949fffff,2022,15,1,0,0.10137938197744241
8811aa6949fffff,2022,19,2,0,0.10251141297004607
8811aa6949fffff,2023,13,1,0,0.10062302760197216
8811aa6949fffff,2023,16,1,0,0.10145936855816078
8811aa6949fffff,2023,18,1,0,0.10251391354064777
8811aa6949fffff,2023,19,1,0,0.10256479879601113
8811aa6949fffff,2024,0,1,0,0.09666664084866952
8811aa6949fffff,2024,1,1,1,0.09704481803640463
8811aa6949fffff,2024,3,1,0,0.09831370298806541
8811aa6949fffff,2024,5,1,0,0.09907005736353565
8811aa6949fffff,2024,7,1,0,0.09789079956590448
8811aa6949fffff,2024,9,1,0,0.09911031885103166
8811aa6949fffff,2024,14,1,0,0.10100120478970728
8811aa6949fffff,2024,16,2,0,0.10209189311250466
8811aa6949fffff,2024,22,1,0,0.10382560484917604
8811aa694bfffff,2022,0,1,0,0.06868500718563829
8811aa694bfffff,2022,1,1,0,0.07073664907923014
8811aa694bfffff,2022,2,1,0,0.06960633586374872
8811aa694bfffff,2022,8,1,0,0.07144827722027458
8811aa694bfffff,2022,10,2,0,0.07251870120189338
8811aa694bfffff,2022,14,2,0,0.07454394052902441
8811aa694bfffff,2022,15,1,0,0.07426049183706063
8811aa694bfffff,2022,16,2,0,0.07470527717698404
8811aa694bfffff,2022,18,1,0,0.075395023400266
8811aa694bfffff,2022,20,1,0,0.07598640347309607
8811aa694bfffff,2023,0,1,1,0.07014413192232125
8811aa694bfffff,2023,9,1,0,0.07379810972088319
8811aa694bfffff,2023,12,1,0,0.07415102142623631
8811aa694bfffff,2023,14,1,0,0.07517646508336828
8811aa694bfffff,2023,18,1,0,0.075395023400266
8811aa694bfffff,2024,3,1,0,0.06998451305148384
8811aa694bfffff,2024,11,1,0,0.07390606054287775
8811aa6959fffff,2022,1,1,0,0.0020516418935918467
8811aa6959fffff,2022,3,1,0,0.003106186876078846
8811aa6959fffff,2022,4,1,0,0.0031861734567972177
8811aa6959fffff,2022,6,1,0,0.003680380365022769
8811aa6959fffff,2022,7,1,0,0.002683283453917924
8811aa6959fffff,2022,8,1,0,0.0029282443372764754
8811aa6959fffff,2022,11,1,0,0.005947923902603748
8811aa6959fffff,2022,13,1,0,0.0070024688850907485
8811aa6959fffff,2022,14,1,0,0.007082455465809119
8811aa6959fffff,2022,16,1,0,0.007838809841279366
8811aa6959fffff,2022,17,1,0,0.007840329430109132
8811aa6959fffff,2022,18,1,0,0.006710016214627713
8811aa6959fffff,2022,21,1,0,0.007815446452478067
8811aa6959fffff,2023,0,1,0,0.0019716553128734746
8811aa6959fffff,2023,1,1,0,0.0008413420973920558
8811aa6959fffff,2023,4,1,0,0.0015127087509404957
8811aa6959fffff,2023,6,1,0,0.0020069156591660474
8811aa6959fffff,2023,13,1,0,0.006704278278073995
8811aa6959fffff,2023,16,1,0,0.009376401569850928
8811aa6959fffff,2023,17,1,0,0.006331839026892589
8811aa6959fffff,2023,18,1,0,0.008595164216749615
8811aa6959fffff,2023,19,2,0,0.008717076116389479
8811aa6959fffff,2023,20,2,0,0.008558039894667288
8811aa6959fffff,2023,21,2,0,0.008598792979441355
8811aa6959fffff,2023,22,1,0,0.008484872432812906
8811aa6959fffff,2024,6,1,0,0.003031976811547088
8811aa6959fffff,2024,17,1,0,0.006166864724252411
8811aa6959fffff,2024,18,1,0,0.008218506617844255
8811aa6959fffff,2024,20,1,0,0.008974860993314505
8811aa695bfffff,2023,9,1,0,0.09974185397383784
8811aa695bfffff,2023,14,1,0,0.10163273991251345
8811aa695bfffff,2024,15,1,0,0.10230910770726533
8811aa695bfffff,2024,21,1,0,0.10578847062987587
8811aa695dfffff,2022,8,1,0,0.11859029578081637
8811aa695dfffff,2022,18,1,0,0.12250794063545277
8811aa695dfffff,2022,22,2,0,0.12556412329411426
8811aa695dfffff,2022,23,1,0,0.12452510106408793
8811aa695dfffff,2023,7,1,0,0.11837709289572142
8811aa6999fffff,2023,7,1,0,0.19395043548481092
8811aa69d1fffff,2022,18,1,0,0.024825782528885
8811aa69d1fffff,2023,13,1,0,0.0234474271663999
8811aa69d1fffff,2023,18,2,0,0.024825782528885
8811aa69d1fffff,2023,19,1,0,0.025716490292810645
8811aa69d1fffff,2024,7,1,0,0.018615711159036555
8811aa69d1fffff,2024,8,1,0,0.01899388834677168
8811aa69d1fffff,2024,19,1,0,0.023153837411858044
8811aa69d1fffff,2024,20,1,0,0.02558213690435525
8811aa69d1fffff,2024,21,1,0,0.025960314092090372
8811aa69d3fffff,2022,0,1,0,0.012065804834501054
8811aa69d3fffff,2022,2,1,0,0.013256222794273215
8811aa69d3fffff,2022,5,1,0,0.014390754357478587
8811aa69d3fffff,2022,17,1,0,0.020282791863515545
8811aa69d3fffff,2022,20,1,0,0.01936720112195884
8811aa69d3fffff,2023,7,1,0,0.016124362387258947
8811aa69d3fffff,2023,9,1,0,0.01725737436163455
8811aa69d3fffff,2023,17,1,0,0.021820383592087104
8811aa69d3fffff,2023,19,1,0,0.021039146238985795
8811aa69d3fffff,2024,15,1,0,0.021064029216616858
8811aa69d3fffff,2024,18,1,0,0.018610846746488587
8811aa69d3fffff,2024,20,1,0,0.01936720112195884
8811aa69d5fffff,2023,15,1,0,0.06162324087749506
8811aa69d5fffff,2023,18,1,0,0.06289364541798559
8811aa69d5fffff,2024,8,1,0,0.05927419117036594
8811aa69d9fffff,2022,8,1,0,0.030296023530622967
8811aa69d9fffff,2024,1,1,0,0.027534273084816437
8811aa69d9fffff,2024,23,1,0,0.03585417121498917
8811aa69ddfffff,2022,17,1,0,0.05553185425490151
8811aa6a01fffff,2022,11,1,0,0.02149929853833991
8811aa6a01fffff,2022,19,1,0,0.022639568038099002
8811aa6a01fffff,2023,13,1,0,0.022255652913810157
8811aa6a01fffff,2023,22,1,0,0.023871272765908887
8811aa6a01fffff,2024,10,1,1,0.019070999045842706
8811aa6a01fffff,2024,18,1,0,0.022096416547723697
8811aa6a01fffff,2024,19,1,1,0.022474593735458823
8811aa6a03fffff,2022,8,1,0,0.015588269793857284
8811aa6a03fffff,2022,9,1,0,0.014214515283847082
8811aa6a03fffff,2022,12,1,0,0.016724320945892424
8811aa6a03fffff,2022,13,1,0,0.017479155732532902
8811aa6a03fffff,2022,18,1,0,0.017319919366446442
8811aa6a03fffff,2022,19,2,0,0.01974821885894365
8811aa6a03fffff,2022,20,1,0,0.018241248044556874
8811aa6a03fffff,2022,21,1,0,0.018454450929651815
8811aa6a03fffff,2022,22,2,0,0.021212834378036297
8811aa6a03fffff,2022,23,1,0,0.02152307507712884
8811aa6a03fffff,2023,8,1,0,0.013538147489095204
8811aa6a03fffff,2023,17,1,0,0.018991864483473397
8811aa6a03fffff,2023,18,2,0,0.0201388375354943
8811aa6a03fffff,2023,19,1,0,0.01769809655418157
8811aa6a03fffff,2023,20,1,0,0.018374464348933445
8811aa6a03fffff,2023,22,1,0,0.021657428465584237
8811aa6a03fffff,2023,23,1,0,0.01963792707500694
8811aa6a03fffff,2024,5,1,0,0.014339228098991248
8811aa6a03fffff,2024,8,1,0,0.015588269793857284
8811aa6a03fffff,2024,14,1,0,0.01785733292026803
8811aa6a03fffff,2024,17,1,0,0.018991864483473397
8811aa6a03fffff,2024,18,1,0,0.01937004167120852
8811aa6a03fffff,2024,19,1,0,0.01769809655418157
8811aa6a05fffff,2022,1,1,0,0.03471793442676734
8811aa6a05fffff,2022,4,1,0,0.03585246598997271
8811aa6a05fffff,2022,5,1,0,0.036230643177707834
8811aa6a05fffff,2022,8,1,0,0.03693805297102833
8811aa6a05fffff,2022,10,1,0,0.03769440734649857
8811aa6a05fffff,2022,13,1,0,0.03896481188698911
8811aa6a05fffff,2022,16,1,0,0.0420135927776714
8811aa6a05fffff,2022,17,1,0,0.04239176996540652
8811aa6a05fffff,2022,18,4,0,0.04268305808475406
8811aa6a05fffff,2022,19,2,0,0.042354645643324196
8811aa6a05fffff,2022,20,1,0,0.04403883210480242
8811aa6a05fffff,2022,22,1,0,0.04265965536920494
8811aa6a05fffff,2022,23,1,1,0.044922980559061965
8811aa6a05fffff,2023,1,1,0,0.03501612503378409
8811aa6a05fffff,2023,2,1,0,0.03509611161450246
8811aa6a05fffff,2023,10,1,0,0.039744529651260664
8811aa6a05fffff,2023,14,3,0,0.040799699260224025
8811aa6a05fffff,2023,16,2,0,0.04107101877661046
8811aa6a05fffff,2023,17,1,0,0.04239176996540652
8811aa6a05fffff,2023,19,1,0,0.0436606549170673
8811aa6a05fffff,2023,20,2,0,0.043675396832120274
8811aa6a05fffff,2023,22,1,0,0.09067255522847364
8811aa6a05fffff,2024,4,1,0,0.03585246598997271
8811aa6a05fffff,2024,5,1,1,0.03606566887506766
8811aa6a05fffff,2024,6,1,0,0.038231820900320165
8811aa6a05fffff,2024,7,1,0,0.038609998088055285
8811aa6a05fffff,2024,9,1,0,0.037828760734953976
8811aa6a05fffff,2024,10,1,0,0.039744529651260664
8811aa6a05fffff,2024,11,1,0,0.040122706838995784
8811aa6a05fffff,2024,14,1,0,0.03920711609743907
8811aa6a05fffff,2024,16,3,0,0.04142961554508962
8811aa6a05fffff,2024,17,2,0,0.04136670881302548
8811aa6a05fffff,2024,18,3,0,0.04179987743497401
8811aa6a05fffff,2024,19,3,0,0.04114329302854308
8811aa6a05fffff,2024,20,1,0,0.0435263015286119
8811aa6a05fffff,2024,21,3,0,0.04424616576714071
8811aa6a05fffff,2024,23,1,0,0.04543551113525249
8811aa6a07fffff,2022,10,1,0,0.042521672792089495
8811aa6a07fffff,2022,14,1,0,0.04373619093601325
8811aa6a07fffff,2022,15,2,0,0.0432384022748757
8811aa6a07fffff,2022,19,1,0,0.04357695456992678
8811aa6a07fffff,2023,7,1,0,0.041088950621867376
8811aa6a07fffff,2023,8,1,0,0.04109047021069714
8811aa6a07fffff,2023,13,1,0,0.043358013748278114
8811aa6a07fffff,2023,17,1,0,0.04487072249921862
8811aa6a07fffff,2023,18,1,0,0.04524889968695374
8811aa6a07fffff,2023,20,1,0,0.046005254062423985
8811aa6a07fffff,2024,1,1,0,0.037031912657939245
8811aa6a07fffff,2024,14,1,0,0.04373619093601325
8811aa6a07fffff,2024,15,1,0,0.04441255873076511
8811aa6a09fffff,2022,13,1,0,0.05499662554060144
8811aa6a09fffff,2023,17,1,0,0.05650933429154194
8811aa6a09fffff,2024,8,1,0,0.05310573960192582
8811aa6a09fffff,2024,16,1,0,0.05629613140644699
8811aa6a0bfffff,2022,4,1,0,0.05465025846353713
8811aa6a0bfffff,2022,7,1,0,0.05740779056161971
8811aa6a0bfffff,2023,2,1,0,0.05389390408806689
8811aa6a0bfffff,2023,7,1,0,0.05552264255949781
8811aa6a0bfffff,2023,12,1,0,0.05741352849817343
8811aa6a0bfffff,2023,13,1,0,0.059676853688030454
8811aa6a0bfffff,2023,14,1,0,0.058004908571003495
8811aa6a0bfffff,2023,19,1,0,0.0619459168144412
8811aa6a0bfffff,2023,21,1,0,0.060652148885149366
8811aa6a0bfffff,2024,1,2,0,0.05343323974901168
8811aa6a0bfffff,2024,10,1,0,0.056657174122703186
8811aa6a0bfffff,2024,11,1,0,0.05687037700779813
8811aa6a0bfffff,2024,12,1,0,0.05724855419553325
8811aa6a0bfffff,2024,13,1,0,0.059676853688030454
8811aa6a0bfffff,2024,14,1,0,0.058004908571003495
8811aa6a0bfffff,2024,15,2,0,0.059557242214628034
8811aa6a0bfffff,2024,22,1,0,0.061292473540129185
8811aa6a0bfffff,2024,23,1,0,0.061835625030504486
8811aa6a0dfffff,2022,7,1,0,0.060348684378377655
8811aa6a0dfffff,2022,10,1,0,0.06148321594158303
8811aa6a0dfffff,2022,11,1,0,0.06237392370550867
8811aa6a0dfffff,2022,12,1,0,0.06048763861930794
8811aa6a0dfffff,2022,14,1,0,0.06453351642109507
8811aa6a0dfffff,2022,15,1,0,0.06337410188025865
8811aa6a0dfffff,2022,19,1,0,0.06518500123821588
8811aa6a0dfffff,2022,21,2,0,0.06470059100560843
8811aa6a0dfffff,2022,22,1,0,0.06628348966164921
8811aa6a0dfffff,2023,1,1,0,0.05629164641444953
8811aa6a0dfffff,2023,5,1,1,0.0598544774701521
8811aa6a0dfffff,2023,11,2,0,0.061861393129318154
8811aa6a0dfffff,2023,19,2,0,0.06386174947881809
8811aa6a0dfffff,2023,23,1,0,0.06477651884726243
8811aa6a0dfffff,2024,1,1,0,0.05694004996792521
8811aa6a0dfffff,2024,6,1,0,0.05792038488588045
8811aa6a0dfffff,2024,8,1,0,0.060726861566112775
8811aa6a0dfffff,2024,14,2,0,0.06212128718010515
8811aa6a0dfffff,2024,15,1,0,0.06132397957549657
8811aa6a0dfffff,2024,18,1,0,0.06245851113870193
8811aa6a15fffff,2022,7,1,0,0.03233670134096711
8811aa6a15fffff,2022,17,1,0,0.03663100379450887
8811aa6a15fffff,2022,20,1,1,0.03725300478152372
8811aa6a15fffff,2022,22,1,0,0.037894849025333306
8811aa6a15fffff,2022,23,1,0,0.03827302621306843
8811aa6a15fffff,2023,13,1,1,0.03401476689929873
8811aa6a15fffff,2023,17,1,0,0.03611847321831835
8811aa6a15fffff,2023,19,1,0,0.0349896795916667
8811aa6a15fffff,2023,20,1,0,0.035202882476761635
8811aa6a15fffff,2024,10,2,0,0.031503597750730486
8811aa6a15fffff,2024,18,1,0,0.036496650406053474
8811aa6a15fffff,2024,19,2,0,0.03608134889623603
8811aa6a15fffff,2024,20,3,0,0.035744248823202686
8811aa6a17fffff,2022,9,1,0,0.053835329052417336
8811aa6a17fffff,2022,18,1,0,0.05694073313501669
8811aa6a17fffff,2023,12,1,0,0.05467167000860595
8811aa6a17fffff,2024,15,1,0,0.05769134957393322
8811aa6a17fffff,2024,18,1,0,0.05933841171332912
8811aa6a17fffff,2024,20,1,0,0.05766798618513192
8811aa6a17fffff,2024,21,1,0,0.05791029039558188
8811aa6a19fffff,2022,17,1,1,0.0830494577406076
8811aa6a19fffff,2023,7,1,0,0.07956587647027309
8811aa6a19fffff,2023,16,2,0,0.08198497183990677
8811aa6a1bfffff,2022,21,1,0,0.05471513811718094
8811aa6a1bfffff,2023,9,1,0,0.050177011864359446
8811aa6a1bfffff,2023,19,1,0,0.052421192013139134
8811aa6a1bfffff,2023,20,1,0,0.052799369200874254
8811aa6a1bfffff,2024,14,1,0,0.050530306074463516
8811aa6a1bfffff,2024,16,1,0,0.051286660449933755
8811aa6a1bfffff,2024,23,1,0,0.05470857880751484
8811aa6a1dfffff,2022,7,1,0,0.09001782898198869
8811aa6a1dfffff,2022,16,1,0,0.0934214236716048
8811aa6a1dfffff,2023,0,1,1,0.08763273613508753
8811aa6a1dfffff,2023,8,1,0,0.09039600616972382
8811aa6a1dfffff,2023,10,1,0,0.08910223824043198
8811aa6a1dfffff,2023,20,2,0,0.09519039771064056
8811aa6a1dfffff,2024,1,1,0,0.08793244633093404
8811aa6a1dfffff,2024,16,1,0,0.09137130136684272
8811aa6a21fffff,2022,9,1,0,0.08725857559154827
8811aa6a21fffff,2023,14,1,0,0.0879100604086691
8811aa6a21fffff,2023,22,1,0,0.08884931246601593
8811aa6a21fffff,2024,0,1,0,0.08052941433584322
8811aa6a21fffff,2024,4,1,0,0.08371558779264045
8811aa6a21fffff,2024,20,2,0,0.087830810623301
8811aa6a23fffff,2022,9,1,0,0.04440395111432042
8811aa6a23fffff,2022,11,1,0,0.04532527979243085
8811aa6a23fffff,2022,14,1,0,0.04645981135563622
8811aa6a23fffff,2022,17,1,0,0.049479490920963494
8811aa6a23fffff,2022,21,1,0,0.04894207736714191
8811aa6a23fffff,2023,1,1,0,0.041640681079684126
8811aa6a23fffff,2023,9,2,0,0.04551149941802155
8811aa6a23fffff,2023,10,1,0,0.04683225060681763
8811aa6a23fffff,2023,12,1,0,0.04553848267752579
8811aa6a23fffff,2023,13,1,0,0.04591665986526092
8811aa6a23fffff,2023,17,1,0,0.04742936861620141
8811aa6a23fffff,2023,19,1,0,0.05023584529643374
8811aa6a23fffff,2024,15,1,0,0.04872313654549325
8811aa6a25fffff,2023,8,1,0,0.12218589430694332
8811aa6a27fffff,2023,14,1,0,0.0850539071384754
8811aa6a29fffff,2022,19,2,0,0.061428713699734294
8811aa6a29fffff,2023,12,1,0,0.06083159569035051
8811aa6a29fffff,2023,13,1,0,0.06172230345427616
8811aa6a29fffff,2023,16,1,0,0.06029418213652892
8811aa6a29fffff,2023,17,2,0,0.06067235932426405
8811aa6a29fffff,2023,20,1,0,0.06348035559332614
8811aa6a29fffff,2023,21,2,0,0.06423519037996661
8811aa6a29fffff,2024,9,1,0,0.05969706412714514
8811aa6a29fffff,2024,13,3,0,0.06001386820030775
8811aa6a29fffff,2024,14,1,0,0.06158795006582076
8811aa6a29fffff,2024,17,2,0,0.06169742047664509
8811aa6a29fffff,2024,20,2,0,0.06308821732794571
8811aa6a29fffff,2024,23,1,0,0.06320356991791949
8811aa6a2bfffff,2022,0,1,0,0.017647267500584367
8811aa6a2bfffff,2022,14,2,0,0.023704661814012446
8811aa6a2bfffff,2022,18,1,0,0.02624243171733398
8811aa6a2bfffff,2022,19,1,0,0.026620608905069107
8811aa6a2bfffff,2022,21,1,0,0.027376963280539353
8811aa6a2bfffff,2022,23,1,1,0.026345342818492216
8811aa6a2bfffff,2023,1,1,0,0.019698909394176217
8811aa6a2bfffff,2023,9,1,0,0.020788714722955785
8811aa6a2bfffff,2023,12,2,0,0.022759978639089518
8811aa6a2bfffff,2023,18,1,0,0.02624243171733398
8811aa6a2bfffff,2023,19,2,0,0.025827130207516532
8811aa6a2bfffff,2023,21,2,0,0.026351902128158314
8811aa6a2bfffff,2023,22,1,0,0.026132139933397275
8811aa6a2bfffff,2024,9,1,0,0.024376428756289426
8811aa6a2bfffff,2024,10,3,0,0.022004654315497252
8811aa6a2bfffff,2024,14,1,0,0.02486559594367865
8811aa6a2bfffff,2024,17,2,0,0.026120519817694116
8811aa6a2dfffff,2024,16,1,0,0.20563774996071604
8811aa6a31fffff,2022,1,1,0,0.05010130574676981
8811aa6a31fffff,2022,8,1,0,0.05453652089843306
8811aa6a31fffff,2022,10,1,0,0.055292875273903315
8811aa6a31fffff,2022,12,1,0,0.05656176022556408
8811aa6a31fffff,2022,17,1,0,0.05794011558804918
8811aa6a31fffff,2022,18,1,0,0.0564331447736624
8811aa6a31fffff,2022,20,1,0,0.05702452484649247
8811aa6a31fffff,2022,21,1,0,0.05945282433898967
8811aa6a31fffff,2023,14,1,0,0.05475546172008172
8811aa6a31fffff,2023,15,1,0,0.056807103613673575
8811aa6a31fffff,2023,21,2,0,0.05842776318660863
8811aa6a31fffff,2023,22,1,0,0.060093148993969496
8811aa6a31fffff,2024,19,4,0,0.05760614657043869
8811aa6a31fffff,2024,21,1,0,0.05945282433898967
8811aa6a33fffff,2022,6,1,0,0.017430109545812845
8811aa6a33fffff,2022,8,1,0,0.01818646392128309
8811aa6a33fffff,2022,12,1,0,0.021236764400795145
8811aa6a33fffff,2022,13,1,0,0.020375540466975466
8811aa6a33fffff,2022,15,2,0,0.01989113023436801
8811aa6a33fffff,2022,21,1,0,0.0231027673618397
8811aa6a33fffff,2023,9,2,0,0.017539579956637175
8811aa6a33fffff,2023,11,3,0,0.018440622193541395
8811aa6a33fffff,2023,16,2,0,0.020186820270783043
8811aa6a33fffff,2023,18,1,0,0.021406339555910224
8811aa6a33fffff,2024,14,1,0,0.01972865650232955
8811aa6a33fffff,2024,15,2,0,0.02032117365923844
8811aa6a33fffff,2024,17,1,0,0.02159005861089921
8811aa6a33fffff,2024,18,1,0,0.02196823579863433
8811aa6a33fffff,2024,19,2,0,0.022346412986369458
8811aa6a33fffff,2024,20,1,0,0.022133592606025453
8811aa6a33fffff,2024,23,1,0,0.024121269204554645
8811aa6a35fffff,2022,8,1,0,0.05855209372936608
8811aa6a35fffff,2023,8,1,0,0.05855209372936608
8811aa6a35fffff,2023,22,1,0,0.06526965595456871
8811aa6a35fffff,2024,7,1,0,0.05817391654163096
8811aa6a35fffff,2024,13,1,0,0.06249310197280378
8811aa6a35fffff,2024,17,1,0,0.0619556884189822
8811aa6a35fffff,2024,18,1,0,0.06468217851849614
8811aa6a37fffff,2022,11,1,0,0.029456659685079916
8811aa6a37fffff,2022,14,1,0,0.03264131355304738
8811aa6a37fffff,2022,17,1,1,0.03377584511625275
8811aa6a37fffff,2022,18,1,0,0.032268874301865966
8811aa6a37fffff,2022,20,1,0,0.034910376679458115
8811aa6a37fffff,2023,1,1,2,0.02593703527497337
8811aa6a37fffff,2023,6,1,0,0.027565773746404298
8811aa6a37fffff,2023,12,1,0,0.031884959177577124
8811aa6a37fffff,2023,13,1,0,0.032263136365312244
8811aa6a37fffff,2023,15,2,0,0.031051855587340506
8811aa6a37fffff,2023,16,2,0,0.032372606776136584
8811aa6a37fffff,2023,17,1,0,0.03172572281149066
8811aa6a37fffff,2023,19,1,0,0.03264705148960109
8811aa6a37fffff,2023,21,1,0,0.03528855386719324
8811aa6a37fffff,2024,0,1,0,0.025558858087238248
8811aa6a37fffff,2024,9,1,0,0.02886527961224985
8811aa6a37fffff,2024,10,1,0,0.031128604802106875
8811aa6a37fffff,2024,11,1,0,0.031506781989842
8811aa6a37fffff,2024,12,2,0,0.03265375504186291
8811aa6a37fffff,2024,13,1,0,0.032561326972329004
8811aa6a37fffff,2024,14,1,0,0.03264131355304738
8811aa6a37fffff,2024,15,2,0,0.03199442958840146
8811aa6a37fffff,2024,16,1,0,0.03339766792851762
8811aa6a37fffff,2024,19,2,0,0.033507138339341956
8811aa6a37fffff,2024,20,1,0,0.03286025437469604
8811aa6a37fffff,2024,23,1,0,0.03442190770778628
8811aa6a39fffff,2022,9,1,0,0.031721650982337445
8811aa6a39fffff,2022,13,1,0,0.03323435973327794
8811aa6a39fffff,2022,14,2,0,0.03358785408774628
8811aa6a39fffff,2022,17,2,0,0.035003333772313704
8811aa6a39fffff,2022,19,1,0,0.0341017041084023
8811aa6a39fffff,2022,20,4,0,0.03493902604636287
8811aa6a39fffff,2022,21,1,0,0.036259777235158934
8811aa6a39fffff,2022,22,1,0,0.03690010189013876
8811aa6a39fffff,2023,0,1,0,0.02858020375996603
8811aa6a39fffff,2023,6,1,0,0.028971060698671912
8811aa6a39fffff,2023,13,3,0,0.031184237428515862
8811aa6a39fffff,2023,19,1,0,0.03361827485756679
8811aa6a39fffff,2023,20,1,0,0.03639413062361434
8811aa6a39fffff,2023,22,1,0,0.03484997958537668
8811aa6a39fffff,2024,0,1,0,0.02669505575784413
8811aa6a39fffff,2024,7,1,0,0.030588639007961844
8811aa6a39fffff,2024,14,1,0,0.03361253692101308
8811aa6a39fffff,2024,15,1,0,0.033990714108748196
8811aa6a39fffff,2024,16,2,0,0.03231876899172124
8811aa6a39fffff,2024,17,2,0,0.035003333772313704
8811aa6a39fffff,2024,18,2,0,0.035100562838686775
8811aa6a39fffff,2024,20,1,0,0.033831477742661736
8811aa6a3bfffff,2022,0,1,0,0.02955630042442798
8811aa6a3bfffff,2022,6,1,0,0.032753251538615254
8811aa6a3bfffff,2023,10,1,0,0.033240899137174706
8811aa6a3bfffff,2024,7,2,0,0.03202388042264924
8811aa6a3bfffff,2024,16,1,0,0.03534498796094527
8811aa6a3bfffff,2024,23,1,0,0.03841935004497602
8811aa6a3dfffff,2022,8,1,0,0.03486281122490688
8811aa6a3dfffff,2022,18,2,0,0.03941337896654389
8811aa6a3dfffff,2022,19,1,0,0.036972637985231156
8811aa6a3dfffff,2022,20,1,0,0.03940093747772836
8811aa6a3dfffff,2023,20,1,0,0.03940093747772836
8811aa6a3dfffff,2024,11,1,0,0.0375349345166838
8811aa6a3dfffff,2024,15,2,0,0.036635414026634366
8811aa6a3dfffff,2024,18,1,0,0.038644583102258115
8811aa6a3dfffff,2024,19,1,0,0.036972637985231156
8811aa6a41fffff,2022,11,1,0,0.07865052638800683
8811aa6a41fffff,2022,17,2,0,0.08106868481792595
8811aa6a41fffff,2022,19,1,0,0.08167594388988783
8811aa6a41fffff,2022,20,1,0,0.08205412107762296
8811aa6a41fffff,2023,0,1,1,0.07475272479016518
8811aa6a41fffff,2023,5,1,0,0.0745934884240787
8811aa6a41fffff,2023,9,1,1,0.07700498383744071
8811aa6a41fffff,2023,15,1,0,0.07827808713682544
8811aa6a41fffff,2023,17,3,0,0.08091958951441759
8811aa6a41fffff,2023,19,2,1,0.08167594388988783
8811aa6a41fffff,2024,9,1,0,0.07600902401041469
8811aa6a41fffff,2024,16,1,0,0.08054141232668247
8811aa6a41fffff,2024,21,1,0,0.08396988999392964
8811aa6a43fffff,2022,16,1,0,0.05222124449160805
8811aa6a43fffff,2023,16,1,0,0.05308398801425751
8811aa6a43fffff,2023,17,1,0,0.052599421679343186
8811aa6a43fffff,2024,2,1,0,0.04894084302830635
8811aa6a43fffff,2024,8,1,0,0.050947758687472394
8811aa6a43fffff,2024,9,1,0,0.049275813570445436
8811aa6a45fffff,2022,7,1,0,0.03137365400268104
8811aa6a45fffff,2022,8,1,0,0.033338788585521306
8811aa6a45fffff,2022,9,2,0,0.03198091307464291
8811aa6a45fffff,2022,11,1,0,0.0349858507249172
8811aa6a45fffff,2022,12,1,0,0.03514968794347856
8811aa6a45fffff,2022,15,1,0,0.03628421950668393
8811aa6a45fffff,2022,19,1,0,0.035911780255502526
8811aa6a45fffff,2022,20,1,0,0.037876914838342796
8811aa6a45fffff,2022,21,1,0,0.03620496972131584
8811aa6a45fffff,2023,3,1,1,0.0296599278093283
8811aa6a45fffff,2023,11,1,0,0.0324231978439646
8811aa6a45fffff,2023,15,1,0,0.03410088089754528
8811aa6a45fffff,2023,16,1,0,0.036364206087402304
8811aa6a45fffff,2023,17,1,0,0.034692260970375345
8811aa6a45fffff,2023,22,1,0,0.03730845928595259
8811aa6a45fffff,2024,7,2,0,0.031829708597272556
8811aa6a45fffff,2024,8,1,0,0.03282625800933079
8811aa6a45fffff,2024,9,1,0,0.03371696577325644
8811aa6a45fffff,2024,14,2,0,0.03422068362332316
8811aa6a45fffff,2024,15,1,0,0.03598602889966718
8811aa6a45fffff,2024,16,1,0,0.036364206087402304
8811aa6a45fffff,2024,17,1,0,0.038279975003708985
8811aa6a47fffff,2022,8,1,0,0.035724422134152375
8811aa6a47fffff,2022,16,3,0,0.03828080550361978
8811aa6a47fffff,2022,19,2,0,0.04112377232079355
8811aa6a47fffff,2022,21,1,0,0.03829241266293015
8811aa6a47fffff,2023,6,1,0,0.03261975484690329
8811aa6a47fffff,2023,8,1,0,0.03593876210332614
8811aa6a47fffff,2023,10,1,0,0.036182585902605875
8811aa6a47fffff,2023,12,1,0,0.034888817973314036
8811aa6a47fffff,2023,15,2,0,0.03832973712937675
8811aa6a47fffff,2023,16,1,0,0.03845164902901661
8811aa6a47fffff,2023,21,1,0,0.03829241266293015
8811aa6a47fffff,2024,9,2,0,0.033919260712748846
8811aa6a47fffff,2024,16,1,0,0.03845164902901661
8811aa6a47fffff,2024,18,1,1,0.039208003404486866
8811aa6a47fffff,2024,19,1,0,0.03753605828745991
8811aa6a47fffff,2024,20,1,0,0.04150194950852867
8811aa6a47fffff,2024,22,1,0,0.03893273731790997
8811aa6a49fffff,2022,9,1,0,0.07700539771822396
8811aa6a49fffff,2023,8,1,0,0.07595237232456672
8811aa6a49fffff,2023,12,1,0,0.0757916163696505
8811aa6a49fffff,2023,15,1,0,0.07692614793285586
8811aa6a49fffff,2023,18,2,0,0.07934200593653754
8811aa6a49fffff,2024,13,1,0,0.07616979355738562
8811aa6a49fffff,2024,22,1,0,0.08048393926772211
8811aa6a4bfffff,2022,6,1,1,0.06444608090107157
8811aa6a4bfffff,2022,18,1,0,0.06936086475279842
8811aa6a4bfffff,2023,10,1,0,0.06633544725091742
8811aa6a4bfffff,2023,12,1,0,0.06504167932162559
8811aa6a4bfffff,2023,16,1,0,0.06860451037732816
8811aa6a4bfffff,2023,19,1,0,0.06973904194053354
8811aa6a4bfffff,2024,15,2,0,0.06720127203721202
8811aa6a4dfffff,2022,9,1,0,0.03205747527727805
8811aa6a4dfffff,2022,15,1,0,0.034326538403688794
8811aa6a4dfffff,2022,16,1,0,0.03658986359354582
8811aa6a4dfffff,2022,17,1,0,0.03491791847651886
8811aa6a4dfffff,2022,23,1,0,0.038610063199840505
8811aa6a4dfffff,2023,3,1,1,0.029885585315471818
8811aa6a4dfffff,2023,7,1,0,0.0313011209018078
8811aa6a4dfffff,2023,10,1,0,0.03243565246501317
8811aa6a4dfffff,2023,14,1,0,0.033783386913313486
8811aa6a4dfffff,2023,23,1,0,0.04103684310350795
8811aa6a4dfffff,2024,2,1,0,0.03118087283359342
8811aa6a4dfffff,2024,9,1,0,0.03189250097463787
8811aa6a4dfffff,2024,12,1,0,0.03470049724369997
8811aa6a4dfffff,2024,14,1,1,0.033783386913313486
8811aa6a4dfffff,2024,15,1,0,0.03583502880690534
8811aa6a4dfffff,2024,18,1,0,0.03734621796901606
8811aa6a51fffff,2023,7,1,0,0.059750094209132174
8811aa6a51fffff,2023,10,1,0,0.060884625772337546
8811aa6a51fffff,2024,0,1,0,0.055314879057468916
8811aa6a53fffff,2022,8,2,0,0.05833873944275536
8811aa6a53fffff,2022,10,1,0,0.05798754551452448
8811aa6a53fffff,2022,12,1,0,0.058743899889994726
8811aa6a53fffff,2022,13,2,0,0.05927117238123822
8811aa6a53fffff,2022,14,1,0,0.059500254265464965
8811aa6a53fffff,2022,16,1,0,0.0604215829435754
8811aa6a53fffff,2022,17,1,0,0.06268490813343243
8811aa6a53fffff,2022,21,2,0,0.06317255573199188
8811aa6a53fffff,2023,8,1,0,0.059281313443816305
8811aa6a53fffff,2023,15,2,0,0.06105258790908951
8811aa6a53fffff,2023,21,2,0,0.0642655533730155
8811aa6a53fffff,2023,23,1,1,0.06521611872708787
8811aa6a53fffff,2024,13,1,0,0.06130807235977709
8811aa6a53fffff,2024,16,1,0,0.06025660864093522
8811aa6a53fffff,2024,19,1,0,0.06497885423747422
8811aa6a53fffff,2024,21,1,0,0.062147494579610836
8811aa6a55fffff,2022,9,2,0,0.019257412162692337
8811aa6a55fffff,2022,10,1,0,0.019635589350427463
8811aa6a55fffff,2022,13,1,0,0.01888497291151093
8811aa6a55fffff,2022,15,1,0,0.021149817690197723
8811aa6a55fffff,2023,7,1,0,0.01879924839423884
8811aa6a55fffff,2023,11,1,0,0.021551358266734145
8811aa6a55fffff,2023,12,2,0,0.018506795723775806
8811aa6a55fffff,2023,17,2,1,0.021151926864059697
8811aa6a55fffff,2023,18,1,0,0.02077585885018655
8811aa6a55fffff,2023,22,1,0,0.024435863070493644
8811aa6a55fffff,2024,8,3,0,0.018250852307583245
8811aa6a55fffff,2024,10,1,0,0.0192589317515221
8811aa6a55fffff,2024,14,2,0,0.019098175796605877
8811aa6a55fffff,2024,20,1,0,0.0215322132256568
8811aa6a57fffff,2022,8,1,1,0.054122647728111165
8811aa6a57fffff,2022,17,1,3,0.05714958481882192
8811aa6a57fffff,2023,16,1,0,0.05868565695856372
8811aa6a57fffff,2023,19,1,0,0.05623247448843545
8811aa6a57fffff,2024,11,1,0,0.05337203128919464
8811aa6a59fffff,2022,21,1,0,0.09368529700441437
8811aa6a59fffff,2023,23,1,0,0.09470379884712933
8811aa6a59fffff,2024,8,1,0,0.09081911586861985
8811aa6a59fffff,2024,14,1,0,0.09308817899503058
8811aa6a59fffff,2024,18,1,1,0.09460088774597109
8811aa6a59fffff,2024,20,1,1,0.09549311509872649
8811aa6a5bfffff,2022,12,1,0,0.11319281110424408
8811aa6a5bfffff,2022,19,2,0,0.11443431250767207
8811aa6a5bfffff,2022,21,2,0,0.11621572803552335
8811aa6a5bfffff,2022,23,1,0,0.11731671702955837
8811aa6a5bfffff,2023,1,1,0,0.10780678344436444
8811aa6a5bfffff,2023,15,1,0,0.11400005073507767
8811aa6a5bfffff,2023,16,1,0,0.11338226809578678
8811aa6a5bfffff,2023,23,1,0,0.11629165587717735
8811aa6a5bfffff,2024,13,1,0,0.11208276222994122
8811aa6a5bfffff,2024,15,1,0,0.11300409090805165
8811aa6a5dfffff,2022,19,2,0,0.043023809519440376
8811aa6a5dfffff,2022,22,1,0,0.04331294024618931
8811aa6a5dfffff,2023,8,1,0,0.03805450275766963
8811aa6a5dfffff,2023,10,1,0,0.038512666526123125
8811aa6a5dfffff,2023,12,1,0,0.04183167378254598
8811aa6a5dfffff,2023,15,1,0,0.04040355246479875
8811aa6a5dfffff,2023,22,1,0,0.043611130853206066
8811aa6a5dfffff,2023,23,2,0,0.04436862231275514
8811aa6a5dfffff,2024,12,1,0,0.03926902090159338
8811aa6a5dfffff,2024,13,1,0,0.04169732039409058
8811aa6a5dfffff,2024,21,2,1,0.043697676743590534
8811aa6a61fffff,2022,6,1,0,0.012024972678767964
8811aa6a61fffff,2022,8,2,0,0.013806388206619252
8811aa6a61fffff,2022,10,1,0,0.013537681429708459
8811aa6a61fffff,2022,16,1,0,0.017856866860881282
8811aa6a61fffff,2022,18,1,0,0.01861322123635153
8811aa6a61fffff,2022,19,1,0,0.01912727140137182
8811aa6a61fffff,2023,21,2,0,0.01872269164717586
8811aa6a61fffff,2024,7,1,0,0.014453272171265168
8811aa6a61fffff,2024,9,1,0,0.015209626546735416
8811aa6a61fffff,2024,13,1,0,0.016722335297675913
8811aa6a61fffff,2024,16,2,0,0.015806744556119204
8811aa6a61fffff,2024,17,1,0,0.01823504404861641
8811aa6a61fffff,2024,19,2,0,0.017966337271705615
8811aa6a61fffff,2024,22,2,0,0.01936301630215568
8811aa6a63fffff,2022,7,1,0,0.024371406890870122
8811aa6a63fffff,2022,11,2,0,0.02614038092990588
8811aa6a63fffff,2022,12,1,0,0.02626229282954574
8811aa6a63fffff,2022,16,2,0,0.027518736292390975
8811aa6a63fffff,2022,17,1,0,0.02815317876822136
8811aa6a63fffff,2022,21,1,0,0.029665887519161858
8811aa6a63fffff,2023,7,1,0,0.022321284586108037
8811aa6a63fffff,2023,9,1,0,0.02337582956859504
8811aa6a63fffff,2023,10,1,0,0.023620790451953592
8811aa6a63fffff,2023,11,1,0,0.025884115641810618
8811aa6a63fffff,2023,12,1,0,0.02626229282954574
8811aa6a63fffff,2023,15,1,0,0.02534670208798903
8811aa6a63fffff,2024,0,1,0,0.02212218702125411
8811aa6a63fffff,2024,12,1,0,0.02421217052478366
8811aa6a63fffff,2024,14,1,0,0.02496852490025391
8811aa6a63fffff,2024,15,1,0,0.02534670208798903
8811aa6a63fffff,2024,16,1,0,0.02586075225300932
8811aa6a63fffff,2024,17,1,0,0.02815317876822136
8811aa6a63fffff,2024,18,1,0,0.028531355955956482
8811aa6a63fffff,2024,20,1,0,0.02928771033142673
8811aa6a63fffff,2024,21,2,0,0.027683701703042355
8811aa6a63fffff,2024,23,1,0,0.028634267057114717
8811aa6a65fffff,2022,7,1,0,0.08668245104894098
8811aa6a65fffff,2022,8,1,0,0.08722560253931629
8811aa6a65fffff,2022,17,1,0,0.09213768763214895
8811aa6a65fffff,2022,23,1,0,0.09316040782258785
8811aa6a65fffff,2023,6,1,0,0.08835439616596794
8811aa6a65fffff,2023,13,1,0,0.08911648847799192
8811aa6a65fffff,2024,12,1,0,0.08857333698761662
8811aa6a65fffff,2024,17,1,0,0.09405193695962587
8811aa6a67fffff,2022,15,1,0,0.04598964444711043
8811aa6a67fffff,2022,17,1,0,0.05019783987862914
8811aa6a67fffff,2022,22,1,0,0.048763159251215826
8811aa6a67fffff,2023,21,1,0,0.05017295690099808
8811aa6a67fffff,2024,9,1,0,0.045634830648176604
8811aa6a67fffff,2024,16,1,0,0.04623194865756038
8811aa6a67fffff,2024,18,1,0,0.049038425337792714
8811aa6a67fffff,2024,19,1,0,0.04941660252552784
8811aa6a67fffff,2024,20,1,0,0.04774465740850088
8811aa6a67fffff,2024,22,1,0,0.048763159251215826
8811aa6a69fffff,2022,6,1,0,0.033886129715362694
8811aa6a69fffff,2022,8,1,0,0.034344293483816186
8811aa6a69fffff,2022,11,1,0,0.033891867651916416
8811aa6a69fffff,2022,12,1,0,0.034270044839651535
8811aa6a69fffff,2022,14,2,0,0.03487730391161341
8811aa6a69fffff,2022,17,1,0,0.03788376115071747
8811aa6a69fffff,2022,19,2,0,0.03850424254890255
8811aa6a69fffff,2022,21,1,0,0.037858878173086405
8811aa6a69fffff,2023,8,2,0,0.03331923233143515
8811aa6a69fffff,2023,11,1,0,0.03547882504702156
8811aa6a69fffff,2023,13,1,0,0.03653337002950856
8811aa6a69fffff,2023,16,3,0,0.038394772138078216
8811aa6a69fffff,2023,17,1,0,0.035697765868670225
8811aa6a69fffff,2023,18,2,0,0.0388948612254532
8811aa6a69fffff,2023,20,1,1,0.03888241973663767
8811aa6a69fffff,2023,22,1,0,0.03990092157935262
8811aa6a69fffff,2023,23,1,0,0.03822897646232566
8811aa6a69fffff,2024,8,1,0,0.03245914548169429
8811aa6a69fffff,2024,12,1,0,0.035857002234756685
8811aa6a69fffff,2024,16,1,0,0.037369710985697184
8811aa6a69fffff,2024,17,1,0,0.035697765868670225
8811aa6a69fffff,2024,19,1,0,0.03850424254890255
8811aa6a69fffff,2024,21,1,0,0.03721047461961071
8811aa6a69fffff,2024,22,1,0,0.039011733404256746
8811aa6a6bfffff,2022,11,2,0,0.04084515252116322
8811aa6a6bfffff,2022,13,1,0,0.040576445744252426
8811aa6a6bfffff,2022,14,2,0,0.040954622931987546
8811aa6a6bfffff,2022,19,1,0,0.044895631175425256
8811aa6a6bfffff,2023,9,1,0,0.03906373699331193
8811aa6a6bfffff,2023,12,1,0,0.042248390861279385
8811aa6a6bfffff,2023,14,1,0,0.04300474523674964
8811aa6a6bfffff,2023,17,1,0,0.0422541287978331
8811aa6a6bfffff,2024,11,1,0,0.03982009136878218
8811aa6a6bfffff,2024,12,1,0,0.04019826855651731
8811aa6a6dfffff,2022,3,1,0,0.0043858282181590096
8811aa6a6dfffff,2022,8,2,1,0.007000394346026669
8811aa6a6dfffff,2022,12,1,0,0.007527275440530429
8811aa6a6dfffff,2022,14,1,0,0.006398481813878774
8811aa6a6dfffff,2023,7,1,0,0.005636389501854809
8811aa6a6dfffff,2023,16,2,0,0.008097410190409972
8811aa6a6dfffff,2023,17,1,0,0.007368039074443968
8811aa6a6dfffff,2024,3,1,0,0.0040091706192536495
8811aa6a6dfffff,2024,7,1,0,0.00525973190294945
8811aa6a6dfffff,2024,14,1,1,0.007771099239810155
8811aa6a6dfffff,2024,17,1,0,0.007533013377084148
8811aa6a6dfffff,2024,18,3,0,0.00791119056481927
8811aa6a6dfffff,2024,19,1,0,0.008124393449914216
8811aa6a6dfffff,2024,20,1,0,0.00850257063764934
8811aa6a6dfffff,2024,22,1,0,0.010169476033839964
8811aa6a81fffff,2022,8,1,0,0.055545566638412674
8811aa6a81fffff,2023,0,1,0,0.052782296603776375
8811aa6a81fffff,2023,3,1,0,0.054050044471358326
8811aa6a81fffff,2024,0,1,0,0.05308048721079313
8811aa6a81fffff,2024,22,1,1,0.062396345167991876
8811aa6a85fffff,2022,12,1,0,0.04100578213425057
8811aa6a85fffff,2022,18,2,0,0.04349187705281227
8811aa6a85fffff,2022,19,1,0,0.04365302244839644
8811aa6a85fffff,2023,8,1,0,0.03949307338331007
8811aa6a85fffff,2024,5,1,0,0.038620689287349394
8811aa6a85fffff,2024,7,1,0,0.03911489619557495
8811aa6a85fffff,2024,8,1,0,0.03949307338331007
8811aa6a85fffff,2024,12,1,0,0.04100578213425057
8811aa6a85fffff,2024,18,1,0,0.04546084054270855
8811aa6a85fffff,2024,19,1,0,0.045703144753158516
8811aa6a85fffff,2024,20,1,0,0.04403119963613156
8811aa6a85fffff,2024,21,2,0,0.045434437976247716
8811aa6a87fffff,2022,0,2,0,0.010912339589608445
8811aa6a87fffff,2022,6,1,0,0.00933154121544085
8811aa6a87fffff,2022,8,1,0,0.01213801789567318
8811aa6a87fffff,2022,13,1,0,0.012441946439243649
8811aa6a87fffff,2022,17,1,0,0.015541612585289294
8811aa6a87fffff,2022,18,3,0,0.01506557214604022
8811aa6a87fffff,2022,20,1,0,0.015651082996113626
8811aa6a87fffff,2022,22,3,0,0.016202345255066437
8811aa6a87fffff,2023,11,1,1,0.013272549458878551
8811aa6a87fffff,2023,12,1,0,0.011765578644491775
8811aa6a87fffff,2023,16,1,0,0.01516343539755417
8811aa6a87fffff,2023,18,3,0,0.015407259196833898
8811aa6a87fffff,2023,19,2,0,0.016297966960759542
8811aa6a87fffff,2023,22,1,0,0.01769464599120961
8811aa6a87fffff,2023,23,1,0,0.018072823178944736
8811aa6a87fffff,2024,0,1,0,0.007489599858914983
8811aa6a87fffff,2024,4,1,0,0.008837334307215299
8811aa6a87fffff,2024,13,1,0,0.011978781529586717
8811aa6a87fffff,2024,16,1,0,0.013249186070077251
8811aa6a87fffff,2024,17,1,0,0.016054143161479816
8811aa6a87fffff,2024,20,1,0,0.014626021843732585
8811aa6a87fffff,2024,21,2,0,0.01679805604813453
8811aa6a89fffff,2022,0,1,0,0.05267222055446699
8811aa6a89fffff,2022,3,1,0,0.052596452321472566
8811aa6a89fffff,2022,4,1,0,0.05418492930540749
8811aa6a89fffff,2022,14,1,0,0.05808121131441939
8811aa6a89fffff,2022,20,1,0,0.06035027444083013
8811aa6a89fffff,2023,0,1,0,0.05267222055446699
8811aa6a89fffff,2023,6,1,0,0.055055793812538396
8811aa6a89fffff,2023,17,1,0,0.057165620572862674
8811aa6a89fffff,2023,18,1,0,0.05959392006535988
8811aa6a89fffff,2023,19,1,0,0.05808694925097311
8811aa6a89fffff,2023,20,1,0,0.058300152136068054
8811aa6a89fffff,2023,22,1,0,0.061368776283545076
8811aa6a89fffff,2023,23,1,0,0.05969683116651812
8811aa6a89fffff,2024,9,1,0,0.05619032537574376
8811aa6a89fffff,2024,11,1,0,0.05506153174909212
8811aa6a89fffff,2024,15,1,0,0.056409266197392435
8811aa6a89fffff,2024,22,1,0,0.05948362828142317
8811aa6a8bfffff,2022,11,1,0,0.04362131159736219
8811aa6a8bfffff,2022,14,1,1,0.04475584316056756
8811aa6a8bfffff,2023,15,1,0,0.044835829741285936
8811aa6a8bfffff,2023,19,1,0,0.04634853849222643
8811aa6a8bfffff,2023,22,2,2,0.04891937397856591
8811aa6a8bfffff,2024,7,1,0,0.041810412239404945
8811aa6a8bfffff,2024,12,1,0,0.04416446308773749
8811aa6a8bfffff,2024,14,1,0,0.044622626856190985
8811aa6a8dfffff,2022,0,1,0,0.054426904192896954
8811aa6a8dfffff,2022,2,1,0,0.0551832585683672
8811aa6a8dfffff,2022,14,1,1,0.06121116905168932
8811aa6a8dfffff,2022,15,1,0,0.06000238884431929
8811aa6a8dfffff,2022,16,1,0,0.060082375425037665
8811aa6a8dfffff,2022,19,1,0,0.06310205499036493
8811aa6a8dfffff,2022,21,1,0,0.06348175176692983
8811aa6a8dfffff,2023,1,1,0,0.0546718650762555
8811aa6a8dfffff,2023,9,1,0,0.05727016080825162
8811aa6a8dfffff,2023,10,1,0,0.05781331229862693
8811aa6a8dfffff,2023,12,2,0,0.058487179522777086
8811aa6a8dfffff,2023,15,1,0,0.06121268864051909
8811aa6a8dfffff,2023,19,1,0,0.06135012329261961
8811aa6a8dfffff,2023,23,1,0,0.06299176320642823
8811aa6a8dfffff,2024,14,1,0,0.05916104674692724
8811aa6a8dfffff,2024,18,1,0,0.06113692040752467
8811aa6aa1fffff,2022,16,1,0,0.05755991759553786
8811aa6aa1fffff,2022,23,1,0,0.05893171364835686
8811aa6aa1fffff,2024,11,1,0,0.0520813176235286
8811aa6aa1fffff,2024,14,1,0,0.055265971491496056
8811aa6aa5fffff,2022,12,1,0,0.04360681649772458
8811aa6aa5fffff,2022,14,1,0,0.04590076260176639
8811aa6aa5fffff,2023,16,1,0,0.045119525248665075
8811aa6aa5fffff,2023,17,1,0,0.0436125544342783
8811aa6aa5fffff,2024,7,1,0,0.042526651742256234
8811aa6aa5fffff,2024,14,1,0,0.042313048568432744
8811aa6aa9fffff,2022,22,1,0,0.03786154934437599
8811aa6aa9fffff,2023,10,1,0,0.03319449192868638
8811aa6aa9fffff,2023,13,1,0,0.03608095518963708
8811aa6aa9fffff,2023,14,1,0,0.03799672410594376
8811aa6aa9fffff,2023,18,1,0,0.0379718411283127
8811aa6aa9fffff,2024,10,2,0,0.03400384962537076
8811aa6aa9fffff,2024,17,2,0,0.036568602788196534
8811aa6aa9fffff,2024,19,1,0,0.03646487031392592
8811aa6aa9fffff,2024,22,1,0,0.037696575041735805
8811aa6aabfffff,2022,8,2,0,0.054343002037722916
8811aa6aabfffff,2022,9,1,0,0.05472117922545804
8811aa6aabfffff,2022,14,1,0,0.05472691716201176
8811aa6aabfffff,2022,16,1,0,0.05736841953960391
8811aa6aabfffff,2022,19,1,0,0.056915993707704136
8811aa6aabfffff,2022,22,1,0,0.05989963013325935
8811aa6aabfffff,2023,13,1,0,0.05688229152987422
8811aa6aabfffff,2023,19,2,0,0.05728956115097557
8811aa6aabfffff,2023,20,1,0,0.058881128290544406
8811aa6aabfffff,2024,14,1,0,0.05661206516413366
8811aa6aabfffff,2024,17,3,0,0.0564251395165927
8811aa6aabfffff,2024,18,1,0,0.05979823862093088
8811aa6aabfffff,2024,22,1,0,0.05784950782849727
8811aa6aadfffff,2024,8,1,0,0.031443520776228404
8811aa6aadfffff,2024,18,1,0,0.0337168022503631
8811aa6ab1fffff,2022,14,1,0,0.06336288260873327
8811aa6ab1fffff,2022,15,1,0,0.06395539976564216
8811aa6ab1fffff,2022,19,1,0,0.06495557794039213
8811aa6ab1fffff,2023,11,1,0,0.06193016043851115
8811aa6ab1fffff,2023,15,1,0,0.061557721187329745
8811aa6ab1fffff,2023,19,1,0,0.06495557794039213
8811aa6ab1fffff,2024,3,1,0,0.05879023280496949
8811aa6ab9fffff,2022,12,1,0,0.05952740221330701
8811aa6ab9fffff,2022,16,1,0,0.06150327587390444
8811aa6ab9fffff,2022,17,1,0,0.06346841045674471
8811aa6ab9fffff,2023,1,1,0,0.057088725352148297
8811aa6ab9fffff,2023,10,1,0,0.058771047837836765
8811aa6ab9fffff,2023,13,1,0,0.05990557940104214
8811aa6ab9fffff,2023,14,1,0,0.06233387889353934
8811aa6ab9fffff,2023,18,1,0,0.06435911822067035
8811aa6ab9fffff,2024,1,1,0,0.05716719234403691
8811aa6ab9fffff,2024,8,1,0,0.05801469346236652
8811aa6ab9fffff,2024,21,1,0,0.06498111920768519
8811aa6abdfffff,2022,13,1,0,0.05135961964719269
8811aa6abdfffff,2022,23,1,0,0.05489100841559811
8811aa6abdfffff,2023,9,1,0,0.047796788591490114
8811aa6abdfffff,2023,19,1,0,0.05157856046884136
8811aa6abdfffff,2023,22,1,0,0.05656295353262506
8811aa6abdfffff,2024,8,2,0,0.04844367255613603
8811aa6abdfffff,2024,13,1,0,0.051657810254209444
8811aa6abdfffff,2024,14,2,0,0.052506592699213595
8811aa6abdfffff,2024,15,1,0,0.05211597402266294
8811aa6abdfffff,2024,16,1,0,0.050444028905635985
8811aa6abdfffff,2024,17,1,0,0.05287232839813319
8811aa6abdfffff,2024,18,1,0,0.053250505585868316
8811aa6abdfffff,2024,20,1,0,0.05400685996133856
8811aa6abdfffff,2024,21,1,0,0.05438503714907368
8811aa6ac1fffff,2022,2,1,0,0.0009213286781104272
8811aa6ac1fffff,2022,7,1,0,0.004058557552757893
8811aa6ac1fffff,2022,8,1,0,0.006350984067969936
8811aa6ac1fffff,2022,9,1,0,0.0051915695271335
8811aa6ac1fffff,2022,10,2,0,0.004544685562487584
8811aa6ac1fffff,2022,13,1,0,0.006704278278073995
8811aa6ac1fffff,2022,14,3,1,0.00810751661819016
8811aa6ac1fffff,2022,15,1,0,0.008998224382115803
8811aa6ac1fffff,2022,16,3,0,0.007542413782914074
8811aa6ac1fffff,2022,17,2,0,0.006315960027760787
8811aa6ac1fffff,2022,21,1,0,0.009729695779954986
8811aa6ac1fffff,2022,22,2,0,0.009344959282553767
8811aa6ac1fffff,2023,8,1,0,0.004813392339398376
8811aa6ac1fffff,2023,12,2,0,0.005301039937957832
8811aa6ac1fffff,2023,13,1,0,0.006704278278073995
8811aa6ac1fffff,2023,17,1,0,0.006166864724252411
8811aa6ac1fffff,2023,18,1,0,0.006545041911987535
8811aa6ac1fffff,2023,19,4,1,0.00964797286904418
8811aa6ac1fffff,2023,21,1,0,0.011267287508526548
8811aa6ac1fffff,2023,22,2,0,0.010370020434934808
8811aa6ac1fffff,2024,8,1,0,0.004813392339398376
8811aa6ac1fffff,2024,10,1,1,0.005569746714868625
8811aa6ac1fffff,2024,11,1,1,0.005947923902603748
8811aa6ac1fffff,2024,14,2,0,0.0068261901777138595
8811aa6ac1fffff,2024,16,3,0,0.007884100833707754
8811aa6ac1fffff,2024,17,2,0,0.008216987029014492
8811aa6ac1fffff,2024,18,1,0,0.006545041911987535
8811aa6ac1fffff,2024,19,2,0,0.0079482802521037
8811aa6ac1fffff,2024,22,1,0,0.011907612163506366
8811aa6ac1fffff,2024,23,1,0,0.01074819762266993
8811aa6ac3fffff,2022,8,2,0,0.058087094687175975
8811aa6ac3fffff,2022,9,1,0,0.05857244185949799
8811aa6ac3fffff,2022,10,1,0,0.06048821077580467
8811aa6ac3fffff,2022,11,1,0,0.06086638796353979
8811aa6ac3fffff,2022,12,2,1,0.05765685111794128
8811aa6ac3fffff,2022,13,1,0,0.058035028305676396
8811aa6ac3fffff,2022,19,1,0,0.062354213736849226
8811aa6ac3fffff,2022,22,1,0,0.06375089276729927
8811aa6ac3fffff,2023,5,1,0,0.055271758271040104
8811aa6ac3fffff,2023,8,1,0,0.058194264671762856
8811aa6ac3fffff,2023,10,1,0,0.05690049674247103
8811aa6ac3fffff,2023,12,1,0,0.059706973422703355
8811aa6ac3fffff,2023,16,3,0,0.06121968217364385
8811aa6ac3fffff,2023,17,1,0,0.06159785936137898
8811aa6ac3fffff,2023,19,1,0,0.062354213736849226
8811aa6ac3fffff,2023,22,1,0,0.06170077046253721
8811aa6ac3fffff,2024,9,1,0,0.05857244185949799
8811aa6ac3fffff,2024,10,1,0,0.05895061904723311
8811aa6ac3fffff,2024,14,1,0,0.06200091952674516
8811aa6ac3fffff,2024,16,1,0,0.06121968217364385
8811aa6ac3fffff,2024,18,1,0,0.062488567125304616
8811aa6ac3fffff,2024,22,1,0,0.06375089276729927
8811aa6ac5fffff,2022,12,1,0,0.006326101090338872
8811aa6ac5fffff,2022,13,1,0,0.004654155973311915
8811aa6ac5fffff,2022,14,1,0,0.007082455465809119
8811aa6ac5fffff,2022,15,1,0,0.007460632653544245
8811aa6ac5fffff,2022,17,2,0,0.006166864724252411
8811aa6ac5fffff,2022,18,1,0,0.008595164216749615
8811aa6ac5fffff,2022,19,1,0,0.00897334140448474
8811aa6ac5fffff,2023,7,1,0,0.005972806880234812
8811aa6ac5fffff,2023,14,1,0,0.0050323331610470385
8811aa6ac5fffff,2023,15,1,0,0.007758823260560996
8811aa6ac5fffff,2023,16,1,0,0.007838809841279366
8811aa6ac5fffff,2023,19,1,0,0.0069232190997226585
8811aa6ac5fffff,2024,7,1,0,0.006108679857519973
8811aa6ac5fffff,2024,8,1,0,0.0027632700346362955
8811aa6ac5fffff,2024,9,2,0,0.00450526081416781
8811aa6ac5fffff,2024,11,1,0,0.005947923902603748
8811aa6ac5fffff,2024,17,1,0,0.008729517605205012
8811aa6ac5fffff,2024,23,1,0,0.00869807531790785
8811aa6ac7fffff,2022,14,1,1,0.040854619192496174
8811aa6ac7fffff,2022,19,1,0,0.04069538282640971
8811aa6ac7fffff,2022,20,1,0,0.04312368231890691
8811aa6ac7fffff,2023,11,1,0,0.039720087629290794
8811aa6ac7fffff,2023,12,1,0,0.04009826481702592
8811aa6ac7fffff,2023,16,1,0,0.04161097356796641
8811aa6ac7fffff,2023,17,2,0,0.041989150755701546
8811aa6ac7fffff,2023,18,1,0,0.04048217994131476
8811aa6ac7fffff,2023,20,1,0,0.04107356001414483
8811aa6ac7fffff,2024,9,1,0,0.037078585251698645
8811aa6ac7fffff,2024,10,1,0,0.041015375147412395
8811aa6ac7fffff,2024,16,3,0,0.04097289045880744
8811aa6ac7fffff,2024,18,1,0,0.042367327943436665
8811aa6ac7fffff,2024,19,2,0,0.042232974554981276
8811aa6ac9fffff,2022,9,1,0,0.03463423507335482
8811aa6ac9fffff,2022,15,1,0,0.038953420504527644
8811aa6ac9fffff,2022,17,1,0,0.03970977487999789
8811aa6ac9fffff,2022,18,1,0,0.03803782976297094
8811aa6ac9fffff,2022,19,1,0,0.04046612925546814
8811aa6ac9fffff,2022,20,2,0,0.03981924529082223
8811aa6ac9fffff,2022,23,1,0,0.04167908923092922
8811aa6ac9fffff,2023,0,1,0,0.031492787850983396
8811aa6ac9fffff,2023,9,1,0,0.03822194910668846
8811aa6ac9fffff,2023,11,2,0,0.03539058944882507
8811aa6ac9fffff,2023,12,2,0,0.03679382778894123
8811aa6ac9fffff,2023,15,1,0,0.040491012233099206
8811aa6ac9fffff,2023,17,1,0,0.03765965257523581
8811aa6ac9fffff,2023,18,1,0,0.03803782976297094
8811aa6ac9fffff,2023,19,3,0,0.03961191162848394
8811aa6ac9fffff,2023,20,1,0,0.03879418413844119
8811aa6ac9fffff,2023,21,1,0,0.04276007535950995
8811aa6ac9fffff,2024,10,2,0,0.036806269277756765
8811aa6ac9fffff,2024,11,1,0,0.03555556375146525
8811aa6ac9fffff,2024,20,2,0,0.03879418413844119
8811aa6ac9fffff,2024,23,2,0,0.04051506494562909
8811aa6acdfffff,2022,14,2,0,0.03208505657615905
8811aa6acdfffff,2022,17,1,0,0.03230169697157027
8811aa6acdfffff,2023,8,1,0,0.028898102281954156
8811aa6acdfffff,2024,1,1,0,0.025922011866973856
8811aa6acdfffff,2024,13,1,0,0.030788988220629775
8811aa6acdfffff,2024,14,2,1,0.03029119955949223
8811aa6acdfffff,2024,16,2,0,0.03269231564812093
8811aa6ad1fffff,2022,2,1,0,0.0405124911363083
8811aa6ad1fffff,2022,8,1,0,0.04427133849321968
8811aa6ad1fffff,2022,11,1,0,0.045704060663441806
8811aa6ad1fffff,2022,13,1,0,0.046674755008085815
8811aa6ad1fffff,2022,18,1,0,0.04805311037057092
8811aa6ad1fffff,2022,21,1,0,0.04918764193377629
8811aa6ad1fffff,2023,5,1,0,0.04134883209249693
8811aa6ad1fffff,2023,11,1,0,0.046943461784996615
8811aa6ad1fffff,2023,12,1,0,0.04578404724416017
8811aa6ad1fffff,2023,17,1,0,0.04767493318283579
8811aa6ad1fffff,2023,21,1,0,0.04918764193377629
8811aa6ad1fffff,2024,14,1,0,0.046540401619630425
8811aa6ad1fffff,2024,19,1,0,0.049968879286877606
8811aa6ad3fffff,2022,2,3,0,0.06004379935609378
8811aa6ad3fffff,2022,3,3,0,0.060412276102043895
8811aa6ad3fffff,2022,4,1,0,0.06079045328977903
8811aa6ad3fffff,2022,5,1,0,0.06116863047751415
8811aa6ad3fffff,2022,8,1,0,0.0603675498676181
8811aa6ad3fffff,2022,10,1,0,0.06128887854572853
8811aa6ad3fffff,2022,13,1,0,0.062423410108933895
8811aa6ad3fffff,2022,14,1,0,0.06309977790368577
8811aa6ad3fffff,2022,19,1,0,0.06452749893270446
8811aa6ad3fffff,2022,20,1,0,0.06536884103009652
8811aa6ad3fffff,2022,22,3,0,0.06663638783499241
8811aa6ad3fffff,2023,3,1,0,0.060412276102043895
8811aa6ad3fffff,2023,4,1,1,0.060063582744414735
8811aa6ad3fffff,2023,12,1,0,0.06234342352821552
8811aa6ad3fffff,2023,17,1,0,0.06377114455723422
8811aa6ad3fffff,2023,20,2,0,0.06507065042307976
8811aa6ad3fffff,2023,22,1,0,0.0660891522657947
8811aa6ad3fffff,2024,13,1,1,0.06225843580629372
8811aa6ad3fffff,2024,15,1,0,0.06317976448440414
8811aa6ad3fffff,2024,18,1,0,0.06414932174496933
8811aa6ad3fffff,2024,19,2,0,0.06469247323534463
8811aa6ad3fffff,2024,20,2,0,0.06521974572658815
8811aa6ad5fffff,2022,9,1,0,0.05374807855113333
8811aa6ad5fffff,2022,13,1,0,0.05717503662955074
8811aa6ad5fffff,2022,14,2,0,0.05744604383269899
8811aa6ad5fffff,2022,17,1,0,0.0576626842281102
8811aa6ad5fffff,2022,23,1,0,0.061218955974146685
8811aa6ad5fffff,2023,12,1,0,0.054746737137053546
8811aa6ad5fffff,2023,14,1,0,0.05755321381728588
8811aa6ad5fffff,2023,15,1,0,0.057931391005020996
8811aa6ad5fffff,2023,16,1,0,0.05830956819275612
8811aa6ad5fffff,2023,19,1,0,0.05739397745119942
8811aa6ad5fffff,2024,3,1,1,0.053655412219444205
8811aa6ad5fffff,2024,7,1,0,0.05299172417566309
8811aa6ad5fffff,2024,8,2,0,0.054490671993322554
8811aa6ad5fffff,2024,9,1,0,0.05566232787861026
8811aa6ad5fffff,2024,15,1,0,0.057931391005020996
8811aa6ad5fffff,2024,17,1,0,0.05868774538049125
8811aa6ad5fffff,2024,18,1,0,0.05906592256822637
8811aa6ad5fffff,2024,19,2,0,0.059444099755961495
8811aa6ad5fffff,2024,20,2,0,0.058797215791315575
8811aa6ad5fffff,2024,21,3,0,0.059357731494884
8811aa6ad7fffff,2022,5,1,0,0.046025069804385886
8811aa6ad7fffff,2022,8,1,0,0.046599263293329814
8811aa6ad7fffff,2022,17,1,0,0.050002857982945924
8811aa6ad7fffff,2023,22,1,0,0.054041039390988144
8811aa6ad7fffff,2024,7,1,0,0.04651927671261144
8811aa6ad7fffff,2024,14,1,0,0.04900154272411713
8811aa6ad7fffff,2024,19,1,0,0.05226770276163272
8811aa6ad7fffff,2024,22,1,0,0.05455356996717867
8811aa6ad7fffff,2024,23,1,1,0.05353002840362739
8811aa6ad9fffff,2022,4,1,0,0.04174856558175058
8811aa6ad9fffff,2022,6,1,0,0.042242772489976134
8811aa6ad9fffff,2022,9,1,0,0.043212329750541324
8811aa6ad9fffff,2022,10,1,0,0.04615315981922906
8811aa6ad9fffff,2022,12,1,1,0.04639698361850878
8811aa6ad9fffff,2022,13,1,0,0.04518820341113876
8811aa6ad9fffff,2022,16,2,0,0.06924764776999844
8811aa6ad9fffff,2022,17,1,0,0.04653593785943907
8811aa6ad9fffff,2022,18,1,0,0.04726432799363312
8811aa6ad9fffff,2022,20,2,0,0.049678666408485034
8811aa6ad9fffff,2022,23,1,0,0.04876895784607776
8811aa6ad9fffff,2023,0,2,0,0.04015336967949
8811aa6ad9fffff,2023,8,2,0,0.043859213715187244
8811aa6ad9fffff,2023,9,2,0,0.043212329750541324
8811aa6ad9fffff,2023,10,1,0,0.04359050693827646
8811aa6ad9fffff,2023,14,1,0,0.045268189991857125
8811aa6ad9fffff,2023,16,1,0,0.049447284098020836
8811aa6ad9fffff,2023,18,1,0,0.05020363847349109
8811aa6ad9fffff,2023,21,1,0,0.04980057830812489
8811aa6ad9fffff,2023,22,2,0,0.050184637675009455
8811aa6ad9fffff,2024,0,1,0,0.04023585683081009
8811aa6ad9fffff,2024,2,1,0,0.04099221120628034
8811aa6ad9fffff,2024,8,1,0,0.04693439717233036
8811aa6ad9fffff,2024,9,1,0,0.043377304053181506
8811aa6ad9fffff,2024,10,1,0,0.0471782209716101
8811aa6ad9fffff,2024,11,1,0,0.046018806430773655
8811aa6ad9fffff,2024,13,1,0,0.04728769138243443
8811aa6ad9fffff,2024,15,1,0,0.045481392876952076
8811aa6ad9fffff,2024,16,2,1,0.046589132433028674
8811aa6ad9fffff,2024,17,4,0,0.048612071333922244
8811aa6ad9fffff,2024,19,2,0,0.048855895133201974
8811aa6ad9fffff,2024,20,1,0,0.047372278815627694
8811aa6ad9fffff,2024,21,1,0,0.04980057830812489
8811aa6adbfffff,2022,2,1,0,0.03822842907037717
8811aa6adbfffff,2022,13,2,0,0.04332506995737505
8811aa6adbfffff,2022,15,1,0,0.04285348371833407
8811aa6adbfffff,2022,16,2,0,0.04420333623248516
8811aa6adbfffff,2022,17,1,1,0.04552408742128123
8811aa6adbfffff,2023,0,1,0,0.03730710039226674
8811aa6adbfffff,2023,12,1,0,0.041748053480483716
8811aa6adbfffff,2023,17,1,0,0.043638939419159334
8811aa6adbfffff,2024,13,1,0,0.04196125636557866
8811aa6adbfffff,2024,18,1,0,0.045902264609016356
8811aa6adbfffff,2024,19,1,0,0.04628044179675148
8811aa6adbfffff,2024,20,1,0,0.0466586189844866
8811aa6adbfffff,2024,21,1,0,0.04703679617222173
8811aa6addfffff,2022,7,1,0,0.020866915769622407
8811aa6addfffff,2022,9,1,0,0.02145829584245247
8811aa6addfffff,2022,10,1,0,0.02388659533494968
8811aa6addfffff,2022,12,1,0,0.022757801708298026
8811aa6addfffff,2022,13,1,0,0.025021126898155048
8811aa6addfffff,2022,14,1,0,0.02351415608376827
8811aa6addfffff,2022,16,2,0,0.02615565846136042
8811aa6addfffff,2022,17,1,0,0.026533835649095547
8811aa6addfffff,2022,23,1,0,0.027179898240629084
8811aa6addfffff,2023,17,2,0,0.025508774496714504
8811aa6addfffff,2023,20,3,1,0.028010054263094594
8811aa6addfffff,2024,6,1,0,0.020323764279247102
8811aa6addfffff,2024,9,1,0,0.023508418147214553
8811aa6addfffff,2024,17,1,0,0.026533835649095547
8811aa6ae1fffff,2022,12,1,0,0.04649416933737124
8811aa6ae1fffff,2022,18,1,0,0.0467131101590199
8811aa6ae1fffff,2022,20,1,0,0.04951958683925223
8811aa6ae1fffff,2023,7,1,0,0.04255316109393354
8811aa6ae1fffff,2023,13,1,0,0.04482222422034428
8811aa6ae1fffff,2023,15,1,0,0.04916629262914817
8811aa6ae1fffff,2023,18,2,0,0.050300824192353544
8811aa6ae1fffff,2023,19,1,0,0.05067900138008866
8811aa6ae1fffff,2024,15,1,0,0.04762870090057661
8811aa6ae1fffff,2024,17,2,1,0.047427930612308405
8811aa6ae1fffff,2024,19,1,0,0.04914140965151711
8811aa6ae1fffff,2024,22,1,0,0.048487966377205094
8811aa6ae3fffff,2022,0,1,0,0.01946810437223901
8811aa6ae3fffff,2022,7,1,0,0.021126326673775894
8811aa6ae3fffff,2022,15,1,1,0.07181708776137526
8811aa6ae3fffff,2022,16,1,0,0.025256791908756297
8811aa6ae3fffff,2022,19,1,0,0.027280511647057547
8811aa6ae3fffff,2022,21,1,1,0.02693333787825815
8811aa6ae3fffff,2023,6,1,0,0.022364208206500934
8811aa6ae3fffff,2023,13,1,0,0.023126300518524903
8811aa6ae3fffff,2024,6,1,0,0.020479060204379035
8811aa6ae3fffff,2024,8,1,0,0.023120562581971187
8811aa6ae3fffff,2024,10,1,0,0.02199176895531953
8811aa6ae3fffff,2024,12,2,0,0.023419881381077957
8811aa6ae3fffff,2024,18,1,0,0.024852212154560342
8811aa6ae5fffff,2022,13,1,0,0.03347858900759683
8811aa6ae5fffff,2022,14,1,0,0.033856766195331955
8811aa6ae5fffff,2022,22,1,0,0.0361192700120766
8811aa6ae5fffff,2023,13,2,0,0.03245352785521578
8811aa6ae5fffff,2023,15,1,0,0.032184821078305
8811aa6ae5fffff,2023,16,2,0,0.0346131205708022
8811aa6ae5fffff,2024,10,1,0,0.03285658802058198
8811aa6ae5fffff,2024,13,1,0,0.03361446198488199
8811aa6ae7fffff,2022,0,1,0,0.057218140762712554
8811aa6ae7fffff,2022,2,1,0,0.05818883510735656
8811aa6ae7fffff,2022,8,1,1,0.05968322019033209
8811aa6ae7fffff,2022,18,2,0,0.06253564039284559
8811aa6ae7fffff,2022,21,1,0,0.06390175441087943
8811aa6ae7fffff,2023,0,1,0,0.0569199501556958
8811aa6ae7fffff,2023,17,1,1,0.06311591620530323
8811aa6ae7fffff,2023,19,1,0,0.06268223512575226
8811aa6ae7fffff,2023,20,1,0,0.06335860292050413
8811aa6ae7fffff,2023,21,1,0,0.0634385895012225
8811aa6ae7fffff,2024,6,1,0,0.058955967140216864
8811aa6ae7fffff,2024,9,1,0,0.05906543755104119
8811aa6ae7fffff,2024,10,1,0,0.06300222744675493
8811aa6ae7fffff,2024,12,1,0,0.06019996911424656
8811aa6ae7fffff,2024,18,1,0,0.06435418024277921
8811aa6ae7fffff,2024,23,1,0,0.06613055604979416
8811aa6ae9fffff,2022,13,2,0,0.028974540806815472
8811aa6ae9fffff,2023,13,1,0,0.027800384350926056
8811aa6ae9fffff,2024,18,2,1,0.03174139259436376
8811aa6ae9fffff,2024,22,1,0,0.03402877938873947
8811aa6aebfffff,2022,7,1,0,0.04904220426551538
8811aa6aebfffff,2022,9,1,0,0.05168370664310753
8811aa6aebfffff,2022,14,1,0,0.053574592581783154
8811aa6aebfffff,2022,19,1,0,0.05700307024903033
8811aa6aebfffff,2023,8,1,0,0.052843121183943964
8811aa6aebfffff,2023,10,1,0,0.052061883830842655
8811aa6aebfffff,2023,17,1,0,0.052794874817511606
8811aa6aebfffff,2023,20,2,0,0.05481859455581285
8811aa6aebfffff,2023,23,1,0,0.05519021243388188
8811aa6aebfffff,2024,9,1,0,0.05168370664310753
8811aa6aebfffff,2024,13,1,0,0.05319641539404802
8811aa6aebfffff,2024,14,1,0,0.05152447027702107
8811aa6aebfffff,2024,15,1,0,0.05395276976951827
8811aa6aebfffff,2024,19,1,0,0.05713894322631549
8811aa6aedfffff,2022,7,1,0,0.04851206327120787
8811aa6aedfffff,2022,19,1,0,0.05458778125260092
8811aa6aedfffff,2022,23,1,0,0.05293989774009265
8811aa6aedfffff,2024,7,1,0,0.04646194096644579
8811aa6aedfffff,2024,10,1,0,0.04964659483441325
8811aa6aedfffff,2024,17,1,0,0.052293835148559106
8811aa6aedfffff,2024,21,1,0,0.05431907447569012
8811aa6b01fffff,2022,7,1,0,0.04677652690135362
8811aa6b01fffff,2022,13,1,0,0.04545787599443073
8811aa6b01fffff,2022,19,1,0,0.04977706142560355
8811aa6b01fffff,2023,7,2,0,0.04318881286801998
8811aa6b01fffff,2023,18,1,0,0.047348761933106345
8811aa6b01fffff,2023,20,1,0,0.050155238613338676
8811aa6b01fffff,2024,11,1,0,0.04470152161896048
8811aa6b01fffff,2024,12,1,0,0.0450796988066956
8811aa6b01fffff,2024,13,1,0,0.04545787599443073
8811aa6b01fffff,2024,15,1,0,0.04621423036990098
8811aa6b01fffff,2024,17,1,0,0.04902070705013331
8811aa6b01fffff,2024,19,1,0,0.04772693912084147
8811aa6b01fffff,2024,22,1,0,0.04912361815129154
8811aa6b03fffff,2022,5,1,0,0.06047332304224104
8811aa6b03fffff,2022,9,1,0,0.06172388432593683
8811aa6b03fffff,2022,11,1,0,0.06264521300404727
8811aa6b03fffff,2022,17,1,0,0.06833701586115147
8811aa6b03fffff,2023,9,1,0,0.0637740066306989
8811aa6b03fffff,2023,18,1,0,0.06731347429760018
8811aa6b03fffff,2024,13,1,0,0.06528671538163941
8811aa6b03fffff,2024,18,2,0,0.06647674194467183
8811aa6b03fffff,2024,20,1,0,0.0658838333910232
8811aa6b03fffff,2024,21,2,0,0.06626201057875833
8811aa6b03fffff,2024,22,1,0,0.06720052584075488
8811aa6b05fffff,2022,8,1,0,0.09634559254802832
8811aa6b05fffff,2022,18,1,0,0.10012736442537958
8811aa6b05fffff,2023,17,1,0,0.10179930954240653
8811aa6b05fffff,2023,22,1,0,0.10190222064356476
8811aa6b05fffff,2024,4,1,0,0.09676849597018926
8811aa6b07fffff,2024,11,1,0,0.0608150006543177
8811aa6b09fffff,2022,0,1,0,0.061251275928451886
8811aa6b09fffff,2022,3,1,0,0.06033568518689517
8811aa6b09fffff,2022,8,2,0,0.06307197196202723
8811aa6b09fffff,2022,11,1,1,0.06309895522153147
8811aa6b09fffff,2022,16,1,0,0.06498984116020709
8811aa6b09fffff,2022,17,1,0,0.06793067122889482
8811aa6b09fffff,2022,23,1,0,0.06994935124635973
8811aa6b09fffff,2023,6,1,0,0.061208069282855854
8811aa6b09fffff,2023,9,1,0,0.062342600846061226
8811aa6b09fffff,2023,12,3,0,0.06501472413783815
8811aa6b09fffff,2023,15,1,0,0.06461166397247196
8811aa6b09fffff,2023,16,1,0,0.06857755519354074
8811aa6b09fffff,2023,18,1,0,0.06620936044533426
8811aa6b09fffff,2023,21,1,0,0.06893084940364479
8811aa6b09fffff,2023,23,2,0,0.06918055538207396
8811aa6b09fffff,2024,9,1,0,0.06490525372701382
8811aa6b09fffff,2024,11,1,0,0.06514907752629354
8811aa6b09fffff,2024,12,1,0,0.06347713240926658
8811aa6b09fffff,2024,13,1,0,0.06488037074938276
8811aa6b09fffff,2024,17,1,0,0.06793067122889482
8811aa6b09fffff,2024,19,2,0,0.0684307603162698
8811aa6b09fffff,2024,20,3,1,0.06735676753813177
8811aa6b0bfffff,2022,6,1,0,0.0020069156591660474
8811aa6b0bfffff,2022,9,3,0,0.00570410010332402
8811aa6b0bfffff,2022,10,1,0,0.0036845987127467226
8811aa6b0bfffff,2022,13,1,0,0.006113280709994869
8811aa6b0bfffff,2022,14,1,0,0.007082455465809119
8811aa6b0bfffff,2022,15,1,0,0.005410510348782162
8811aa6b0bfffff,2022,17,3,0,0.008145540372623236
8811aa6b0bfffff,2022,18,1,0,0.010132755945321176
8811aa6b0bfffff,2022,19,1,0,0.00897334140448474
8811aa6b0bfffff,2023,4,1,0,0.0015127087509404957
8811aa6b0bfffff,2023,7,1,0,0.0025500671495413516
8811aa6b0bfffff,2023,8,1,0,0.0029282443372764754
8811aa6b0bfffff,2023,18,1,0,0.009243567770225296
8811aa6b0bfffff,2023,20,2,0,0.009607783880315123
8811aa6b0bfffff,2024,1,1,0,0.0003781771877351238
8811aa6b0bfffff,2024,6,1,0,0.003680380365022769
8811aa6b0bfffff,2024,8,1,0,0.004813392339398376
8811aa6b0bfffff,2024,9,1,0,0.0031414472223714194
8811aa6b0bfffff,2024,15,2,0,0.005724579954930718
8811aa6b0bfffff,2024,16,1,0,0.005788687536517286
8811aa6b0dfffff,2022,13,2,0,0.05802373576066097
8811aa6b0dfffff,2022,14,1,0,0.05853778592568126
8811aa6b0dfffff,2022,15,1,0,0.05878009013613122
8811aa6b0dfffff,2022,19,1,0,0.060292798887071716
8811aa6b0dfffff,2022,20,2,0,0.05862085377004476
8811aa6b0dfffff,2023,8,1,0,0.05613284982198535
8811aa6b0dfffff,2023,11,2,0,0.05624232023280969
8811aa6b0dfffff,2023,13,1,0,0.05802373576066097
8811aa6b0dfffff,2023,15,1,0,0.05878009013613122
8811aa6b0dfffff,2023,16,1,0,0.057571309928761194
8811aa6b0dfffff,2023,17,1,0,0.06107403624017303
8811aa6b0dfffff,2023,18,2,0,0.05786449939457451
8811aa6b0dfffff,2023,19,1,0,0.05824267658230964
8811aa6b0dfffff,2023,21,1,0,0.058999030957779884
8811aa6b0dfffff,2024,6,1,0,0.053491347444393204
8811aa6b0dfffff,2024,7,1,0,0.05575467263425023
8811aa6b0dfffff,2024,10,1,0,0.055004056195333696
8811aa6b0dfffff,2024,11,1,0,0.05538223338306882
8811aa6b0dfffff,2024,12,1,0,0.05576041057080395
8811aa6b0dfffff,2024,13,1,0,0.05802373576066097
8811aa6b0dfffff,2024,18,2,0,0.05888956054695555
8811aa6b0dfffff,2024,19,2,0,0.060292798887071716
8811aa6b0dfffff,2024,20,1,0,0.060670976074806836
8811aa6b0dfffff,2024,21,1,0,0.058999030957779884
8811aa6b0dfffff,2024,22,1,0,0.06168947791752178
8811aa6b11fffff,2022,0,1,0,0.016260499647653588
8811aa6b11fffff,2022,12,1,0,0.022722473715277622
8811aa6b11fffff,2023,10,1,0,0.020292654633950653
8811aa6b11fffff,2024,17,1,0,0.024477486676668082
8811aa6b11fffff,2024,19,2,0,0.022671188171185727
8811aa6b17fffff,2022,17,1,0,0.04937486911995667
8811aa6b17fffff,2024,8,1,0,0.04583805812596398
8811aa6b17fffff,2024,10,1,0,0.046594412501434236
8811aa6b17fffff,2024,18,1,0,0.05201750858162764
8811aa6b19fffff,2023,21,1,1,0.10108553251306046
8811aa6b19fffff,2024,4,1,0,0.09491866778880804
8811aa6b19fffff,2024,17,1,0,0.10162294606688205
8811aa6b1dfffff,2022,12,2,0,0.06618579499809867
8811aa6b1dfffff,2022,17,1,0,0.06621488743146488
8811aa6b1dfffff,2023,4,2,0,0.06156073145815297
8811aa6b1dfffff,2023,10,2,0,0.06587403471017636
8811aa6b1dfffff,2023,19,2,0,0.06799630295931616
8811aa6b1dfffff,2024,1,1,0,0.0604261998949476
8811aa6b1dfffff,2024,10,1,0,0.0656177694220811
8811aa6b1dfffff,2024,11,1,0,0.06394582430505413
8811aa6b1dfffff,2024,13,1,0,0.06675230098528646
8811aa6b1dfffff,2024,14,2,0,0.06815553932540264
8811aa6b1dfffff,2024,15,1,0,0.06750865536075672
8811aa6b1dfffff,2024,16,1,0,0.06583671024372975
8811aa6b1dfffff,2024,18,1,0,0.0667580389218402
8811aa6b1dfffff,2024,19,3,0,0.06902136411169721
8811aa6b21fffff,2022,0,1,0,0.0684842110986189
8811aa6b21fffff,2022,14,1,0,0.07351654425966593
8811aa6b21fffff,2022,22,1,0,0.0768041092287916
8811aa6b23fffff,2022,18,1,0,0.02338295028680373
8811aa6b23fffff,2024,10,1,0,0.02240765508968482
8811aa6b23fffff,2024,19,1,0,0.023761127474538853
8811aa6b25fffff,2024,16,1,0,0.1325023968057966
8811aa6b27fffff,2022,8,1,0,0.03194364577924566
8811aa6b27fffff,2022,10,1,0,0.03270000015471591
8811aa6b27fffff,2022,14,1,0,0.034212708905656405
8811aa6b27fffff,2023,14,1,0,0.03216258660089433
8811aa6b27fffff,2023,20,2,0,0.03548541387238439
8811aa6b27fffff,2023,22,1,0,0.03801280445097261
8811aa6b27fffff,2024,15,1,0,0.03459088609339153
8811aa6b27fffff,2024,21,1,3,0.03597076104470639
8811aa6b2bfffff,2023,14,1,0,0.06615633459726138
8811aa6b2bfffff,2023,19,1,0,0.06788224623329682
8811aa6b2dfffff,2024,19,1,0,0.12853334074462816
8811aa6b31fffff,2023,20,1,0,0.1076765925973966
8811aa6b31fffff,2024,21,1,0,0.10821974408777191
8811aa6b33fffff,2022,5,1,0,0.0720862465202589
8811aa6b33fffff,2023,13,1,0,0.07843723058822885
8811aa6b33fffff,2023,18,2,0,0.07740335670972402
8811aa6b33fffff,2024,7,1,0,0.07463057573324654
8811aa6b33fffff,2024,8,1,0,0.07342179552587652
8811aa6b33fffff,2024,9,1,0,0.07333680780395471
8811aa6b33fffff,2024,16,1,0,0.07598404811810057
8811aa6b33fffff,2024,18,1,0,0.07674040249357082
8811aa6b37fffff,2022,14,1,0,0.15813331368174077
8811aa6b37fffff,2024,17,1,0,0.15926784524494614
8811aa6b39fffff,2022,10,1,0,0.010777707384724496
8811aa6b39fffff,2022,12,1,0,0.013419209762316643
8811aa6b39fffff,2022,17,1,0,0.013259973396230182
8811aa6b39fffff,2024,21,1,1,0.01493765644981086
8811aa6b39fffff,2024,22,1,0,0.01587617171180743
8811aa6b3bfffff,2022,4,1,0,0.014405795305311669
8811aa6b3bfffff,2022,12,1,0,0.015417133642202636
8811aa6b3bfffff,2023,9,1,0,0.013984411471980512
8811aa6b3bfffff,2023,15,1,0,0.017926939304247977
8811aa6b41fffff,2022,1,1,0,0.041576819342604265
8811aa6b41fffff,2022,9,2,0,0.04339751537617961
8811aa6b41fffff,2022,11,1,0,0.04304632144794873
8811aa6b41fffff,2022,12,1,0,0.04388766354534078
8811aa6b41fffff,2022,13,1,0,0.04739038985675261
8811aa6b41fffff,2022,14,2,0,0.04663633590751982
8811aa6b41fffff,2022,15,1,0,0.04485722080590598
8811aa6b41fffff,2022,18,4,0,0.04680111006579572
8811aa6b41fffff,2022,19,2,0,0.04801469127000492
8811aa6b41fffff,2022,20,1,0,0.04644991613756484
8811aa6b41fffff,2022,23,1,0,0.04952005987387163
8811aa6b41fffff,2023,3,1,0,0.04028305141331243
8811aa6b41fffff,2023,6,1,0,0.041155435509273114
8811aa6b41fffff,2023,9,1,0,0.04434008937724056
8811aa6b41fffff,2023,10,1,0,0.04523079714116621
8811aa6b41fffff,2023,11,1,0,0.04471978615380545
8811aa6b41fffff,2023,12,2,0,0.04573088622854119
8811aa6b41fffff,2023,13,1,0,0.04739038985675261
8811aa6b41fffff,2023,15,1,0,0.0466091525036513
8811aa6b41fffff,2023,17,1,0,0.04736550687912155
8811aa6b41fffff,2023,18,1,1,0.047743684066856674
8811aa6b41fffff,2023,20,2,0,0.04831170964287425
8811aa6b41fffff,2023,23,2,0,0.04784659516801491
8811aa6b41fffff,2024,1,2,0,0.03952669703784219
8811aa6b41fffff,2024,3,1,0,0.04028305141331243
8811aa6b41fffff,2024,7,1,0,0.04153361269700823
8811aa6b41fffff,2024,8,1,0,0.04191178988474335
8811aa6b41fffff,2024,11,3,0,0.045267287278107644
8811aa6b41fffff,2024,12,2,0,0.04444955978806489
8811aa6b41fffff,2024,14,1,0,0.04447904361817085
8811aa6b41fffff,2024,15,1,0,0.044559030198889224
8811aa6b41fffff,2024,17,4,0,0.0464229328780606
8811aa6b41fffff,2024,19,2,0,0.04709680010221076
8811aa6b41fffff,2024,20,1,0,0.046614890440205024
8811aa6b43fffff,2022,1,1,3,0.04867559145971192
8811aa6b43fffff,2022,8,1,0,0.052974933634090005
8811aa6b43fffff,2022,9,1,0,0.049765396788491484
8811aa6b43fffff,2022,17,2,0,0.054072140730848775
8811aa6b43fffff,2022,20,1,0,0.05648799873453045
8811aa6b43fffff,2023,7,2,0,0.05105916471778332
8811aa6b43fffff,2023,10,1,0,0.050308548278866785
8811aa6b43fffff,2023,15,1,0,0.054084582219664314
8811aa6b43fffff,2023,16,2,0,0.053437698255018394
8811aa6b43fffff,2023,18,1,0,0.0531689914781076
8811aa6b43fffff,2023,19,1,0,0.05354716866584273
8811aa6b43fffff,2024,7,1,0,0.05105916471778332
8811aa6b43fffff,2024,11,1,0,0.05424533817458054
8811aa6b43fffff,2024,14,1,0,0.05370640503192919
8811aa6b43fffff,2024,16,1,0,0.052412637102637355
8811aa6b43fffff,2024,17,2,0,0.05484093659513456
8811aa6b45fffff,2022,10,1,0,0.05832389545602977
8811aa6b45fffff,2022,11,1,0,0.06023966437233645
8811aa6b45fffff,2022,18,1,0,0.06134931295791076
8811aa6b45fffff,2022,19,3,0,0.061044116044058516
8811aa6b45fffff,2022,20,1,0,0.06364325906195256
8811aa6b45fffff,2022,21,1,0,0.060896887126010976
8811aa6b45fffff,2022,22,1,0,0.06312416917609594
8811aa6b45fffff,2022,23,1,0,0.06350234636383106
8811aa6b45fffff,2023,5,1,0,0.05669515698459884
8811aa6b45fffff,2023,8,2,0,0.05551741877579744
8811aa6b45fffff,2023,12,1,0,0.05908024983150001
8811aa6b45fffff,2023,13,1,0,0.059458427019235136
8811aa6b45fffff,2023,14,2,0,0.05786896905352827
8811aa6b45fffff,2023,15,1,0,0.061752373123276944
8811aa6b45fffff,2023,17,2,0,0.059946074617794595
8811aa6b45fffff,2024,1,1,0,0.05378072948237195
8811aa6b45fffff,2024,8,2,0,0.058336336944845295
8811aa6b45fffff,2024,9,1,0,0.057945718268294644
8811aa6b45fffff,2024,11,1,0,0.05665195033900281
8811aa6b45fffff,2024,15,1,0,0.06021478139470538
8811aa6b45fffff,2024,17,3,1,0.06034275310280166
8811aa6b45fffff,2024,18,2,0,0.061605578246006015
8811aa6b45fffff,2024,19,2,0,0.06070242899326484
8811aa6b45fffff,2024,22,1,0,0.0634223597831127
8811aa6b47fffff,2022,4,1,0,0.04001973319542224
8811aa6b47fffff,2022,8,1,0,0.039220172174355965
8811aa6b47fffff,2022,9,1,0,0.04318606339542473
8811aa6b47fffff,2022,13,2,0,0.04213611926541262
8811aa6b47fffff,2022,20,1,0,0.04392327272981763
8811aa6b47fffff,2023,17,2,0,0.042623766863972075
8811aa6b47fffff,2023,22,1,0,0.04682692257465448
8811aa6b47fffff,2024,8,1,0,0.039220172174355965
8811aa6b47fffff,2024,10,1,0,0.042026648854588296
8811aa6b47fffff,2024,11,2,0,0.042472762530966
8811aa6b47fffff,2024,14,1,0,0.04353935760552879
8811aa6b47fffff,2024,17,1,0,0.04467388916873415
8811aa6b47fffff,2024,18,3,0,0.044539535780278756
8811aa6b47fffff,2024,20,1,0,0.04580842073193953
8811aa6b49fffff,2022,12,2,0,0.025957569749357295
8811aa6b49fffff,2022,13,1,0,0.02595908933818706
8811aa6b49fffff,2023,0,1,0,0.022706652116161543
8811aa6b49fffff,2023,14,1,1,0.028037175884225336
8811aa6b49fffff,2023,20,1,0,0.030008048403619324
8811aa6b49fffff,2024,8,1,0,0.02546992215079784
8811aa6b49fffff,2024,15,1,0,0.026067040160181625
8811aa6b4bfffff,2022,12,1,0,0.04737279607587113
8811aa6b4bfffff,2022,19,2,0,0.05102921854326624
8811aa6b4bfffff,2022,23,1,0,0.05162991830556201
8811aa6b4bfffff,2023,3,1,0,0.04406637455085953
8811aa6b4bfffff,2023,11,1,0,0.05041735861882947
8811aa6b4bfffff,2023,15,1,0,0.04834235333643632
8811aa6b4bfffff,2024,7,1,0,0.04766524874633416
8811aa6b4dfffff,2022,10,2,0,0.05887906859108351
8811aa6b4dfffff,2022,23,1,0,0.06420661480239317
8811aa6b4dfffff,2023,6,1,0,0.058890729242491356
8811aa6b4dfffff,2023,11,2,0,0.05917608696395284
8811aa6b4dfffff,2023,15,1,0,0.060620859226250746
8811aa6b4dfffff,2023,16,1,0,0.06099903641398587
8811aa6b4dfffff,2023,17,1,0,0.06137721360172099
8811aa6b4dfffff,2023,18,1,0,0.06534310482278975
8811aa6b4dfffff,2023,22,1,0,0.06558036931240338
8811aa6b4dfffff,2023,23,2,0,0.0653388459393611
8811aa6b4dfffff,2024,6,1,0,0.05721726453663463
8811aa6b4dfffff,2024,9,1,0,0.05835179609984
8811aa6b4dfffff,2024,10,2,1,0.05887906859108351
8811aa6b4dfffff,2024,11,1,0,0.059108150475310255
8811aa6b4dfffff,2024,12,1,0,0.06153644996780745
8811aa6b4dfffff,2024,18,1,0,0.06175539078945612
8811aa6b4dfffff,2024,19,2,1,0.062133567977191245
8811aa6b4dfffff,2024,20,1,0,0.06456186746968844
8811aa6b51fffff,2022,2,1,0,0.013890005636252752
8811aa6b51fffff,2022,8,1,0,0.0158969212954188
8811aa6b51fffff,2022,11,1,0,0.019081575163386252
8811aa6b51fffff,2022,12,2,0,0.019285974214346205
8811aa6b51fffff,2022,14,2,0,0.021241167878972664
8811aa6b51fffff,2022,15,2,0,0.019569222761945705
8811aa6b51fffff,2022,16,2,0,0.01994739994968083
8811aa6b51fffff,2022,17,1,0,0.022888230018368556
8811aa6b51fffff,2022,18,1,0,0.02224134605372264
8811aa6b51fffff,2022,19,2,0,0.022106992665267246
8811aa6b51fffff,2022,20,2,0,0.021460108700621327
8811aa6b51fffff,2022,22,1,0,0.02145354939095523
8811aa6b51fffff,2023,4,1,0,0.01823407404505664
8811aa6b51fffff,2023,6,1,0,0.015140566919948552
8811aa6b51fffff,2023,7,1,0,0.015518744107683674
8811aa6b51fffff,2023,11,1,1,0.01703145285862417
8811aa6b51fffff,2023,15,1,0,0.020594283914326748
8811aa6b51fffff,2023,17,2,0,0.02073226606547389
8811aa6b51fffff,2023,18,1,0,0.02172881547753212
8811aa6b51fffff,2023,22,2,0,0.02145354939095523
8811aa6b51fffff,2023,23,1,0,0.021831726578690355
8811aa6b51fffff,2024,7,1,0,0.017568866412445757
8811aa6b51fffff,2024,9,1,1,0.016275098483153925
8811aa6b51fffff,2024,10,1,1,0.018703397975651126
8811aa6b51fffff,2024,11,3,0,0.019081575163386252
8811aa6b51fffff,2024,14,2,0,0.019191045574210586
8811aa6b51fffff,2024,16,2,0,0.018990275285942375
8811aa6b51fffff,2024,17,1,0,0.021350638289796997
8811aa6b51fffff,2024,19,2,0,0.021164418664206295
8811aa6b51fffff,2024,23,1,0,0.021831726578690355
8811aa6b53fffff,2022,6,1,0,0.015045928846915161
8811aa6b53fffff,2022,16,1,0,0.018827700724266396
8811aa6b53fffff,2023,15,1,0,0.016399401231769195
8811aa6b53fffff,2023,16,1,0,0.018827700724266396
8811aa6b53fffff,2024,10,1,0,0.01604610702166514
8811aa6b53fffff,2024,13,1,0,0.015808021158939128
8811aa6b53fffff,2024,20,1,0,0.018290287170444813
8811aa6b55fffff,2022,13,1,0,0.018388165924465353
8811aa6b55fffff,2022,14,1,0,0.018468152505183723
8811aa6b55fffff,2022,22,1,0,0.021755717474309412
8811aa6b55fffff,2023,2,1,0,0.014192173719606934
8811aa6b55fffff,2023,6,1,0,0.015442735003302732
8811aa6b55fffff,2023,8,1,0,0.0141489670740109
8811aa6b55fffff,2023,10,1,0,0.014905321449481148
8811aa6b55fffff,2023,11,1,0,0.015931902190691953
8811aa6b55fffff,2023,17,1,0,0.017552561763627014
8811aa6b55fffff,2023,19,1,0,0.01847389044173744
8811aa6b55fffff,2023,21,1,0,0.021115392819329594
8811aa6b55fffff,2023,22,1,0,0.01970559516954733
8811aa6b55fffff,2023,23,2,0,0.021176769998306075
8811aa6b55fffff,2024,4,1,0,0.012898405790315101
8811aa6b55fffff,2024,6,1,0,0.013392612698540652
8811aa6b55fffff,2024,9,2,0,0.015808470702222324
8811aa6b55fffff,2024,11,1,0,0.01528349863721627
8811aa6b55fffff,2024,12,1,0,0.015661675824951395
8811aa6b55fffff,2024,21,2,0,0.01906527051456751
8811aa6b57fffff,2022,6,1,0,0.05406334676161092
8811aa6b57fffff,2022,12,2,1,0.057357471040402695
8811aa6b57fffff,2022,15,1,0,0.05746694145122703
8811aa6b57fffff,2022,16,1,0,0.06040777151991475
8811aa6b57fffff,2022,17,2,0,0.05914251533094572
8811aa6b57fffff,2022,18,1,0,0.058601473014432394
8811aa6b57fffff,2023,6,1,0,0.056113469066372997
8811aa6b57fffff,2023,8,1,0,0.0584074151704148
8811aa6b57fffff,2023,12,1,0,0.056332409888021656
8811aa6b57fffff,2023,13,1,0,0.058760709380518854
8811aa6b57fffff,2023,16,3,0,0.06096559308853366
8811aa6b57fffff,2023,18,1,0,0.06065159531919447
8811aa6b57fffff,2023,19,1,0,0.061029772506929605
8811aa6b57fffff,2023,22,1,0,0.06037632923261759
8811aa6b57fffff,2024,8,1,0,0.056869823441843236
8811aa6b57fffff,2024,10,1,0,0.0555760555125514
8811aa6b57fffff,2024,11,1,0,0.05595423270028653
8811aa6b57fffff,2024,12,2,0,0.057357471040402695
8811aa6b57fffff,2024,13,2,0,0.057735648228137815
8811aa6b57fffff,2024,15,1,0,0.05951706375598911
8811aa6b57fffff,2024,16,2,0,0.05912644507943845
8811aa6b57fffff,2024,17,2,0,0.058223295826697274
8811aa6b57fffff,2024,20,1,0,0.05935782738990265
8811aa6b57fffff,2024,21,1,1,0.060384408131113454
8811aa6b59fffff,2022,11,1,1,0.019073333345117852
8811aa6b59fffff,2022,16,1,0,0.02066602867677672
8811aa6b59fffff,2022,17,1,0,0.018994083559749762
8811aa6b59fffff,2022,18,2,0,0.021422383052246963
8811aa6b59fffff,2023,3,1,0,0.014126724701342904
8811aa6b59fffff,2023,10,1,0,0.018909496126556496
8811aa6b59fffff,2023,14,1,0,0.01990967430130647
8811aa6b59fffff,2023,15,3,0,0.020217290390286538
8811aa6b59fffff,2023,16,1,0,0.02066602867677672
8811aa6b59fffff,2023,17,1,0,0.018994083559749762
8811aa6b59fffff,2023,18,2,0,0.019372260747484885
8811aa6b59fffff,2023,19,1,0,0.01975043793522001
8811aa6b59fffff,2023,20,1,0,0.020128615122955138
8811aa6b59fffff,2023,21,1,0,0.020506792310690258
8811aa6b59fffff,2024,2,1,0,0.013583573210967599
8811aa6b59fffff,2024,11,2,0,0.016725020433339018
8811aa6b59fffff,2024,14,1,0,0.019020486126210594
8811aa6b59fffff,2024,16,1,0,0.02066602867677672
8811aa6b59fffff,2024,17,1,0,0.018994083559749762
8811aa6b59fffff,2024,18,2,0,0.02167864834034222
8811aa6b59fffff,2024,19,2,0,0.020775499087601054
8811aa6b59fffff,2024,20,1,0,0.022178737427717216
8811aa6b59fffff,2024,22,1,0,0.02114711696567008
8811aa6b59fffff,2024,23,1,0,0.021525294153405202
8811aa6b5bfffff,2022,18,1,0,0.09397935637918035
8811aa6b5bfffff,2023,10,1,0,0.09095393887729937
8811aa6b5bfffff,2023,16,1,0,0.09527312430847219
8811aa6b5bfffff,2024,1,1,0,0.08797746595756813
8811aa6b5bfffff,2024,15,1,0,0.09284482481597497
8811aa6b5dfffff,2022,13,1,0,0.018696607626534835
8811aa6b5dfffff,2022,16,1,0,0.02136873091831177
8811aa6b5dfffff,2022,17,1,0,0.01815919407271325
8811aa6b5dfffff,2022,18,1,0,0.018537371260448375
8811aa6b5dfffff,2022,19,1,0,0.0214782013291361
8811aa6b5dfffff,2023,8,1,0,0.016805721687859217
8811aa6b5dfffff,2023,15,1,0,0.018213560880450275
8811aa6b5dfffff,2023,16,1,0,0.02136873091831177
8811aa6b5dfffff,2023,23,1,0,0.022740526971130774
8811aa6b5dfffff,2024,7,1,0,0.01437742219536201
8811aa6b5dfffff,2024,12,1,0,0.019856022167371274
8811aa6b5dfffff,2024,15,1,0,0.019076304403099723
8811aa6b5dfffff,2024,16,4,0,0.018806078037359168
8811aa6b5dfffff,2024,18,1,0,0.020587493565210453
8811aa6b5dfffff,2024,20,1,0,0.021343847940680703
8811aa6b5dfffff,2024,23,1,0,0.02069040466636869
8811aa6b61fffff,2022,6,3,0,0.030916693552873468
8811aa6b61fffff,2022,11,1,0,0.03411933626051042
8811aa6b61fffff,2022,13,1,0,0.034499033037075306
8811aa6b61fffff,2022,14,1,0,0.033203745518953706
8811aa6b61fffff,2022,17,1,0,0.03433827708215908
8811aa6b61fffff,2022,18,4,0,0.035782758997935295
8811aa6b61fffff,2022,19,2,0,0.035177118608949426
8811aa6b61fffff,2023,0,1,0,0.028336386660546848
8811aa6b61fffff,2023,4,1,0,0.029849095411487343
8811aa6b61fffff,2023,8,1,0,0.03209561652220917
8811aa6b61fffff,2023,13,1,0,0.03299054263385877
8811aa6b61fffff,2023,16,2,0,0.03396009989442396
8811aa6b61fffff,2023,17,1,0,0.03433827708215908
8811aa6b61fffff,2023,18,1,0,0.035877388399560416
8811aa6b61fffff,2023,20,3,0,0.037352087424729695
8811aa6b61fffff,2024,1,1,0,0.02854958954564179
8811aa6b61fffff,2024,16,1,0,0.03601022219918604
8811aa6b61fffff,2024,17,1,0,0.03638839938692117
8811aa6b61fffff,2024,18,3,0,0.03539982837148157
8811aa6b61fffff,2024,19,1,0,0.03509463145762933
8811aa6b61fffff,2024,21,1,0,0.03701191996276578
8811aa6b63fffff,2022,14,1,0,0.026044608270464766
8811aa6b63fffff,2023,14,1,0,0.026557138846655285
8811aa6b63fffff,2023,15,1,0,0.026422785458199892
8811aa6b63fffff,2023,16,1,0,0.024750840341172937
8811aa6b63fffff,2023,19,1,0,0.026050346207018484
8811aa6b63fffff,2023,22,1,1,0.0289555156406851
8811aa6b63fffff,2024,5,1,0,0.021501442296806953
8811aa6b63fffff,2024,14,1,0,0.026044608270464766
8811aa6b65fffff,2022,4,1,0,0.03344307072272314
8811aa6b65fffff,2022,9,1,0,0.03374855743475628
8811aa6b65fffff,2022,11,1,0,0.0365550341149886
8811aa6b65fffff,2022,17,2,0,0.03882409724139935
8811aa6b65fffff,2022,18,1,0,0.03731712642701257
8811aa6b65fffff,2023,12,2,0,0.03511467145279011
8811aa6b65fffff,2023,15,1,0,0.037691085267023736
8811aa6b65fffff,2023,17,2,0,0.037098176713375106
8811aa6b65fffff,2023,18,1,0,0.03715215212437239
8811aa6b65fffff,2023,21,1,0,0.03828668368757776
8811aa6b65fffff,2024,8,1,0,0.03542050255178323
8811aa6b65fffff,2024,18,2,0,0.03954102686854982
8811aa6b65fffff,2024,19,1,0,0.038178732865583195
8811aa6b65fffff,2024,21,1,0,0.03828668368757776
8811aa6b65fffff,2024,22,1,0,0.03909198264519776
8811aa6b67fffff,2022,13,1,0,0.015661548317963035
8811aa6b67fffff,2022,16,1,0,0.016796079881168404
8811aa6b67fffff,2022,17,1,0,0.015422325371158205
8811aa6b67fffff,2022,18,1,0,0.017552434256638657
8811aa6b67fffff,2022,20,1,0,0.0183087886321089
8811aa6b67fffff,2023,1,1,0,0.009500421530264345
8811aa6b67fffff,2023,5,1,0,0.012009090108230862
8811aa6b67fffff,2023,9,1,0,0.014661370143213061
8811aa6b67fffff,2023,15,1,0,0.018091367399290004
8811aa6b67fffff,2023,16,1,0,0.016796079881168404
8811aa6b67fffff,2023,18,1,0,0.017552434256638657
8811aa6b67fffff,2023,19,1,0,0.01793061144437378
8811aa6b67fffff,2023,22,1,0,0.019327290474823844
8811aa6b67fffff,2024,2,1,0,0.011763746720121369
8811aa6b67fffff,2024,5,1,0,0.013034151260611901
8811aa6b67fffff,2024,10,1,0,0.014527016754757665
8811aa6b67fffff,2024,12,1,0,0.013233248825465829
8811aa6b67fffff,2024,15,2,0,0.016674167981528543
8811aa6b67fffff,2024,18,2,0,0.017552434256638657
8811aa6b67fffff,2024,23,1,0,0.01765534535779689
8811aa6b69fffff,2022,14,1,0,0.028176501162434288
8811aa6b69fffff,2022,18,1,0,0.028102252518269633
8811aa6b69fffff,2022,19,1,1,0.028182239098988007
8811aa6b69fffff,2022,21,1,0,0.030823741476580156
8811aa6b69fffff,2023,9,1,0,0.02440046722163677
8811aa6b69fffff,2023,15,1,0,0.026669530348047508
8811aa6b69fffff,2024,6,1,0,0.023100961355791216
8811aa6b69fffff,2024,21,2,0,0.029798680324199113
8811aa6b6bfffff,2022,1,1,0,0.014461766739278806
8811aa6b6bfffff,2022,11,1,0,0.019895640476862268
8811aa6b6bfffff,2022,12,1,0,0.01685107793390393
8811aa6b6bfffff,2022,14,1,0,0.01790562291639093
8811aa6b6bfffff,2023,3,1,0,0.014193059962368014
8811aa6b6bfffff,2023,4,1,0,0.015972955901389536
8811aa6b6bfffff,2023,10,1,0,0.017979871560555586
8811aa6b6bfffff,2023,13,1,0,0.017064280818998877
8811aa6b6bfffff,2023,17,1,0,0.020627111874701454
8811aa6b6bfffff,2023,18,1,0,0.018955166757674495
8811aa6b6bfffff,2023,20,2,0,0.020819069436845875
8811aa6b6bfffff,2023,21,1,0,0.020089698320879864
8811aa6b6bfffff,2023,22,1,0,0.020730022975859685
8811aa6b6bfffff,2023,23,1,0,0.023158322468356893
8811aa6b6bfffff,2024,12,1,0,0.018736225936025832
8811aa6b6bfffff,2024,18,1,0,0.01960357031115018
8811aa6b6dfffff,2022,0,1,0,0.04933245804636959
8811aa6b6dfffff,2022,7,1,0,0.05360269889539267
8811aa6b6dfffff,2022,9,1,0,0.052308930966100835
8811aa6b6dfffff,2023,12,1,0,0.05357933550659137
8811aa6b6dfffff,2023,14,1,0,0.05436479120741663
8811aa6b6dfffff,2023,16,1,0,0.05512114558288688
8811aa6b6dfffff,2023,18,1,0,0.056010716262733705
8811aa6b6dfffff,2023,20,2,0,0.0564688800311872
8811aa6b6dfffff,2024,13,1,0,0.05754522672766014
8811aa6b6dfffff,2024,17,1,0,0.05549932277062201
8811aa6b6dfffff,2024,18,3,0,0.056441190749732695
8811aa7001fffff,2022,15,1,0,0.03592365111208107
8811aa7001fffff,2022,22,1,0,0.035245324860138
8811aa7001fffff,2023,9,1,0,0.03211699625709877
8811aa7001fffff,2023,14,1,0,0.034007882195774386
8811aa7001fffff,2023,16,1,0,0.032714114266482554
8811aa7001fffff,2023,18,1,1,0.035520590946714885
8811aa7001fffff,2023,20,1,0,0.03422682301742305
8811aa7001fffff,2023,21,2,0,0.03563006135753921
8811aa7001fffff,2023,23,1,0,0.037161093776444686
8811aa7001fffff,2024,7,1,0,0.03136064188162852
8811aa7001fffff,2024,12,1,0,0.03376405839649466
8811aa7003fffff,2022,17,1,0,0.04867669044636016
8811aa7003fffff,2022,19,1,0,0.04738292251706833
8811aa7003fffff,2023,0,2,0,0.04334655807503611
8811aa7003fffff,2023,8,1,0,0.043871377005457644
8811aa7003fffff,2023,9,1,0,0.04565127294447917
8811aa7003fffff,2023,12,1,0,0.046785804507684534
8811aa7003fffff,2023,23,1,0,0.051207901040015595
8811aa7003fffff,2024,7,1,0,0.04284479626424684
8811aa7003fffff,2024,11,2,0,0.045638831455663637
8811aa7003fffff,2024,14,1,0,0.047542158883154786
8811aa7003fffff,2024,15,1,0,0.04843286664708043
8811aa7003fffff,2024,16,1,0,0.046896794507338635
8811aa7003fffff,2024,18,1,0,0.049567398210285794
8811aa7003fffff,2024,20,1,0,0.049811222009565524
8811aa7003fffff,2024,21,1,1,0.05018939919730065
8811aa7003fffff,2024,23,1,0,0.051207901040015595
8811aa7005fffff,2022,23,1,0,0.03433145117429532
8811aa7005fffff,2023,13,1,0,0.03058572243671613
8811aa7005fffff,2023,16,1,0,0.029536915390782854
8811aa7005fffff,2024,16,1,0,0.029371941088142672
8811aa7005fffff,2024,19,1,0,0.03255659495611013
8811aa7005fffff,2024,21,1,0,0.033312949331580376
8811aa7007fffff,2022,11,2,1,0.04979182595944835
8811aa7007fffff,2022,21,1,0,0.052535314358195334
8811aa7007fffff,2024,17,1,0,0.05293685493473176
8811aa7007fffff,2024,18,1,0,0.05345090509975205
8811aa7009fffff,2022,9,1,0,0.0051915695271335
8811aa7009fffff,2022,15,2,1,0.007460632653544245
8811aa7009fffff,2022,18,1,0,0.008082633640559094
8811aa7009fffff,2023,16,3,0,0.007155435739692006
8811aa7009fffff,2023,18,4,0,0.008082633640559094
8811aa7009fffff,2023,20,2,0,0.009351518592219863
8811aa7009fffff,2024,0,1,0,0.00016497430264017954
8811aa7009fffff,2024,14,2,0,0.006894126666356439
8811aa7009fffff,2024,15,2,0,0.0069481020773537235
8811aa7009fffff,2024,16,1,0,0.007838809841279366
8811aa7009fffff,2024,18,1,0,0.008595164216749615
8811aa7009fffff,2024,20,1,0,0.009351518592219863
8811aa700bfffff,2022,10,1,0,0.017529062391717264
8811aa700bfffff,2022,16,1,0,0.01979812551812801
8811aa700bfffff,2022,17,1,1,0.020987023889070405
8811aa700bfffff,2022,20,2,0,0.021310834269068504
8811aa700bfffff,2022,23,1,0,0.020955581601773247
8811aa700bfffff,2023,9,1,0,0.015100762899220063
8811aa700bfffff,2023,11,1,0,0.016022091577330488
8811aa700bfffff,2023,15,1,0,0.020957540058964445
8811aa700bfffff,2023,16,1,0,0.01979812551812801
8811aa700bfffff,2023,20,2,0,0.022079630133354285
8811aa700bfffff,2023,23,1,0,0.021120555904413425
8811aa700bfffff,2024,9,1,0,0.015100762899220063
8811aa700bfffff,2024,13,1,0,0.016613471650160555
8811aa700bfffff,2024,16,1,0,0.01791297751600611
8811aa700bfffff,2024,17,1,0,0.01812618040110105
8811aa700bfffff,2024,19,2,0,0.01990759592895234
8811aa700dfffff,2022,8,1,0,0.027110170670468656
8811aa700dfffff,2022,9,2,0,0.02953847016296586
8811aa700dfffff,2022,10,2,0,0.029916647350700983
8811aa700dfffff,2022,11,1,0,0.028244702233674025
8811aa700dfffff,2022,22,1,0,0.034716921070767175
8811aa700dfffff,2023,7,1,0,0.02673199348273353
8811aa700dfffff,2023,9,1,0,0.02953847016296586
8811aa700dfffff,2023,10,1,0,0.030429177926891503
8811aa700dfffff,2023,11,2,0,0.029269763386055067
8811aa700dfffff,2023,17,2,0,0.03059625251140486
8811aa700dfffff,2023,18,1,0,0.03294206485258198
8811aa700dfffff,2023,19,2,0,0.032551446176031326
8811aa700dfffff,2023,21,4,0,0.03359803408391812
8811aa700dfffff,2024,8,2,1,0.029484494751968578
8811aa700dfffff,2024,9,1,0,0.03107606189153742
8811aa700dfffff,2024,10,2,0,0.029916647350700983
8811aa700dfffff,2024,12,1,0,0.03067300172617123
8811aa700dfffff,2024,17,1,0,0.03256388766484686
8811aa7011fffff,2022,9,1,0,0.0557023637711742
8811aa7011fffff,2022,12,1,0,0.056807794009024554
8811aa7011fffff,2022,13,1,0,0.059100220524236594
8811aa7011fffff,2022,16,1,0,0.05920969093506093
8811aa7011fffff,2022,18,1,0,0.05923917476516689
8811aa7011fffff,2022,19,1,0,0.05931916134588526
8811aa7011fffff,2023,12,1,0,0.05713508594139632
8811aa7011fffff,2024,12,1,0,0.05683689533437957
8811aa7011fffff,2024,20,1,0,0.05986231283626056
8811aa7011fffff,2024,22,1,0,0.060880814678975506
8811aa7013fffff,2022,13,1,0,0.019173501971563034
8811aa7013fffff,2022,16,2,0,0.021168120384509263
8811aa7013fffff,2022,17,1,0,0.022571358724625432
8811aa7013fffff,2022,18,1,0,0.022949535912360555
8811aa7013fffff,2022,20,2,0,0.02165576798306872
8811aa7013fffff,2023,6,1,0,0.018411409659539066
8811aa7013fffff,2023,10,1,0,0.017873996105717483
8811aa7013fffff,2023,11,1,0,0.020302295598214684
8811aa7013fffff,2023,13,1,0,0.021058649973684933
8811aa7013fffff,2023,14,1,0,0.019551679159298157
8811aa7013fffff,2023,16,2,0,0.022193181536890302
8811aa7013fffff,2023,20,2,0,0.02268082913544976
8811aa7013fffff,2023,21,2,0,0.024084067475565924
8811aa7013fffff,2024,7,1,0,0.01673946454251211
8811aa7013fffff,2024,12,1,0,0.02068047278594981
8811aa7013fffff,2024,14,2,0,0.019469192007978066
8811aa7013fffff,2024,18,2,0,0.022504941824812615
8811aa7013fffff,2024,22,1,0,0.022674269825783664
8811aa7015fffff,2023,15,1,0,0.10184341260412783
8811aa7015fffff,2023,18,1,0,0.10267975356031646
8811aa7015fffff,2024,15,2,0,0.10316530087700274
8811aa7015fffff,2024,19,1,0,0.10473139545390829
8811aa7017fffff,2022,20,1,0,0.038595165318843515
8811aa7017fffff,2022,21,1,0,0.03827557328656937
8811aa7017fffff,2023,10,2,0,0.034677520464207114
8811aa7017fffff,2023,13,1,0,0.03683711317979353
8811aa7017fffff,2023,16,1,0,0.037971644742998904
8811aa7017fffff,2023,19,1,1,0.03808111515382323
8811aa7017fffff,2023,23,1,1,0.04088103252438947
8811aa7017fffff,2024,8,1,0,0.034946227241117914
8811aa7017fffff,2024,18,1,0,0.039240529694659666
8811aa7017fffff,2024,20,1,0,0.038595165318843515
8811aa7019fffff,2022,8,1,0,0.06832556739908083
8811aa7019fffff,2022,11,1,0,0.06706242038397377
8811aa7019fffff,2022,19,1,0,0.07005873656049974
8811aa7019fffff,2023,1,1,0,0.06542794397598913
8811aa7019fffff,2023,7,1,0,0.06603314088386877
8811aa7019fffff,2023,11,1,0,0.06706242038397377
8811aa7019fffff,2023,15,1,0,0.06857512913491427
8811aa7019fffff,2023,17,2,0,0.06957319813580226
8811aa7019fffff,2023,18,1,0,0.0731324004288131
8811aa7019fffff,2023,20,1,0,0.0714619749006159
8811aa7019fffff,2023,23,1,0,0.07234612335487546
8811aa7019fffff,2024,7,1,0,0.06743485963515518
8811aa7019fffff,2024,9,1,0,0.06630606600850351
8811aa7019fffff,2024,12,1,0,0.06744059757170888
8811aa7019fffff,2024,13,1,0,0.06795199106382059
8811aa7019fffff,2024,16,1,0,0.07083845432477129
8811aa701bfffff,2022,7,1,0,0.054145890629430836
8811aa701bfffff,2022,14,1,0,0.058843253248338785
8811aa701bfffff,2022,17,2,0,0.05997778481154416
8811aa701bfffff,2022,18,3,0,0.05919859353353693
8811aa701bfffff,2023,7,1,0,0.054145890629430836
8811aa701bfffff,2023,13,1,0,0.05846507606060366
8811aa701bfffff,2023,17,1,0,0.058092636809422254
8811aa701bfffff,2023,22,1,0,0.06161828764127395
8811aa701bfffff,2024,8,1,0,0.05657419012192804
8811aa701bfffff,2024,9,2,1,0.05618357144537738
8811aa701bfffff,2024,13,1,0,0.056579928058481756
8811aa701bfffff,2024,15,1,0,0.05717130813131183
8811aa701bfffff,2024,16,2,0,0.05857454647142799
8811aa701bfffff,2024,17,2,0,0.05997778481154416
8811aa701bfffff,2024,19,2,0,0.0607341391870144
8811aa701dfffff,2022,7,1,0,0.04452365688491185
8811aa701dfffff,2022,8,1,0,0.04695195637740905
8811aa701dfffff,2022,9,1,0,0.04733013356514418
8811aa701dfffff,2022,12,2,0,0.04846466512834955
8811aa701dfffff,2022,13,1,0,0.04900781661872485
8811aa701dfffff,2022,18,1,0,0.050733728254760295
8811aa701dfffff,2023,3,1,0,0.04327309560121605
8811aa701dfffff,2023,8,1,0,0.04695195637740905
8811aa701dfffff,2023,13,2,0,0.04790026831502372
8811aa701dfffff,2023,15,1,0,0.05113678842012648
8811aa701dfffff,2023,19,1,0,0.04922675744037352
8811aa701dfffff,2023,20,2,0,0.0504650214778495
8811aa701dfffff,2024,17,1,0,0.050355551067025175
8811aa701dfffff,2024,18,1,0,0.052407192960617015
8811aa701dfffff,2024,19,1,0,0.051111905442495414
8811aa701dfffff,2024,21,1,0,0.049983111815843764
8811aa701dfffff,2024,23,1,0,0.052886761660680605
8811aa7021fffff,2022,10,1,0,0.0717056972776225
8811aa7021fffff,2022,13,1,0,0.07321688643973322
8811aa7021fffff,2022,21,2,0,0.07572977336542368
8811aa7021fffff,2023,12,1,0,0.07232617867580757
8811aa7021fffff,2023,14,1,0,0.07103241074651573
8811aa7021fffff,2023,15,1,0,0.07346071023901293
8811aa7021fffff,2023,17,1,0,0.0742170646144832
8811aa7021fffff,2023,18,1,0,0.07254511949745623
8811aa7021fffff,2024,8,1,0,0.07081346992486708
8811aa7021fffff,2024,10,1,0,0.07156982430033733
8811aa7021fffff,2024,17,1,0,0.0742170646144832
8811aa7021fffff,2024,18,1,0,0.07459524180221831
8811aa7021fffff,2024,20,1,0,0.07535159617768857
8811aa7023fffff,2022,0,1,0,0.0
8811aa7023fffff,2022,9,1,0,0.0057041001033240205
8811aa7023fffff,2022,13,1,0,0.006704278278073995
8811aa7023fffff,2022,18,1,0,0.006710016214627713
8811aa7023fffff,2022,23,1,0,0.01074819762266993
8811aa7023fffff,2023,12,1,0,0.0049243823390524724
8811aa7023fffff,2023,13,1,0,0.005302559526787596
8811aa7023fffff,2023,15,1,0,0.007460632653544245
8811aa7023fffff,2023,19,1,0,0.00897334140448474
8811aa7023fffff,2023,20,1,0,0.007301396287457783
8811aa7023fffff,2023,21,1,0,0.007679573475192905
8811aa7023fffff,2024,2,1,0,0.0024298190813269705
8811aa7025fffff,2022,14,1,0,0.039565246135026155
8811aa7025fffff,2022,18,1,0,0.040779764278949894
8811aa7025fffff,2022,22,1,0,0.04247615350524648
8811aa7025fffff,2023,3,1,0,0.03499259633126237
8811aa7025fffff,2023,10,1,0,0.03980446908183099
8811aa7025fffff,2023,16,1,0,0.038109160576002735
8811aa7025fffff,2023,19,1,1,0.041293814443970185
8811aa7025fffff,2023,20,1,0,0.04204864923061066
8811aa7025fffff,2023,22,1,0,0.04255462049713509
8811aa7025fffff,2024,7,1,0,0.03456969290910145
8811aa7025fffff,2024,10,1,0,0.035869198774947
8811aa7025fffff,2024,12,1,0,0.03662555315041725
8811aa7025fffff,2024,13,1,0,0.03700373033815237
8811aa7025fffff,2024,14,2,0,0.03820276087968406
8811aa7025fffff,2024,16,1,1,0.04002340990347965
8811aa7025fffff,2024,18,1,0,0.040779764278949894
8811aa7025fffff,2024,21,1,0,0.040376704113583704
8811aa7025fffff,2024,23,2,0,0.041531078933583813
8811aa7027fffff,2022,9,1,0,0.04741267891191862
8811aa7027fffff,2022,15,1,0,0.050194272614519884
8811aa7027fffff,2022,18,1,0,0.04876615129677265
8811aa7027fffff,2023,7,1,0,0.04665632453644837
8811aa7027fffff,2023,14,1,0,0.04930356485059424
8811aa7027fffff,2023,17,1,0,0.04855294841167771
8811aa7027fffff,2023,20,1,0,0.0495225056722429
8811aa7027fffff,2024,10,1,0,0.04741419850074839
8811aa7029fffff,2023,8,1,0,0.09905946751404072
8811aa7029fffff,2023,9,1,0,0.09927267039913569
8811aa7029fffff,2023,14,1,0,0.10321367864257337
8811aa7029fffff,2024,10,1,0,0.09981582188951099
8811aa702bfffff,2022,10,2,0,0.004800950850582844
8811aa702bfffff,2022,12,1,0,0.006326101090338872
8811aa702bfffff,2022,13,1,0,0.004952346580328667
8811aa702bfffff,2022,15,1,0,0.007973163229734764
8811aa702bfffff,2022,16,1,0,0.005788687536517286
8811aa702bfffff,2022,17,1,0,0.008729517605205012
8811aa702bfffff,2022,20,1,0,0.007301396287457783
8811aa702bfffff,2022,22,1,0,0.008618088737189477
8811aa702bfffff,2023,8,1,0,0.004813392339398376
8811aa702bfffff,2023,9,1,0,0.0051915695271335
8811aa702bfffff,2023,20,1,0,0.007813926863648303
8811aa702bfffff,2024,13,1,0,0.004654155973311915
8811aa702bfffff,2024,14,2,0,0.006057394313428079
8811aa702bfffff,2024,21,1,0,0.010242226356145506
8811aa702dfffff,2022,13,2,0,0.04448519525340433
8811aa702dfffff,2022,17,1,0,0.047791761021011646
8811aa702dfffff,2022,18,1,0,0.044582224175413125
8811aa702dfffff,2022,19,2,0,0.04605339900417188
8811aa702dfffff,2023,13,1,0,0.04269133823673751
8811aa702dfffff,2023,17,1,0,0.04436902129031819
8811aa702dfffff,2023,18,1,0,0.04663234648017521
8811aa702dfffff,2024,17,1,0,0.04625416929244009
8811aa702dfffff,2024,18,3,0,0.04719016804879412
8811aa702dfffff,2024,21,1,0,0.04776687804338058
8811aa7031fffff,2022,3,1,0,0.006586913415993689
8811aa7031fffff,2022,10,1,0,0.010723937960640188
8811aa7031fffff,2022,12,1,0,0.011480292336110438
8811aa7031fffff,2022,18,1,0,0.011699233157759099
8811aa7031fffff,2022,19,1,0,0.014127532650256307
8811aa7031fffff,2022,20,1,0,0.014505709837991428
8811aa7031fffff,2022,23,1,0,0.015902388868441496
8811aa7031fffff,2023,10,1,0,0.00867381565587811
8811aa7031fffff,2023,12,2,0,0.010537718335049486
8811aa7033fffff,2022,0,1,0,0.04525354731097308
8811aa7033fffff,2022,9,1,0,0.05014692623108983
8811aa7033fffff,2022,10,1,0,0.04847498111406287
8811aa7033fffff,2022,15,1,0,0.050501740030023654
8811aa7033fffff,2022,17,1,0,0.051122221428208735
8811aa7033fffff,2022,20,1,0,0.052719917901071035
8811aa7033fffff,2022,22,1,0,0.053440229136769234
8811aa7033fffff,2023,9,1,0,0.04925773805599394
8811aa7033fffff,2023,10,1,0,0.04847498111406287
8811aa7033fffff,2023,13,1,0,0.04977448697990842
8811aa7033fffff,2023,16,1,0,0.05190497837013981
8811aa7033fffff,2024,12,1,0,0.049231335489533117
8811aa7033fffff,2024,16,1,0,0.05090901854311379
8811aa7033fffff,2024,17,1,0,0.05265981315678029
8811aa7033fffff,2024,19,1,0,0.05341616753225054
8811aa7033fffff,2024,20,1,0,0.05225675299141411
8811aa7033fffff,2024,21,1,0,0.05279990448178941
8811aa7035fffff,2022,10,1,0,0.027128750187612637
8811aa7035fffff,2022,14,1,0,0.030526606940675032
8811aa7035fffff,2022,16,1,0,0.02939781331402338
8811aa7035fffff,2023,11,1,0,0.02939207537746966
8811aa7035fffff,2023,13,3,0,0.028891664418191975
8811aa7035fffff,2023,14,1,0,0.030526606940675032
8811aa7035fffff,2023,17,1,0,0.03166113850388041
8811aa7035fffff,2023,18,1,0,0.03012506636413861
8811aa7035fffff,2023,23,1,0,0.03230720109541395
8811aa7035fffff,2024,6,1,0,0.02561604143667214
8811aa7035fffff,2024,10,1,0,0.02901389818973454
8811aa7035fffff,2024,19,1,0,0.03293002345554118
8811aa7037fffff,2022,7,1,0,0.047563246806796564
8811aa7037fffff,2022,10,1,0,0.04839958776298519
8811aa7037fffff,2022,12,1,0,0.05104109014057733
8811aa7037fffff,2022,15,1,0,0.052175621703782704
8811aa7037fffff,2022,16,1,0,0.05285198949853458
8811aa7037fffff,2022,17,1,0,0.051046828077131054
8811aa7037fffff,2022,18,1,0,0.053310153266988076
8811aa7037fffff,2022,22,1,0,0.05319986148305137
8811aa7037fffff,2023,8,1,0,0.04764323338751494
8811aa7037fffff,2023,10,1,0,0.04839958776298519
8811aa7037fffff,2023,11,1,0,0.05066291295284221
8811aa7037fffff,2023,12,1,0,0.052578681869148894
8811aa7037fffff,2023,14,1,0,0.049912296513925675
8811aa7037fffff,2023,15,1,0,0.05029047370166081
8811aa7037fffff,2023,20,1,0,0.052664788891171925
8811aa7037fffff,2024,7,1,0,0.04726505619977982
8811aa7037fffff,2024,12,2,0,0.049141391475777924
8811aa7039fffff,2022,13,1,0,0.06171716764228985
8811aa7039fffff,2022,14,1,0,0.06209534483002497
8811aa7039fffff,2022,18,1,0,0.06506717831764842
8811aa7039fffff,2023,19,1,0,0.06501129192108163
8811aa7039fffff,2023,22,2,0,0.06538290979915065
8811aa7039fffff,2024,14,1,0,0.06209534483002497
8811aa7039fffff,2024,18,3,0,0.06450756220037805
8811aa7039fffff,2024,20,1,0,0.06641453026119779
8811aa703bfffff,2022,12,1,0,0.07286312043200756
8811aa703bfffff,2022,19,1,0,0.0775313817255605
8811aa703bfffff,2022,20,1,0,0.07572356363124838
8811aa703bfffff,2023,9,1,0,0.07156361456616202
8811aa703bfffff,2023,14,1,0,0.07345450050483762
8811aa703bfffff,2023,15,1,0,0.07399765199521292
8811aa703bfffff,2023,17,1,0,0.074589032068043
8811aa703bfffff,2023,21,1,0,0.07626671512162368
8811aa703bfffff,2024,9,1,0,0.0736137368709241
8811aa703bfffff,2024,18,1,0,0.07612814338544434
8811aa703dfffff,2022,7,1,0,0.030266391862270335
8811aa703dfffff,2022,9,1,0,0.03461046027107423
8811aa703dfffff,2022,17,1,0,0.034048163739621586
8811aa703dfffff,2022,18,2,0,0.03553388923105784
8811aa703dfffff,2022,21,1,0,0.037610994795324156
8811aa703dfffff,2022,22,1,0,0.03722625829792294
8811aa703dfffff,2023,7,1,0,0.03231651416703243
8811aa703dfffff,2023,9,1,0,0.03307286854250267
8811aa703dfffff,2023,12,1,0,0.034207400105708045
8811aa703dfffff,2023,15,1,0,0.03329180936415133
8811aa703dfffff,2023,17,2,0,0.035073224892002625
8811aa703dfffff,2023,20,1,0,0.03723281760758903
8811aa703dfffff,2023,23,1,0,0.0386294966380391
8811aa703dfffff,2024,7,1,0,0.03231651416703243
8811aa703dfffff,2024,8,3,0,0.03201131725318018
8811aa703dfffff,2024,15,1,0,0.03534193166891342
8811aa703dfffff,2024,17,1,0,0.036098286044383664
8811aa703dfffff,2024,18,1,0,0.038014054960690345
8811aa703dfffff,2024,19,1,0,0.034804518115091825
8811aa7041fffff,2022,15,1,0,0.04020914065381343
8811aa7041fffff,2023,15,1,0,0.04225926295857551
8811aa7041fffff,2024,9,1,0,0.03807595050468785
8811aa7041fffff,2024,10,1,0,0.042554372301947134
8811aa7041fffff,2024,17,1,0,0.04301561733404576
8811aa7041fffff,2024,22,1,0,0.043118528435203994
8811aa7043fffff,2022,7,1,0,0.05899402741950355
8811aa7043fffff,2022,13,1,0,0.06314823854803618
8811aa7043fffff,2022,17,1,0,0.06466094729897667
8811aa7043fffff,2022,19,1,0,0.06541730167444693
8811aa7043fffff,2022,20,1,0,0.06733307059075361
8811aa7043fffff,2022,23,1,0,0.06770468846882263
8811aa7043fffff,2023,10,1,0,0.05996358468006874
8811aa7043fffff,2023,13,1,1,0.06314823854803618
8811aa7043fffff,2023,18,3,1,0.06441074181933783
8811aa7043fffff,2023,20,2,0,0.06579547886218205
8811aa7043fffff,2023,22,1,0,0.0673265112810875
8811aa7043fffff,2024,14,1,0,0.061939458340666165
8811aa7043fffff,2024,15,1,0,0.06441712349969694
8811aa7043fffff,2024,20,1,0,0.06579547886218205
8811aa7043fffff,2024,23,1,0,0.06514203558787003
8811aa7045fffff,2023,11,1,0,0.07721526261276457
8811aa7045fffff,2024,16,1,0,0.07551843451810653
8811aa7047fffff,2022,11,2,0,0.0273760071534615
8811aa7047fffff,2022,12,1,0,0.030234350070829134
8811aa7047fffff,2022,14,1,0,0.02945311271772782
8811aa7047fffff,2023,13,1,0,0.0276732167787063
8811aa7047fffff,2023,21,1,0,0.03210035303187369
8811aa7047fffff,2024,8,1,0,0.026294861416221203
8811aa7047fffff,2024,10,1,0,0.02794040396678733
8811aa7047fffff,2024,12,1,0,0.026646636037495494
8811aa7047fffff,2024,16,1,0,0.02832431909107617
8811aa7047fffff,2024,19,1,0,0.02945885065428154
8811aa7049fffff,2022,4,1,0,0.037624693374808754
8811aa7049fffff,2022,7,1,0,0.038873735069674786
8811aa7049fffff,2022,8,1,0,0.03720178995264783
8811aa7049fffff,2022,13,1,0,0.041142798196085524
8811aa7049fffff,2022,15,2,0,0.040685762619722066
8811aa7049fffff,2022,16,1,0,0.040227207454528825
8811aa7049fffff,2022,19,1,0,0.043411861322496276
8811aa7049fffff,2022,20,1,0,0.04173991620546932
8811aa7049fffff,2022,21,1,0,0.04416821569796652
8811aa7049fffff,2023,7,2,0,0.03698858706755289
8811aa7049fffff,2023,15,1,0,0.0398490302667937
8811aa7049fffff,2023,18,1,0,0.041148536132639246
8811aa7049fffff,2023,20,2,0,0.042764977357850356
8811aa7049fffff,2024,13,1,0,0.039092675891323446
8811aa7049fffff,2024,16,1,0,0.040227207454528825
8811aa7049fffff,2024,17,1,0,0.04090357524928069
8811aa7049fffff,2024,19,1,0,0.0413617390177342
8811aa7049fffff,2024,20,2,1,0.043601709710778716
8811aa704bfffff,2022,1,1,2,0.0511974966725631
8811aa704bfffff,2022,14,1,0,0.05622831024478037
8811aa704bfffff,2022,18,1,0,0.05585587099359896
8811aa704bfffff,2022,19,1,0,0.059656787912027553
8811aa704bfffff,2023,11,1,0,0.0532086306794531
8811aa704bfffff,2023,19,1,0,0.056234048181334095
8811aa704bfffff,2024,12,1,1,0.05509529827040476
8811aa704bfffff,2024,23,1,0,0.05989405240164118
8811aa704dfffff,2022,8,1,0,0.03148807487151925
8811aa704dfffff,2022,10,2,0,0.03207945494434933
8811aa704dfffff,2022,13,1,0,0.03556229941933353
8811aa704dfffff,2023,1,1,0,0.030611472427834623
8811aa704dfffff,2023,9,1,0,0.035288991789947835
8811aa704dfffff,2023,16,2,1,0.035334345727196806
8811aa704dfffff,2023,17,1,1,0.034726695258495185
8811aa704dfffff,2023,18,2,0,0.03627902890211973
8811aa704dfffff,2023,21,1,0,0.036239404009435684
8811aa704dfffff,2023,23,1,0,0.03725790585215063
8811aa704dfffff,2024,6,1,0,0.030566746193408822
8811aa704dfffff,2024,8,1,0,0.03132310056887907
8811aa704dfffff,2024,15,1,1,0.036020463187787025
8811aa704dfffff,2024,16,1,0,0.034348518070760066
8811aa704dfffff,2024,17,1,0,0.03677681756325728
8811aa704dfffff,2024,19,1,0,0.03564802393660562
8811aa704dfffff,2024,23,1,0,0.03841883998181683
8811aa7051fffff,2022,7,1,0,0.03934176676895719
8811aa7051fffff,2022,9,1,0,0.040098121144427436
8811aa7051fffff,2022,10,2,0,0.0396003324832899
8811aa7051fffff,2022,17,1,0,0.043123538646308426
8811aa7051fffff,2022,18,2,0,0.043757981122138814
8811aa7051fffff,2022,19,1,0,0.0418297707170166
8811aa7051fffff,2022,20,2,0,0.04348927434522802
8811aa7051fffff,2023,11,2,0,0.03982941436751665
8811aa7051fffff,2023,14,2,0,0.04224527237119832
8811aa7051fffff,2023,19,1,0,0.04541748475035024
8811aa7051fffff,2023,20,1,0,0.04220794790475172
8811aa7051fffff,2024,4,1,0,0.03758019449790064
8811aa7051fffff,2024,9,1,0,0.040098121144427436
8811aa7051fffff,2024,13,2,0,0.041610829895367935
8811aa7051fffff,2024,15,1,0,0.042503057248123345
8811aa7051fffff,2024,17,1,0,0.04107341634154635
8811aa7051fffff,2024,18,2,0,0.04298918525785304
8811aa7051fffff,2024,20,1,0,0.04477060078570432
8811aa7053fffff,2022,0,1,0,0.001160934129666202
8811aa7053fffff,2022,1,1,1,0.0020516418935918467
8811aa7053fffff,2022,11,1,1,0.005947923902603748
8811aa7053fffff,2022,13,1,0,0.006704278278073995
8811aa7053fffff,2022,14,1,0,0.0061932672907132405
8811aa7053fffff,2022,17,1,0,0.006166864724252411
8811aa7053fffff,2022,21,1,0,0.007844547777833085
8811aa7053fffff,2022,23,1,0,0.010371540023764572
8811aa7053fffff,2023,8,1,0,0.004251496096674267
8811aa7053fffff,2023,10,1,0,0.0036845987127467226
8811aa7053fffff,2023,14,1,0,0.007082455465809119
8811aa7053fffff,2023,15,1,0,0.007460632653544245
8811aa7053fffff,2023,16,1,1,0.006949621666183488
8811aa7053fffff,2023,19,1,0,0.0079482802521037
8811aa7053fffff,2023,23,1,0,0.01074819762266993
8811aa7055fffff,2022,6,1,0,0.049546028314377155
8811aa7055fffff,2022,13,1,0,0.05475592150947563
8811aa7055fffff,2022,17,1,0,0.05400416798648027
8811aa7055fffff,2022,19,1,0,0.05446233175493377
8811aa7055fffff,2022,20,1,0,0.056890631247430976
8811aa7055fffff,2022,23,1,0,0.05623718797311896
8811aa7055fffff,2023,2,1,0,0.04846044133332154
8811aa7055fffff,2023,17,1,0,0.0557560996842256
8811aa7055fffff,2023,19,1,0,0.05651245405969585
8811aa7055fffff,2024,11,1,0,0.05348703655781486
8811aa7055fffff,2024,12,1,0,0.0518150914407879
8811aa7055fffff,2024,15,1,0,0.05294962300399327
8811aa7055fffff,2024,17,1,0,0.0557560996842256
8811aa7055fffff,2024,18,2,0,0.056390542160055984
8811aa7055fffff,2024,22,1,0,0.058421663666336436
8811aa7055fffff,2024,23,1,0,0.056373060950404126
8811aa7057fffff,2022,7,1,0,0.03745711589403746
8811aa7057fffff,2022,8,1,0,0.0357851707770105
8811aa7057fffff,2022,17,1,0,0.041238887771388705
8811aa7057fffff,2022,18,1,0,0.041617064959123824
8811aa7057fffff,2022,20,1,0,0.042885949910784586
8811aa7057fffff,2022,21,1,0,0.04116463912722404
8811aa7057fffff,2023,8,1,0,0.03783529308177258
8811aa7057fffff,2023,9,1,0,0.036328322267385804
8811aa7057fffff,2023,11,1,0,0.036919702340215875
8811aa7057fffff,2023,12,1,0,0.03934800183271308
8811aa7057fffff,2023,13,1,0,0.0397261790204482
8811aa7057fffff,2023,15,1,0,0.038432411091156374
8811aa7057fffff,2023,18,1,0,0.03956694265436174
8811aa7057fffff,2023,19,1,0,0.039945119842096866
8811aa7057fffff,2023,20,1,0,0.042885949910784586
8811aa7057fffff,2024,13,1,0,0.04037458257392389
8811aa7057fffff,2024,15,1,0,0.04048253339591845
8811aa7057fffff,2024,16,1,0,0.03881058827889149
8811aa7057fffff,2024,17,1,1,0.041238887771388705
8811aa7057fffff,2024,19,1,0,0.041995242146858944
8811aa7059fffff,2022,7,1,0,0.01709074921617668
8811aa7059fffff,2022,9,1,0,0.01596195558952503
8811aa7059fffff,2022,12,1,0,0.01693151285009022
8811aa7059fffff,2022,13,1,0,0.019658002949604177
8811aa7059fffff,2022,14,1,1,0.0200361801373393
8811aa7059fffff,2022,16,1,0,0.020494343905792793
8811aa7059fffff,2022,18,2,0,0.0221685894490572
8811aa7059fffff,2022,19,2,0,0.023166467197569728
8811aa7059fffff,2023,13,1,0,0.019359812342587424
8811aa7059fffff,2023,18,1,0,0.021250698281263046
8811aa7059fffff,2023,19,2,0,0.020603814316617126
8811aa7059fffff,2023,21,1,0,0.020335107539706333
8811aa7059fffff,2024,11,2,0,0.018603457967117175
8811aa7059fffff,2024,14,2,0,0.019737989530322547
8811aa7059fffff,2024,16,1,0,0.020494343905792793
8811aa7059fffff,2024,19,1,0,0.023166467197569728
8811aa7059fffff,2024,20,1,0,0.02200705265673329
8811aa705bfffff,2022,9,1,0,0.07565894826651079
8811aa705bfffff,2022,13,1,0,0.07563406528887973
8811aa705bfffff,2022,19,1,0,0.07585300611052839
8811aa705bfffff,2023,0,1,0,0.06892978701080574
8811aa705bfffff,2023,8,1,0,0.07185803134808222
8811aa705bfffff,2023,12,1,0,0.0752558881011446
8811aa705bfffff,2023,14,1,0,0.07512305430151897
8811aa705bfffff,2023,15,1,0,0.07434029735958789
8811aa705bfffff,2023,20,1,0,0.0782813056030256
8811aa705bfffff,2024,8,1,0,0.07169305704544203
8811aa705bfffff,2024,9,2,0,0.07317878253687829
8811aa705bfffff,2024,13,1,1,0.07563406528887973
8811aa705bfffff,2024,19,1,0,0.07601798041316857
8811aa705bfffff,2024,21,1,0,0.07865948279076072
8811aa705dfffff,2022,9,2,1,0.059271374911900626
8811aa705dfffff,2022,14,1,0,0.0607569002589726
8811aa705dfffff,2022,16,1,0,0.06100072405825233
8811aa705dfffff,2022,23,1,0,0.06544770356821446
8811aa705dfffff,2023,19,1,0,0.06213525562145771
8811aa705dfffff,2023,20,1,0,0.06251343280919283
8811aa705dfffff,2024,13,1,0,0.05986619249504696
8811aa705dfffff,2024,14,1,0,0.060244369682782094
8811aa705dfffff,2024,19,1,0,0.06264778619764823
8811aa705dfffff,2024,20,1,0,0.06046331050443075
8811aa7063fffff,2022,8,1,0,0.03402673571424496
8811aa7063fffff,2022,14,2,0,0.03535322483959475
8811aa7063fffff,2022,18,1,0,0.037808507591596194
8811aa7063fffff,2022,20,2,0,0.03651473966230437
8811aa7063fffff,2023,9,1,0,0.032354790597218006
8811aa7063fffff,2023,10,1,0,0.032732967784953125
8811aa7063fffff,2023,14,1,0,0.0362957988406557
8811aa7063fffff,2023,15,1,0,0.03667397602839082
8811aa7063fffff,2023,16,2,0,0.03705215321612595
8811aa7063fffff,2023,18,1,0,0.035758385286834116
8811aa7063fffff,2023,23,1,0,0.03996154099751652
8811aa7063fffff,2024,9,1,0,0.03251976489985818
8811aa7063fffff,2024,14,1,0,0.0362957988406557
8811aa7063fffff,2024,15,2,0,0.03462385372362874
8811aa7063fffff,2024,19,3,0,0.03692991944458338
8811aa7063fffff,2024,20,1,0,0.03921326552054213
8811aa7067fffff,2022,6,1,0,0.028879268863417972
8811aa7067fffff,2022,12,1,0,0.02993803219362893
8811aa7067fffff,2022,14,1,0,0.030231221659442243
8811aa7067fffff,2022,16,1,0,0.03303769833967458
8811aa7067fffff,2022,18,1,0,0.03379405271514482
8811aa7067fffff,2022,22,3,0,0.03448298712397892
8811aa7067fffff,2023,4,1,0,0.02717476215899263
8811aa7067fffff,2023,7,1,0,0.027748955647936554
8811aa7067fffff,2023,10,1,0,0.028883487211141926
8811aa7067fffff,2023,11,1,0,0.03282027710685568
8811aa7067fffff,2023,13,1,0,0.03241569735265972
8811aa7067fffff,2023,17,1,0,0.03252668735231382
8811aa7067fffff,2023,18,1,1,0.03379405271514482
8811aa7067fffff,2023,21,1,0,0.03287846197358811
8811aa7067fffff,2023,22,2,0,0.035312643645234745
8811aa7067fffff,2024,5,2,0,0.028008993941319275
8811aa7067fffff,2024,7,1,0,0.028232384898772056
8811aa7067fffff,2024,17,1,0,0.03355174850469486
8811aa7067fffff,2024,23,1,0,0.03406193811894324
8811aa7069fffff,2023,16,1,0,0.03609249696885511
8811aa7069fffff,2024,2,1,0,0.031031062482453048
8811aa706bfffff,2022,13,1,0,0.05906707249553937
8811aa706bfffff,2022,16,1,0,0.060201604058744744
8811aa706bfffff,2022,19,1,0,0.0615011099245903
8811aa706bfffff,2022,22,2,0,0.064526671669067
8811aa706bfffff,2023,0,1,0,0.05646303882698954
8811aa706bfffff,2023,6,1,0,0.05658480648403369
8811aa706bfffff,2023,8,1,0,0.057341160859503935
8811aa706bfffff,2023,12,1,1,0.05868889530780425
8811aa706bfffff,2023,16,1,0,0.06033747703602991
8811aa706bfffff,2023,18,2,0,0.06127202804036355
8811aa706bfffff,2023,21,1,0,0.06209248999742036
8811aa706bfffff,2024,10,1,0,0.058097515234974174
8811aa706bfffff,2024,15,1,0,0.061496891576866344
8811aa706bfffff,2024,21,2,0,0.06217497714874046
8811aa7081fffff,2022,0,1,0,0.02755181628842439
8811aa7081fffff,2022,7,1,0,0.03023509974234231
8811aa7081fffff,2022,12,1,0,0.03371294307612308
8811aa7081fffff,2022,15,2,0,0.03311142194071493
8811aa7081fffff,2022,17,1,0,0.0337186810126768
8811aa7081fffff,2022,18,1,0,0.03598200620253383
8811aa7081fffff,2022,19,1,0,0.034310061085506875
8811aa7081fffff,2023,9,1,0,0.03257841151291772
8811aa7081fffff,2023,12,1,0,0.0342254736523136
8811aa7081fffff,2023,14,1,0,0.03255504812411641
8811aa7081fffff,2023,16,1,0,0.03334050382494168
8811aa7081fffff,2023,17,1,0,0.03714142074337026
8811aa7081fffff,2023,18,2,0,0.03495694505015279
8811aa7081fffff,2023,22,1,0,0.03570674011595694
8811aa7081fffff,2024,1,1,0,0.02792999347615951
8811aa7081fffff,2024,5,1,1,0.03132785022922191
8811aa7081fffff,2024,10,2,0,0.03276825990120016
8811aa7081fffff,2024,11,1,0,0.03333476588838796
8811aa7081fffff,2024,12,1,0,0.03371294307612308
8811aa7081fffff,2024,13,1,0,0.032040997959096124
8811aa7081fffff,2024,17,1,0,0.03560382901479871
8811aa7081fffff,2024,19,2,0,0.03636018339026895
8811aa7081fffff,2024,23,3,0,0.036858873390136195
8811aa7083fffff,2022,7,1,0,0.05825676282435906
8811aa7083fffff,2022,10,1,0,0.05939129438756443
8811aa7083fffff,2022,12,1,0,0.060445839370051435
8811aa7083fffff,2022,19,1,0,0.06279488907718055
8811aa7083fffff,2022,22,1,0,0.06214144580286853
8811aa7083fffff,2023,3,1,0,0.056117013365567375
8811aa7083fffff,2023,17,1,0,0.0620385347017103
8811aa7083fffff,2024,6,1,0,0.05787858563662394
8811aa7083fffff,2024,15,1,0,0.05923205802147797
8811aa7083fffff,2024,18,1,0,0.06101499313815902
8811aa7083fffff,2024,19,2,0,0.06279488907718055
8811aa7083fffff,2024,20,1,0,0.06368559684110618
8811aa7085fffff,2022,9,1,0,0.02487081354638849
8811aa7085fffff,2022,11,1,0,0.025627167921858738
8811aa7085fffff,2022,12,2,0,0.02600534510959386
8811aa7085fffff,2022,15,1,0,0.02508975436803715
8811aa7085fffff,2022,19,1,0,0.026602463118977647
8811aa7085fffff,2022,21,1,0,0.027358817494447896
8811aa7085fffff,2022,23,1,0,0.03042744164192492
8811aa7085fffff,2023,13,1,0,0.026383522297328987
8811aa7085fffff,2023,18,1,0,0.029811999964576168
8811aa7085fffff,2023,19,1,0,0.026602463118977647
8811aa7085fffff,2023,20,1,0,0.027278830913729523
8811aa7085fffff,2023,22,1,0,0.027999142149427718
8811aa7085fffff,2024,8,1,0,0.024492636358653366
8811aa7085fffff,2024,16,1,0,0.02611633510924796
8811aa7085fffff,2024,17,1,0,0.02601108304614758
8811aa7085fffff,2024,19,2,0,0.027627524271358686
8811aa7085fffff,2024,21,1,0,0.027358817494447896
8811aa7085fffff,2024,23,1,0,0.02837731933716284
8811aa7087fffff,2022,14,1,0,0.09284969772578809
8811aa7087fffff,2022,20,1,0,0.09358116912362727
8811aa7087fffff,2022,21,1,0,0.0939593463113624
8811aa7087fffff,2023,10,1,0,0.08979939724627603
8811aa7087fffff,2023,19,1,0,0.09320299193589214
8811aa7087fffff,2024,14,1,0,0.09131210599721652
8811aa7087fffff,2024,21,1,0,0.0939593463113624
8811aa7089fffff,2022,10,1,0,0.06279881705686417
8811aa7089fffff,2023,18,1,0,0.06479917340636411
8811aa7089fffff,2024,9,1,0,0.059481329389271094
8811aa7089fffff,2024,11,1,0,0.061639402516027744
8811aa7089fffff,2024,22,1,0,0.0640113767435967
8811aa708bfffff,2022,5,1,0,0.04313539844587416
8811aa708bfffff,2022,9,2,0,0.045411020881950995
8811aa708bfffff,2022,10,1,1,0.047624980405274436
8811aa708bfffff,2022,12,1,0,0.047193955998632055
8811aa708bfffff,2022,13,1,0,0.045898668480510454
8811aa708bfffff,2022,14,1,0,0.04986455970157922
8811aa708bfffff,2022,15,1,0,0.0466550228559807
8811aa708bfffff,2022,17,1,1,0.049759690143229784
8811aa708bfffff,2022,19,3,0,0.048906097142721955
8811aa708bfffff,2022,21,1,0,0.048924085982391445
8811aa708bfffff,2023,2,1,0,0.04200086688266878
8811aa708bfffff,2023,10,2,0,0.04732678979825768
8811aa708bfffff,2023,13,1,0,0.04794879078527253
8811aa708bfffff,2023,18,1,0,0.04778955441918607
8811aa708bfffff,2023,21,1,0,0.048924085982391445
8811aa708bfffff,2024,8,1,0,0.044470947451491764
8811aa708bfffff,2024,9,1,0,0.044385959729569956
8811aa708bfffff,2024,10,1,0,0.04492911121994526
8811aa708bfffff,2024,12,1,0,0.04552049129277533
8811aa708bfffff,2024,13,1,0,0.045898668480510454
8811aa708bfffff,2024,14,1,0,0.048839498549198175
8811aa708bfffff,2024,16,1,0,0.04959585292466843
8811aa708bfffff,2024,18,2,0,0.04907088085966237
8811aa708bfffff,2024,19,2,0,0.0507303844878738
8811aa708bfffff,2024,20,1,0,0.0487108830972965
8811aa708bfffff,2024,22,1,0,0.049729384940011445
8811aa708bfffff,2024,23,1,0,0.04994258782510639
8811aa708dfffff,2022,19,1,0,0.011469873402174896
8811aa708dfffff,2023,3,1,0,0.00721877759422917
8811aa708dfffff,2023,15,1,0,0.012007286955996482
8811aa708dfffff,2023,21,2,0,0.013251288930026184
8811aa708dfffff,2024,17,1,0,0.01276364133146673
8811aa7091fffff,2022,0,1,0,0.008305787458334048
8811aa7091fffff,2022,8,3,1,0.012570173113262327
8811aa7091fffff,2022,10,2,0,0.01202829133057078
8811aa7091fffff,2022,11,1,0,0.012580246655081074
8811aa7091fffff,2022,13,1,0,0.01145145302842942
8811aa7091fffff,2022,14,1,0,0.015252369946858005
8811aa7091fffff,2022,15,1,0,0.014092955406021571
8811aa7091fffff,2022,16,2,0,0.015239928458042474
8811aa7091fffff,2022,17,2,0,0.013718406980978187
8811aa7091fffff,2022,19,1,0,0.015605664156962068
8811aa7091fffff,2023,1,1,0,0.009060622244974531
8811aa7091fffff,2023,4,1,0,0.009305965633084024
8811aa7091fffff,2023,7,1,0,0.01106753790414058
8811aa7091fffff,2023,10,1,0,0.010316921465224052
8811aa7091fffff,2023,11,1,0,0.010530124350318993
8811aa7091fffff,2023,15,2,0,0.01204283310125949
8811aa7091fffff,2023,18,1,0,0.01317736466446486
8811aa7091fffff,2023,19,1,0,0.015605664156962068
8811aa7091fffff,2023,20,1,0,0.01598384134469719
8811aa7091fffff,2023,22,2,0,0.016059769186351183
8811aa7091fffff,2024,3,1,0,0.007931828618322877
8811aa7091fffff,2024,6,1,0,0.009800172541309576
8811aa7091fffff,2024,8,2,0,0.009560567089753802
8811aa7091fffff,2024,11,1,0,0.014117838383652635
8811aa7091fffff,2024,12,1,0,0.011371466447711049
8811aa7091fffff,2024,13,3,0,0.013049905413971033
8811aa7091fffff,2024,14,1,0,0.013714778218286447
8811aa7091fffff,2024,18,1,0,0.015740017545417463
8811aa7091fffff,2024,19,1,0,0.015605664156962068
8811aa7091fffff,2024,21,1,0,0.016362018532432313
8811aa7091fffff,2024,22,1,0,0.015117195185290231
8811aa7093fffff,2022,1,1,0,0.036457924268066044
8811aa7093fffff,2022,2,2,0,0.035773135143930115
8811aa7093fffff,2022,14,1,0,0.03906195793661587
8811aa7093fffff,2022,19,1,0,0.044540557908625135
8811aa7093fffff,2023,11,1,0,0.03822561698042726
8811aa7093fffff,2023,18,1,0,0.04073964099019655
8811aa7093fffff,2023,19,1,0,0.040952843875291495
8811aa7093fffff,2023,20,1,0,0.04133102106302662
8811aa7093fffff,2023,22,1,0,0.04491217578669416
8811aa7093fffff,2024,14,1,0,0.03936014854363263
8811aa7093fffff,2024,16,1,0,0.039983286614726304
8811aa7093fffff,2024,17,1,1,0.04459492471636216
8811aa7095fffff,2022,1,1,0,0.039073562233271006
8811aa7095fffff,2022,8,2,0,0.042334620929044844
8811aa7095fffff,2022,13,1,0,0.04510147271659313
8811aa7095fffff,2022,14,1,0,0.045479649904328255
8811aa7095fffff,2022,16,2,0,0.04700480014408428
8811aa7095fffff,2022,22,1,0,0.04876721487345394
8811aa7095fffff,2023,8,1,0,0.04321058677791751
8811aa7095fffff,2023,12,1,0,0.04369823437647696
8811aa7095fffff,2023,14,2,0,0.044454588751947216
8811aa7095fffff,2023,17,3,0,0.04593080736594626
8811aa7095fffff,2023,18,1,0,0.04750488923145926
8811aa7095fffff,2023,19,1,0,0.045320413538241795
8811aa7095fffff,2023,20,2,0,0.04774871303073899
8811aa7095fffff,2024,2,1,0,0.03980195236746507
8811aa7095fffff,2024,7,1,0,0.042832409590182384
8811aa7095fffff,2024,10,1,0,0.04307775297829188
8811aa7095fffff,2024,12,1,0,0.045235826105048525
8811aa7095fffff,2024,17,2,0,0.04661418146753363
8811aa7095fffff,2024,19,2,0,0.04666967646736067
8811aa7095fffff,2024,21,1,0,0.04812689021847412
8811aa7095fffff,2024,22,1,0,0.04876721487345394
8811aa7097fffff,2022,15,1,0,0.04018168973404039
8811aa7097fffff,2022,16,1,0,0.04414758095510915
8811aa7097fffff,2022,19,1,0,0.04528211251831452
8811aa7097fffff,2022,21,1,0,0.044799065772229966
8811aa7097fffff,2023,2,1,0,0.03720099846658519
8811aa7097fffff,2023,11,1,0,0.04123163386405249
8811aa7097fffff,2023,13,1,0,0.041987988239522746
8811aa7097fffff,2023,14,2,0,0.04082857369868631
8811aa7097fffff,2023,16,1,0,0.04414758095510915
8811aa7097fffff,2023,17,3,0,0.041792261736494835
8811aa7097fffff,2023,18,1,0,0.04148119559988594
8811aa7097fffff,2023,19,2,0,0.04374452078974297
8811aa7097fffff,2024,7,1,0,0.03920639453692148
8811aa7097fffff,2024,8,2,0,0.03864199772359565
8811aa7097fffff,2024,14,1,0,0.043391226579638904
8811aa7097fffff,2024,15,2,0,0.04223181203880247
8811aa7097fffff,2024,17,1,0,0.040938044109510636
8811aa7097fffff,2024,18,1,0,0.04336634360200784
8811aa7097fffff,2024,19,2,0,0.042801946788682016
8811aa7099fffff,2022,7,1,0,0.07961650723594267
8811aa7099fffff,2022,17,1,0,0.08493587084186545
8811aa7099fffff,2022,18,1,0,0.08237473754974262
8811aa7099fffff,2022,20,1,0,0.08453281067649927
8811aa7099fffff,2022,21,1,0,0.08491098786423439
8811aa7099fffff,2022,23,1,0,0.0874670814355209
8811aa7099fffff,2023,6,1,0,0.07923833004820753
8811aa7099fffff,2023,8,1,0,0.0781095364215559
8811aa7099fffff,2023,9,1,0,0.07848771360929101
8811aa7099fffff,2023,15,1,0,0.08264192473782364
8811aa7099fffff,2023,17,1,0,0.081513131111172
8811aa7099fffff,2023,18,1,0,0.08377645630102902
8811aa7099fffff,2024,0,2,0,0.07524922857292199
8811aa7099fffff,2024,7,1,0,0.08026491078941835
8811aa7099fffff,2024,10,1,0,0.08075103879914804
8811aa7099fffff,2024,12,3,0,0.08035677948926878
8811aa7099fffff,2024,15,1,0,0.08329032829129933
8811aa7099fffff,2024,19,2,0,0.08415463348876415
8811aa7099fffff,2024,23,2,0,0.08522863033130615
8811aa709bfffff,2022,12,1,0,0.12626301939228793
8811aa709bfffff,2022,14,1,0,0.12750280301859365
8811aa709bfffff,2022,18,1,0,0.12853208251869866
8811aa709bfffff,2022,21,1,0,0.12966661408190402
8811aa709bfffff,2023,7,1,0,0.12588062385682883
8811aa709bfffff,2023,9,1,0,0.12612444765610858
8811aa709bfffff,2023,18,1,0,0.12853208251869866
8811aa709bfffff,2023,20,1,0,0.12912346259152874
8811aa709bfffff,2024,6,1,1,0.12631316785230098
8811aa709bfffff,2024,9,1,0,0.12512848782908254
8811aa709bfffff,2024,17,1,0,0.13003905333308544
8811aa709bfffff,2024,19,1,0,0.1307954077085557
8811aa709bfffff,2024,21,1,0,0.12950163977926385
8811aa709dfffff,2022,8,1,0,0.08591918088612796
8811aa709dfffff,2022,13,2,0,0.08781006682480356
8811aa709dfffff,2022,21,1,0,0.09083548432668456
8811aa709dfffff,2022,22,1,0,0.0894256866769023
8811aa709dfffff,2023,13,1,1,0.08781006682480356
8811aa709dfffff,2023,15,2,0,0.08856642120027382
8811aa709dfffff,2023,16,2,1,0.08894459838800894
8811aa709dfffff,2023,17,2,0,0.08932277557574407
8811aa709dfffff,2023,19,1,0,0.09059166052740483
8811aa709dfffff,2024,8,1,0,0.08591918088612796
8811aa709dfffff,2024,18,1,0,0.08765083045871712
8811aa709dfffff,2024,20,4,0,0.09023501009517547
8811aa709dfffff,2024,22,1,0,0.09007409023037799
8811aa70a1fffff,2022,12,1,0,0.021715986320414805
8811aa70a1fffff,2022,19,1,0,0.023850696058370154
8811aa70a1fffff,2022,20,2,0,0.02328629924504433
8811aa70a1fffff,2023,11,1,0,0.020825278556489163
8811aa70a1fffff,2023,16,1,0,0.02271616449516478
8811aa70a1fffff,2024,16,1,0,0.02271616449516478
8811aa70a1fffff,2024,19,1,0,0.023850696058370154
8811aa70a3fffff,2022,1,1,0,0.03992943077062634
8811aa70a3fffff,2022,7,1,0,0.043821494431914285
8811aa70a3fffff,2022,12,1,0,0.04396044867284458
8811aa70a3fffff,2022,13,1,0,0.04638874816534178
8811aa70a3fffff,2022,14,2,0,0.04661783004956853
8811aa70a3fffff,2022,16,1,0,0.0472250891215304
8811aa70a3fffff,2022,17,1,0,0.045718118307143625
8811aa70a3fffff,2022,19,2,0,0.047334559532354735
8811aa70a3fffff,2023,7,1,0,0.041771372127152206
8811aa70a3fffff,2023,8,1,1,0.04419967161964941
8811aa70a3fffff,2023,9,1,0,0.04252772650262245
8811aa70a3fffff,2023,12,1,0,0.0457123803705899
8811aa70a3fffff,2023,13,1,0,0.04609055755832503
8811aa70a3fffff,2023,14,2,0,0.04544367359367911
8811aa70a3fffff,2023,16,1,0,0.045174966816768324
8811aa70a3fffff,2023,17,2,0,0.048372062173551306
8811aa70a3fffff,2023,21,1,0,0.04911597506020602
8811aa70a3fffff,2023,23,1,0,0.050134476902920964
8811aa70a3fffff,2024,2,1,0,0.04181609836157801
8811aa70a3fffff,2024,3,1,0,0.04116921439693209
8811aa70a3fffff,2024,8,1,0,0.04419967161964941
8811aa70a3fffff,2024,9,1,0,0.04252772650262245
8811aa70a3fffff,2024,10,1,0,0.04495602599511966
8811aa70a3fffff,2024,11,3,0,0.04520865064988633
8811aa70a3fffff,2024,12,1,0,0.044310661619303505
8811aa70a3fffff,2024,13,1,0,0.04609055755832503
8811aa70a3fffff,2024,15,1,0,0.046846911933795275
8811aa70a3fffff,2024,16,1,0,0.045823370370244004
8811aa70a3fffff,2024,17,3,0,0.04623651810609081
8811aa70a3fffff,2024,18,1,0,0.047981443497000655
8811aa70a3fffff,2024,19,1,0,0.048359620684735774
8811aa70a3fffff,2024,20,2,0,0.047712736720089854
8811aa70a3fffff,2024,21,1,0,0.04706585275544394
8811aa70a5fffff,2022,6,1,0,0.02801637703581371
8811aa70a5fffff,2022,12,1,0,0.03268311874053688
8811aa70a5fffff,2022,13,1,0,0.03225057474506472
8811aa70a5fffff,2022,17,1,0,0.031713161191243136
8811aa70a5fffff,2022,20,1,0,0.03489781505921059
8811aa70a5fffff,2023,3,1,0,0.02873095033495818
8811aa70a5fffff,2023,11,1,0,0.031494220369594476
8811aa70a5fffff,2023,13,1,0,0.032763105321255245
8811aa70a5fffff,2023,14,1,0,0.030578629628037767
8811aa70a5fffff,2023,18,1,0,0.032256312681618445
8811aa70a5fffff,2024,7,3,0,0.02965895989632582
8811aa70a5fffff,2024,21,1,0,0.03387427349565932
8811aa70a5fffff,2024,22,1,0,0.03591631690192554
8811aa70a7fffff,2022,8,1,0,0.012001662763550967
8811aa70a7fffff,2022,11,1,0,0.01108607202199426
8811aa70a7fffff,2023,0,1,0,0.007188270424152592
8811aa70a7fffff,2023,8,1,0,0.012001662763550967
8811aa70a7fffff,2023,12,1,0,0.011629223512369563
8811aa70a7fffff,2023,14,2,0,0.014270725889961712
8811aa70a7fffff,2023,21,1,0,0.016917966204107578
8811aa70a7fffff,2024,3,1,0,0.008971205540833645
8811aa70a7fffff,2024,12,1,0,0.013514371514491464
8811aa70a7fffff,2024,13,1,0,0.013892548702226587
8811aa70a7fffff,2024,15,2,0,0.012922982549672595
8811aa70a7fffff,2024,16,1,0,0.01297695796066988
8811aa70a7fffff,2024,18,1,0,0.01591930761818737
8811aa70a7fffff,2024,20,2,0,0.015514727863991416
8811aa70a9fffff,2022,6,1,0,0.020908531484752007
8811aa70a9fffff,2022,9,1,0,0.019992940743195294
8811aa70a9fffff,2022,13,2,0,0.02261319779783692
8811aa70a9fffff,2022,14,1,0,0.023933948986632994
8811aa70a9fffff,2022,15,1,0,0.02584971790293968
8811aa70a9fffff,2022,17,1,0,0.023018358245076285
8811aa70a9fffff,2022,19,1,0,0.027660617260896924
8811aa70a9fffff,2022,20,1,0,0.02431786411092184
8811aa70a9fffff,2022,23,1,0,0.025714543141371907
8811aa70a9fffff,2023,0,1,0,0.017016467823464054
8811aa70a9fffff,2023,1,1,0,0.017229670708559
8811aa70a9fffff,2023,2,1,0,0.017607847896294125
8811aa70a9fffff,2023,5,1,0,0.018742379459499494
8811aa70a9fffff,2023,12,2,0,0.022301628762290082
8811aa70a9fffff,2023,13,1,0,0.021803840101152543
8811aa70a9fffff,2023,16,1,0,0.022640181057341162
8811aa70a9fffff,2023,18,1,0,0.02339653543281141
8811aa70a9fffff,2023,20,1,0,0.02620301211304374
8811aa70a9fffff,2023,23,1,0,0.027599691143493806
8811aa70a9fffff,2024,0,1,0,0.01749989707429956
8811aa70a9fffff,2024,9,1,0,0.022555593624147895
8811aa70a9fffff,2024,12,2,0,0.022152533458781706
8811aa70a9fffff,2024,13,1,0,0.02150564949413579
8811aa70a9fffff,2024,16,1,0,0.022640181057341162
8811aa70a9fffff,2024,17,2,0,0.02429968468555259
8811aa70a9fffff,2024,20,1,0,0.02620301211304374
8811aa70a9fffff,2024,21,1,0,0.025179470549492464
8811aa70abfffff,2022,8,1,0,0.011854106827318512
8811aa70abfffff,2022,12,1,0,0.013366815578259009
8811aa70abfffff,2022,15,1,0,0.014501347141464381
8811aa70abfffff,2022,19,1,0,0.013963933587642795
8811aa70abfffff,2022,20,1,0,0.01639223308014
8811aa70abfffff,2022,21,2,0,0.015745349115494082
8811aa70abfffff,2022,23,1,0,0.015738789805827987
8811aa70abfffff,2023,7,1,0,0.011475929639583389
8811aa70abfffff,2023,13,1,0,0.014257523342184653
8811aa70abfffff,2023,17,2,0,0.015257701516934627
8811aa70abfffff,2023,18,2,0,0.01563587870466975
8811aa70abfffff,2023,21,1,0,0.016770410267875124
8811aa70abfffff,2024,7,1,0,0.013013521368154948
8811aa70abfffff,2024,9,1,0,0.010182161710291555
8811aa70abfffff,2024,10,2,0,0.01088454067476452
8811aa70abfffff,2024,11,1,0,0.010938516085761804
8811aa70abfffff,2024,12,2,0,0.013623080866354269
8811aa70abfffff,2024,13,1,0,0.01374499276599413
8811aa70abfffff,2024,14,3,0,0.014294013479126096
8811aa70abfffff,2024,15,1,0,0.014501347141464381
8811aa70abfffff,2024,19,1,0,0.01601405589240488
8811aa70abfffff,2024,20,1,0,0.015503044905044124
8811aa70abfffff,2024,21,1,0,0.016770410267875124
8811aa70abfffff,2024,23,2,0,0.01638719335930367
8811aa70adfffff,2022,5,1,0,0.03349192925183346
8811aa70adfffff,2022,6,1,0,0.03519491636742904
8811aa70adfffff,2022,10,1,0,0.034822477116247634
8811aa70adfffff,2022,11,1,0,0.03503568000134257
8811aa70adfffff,2022,12,1,0,0.0379765100700303
8811aa70adfffff,2022,13,4,0,0.037499002325092054
8811aa70adfffff,2022,16,2,0,0.03795162709239923
8811aa70adfffff,2022,18,1,0,0.037682920315488436
8811aa70adfffff,2022,19,1,0,0.04011121980798565
8811aa70adfffff,2022,22,1,0,0.041806089445452464
8811aa70adfffff,2023,9,3,0,0.034279325625872326
8811aa70adfffff,2023,13,1,0,0.03579203437681282
8811aa70adfffff,2023,15,1,0,0.03757344990466411
8811aa70adfffff,2023,17,2,0,0.038329804280134355
8811aa70adfffff,2023,18,1,0,0.03973304262025052
8811aa70adfffff,2023,20,1,0,0.04048939699572077
8811aa70adfffff,2023,21,1,0,0.03898242618133399
8811aa70adfffff,2023,22,1,0,0.04150789883843571
8811aa70adfffff,2024,2,1,0,0.03189423277897115
8811aa70adfffff,2024,10,1,0,0.034822477116247634
8811aa70adfffff,2024,12,3,0,0.03695144891764926
8811aa70adfffff,2024,14,2,0,0.03822033386931003
8811aa70adfffff,2024,16,1,0,0.03757496949349388
8811aa70adfffff,2024,17,1,0,0.037304743127753316
8811aa70adfffff,2024,18,1,0,0.03784789461812862
8811aa70adfffff,2024,19,3,0,0.039653680666008516
8811aa70adfffff,2024,20,3,0,0.03843927469095869
8811aa70adfffff,2024,23,2,0,0.03983595372140875
8811aa70b1fffff,2024,13,1,0,0.012413668458049807
8811aa70b1fffff,2024,18,1,0,0.016354676701487506
8811aa70b1fffff,2024,21,1,0,0.01595161653612132
8811aa70b3fffff,2022,12,1,0,0.09942341122273213
8811aa70b3fffff,2022,13,1,0,0.09891240023537137
8811aa70b3fffff,2023,8,1,0,0.09586058016702954
8811aa70b3fffff,2023,12,1,0,0.09737328891797005
8811aa70b3fffff,2023,16,1,0,0.09888599766891053
8811aa70b3fffff,2024,8,2,1,0.09791070247179164
8811aa70b3fffff,2024,11,1,0,0.09955776461118751
8811aa70b3fffff,2024,14,1,0,0.10069229617439289
8811aa70b3fffff,2024,19,1,0,0.1006689327855916
8811aa70b5fffff,2022,14,1,0,0.012734765716075284
8811aa70b5fffff,2022,18,2,0,0.014111601489730619
8811aa70b5fffff,2023,12,1,0,0.012867599515700915
8811aa70b5fffff,2023,18,1,0,0.015136662642111658
8811aa70b5fffff,2023,19,1,0,0.0134647175250847
8811aa70b5fffff,2024,6,2,0,0.009467633588776541
8811aa70b5fffff,2024,8,1,0,0.011354890764760421
8811aa70b5fffff,2024,20,1,0,0.015893017017581907
8811aa70b7fffff,2022,18,1,0,0.057947144714113996
8811aa70b7fffff,2023,9,1,0,0.054543550024497886
8811aa70b7fffff,2023,10,1,0,0.054756752909592823
8811aa70b7fffff,2023,12,2,0,0.05833202545411094
8811aa70b7fffff,2023,15,1,0,0.058697761153030534
8811aa70b7fffff,2023,16,1,0,0.05907593834076565
8811aa70b7fffff,2023,17,1,0,0.05945411552850077
8811aa70b7fffff,2023,18,1,0,0.05778217041147382
8811aa70b7fffff,2024,15,1,0,0.05681261315090863
8811aa70b7fffff,2024,17,3,1,0.05894158495231026
8811aa70b7fffff,2024,18,3,0,0.059661449190839065
8811aa70b7fffff,2024,19,2,0,0.06046673519206629
8811aa70b7fffff,2024,21,1,0,0.059565105528154874
8811aa70b9fffff,2022,12,1,0,0.06117282823173212
8811aa70b9fffff,2022,15,1,0,0.06025723749017541
8811aa70b9fffff,2022,18,1,0,0.06344189135814286
8811aa70b9fffff,2023,8,1,0,0.059660119480791626
8811aa70b9fffff,2023,14,1,0,0.059879060302440286
8811aa70b9fffff,2023,20,1,0,0.06214812342885103
8811aa70b9fffff,2024,11,1,0,0.060794651043997
8811aa70b9fffff,2024,19,1,0,0.06382006854587798
8811aa70bbfffff,2024,10,1,0,0.07582839768222138
8811aa70bbfffff,2024,14,1,0,0.07704291582614513
8811aa70bbfffff,2024,15,1,0,0.07742109301388024
8811aa70bbfffff,2024,18,2,0,0.07966317288078675
8811aa70bbfffff,2024,19,1,1,0.07893380176482075
8811aa70bdfffff,2022,17,1,0,0.04922573601888368
8811aa70bdfffff,2023,8,1,0,0.04552395072225081
8811aa70bdfffff,2023,11,1,0,0.04665848228545618
8811aa70bdfffff,2023,13,1,0,0.04771302726794318
8811aa70bdfffff,2023,18,1,0,0.049305722599602045
8811aa70bdfffff,2023,21,1,0,0.05044025416280742
8811aa70bdfffff,2024,3,1,0,0.042493493499533484
8811aa70bdfffff,2024,12,1,0,0.0470366594731913
8811aa70bdfffff,2024,15,1,0,0.046121068731634594
8811aa70bdfffff,2024,18,1,0,0.049305722599602045
8811aa70bdfffff,2024,19,1,0,0.05019643036352769
8811aa70bdfffff,2024,20,2,0,0.05006207697507229
8811aa70bdfffff,2024,21,2,0,0.04871433363478318
8811aa70c1fffff,2022,8,1,0,0.05220218991159943
8811aa70c1fffff,2022,10,2,0,0.05295854428706968
8811aa70c1fffff,2022,12,1,1,0.05590089394458717
8811aa70c1fffff,2022,13,1,0,0.0543912664572918
8811aa70c1fffff,2022,15,2,0,0.057223754307245224
8811aa70c1fffff,2022,20,1,0,0.05674031616442092
8811aa70c1fffff,2022,22,1,0,0.057758818007135865
8811aa70c1fffff,2023,3,1,0,0.050573451440168504
8811aa70c1fffff,2023,8,1,0,0.05476484279255203
8811aa70c1fffff,2023,13,1,0,0.05425805015291523
8811aa70c1fffff,2023,15,1,0,0.05689955253050738
8811aa70c1fffff,2023,17,1,0,0.057655906905977626
8811aa70c1fffff,2024,0,1,0,0.050087323430438827
8811aa70c1fffff,2024,7,1,0,0.05438666560481691
8811aa70c1fffff,2024,10,2,0,0.05295854428706968
8811aa70c1fffff,2024,11,1,0,0.0533367214748048
8811aa70c1fffff,2024,13,1,0,0.05665572873122765
8811aa70c1fffff,2024,15,3,0,0.05707039605590422
8811aa70c1fffff,2024,16,1,0,0.05522760741348042
8811aa70c1fffff,2024,17,1,0,0.05577075890385573
8811aa70c1fffff,2024,20,1,0,0.05674031616442092
8811aa70c1fffff,2024,21,1,0,0.05968114623310864
8811aa70c1fffff,2024,22,1,0,0.05980894031189794
8811aa70c3fffff,2022,8,1,0,0.03815778468421529
8811aa70c3fffff,2022,13,1,0,0.039750480015874154
8811aa70c3fffff,2022,16,2,0,0.04114127686717478
8811aa70c3fffff,2022,17,2,0,0.04151945405490991
8811aa70c3fffff,2022,18,2,0,0.04138510066645451
8811aa70c3fffff,2022,19,1,0,0.040134395140163
8811aa70c3fffff,2022,20,1,0,0.042397720330020025
8811aa70c3fffff,2022,22,1,0,0.044953813901306525
8811aa70c3fffff,2023,9,1,0,0.038237771264933655
8811aa70c3fffff,2023,14,1,0,0.04012865720360928
8811aa70c3fffff,2023,15,2,0,0.038539199237902416
8811aa70c3fffff,2024,6,1,0,0.03505311739696621
8811aa70c3fffff,2024,11,1,0,0.04053171736897547
8811aa70c3fffff,2024,12,1,0,0.03732218052337695
8811aa70c3fffff,2024,14,4,0,0.038240635787216114
8811aa70c3fffff,2024,15,1,0,0.04050683439134441
8811aa70c3fffff,2024,17,1,0,0.041263188766814646
8811aa70c5fffff,2022,2,1,0,0.01936687595761501
8811aa70c5fffff,2022,15,1,0,0.022810732134727136
8811aa70c5fffff,2022,20,1,0,0.0262885754685079
8811aa70c5fffff,2022,21,1,0,0.026666752656243027
8811aa70c5fffff,2023,13,1,0,0.023264677555456678
8811aa70c5fffff,2023,15,2,0,0.0242905195452454
8811aa70c5fffff,2023,17,1,0,0.023567086510197382
8811aa70c5fffff,2023,20,1,0,0.0262885754685079
8811aa70c5fffff,2023,21,1,0,0.024781604654121124
8811aa70c5fffff,2023,23,1,0,0.02563513219419589
8811aa70c5fffff,2024,1,1,0,0.01731523406402316
8811aa70c5fffff,2024,10,1,0,0.020456681286394583
8811aa70c5fffff,2024,18,1,0,0.025532221093037655
8811aa70c5fffff,2024,19,1,0,0.02591039828077278
8811aa70c5fffff,2024,20,1,0,0.024238453163745823
8811aa70c7fffff,2022,9,1,0,0.03940388525626601
8811aa70c7fffff,2022,22,2,0,0.042019683283114714
8811aa70c7fffff,2023,12,2,0,0.038058251089838874
8811aa70c7fffff,2023,13,1,0,0.03732887997387286
8811aa70c7fffff,2023,16,1,0,0.04051353384184032
8811aa70c7fffff,2023,21,1,0,0.04035429747575385
8811aa70c7fffff,2024,8,1,0,0.03902570806853088
8811aa70c7fffff,2024,13,1,0,0.03749385427651304
8811aa70c7fffff,2024,14,1,0,0.041294771194941626
8811aa70c7fffff,2024,15,1,0,0.03808523434934311
8811aa70c7fffff,2024,18,1,1,0.041269888217310556
8811aa70c7fffff,2024,19,1,0,0.04075887722994981
8811aa70c7fffff,2024,21,2,0,0.041379358628134896
8811aa70c7fffff,2024,23,1,0,0.04304626402432552
8811aa70c9fffff,2022,11,1,0,0.02993578539571675
8811aa70c9fffff,2022,16,1,0,0.031826671334392376
8811aa70c9fffff,2022,17,2,0,0.032204848522127495
8811aa70c9fffff,2022,18,1,0,0.03412061743843418
8811aa70c9fffff,2022,21,1,0,0.0316674349683059
8811aa70c9fffff,2022,22,2,0,0.03450697723155619
8811aa70c9fffff,2023,13,1,0,0.030692139771186996
8811aa70c9fffff,2023,17,1,0,0.032204848522127495
8811aa70c9fffff,2024,11,1,0,0.02993578539571675
8811aa70c9fffff,2024,16,1,0,0.031826671334392376
8811aa70c9fffff,2024,17,1,0,0.032204848522127495
8811aa70c9fffff,2024,18,4,0,0.03271115835391025
8811aa70c9fffff,2024,20,1,0,0.033475253062618025
8811aa70c9fffff,2024,21,1,0,0.03423008784925851
8811aa70c9fffff,2024,22,1,0,0.03247273392592591
8811aa70cbfffff,2022,8,1,0,0.05978266204334665
8811aa70cbfffff,2022,10,1,0,0.0592996152972621
8811aa70cbfffff,2022,14,1,0,0.06051413344118584
8811aa70cbfffff,2022,15,1,0,0.058842188324158884
8811aa70cbfffff,2022,16,1,0,0.06127048781665609
8811aa70cbfffff,2022,23,1,0,0.0657174673266182
8811aa70cbfffff,2023,10,1,1,0.059001424690245344
8811aa70cbfffff,2023,16,1,0,0.06127048781665609
8811aa70cbfffff,2023,17,4,0,0.06062360385201017
8811aa70cbfffff,2023,21,1,0,0.061276225753209804
8811aa70cbfffff,2023,22,1,0,0.06175157610554945
8811aa70cbfffff,2024,8,1,0,0.0582450703147751
8811aa70cbfffff,2024,11,1,0,0.05732947957321839
8811aa70cbfffff,2024,13,1,0,0.060135956253450716
8811aa70cbfffff,2024,16,1,0,0.059385339814534185
8811aa70cbfffff,2024,20,1,0,0.06329572714378709
8811aa70cbfffff,2024,21,1,0,0.06111125145056963
8811aa70cdfffff,2022,5,1,0,0.024146757787331795
8811aa70cdfffff,2022,9,1,0,0.025909849647218115
8811aa70cdfffff,2022,13,1,0,0.02602083964687221
8811aa70cdfffff,2022,15,1,0,0.02766638219743834
8811aa70cdfffff,2022,20,1,0,0.029557268136113958
8811aa70cdfffff,2022,22,1,0,0.02852564767406682
8811aa70cdfffff,2023,8,1,1,0.02501914188329247
8811aa70cdfffff,2023,10,3,0,0.025604652733365877
8811aa70cdfffff,2023,11,1,0,0.02426852544437594
8811aa70cdfffff,2023,12,1,0,0.024646702632111064
8811aa70cdfffff,2023,15,1,0,0.025616259892676255
8811aa70cdfffff,2023,17,2,0,0.027397675420527547
8811aa70cdfffff,2023,18,1,0,0.02880091376064371
8811aa70cdfffff,2023,19,2,0,0.028734496860830898
8811aa70cdfffff,2023,23,1,0,0.030953947166564022
8811aa70cdfffff,2024,11,1,1,0.02615367344649784
8811aa70cdfffff,2024,14,1,0,0.025238082704941135
8811aa70cdfffff,2024,16,2,0,0.02804455938517346
8811aa70cdfffff,2024,17,1,0,0.028935267149099105
8811aa70cdfffff,2024,18,1,0,0.02880091376064371
8811aa70cdfffff,2024,19,1,0,0.027264841620901915
8811aa70d1fffff,2022,5,1,0,0.04782627482159125
8811aa70d1fffff,2022,8,1,0,0.04907531651645728
8811aa70d1fffff,2022,12,3,0,0.050462472734429324
8811aa70d1fffff,2022,21,2,0,0.05399161995701389
8811aa70d1fffff,2023,7,1,0,0.04664701702396008
8811aa70d1fffff,2023,8,1,0,0.047190168514335384
8811aa70d1fffff,2023,11,1,0,0.05020984807966265
8811aa70d1fffff,2023,12,1,0,0.05021136766849242
8811aa70d1fffff,2023,17,1,0,0.0524789112060734
8811aa70d1fffff,2023,18,1,0,0.05080696608904644
8811aa70d1fffff,2024,14,2,0,0.050899785555320085
8811aa70d1fffff,2024,16,1,0,0.05210073401833827
8811aa70d1fffff,2024,17,1,0,0.0524789112060734
8811aa70d1fffff,2024,18,1,0,0.05285708839380852
8811aa70d1fffff,2024,21,1,0,0.05399161995701389
8811aa70d1fffff,2024,22,1,0,0.05274679660987181
8811aa70d3fffff,2022,7,1,0,0.03043966345581361
8811aa70d3fffff,2022,11,2,0,0.03246490278294463
8811aa70d3fffff,2022,14,1,0,0.033086903769959486
8811aa70d3fffff,2022,16,3,0,0.03263089824547399
8811aa70d3fffff,2022,19,1,0,0.03549032028482562
8811aa70d3fffff,2022,21,1,0,0.033684021779343265
8811aa70d3fffff,2023,3,1,0,0.028164041019736772
8811aa70d3fffff,2023,8,1,0,0.03081784064354873
8811aa70d3fffff,2023,11,1,0,0.03195237220675411
8811aa70d3fffff,2023,14,1,0,0.033086903769959486
8811aa70d3fffff,2023,16,1,0,0.033843258145429725
8811aa70d3fffff,2023,17,1,0,0.03217131302840277
8811aa70d3fffff,2024,7,1,0,0.03197725518438517
8811aa70d3fffff,2024,13,1,0,0.03065860427746227
8811aa70d3fffff,2024,15,1,0,0.03141495865293252
8811aa70d3fffff,2024,16,1,0,0.03179313584066765
8811aa70d3fffff,2024,17,1,0,0.03217131302840277
8811aa70d3fffff,2024,18,2,1,0.03357455136851893
8811aa70d3fffff,2024,20,1,0,0.035355966896370224
8811aa70d3fffff,2024,21,1,0,0.03384899608198345
8811aa70d5fffff,2022,11,1,0,0.02253406473184639
8811aa70d5fffff,2022,14,1,0,0.02431699984852744
8811aa70d5fffff,2022,17,1,0,0.024803127858257133
8811aa70d5fffff,2023,7,1,1,0.021021355980905893
8811aa70d5fffff,2023,21,1,0,0.024265714304435547
8811aa70d5fffff,2024,0,1,0,0.017747074958908846
8811aa70d5fffff,2024,4,1,0,0.019123910732564177
8811aa70d7fffff,2022,1,1,0,0.04477485076406131
8811aa70d7fffff,2022,2,1,0,0.04515302795179643
8811aa70d7fffff,2022,11,1,0,0.05188218920750149
8811aa70d7fffff,2022,12,1,0,0.05226036639523662
8811aa70d7fffff,2022,13,1,0,0.051100951854400174
8811aa70d7fffff,2022,14,2,0,0.050685650344582736
8811aa70d7fffff,2022,16,1,0,0.05018536111284347
8811aa70d7fffff,2022,18,1,0,0.0529918377930758
8811aa70d7fffff,2022,19,2,1,0.05234495382842989
8811aa70d7fffff,2022,20,1,0,0.05169806986378397
8811aa70d7fffff,2022,21,1,0,0.055663961084852734
8811aa70d7fffff,2022,22,1,0,0.05271657170649891
8811aa70d7fffff,2022,23,1,0,0.055144871198996116
8811aa70d7fffff,2023,2,1,0,0.04515302795179643
8811aa70d7fffff,2023,12,1,0,0.05226036639523662
8811aa70d7fffff,2023,15,3,0,0.05174145413868698
8811aa70d7fffff,2023,17,3,1,0.05210113002915016
8811aa70d7fffff,2023,21,1,0,0.05207624705151909
8811aa70d7fffff,2023,22,2,0,0.05271657170649891
8811aa70d7fffff,2024,1,1,0,0.04477485076406131
8811aa70d7fffff,2024,2,1,0,0.04515302795179643
8811aa70d7fffff,2024,4,1,0,0.04590938232726668
8811aa70d7fffff,2024,5,1,1,0.046287559515001804
8811aa70d7fffff,2024,7,1,1,0.048831888727989436
8811aa70d7fffff,2024,8,1,0,0.04715994361096248
8811aa70d7fffff,2024,12,1,0,0.050722774666665055
8811aa70d7fffff,2024,13,1,0,0.049050829549638096
8811aa70d7fffff,2024,18,1,0,0.0529918377930758
8811aa70d7fffff,2024,19,3,0,0.05222910173724644
8811aa70d7fffff,2024,20,3,0,0.05276842200859339
8811aa70d7fffff,2024,21,1,0,0.05412636935628117
8811aa70d7fffff,2024,23,2,0,0.05425568302390024
8811aa70d9fffff,2022,7,1,0,0.031724877602940016
8811aa70d9fffff,2022,14,1,0,0.03437211791708589
8811aa70d9fffff,2022,19,1,0,0.036263003855761505
8811aa70d9fffff,2022,21,1,0,0.03701935823123175
8811aa70d9fffff,2023,18,1,0,0.0363973572442169
8811aa70d9fffff,2023,19,1,0,0.03677553443195203
8811aa70d9fffff,2023,21,1,0,0.03496923592646967
8811aa70d9fffff,2024,9,1,0,0.03248123197841026
8811aa70d9fffff,2024,17,1,0,0.03550664948029125
8811aa70dbfffff,2022,0,1,0,0.09316555090866849
8811aa70dbfffff,2022,2,1,0,0.09443443586032925
8811aa70dbfffff,2022,8,2,0,0.09583620162139539
8811aa70dbfffff,2022,11,1,0,0.09606739267948412
8811aa70dbfffff,2022,23,1,0,0.10070269209691013
8811aa70dbfffff,2023,3,1,0,0.09330412264484783
8811aa70dbfffff,2023,9,1,0,0.09544425460839044
8811aa70dbfffff,2023,15,1,0,0.09771331773480119
8811aa70dbfffff,2024,0,1,0,0.09346374151568522
8811aa70dbfffff,2024,12,1,0,0.09644556986721925
8811aa70dbfffff,2024,22,1,0,0.1023746372139371
8811aa70ddfffff,2022,13,2,0,0.021952371707474935
8811aa70ddfffff,2022,16,1,0,0.021036780965918225
8811aa70ddfffff,2023,0,2,0,0.01582856049423404
8811aa70ddfffff,2023,1,1,0,0.016651331769517105
8811aa70ddfffff,2023,9,1,0,0.01838954065177236
8811aa70ddfffff,2023,13,2,0,0.020927310555093896
8811aa70ddfffff,2023,19,1,0,0.022634477438780533
8811aa70ddfffff,2024,0,1,0,0.01729821573416302
8811aa70ddfffff,2024,13,1,0,0.023489963436046493
8811aa70ddfffff,2024,17,1,0,0.025002672186986992
8811aa70ddfffff,2024,18,1,0,0.02295406947105468
8811aa70ddfffff,2024,21,1,0,0.02460113161045057
8811aa70e1fffff,2022,3,1,0,0.008517486398432993
8811aa70e1fffff,2022,7,1,0,0.009603073379488614
8811aa70e1fffff,2022,11,1,1,0.01265337385900067
8811aa70e1fffff,2022,14,1,0,0.013738539755672453
8811aa70e1fffff,2022,16,1,0,0.013171642371744908
8811aa70e1fffff,2022,21,1,0,0.016947676312542428
8811aa70e1fffff,2022,23,1,0,0.017966178155257372
8811aa70e1fffff,2023,7,2,0,0.011479417547475524
8811aa70e1fffff,2023,9,1,0,0.012409550059720942
8811aa70e1fffff,2023,10,1,0,0.012787727247456067
8811aa70e1fffff,2023,13,1,0,0.013922258810661437
8811aa70e1fffff,2023,14,1,0,0.014300435998396562
8811aa70e1fffff,2023,15,1,0,0.014678613186131685
8811aa70e1fffff,2023,16,2,0,0.015056790373866808
8811aa70e1fffff,2024,8,1,0,0.009981250567223736
8811aa70e1fffff,2024,9,1,0,0.010359427754958862
8811aa70e1fffff,2024,10,1,0,0.013085917854472818
8811aa70e1fffff,2024,13,1,0,0.014434789386851957
8811aa70e1fffff,2024,15,3,0,0.013366856417170357
8811aa70e1fffff,2024,18,1,0,0.013763022444574976
8811aa70e1fffff,2024,19,2,0,0.01524874793601123
8811aa70e1fffff,2024,20,1,0,0.015031907396235744
8811aa70e1fffff,2024,21,1,0,0.017460206888732947
8811aa70e1fffff,2024,22,1,0,0.015537878662760168
8811aa70e1fffff,2024,23,1,0,0.017966178155257372
8811aa70e3fffff,2024,20,1,0,0.05057349274935987
8811aa70e3fffff,2024,21,1,0,0.049037420609618076
8811aa70e5fffff,2022,0,1,0,0.013594655932291344
8811aa70e5fffff,2022,8,1,0,0.017568225763127433
8811aa70e5fffff,2022,9,1,0,0.016272938245005832
8811aa70e5fffff,2022,19,1,0,0.02210483242711915
8811aa70e5fffff,2022,22,1,0,0.02161636345544732
8811aa70e5fffff,2023,7,1,0,0.015681558172175765
8811aa70e5fffff,2023,10,1,0,0.020238829466074595
8811aa70e5fffff,2023,15,2,0,0.018624488522736668
8811aa70e5fffff,2023,16,1,0,0.018920178559151696
8811aa70e5fffff,2024,0,1,0,0.013131491022634412
8811aa70e5fffff,2024,7,1,0,0.017190048575392306
8811aa70e5fffff,2024,8,1,0,0.01961834806788951
8811aa70e5fffff,2024,9,1,0,0.019860652278339472
8811aa70e5fffff,2024,11,1,0,0.017327483227492828
8811aa70e5fffff,2024,15,1,0,0.021104654252369175
8811aa70e5fffff,2024,16,1,0,0.020970300863913778
8811aa70e5fffff,2024,18,2,0,0.020957859375098246
8811aa70e5fffff,2024,20,1,0,0.020597861612732374
8811aa70e7fffff,2022,12,1,0,0.10579956695021679
8811aa70e7fffff,2022,13,1,0,0.10412762183318983
8811aa70e7fffff,2023,13,1,0,0.10412762183318983
8811aa70e7fffff,2023,14,2,0,0.10655592132568703
8811aa70e7fffff,2024,12,1,0,0.10388531762273988
8811aa70e7fffff,2024,21,1,0,0.10715303933507082
8811aa70e9fffff,2022,11,2,0,0.04143524273512018
8811aa70e9fffff,2022,12,1,0,0.03899450175380744
8811aa70e9fffff,2022,13,1,0,0.03937267894154256
8811aa70e9fffff,2022,14,1,0,0.04180097843403977
8811aa70e9fffff,2022,16,2,0,0.041614758808449066
8811aa70e9fffff,2022,17,1,0,0.04088538769248306
8811aa70e9fffff,2022,19,1,0,0.04164174206795331
8811aa70e9fffff,2023,7,1,0,0.0391537381198939
8811aa70e9fffff,2023,9,1,0,0.03991009249536415
8811aa70e9fffff,2023,12,1,0,0.04258221578714108
8811aa70e9fffff,2023,15,1,0,0.04180249802286953
8811aa70e9fffff,2023,18,1,0,0.04126356488021818
8811aa70e9fffff,2023,19,2,0,0.043072163811937986
8811aa70e9fffff,2023,20,1,0,0.04407004156045051
8811aa70e9fffff,2024,0,2,0,0.03574358412061168
8811aa70e9fffff,2024,8,1,0,0.03748179300286694
8811aa70e9fffff,2024,9,1,0,0.03991009249536415
8811aa70e9fffff,2024,11,1,1,0.038616324566072315
8811aa70e9fffff,2024,13,1,0,0.04142280124630464
8811aa70e9fffff,2024,14,1,0,0.04333857016261133
8811aa70e9fffff,2024,15,1,0,0.04012903331701281
8811aa70e9fffff,2024,18,1,0,0.04126356488021818
8811aa70e9fffff,2024,20,4,0,0.04320708129643839
8811aa70e9fffff,2024,21,1,1,0.04474640935520238
8811aa70ebfffff,2022,1,1,0,0.02898216457097764
8811aa70ebfffff,2022,7,1,0,0.03150161080633421
8811aa70ebfffff,2022,13,1,0,0.03377067393274495
8811aa70ebfffff,2022,14,1,0,0.034148851120480085
8811aa70ebfffff,2022,15,1,0,0.032476906003453127
8811aa70ebfffff,2022,16,1,0,0.036442797224521886
8811aa70ebfffff,2022,20,1,0,0.03641791424689082
8811aa70ebfffff,2023,1,1,0,0.02744457284240608
8811aa70ebfffff,2023,12,2,0,0.03339249674500983
8811aa70ebfffff,2023,13,1,0,0.03377067393274495
8811aa70ebfffff,2023,14,1,0,0.0332596629453842
8811aa70ebfffff,2023,15,1,0,0.034527028308215205
8811aa70ebfffff,2023,18,1,0,0.03719915159999214
8811aa70ebfffff,2023,19,1,0,0.033989614754393625
8811aa70ebfffff,2023,20,1,0,0.034367791942128745
8811aa70ebfffff,2023,21,1,0,0.034745969129863864
8811aa70ebfffff,2023,23,1,0,0.03606266157959556
8811aa70ebfffff,2024,12,1,0,0.034930088473581394
8811aa70ebfffff,2024,16,2,0,0.035161470784045586
8811aa70ebfffff,2024,17,1,0,0.03528338268368546
8811aa70ebfffff,2024,19,2,0,0.035014675906774664
8811aa70ebfffff,2024,20,1,0,0.03641791424689082
8811aa70ebfffff,2024,21,1,0,0.034745969129863864
8811aa70edfffff,2022,12,1,0,0.11434599866500882
8811aa70edfffff,2022,22,1,0,0.1160416050978259
8811aa70edfffff,2023,7,1,0,0.11215692211931645
8811aa7101fffff,2022,8,1,0,0.03287838503557418
8811aa7101fffff,2022,17,2,0,0.03525691857280926
8811aa7101fffff,2022,19,1,0,0.037550864676851065
8811aa7101fffff,2022,21,1,1,0.03574456617136871
8811aa7101fffff,2023,12,1,0,0.032505945784392774
8811aa7101fffff,2023,13,1,0,0.03271914866948772
8811aa7101fffff,2023,17,2,0,0.0343143445717483
8811aa7101fffff,2023,18,1,0,0.03666015691292542
8811aa7101fffff,2024,13,2,0,0.032787085158130294
8811aa7101fffff,2024,20,2,0,0.03671565191275247
8811aa7103fffff,2022,11,1,0,0.007485515631175308
8811aa7103fffff,2022,13,1,0,0.004819130275952093
8811aa7103fffff,2022,17,1,0,0.006166864724252411
8811aa7103fffff,2023,10,1,0,0.005569746714868625
8811aa7103fffff,2023,12,1,0,0.004275978785576791
8811aa7103fffff,2023,14,1,0,0.007082455465809119
8811aa7103fffff,2023,15,1,0,0.007460632653544245
8811aa7103fffff,2023,18,1,0,0.006710016214627713
8811aa7103fffff,2024,13,1,0,0.006704278278073995
8811aa7103fffff,2024,18,1,0,0.008595164216749615
8811aa7103fffff,2024,23,1,0,0.01126072819886045
8811aa7105fffff,2022,0,1,0,0.03780516706126541
8811aa7105fffff,2022,19,1,0,0.04502657676800482
8811aa7105fffff,2023,7,1,0,0.04019025990816658
8811aa7105fffff,2023,8,1,0,0.0405684370959017
8811aa7105fffff,2023,9,1,0,0.03954489553235043
8811aa7105fffff,2023,11,1,0,0.039652846354344996
8811aa7105fffff,2023,14,2,0,0.041812439069931415
8811aa7105fffff,2023,17,1,0,0.043972031785517826
8811aa7105fffff,2023,18,1,0,0.044350208973252946
8811aa7105fffff,2023,20,1,0,0.04510656334872319
8811aa7105fffff,2023,23,1,0,0.046503242379173255
8811aa7105fffff,2024,8,1,0,0.0405684370959017
8811aa7105fffff,2024,9,1,0,0.039359656888531686
8811aa7105fffff,2024,11,1,0,0.04119043808291656
8811aa7105fffff,2024,15,1,0,0.04321567741004757
8811aa7105fffff,2024,17,1,0,0.04192190948075574
8811aa7105fffff,2024,18,3,0,0.04439549996568134
8811aa7107fffff,2022,8,1,0,0.012918189832905025
8811aa7107fffff,2022,22,1,0,0.016424695623679375
8811aa7107fffff,2023,8,1,0,0.012918189832905025
8811aa7107fffff,2023,12,1,0,0.014430898583845518
8811aa7107fffff,2023,13,1,0,0.012758953466818561
8811aa7107fffff,2023,17,1,0,0.016619975129537893
8811aa7107fffff,2024,8,1,0,0.012918189832905025
8811aa7107fffff,2024,15,2,0,0.014540368994669851
8811aa7107fffff,2024,16,1,0,0.013893485030023935
8811aa7107fffff,2024,20,1,0,0.017456316085726512
8811aa7109fffff,2022,12,1,0,0.02231267692268758
8811aa7109fffff,2022,13,1,0,0.022690854110422702
8811aa7109fffff,2022,18,3,0,0.02513956161771723
8811aa7109fffff,2023,11,1,0,0.01988437743019037
8811aa7109fffff,2023,14,1,0,0.024606623026729384
8811aa7109fffff,2023,15,2,0,0.02344720848589295
8811aa7109fffff,2023,19,1,0,0.022909794932071365
8811aa7109fffff,2023,22,1,0,0.027894187995855073
8811aa7109fffff,2024,6,2,0,0.020812409660562615
8811aa7109fffff,2024,7,1,0,0.018371668679249876
8811aa7109fffff,2024,9,2,0,0.020153084207101168
8811aa7109fffff,2024,15,1,0,0.02344720848589295
8811aa7109fffff,2024,21,1,1,0.023802022284826776
8811aa7109fffff,2024,23,1,0,0.02673477345501864
8811aa710bfffff,2022,9,1,0,0.041511564907954136
8811aa710bfffff,2022,12,2,0,0.04228266119847736
8811aa710bfffff,2022,15,2,0,0.04138294945605246
8811aa710bfffff,2022,17,2,0,0.044024451833644604
8811aa710bfffff,2022,18,1,0,0.04491515959757025
8811aa710bfffff,2022,19,2,0,0.04478080620911486
8811aa710bfffff,2022,21,1,0,0.0455371605845851
8811aa710bfffff,2023,9,1,0,0.04099903433176361
8811aa710bfffff,2023,13,1,0,0.04046162077794203
8811aa710bfffff,2023,15,1,0,0.04326809745817436
8811aa710bfffff,2023,16,1,0,0.04176112664378758
8811aa710bfffff,2023,19,1,0,0.04478080620911486
8811aa710bfffff,2023,22,1,0,0.04617748523956492
8811aa710bfffff,2024,9,1,0,0.04099903433176361
8811aa710bfffff,2024,14,1,0,0.04340245084662975
8811aa710bfffff,2024,15,1,0,0.04121797515341228
8811aa710bfffff,2024,16,1,0,0.043646274645909484
8811aa710bfffff,2024,17,1,0,0.044024451833644604
8811aa710bfffff,2024,19,1,0,0.04273068390435278
8811aa710bfffff,2024,21,2,0,0.04459458658352415
8811aa710dfffff,2022,11,1,0,0.03915038823809532
8811aa710dfffff,2022,15,1,0,0.043225749869988415
8811aa710dfffff,2023,12,2,0,0.041134093643044586
8811aa710dfffff,2023,15,1,0,0.0413115005425115
8811aa710dfffff,2023,18,1,0,0.043847750857003265
8811aa710dfffff,2023,20,1,0,0.042852173534728186
8811aa710dfffff,2024,10,1,0,0.03907040165737695
8811aa710dfffff,2024,11,1,0,0.041713041119047924
8811aa710dfffff,2024,15,1,0,0.040828071291675996
8811aa710dfffff,2024,17,1,0,0.04398210424545867
8811aa7111fffff,2022,9,1,0,0.059944898689526675
8811aa7111fffff,2022,14,1,0,0.0618357846282023
8811aa7111fffff,2022,19,3,0,0.06389751409227475
8811aa7111fffff,2023,9,1,0,0.059944898689526675
8811aa7111fffff,2023,15,2,0,0.06247022710403268
8811aa7111fffff,2023,17,2,0,0.0627140509033124
8811aa7111fffff,2023,19,1,0,0.06372667056687792
8811aa7111fffff,2023,21,1,0,0.06362293809260729
8811aa7111fffff,2024,8,1,0,0.059566721501791556
8811aa7111fffff,2024,14,1,0,0.0618357846282023
8811aa7111fffff,2024,17,1,0,0.06297031619140767
8811aa7111fffff,2024,20,1,0,0.06410484775461305
8811aa7111fffff,2024,23,1,1,0.06345140448030102
8811aa7113fffff,2022,11,1,0,0.1364101528476558
8811aa7113fffff,2022,12,1,0,0.13678833003539098
8811aa7113fffff,2022,18,1,0,0.13956992373799224
8811aa7115fffff,2022,0,2,0,0.001793857016666821
8811aa7115fffff,2022,9,1,0,0.0067291612557050596
8811aa7115fffff,2022,11,1,0,0.006083796879888909
8811aa7115fffff,2022,13,2,0,0.00480325127682029
8811aa7115fffff,2022,14,1,0,0.0061932672907132405
8811aa7115fffff,2022,16,1,0,0.009376401569850928
8811aa7115fffff,2022,22,3,0,0.009957772285386067
8811aa7115fffff,2023,1,1,0,0.0020516418935918467
8811aa7115fffff,2023,5,1,0,0.0035643506445323407
8811aa7115fffff,2023,7,1,0,0.0023850928469011713
8811aa7115fffff,2023,10,1,0,0.005193089115963265
8811aa7115fffff,2023,12,3,0,0.0061552575649420314
8811aa7115fffff,2023,13,1,0,0.005679217125692955
8811aa7115fffff,2023,17,1,0,0.0068152682777280925
8811aa7115fffff,2023,22,3,0,0.00886126447661377
8811aa7115fffff,2024,2,1,0,0.0024298190813269705
8811aa7115fffff,2024,7,1,0,0.0025500671495413516
8811aa7115fffff,2024,8,1,0,0.004436734740493017
8811aa7115fffff,2024,9,2,0,0.0031414472223714194
8811aa7115fffff,2024,10,1,0,0.0036845987127467226
8811aa7115fffff,2024,11,3,0,0.004581175699429027
8811aa7115fffff,2024,17,1,0,0.006331839026892589
8811aa7115fffff,2024,19,2,0,0.00886749975635215
8811aa7115fffff,2024,20,1,0,0.011024983298076585
8811aa7117fffff,2022,9,2,0,0.033172825596644445
8811aa7117fffff,2022,10,1,0,0.033807268072474826
8811aa7117fffff,2022,18,2,0,0.03580762442197478
8811aa7117fffff,2022,19,1,0,0.03721086276209094
8811aa7117fffff,2022,21,1,0,0.035917094832799104
8811aa7117fffff,2023,13,1,0,0.0349417996356802
8811aa7117fffff,2023,15,1,0,0.03569815401115045
8811aa7117fffff,2023,17,1,0,0.03440438608185862
8811aa7117fffff,2023,19,2,0,0.036253738098352487
8811aa7117fffff,2023,21,2,0,0.035917094832799104
8811aa7117fffff,2023,22,1,0,0.038607541792541014
8811aa7117fffff,2024,8,1,0,0.03305091369700458
8811aa7117fffff,2024,9,1,0,0.03342909088473971
8811aa7117fffff,2024,15,1,0,0.03569815401115045
8811aa7117fffff,2024,17,1,0,0.03440438608185862
8811aa7117fffff,2024,18,1,0,0.03478256326959374
8811aa7117fffff,2024,19,1,0,0.03516074045732886
8811aa7117fffff,2024,21,1,0,0.036082069135439286
8811aa7119fffff,2022,1,1,0,0.0379032058333613
8811aa7119fffff,2022,13,1,0,0.04217918461893809
8811aa7119fffff,2023,8,2,0,0.04217344668238437
8811aa7119fffff,2023,10,1,0,0.04104465305573272
8811aa7119fffff,2023,11,1,0,0.04125785594082766
8811aa7119fffff,2023,14,1,0,0.04444250980879511
8811aa7119fffff,2023,16,1,0,0.04519886418426536
8811aa7119fffff,2023,19,2,0,0.044689962370766584
8811aa7119fffff,2024,18,1,0,0.04595521855973561
8811aa711bfffff,2022,8,1,0,0.08624783361945323
8811aa711bfffff,2022,12,1,0,0.08519788948944113
8811aa711dfffff,2022,7,1,0,0.05991710050494569
8811aa711dfffff,2022,8,3,0,0.06018733149463091
8811aa711dfffff,2022,13,1,0,0.06119020380433041
8811aa711dfffff,2022,16,2,0,0.06321083338699773
8811aa711dfffff,2022,18,1,0,0.06620563886668272
8811aa711dfffff,2022,21,1,0,0.06391743069919464
8811aa711dfffff,2022,23,3,0,0.06607684578547407
8811aa711dfffff,2023,1,1,0,0.05645106010909669
8811aa711dfffff,2023,6,1,0,0.05824477288316778
8811aa711dfffff,2023,8,2,0,0.05883615295599786
8811aa711dfffff,2023,9,1,0,0.061264452448495064
8811aa711dfffff,2023,10,1,0,0.06164262963623019
8811aa711dfffff,2023,12,1,0,0.06239898401170043
8811aa711dfffff,2023,14,1,0,0.06315533838717068
8811aa711dfffff,2023,15,1,0,0.06520698028076252
8811aa711dfffff,2023,16,1,0,0.06186157045787885
8811aa711dfffff,2023,17,3,0,0.06303310461562812
8811aa711dfffff,2023,18,2,0,0.06302461376140703
8811aa711dfffff,2023,21,1,0,0.06375245639655445
8811aa711dfffff,2024,7,2,1,0.0598751751860242
8811aa711dfffff,2024,8,1,0,0.06088627526075994
8811aa711dfffff,2024,9,1,0,0.05937930444637316
8811aa711dfffff,2024,11,1,0,0.06013565882184341
8811aa711dfffff,2024,17,1,0,0.0658274616789476
8811aa711dfffff,2024,20,1,0,0.06388680978500985
8811aa7121fffff,2022,9,1,0,0.046755046919145594
8811aa7121fffff,2022,10,1,0,0.047431414713897474
8811aa7121fffff,2022,13,2,0,0.04934487431197791
8811aa7121fffff,2022,23,1,0,0.05231167501468203
8811aa7121fffff,2023,7,1,0,0.04583371824103517
8811aa7121fffff,2023,13,1,0,0.04826775567008609
8811aa7121fffff,2023,14,2,0,0.05104361143613364
8811aa7121fffff,2023,15,1,0,0.049024110045556346
8811aa7121fffff,2023,17,1,0,0.04978046442102659
8811aa7121fffff,2023,19,1,0,0.05053681879649684
8811aa7121fffff,2024,8,1,0,0.04621189542877029
8811aa7121fffff,2024,9,1,0,0.049152725497458014
8811aa7121fffff,2024,10,1,0,0.04748078038043106
8811aa7121fffff,2024,15,1,0,0.05002006987258237
8811aa7121fffff,2024,19,2,0,0.05120857684678502
8811aa7121fffff,2024,21,1,0,0.051264071846612067
8811aa7123fffff,2022,9,1,0,0.06457238560944326
8811aa7123fffff,2023,1,1,0,0.06334670730337853
8811aa7123fffff,2023,12,1,0,0.06929463120598227
8811aa7123fffff,2023,17,3,0,0.06964792541608633
8811aa7123fffff,2023,18,1,0,0.06797598029905938
8811aa7123fffff,2023,19,1,0,0.06851913178943468
8811aa7123fffff,2024,8,1,0,0.06675686130266074
8811aa7123fffff,2024,13,1,0,0.06843340727216259
8811aa7123fffff,2024,14,1,0,0.06740986570861132
8811aa7123fffff,2024,21,1,0,0.07116063416702684
8811aa7125fffff,2022,1,1,0,0.0434335979614229
8811aa7125fffff,2022,7,1,0,0.04544051362058894
8811aa7125fffff,2022,11,2,0,0.045928161219148396
8811aa7125fffff,2022,21,1,0,0.05227258597745224
8811aa7125fffff,2023,4,1,0,0.04419147192572291
8811aa7125fffff,2023,8,1,0,0.04595456378560923
8811aa7125fffff,2023,10,1,0,0.04619838758488896
8811aa7125fffff,2023,13,1,0,0.04770957674699968
8811aa7125fffff,2023,15,1,0,0.04876412172948668
8811aa7125fffff,2023,18,3,0,0.04780501111077398
8811aa7125fffff,2023,20,1,0,0.048306694756383474
8811aa7125fffff,2024,8,1,0,0.04581869080832406
8811aa7125fffff,2024,9,2,0,0.04532090214718652
8811aa7125fffff,2024,10,1,0,0.046575045183794316
8811aa7125fffff,2024,12,1,0,0.04528127725450248
8811aa7125fffff,2024,14,1,0,0.04633582223698948
8811aa7125fffff,2024,17,1,0,0.050759877226511735
8811aa7125fffff,2024,19,1,0,0.04792851756864835
8811aa7125fffff,2024,20,1,0,0.05035681706114555
8811aa7127fffff,2022,0,2,0,0.031018632817289192
8811aa7127fffff,2022,2,1,0,0.03314893295514512
8811aa7127fffff,2022,7,2,0,0.03412926787310036
8811aa7127fffff,2022,8,1,0,0.03348238390845444
8811aa7127fffff,2022,12,1,0,0.035160066962035115
8811aa7127fffff,2022,16,2,0,0.036590288561655526
8811aa7127fffff,2022,17,2,0,0.03696846574939065
8811aa7127fffff,2022,18,1,0,0.03931427809056776
8811aa7127fffff,2022,22,1,0,0.03933720261100763
8811aa7127fffff,2022,23,1,0,0.03958216349436618
8811aa7127fffff,2023,10,1,0,0.03628886058868677
8811aa7127fffff,2023,14,1,0,0.035751447034865186
8811aa7127fffff,2023,16,1,0,0.036672775712975614
8811aa7127fffff,2023,17,3,0,0.03818216570249022
8811aa7127fffff,2023,18,1,0,0.03742913008844586
8811aa7127fffff,2023,20,2,0,0.03818548446391611
8811aa7127fffff,2024,9,1,0,0.03386056109618957
8811aa7127fffff,2024,10,1,0,0.034238738283924694
8811aa7127fffff,2024,11,1,0,0.034616915471659813
8811aa7127fffff,2024,13,1,0,0.037423392151892144
8811aa7127fffff,2024,14,1,0,0.03591642133750537
8811aa7127fffff,2024,15,3,0,0.0361749152150287
8811aa7129fffff,2022,0,1,0,0.02904692166527339
8811aa7129fffff,2022,10,1,0,0.030681398073258034
8811aa7129fffff,2022,11,2,0,0.031126183413181442
8811aa7129fffff,2022,12,1,0,0.03362109105786694
8811aa7129fffff,2022,15,1,0,0.03240730970929348
8811aa7129fffff,2022,21,1,0,0.03467637283570422
8811aa7129fffff,2022,22,1,0,0.035481671793324225
8811aa7129fffff,2023,8,1,0,0.029760069395147606
8811aa7129fffff,2023,9,1,0,0.031811711288739455
8811aa7129fffff,2023,11,1,0,0.031059575260993153
8811aa7129fffff,2023,17,1,0,0.03435369953978494
8811aa7129fffff,2024,16,1,0,0.03295046119966878
8811aa7129fffff,2024,20,1,0,0.0342981956479691
8811aa7129fffff,2024,22,1,0,0.035481671793324225
8811aa7129fffff,2024,23,1,0,0.035859848981059345
8811aa712bfffff,2022,6,1,0,0.0021427886364512095
8811aa712bfffff,2022,14,1,0,0.0050323331610470385
8811aa712bfffff,2022,15,1,0,0.007460632653544245
8811aa712bfffff,2022,18,1,0,0.008595164216749615
8811aa712bfffff,2022,19,2,0,0.0069232190997226585
8811aa712bfffff,2022,20,1,0,0.009351518592219863
8811aa712bfffff,2023,1,1,0,0.0005431514903753032
8811aa712bfffff,2023,8,3,0,0.004300861763207857
8811aa712bfffff,2023,9,1,0,0.0057041001033240205
8811aa712bfffff,2023,14,1,1,0.0050323331610470385
8811aa712bfffff,2023,16,2,0,0.008607605705565147
8811aa712bfffff,2023,18,2,0,0.007570103064368575
8811aa712bfffff,2023,19,2,0,0.0079482802521037
8811aa712bfffff,2023,21,3,0,0.009046321678367625
8811aa712bfffff,2023,23,2,0,0.009723136470288891
8811aa712bfffff,2024,8,2,0,0.003788331187017336
8811aa712bfffff,2024,10,1,0,0.005569746714868625
8811aa712bfffff,2024,13,2,0,0.006960543566169255
8811aa712bfffff,2024,15,1,0,0.007973163229734764
8811aa712bfffff,2024,16,2,0,0.007838809841279366
8811aa712bfffff,2024,17,2,0,0.008216987029014492
8811aa712bfffff,2024,18,1,0,0.006545041911987535
8811aa712bfffff,2024,19,1,0,0.010646806110341462
8811aa712bfffff,2024,20,2,0,0.008326457439838824
8811aa712bfffff,2024,23,1,0,0.010371540023764572
8811aa712dfffff,2022,19,1,0,0.05240496819279463
8811aa712dfffff,2023,14,1,0,0.05116248580759469
8811aa712dfffff,2023,15,1,0,0.05294238174661621
8811aa712dfffff,2023,17,1,0,0.05229701737080006
8811aa712dfffff,2023,18,2,0,0.054333178597916844
8811aa712dfffff,2023,19,1,0,0.054967621073747225
8811aa712dfffff,2023,20,1,0,0.05445661008638648
8811aa712dfffff,2024,2,1,0,0.04791156817439894
8811aa712dfffff,2024,15,1,0,0.05089225944185413
8811aa7131fffff,2022,10,1,0,0.050807474580670635
8811aa7131fffff,2022,15,1,0,0.05458350852146816
8811aa7131fffff,2022,17,1,0,0.05445067472184253
8811aa7131fffff,2022,21,1,0,0.05480244934311682
8811aa7131fffff,2023,11,1,0,0.051020677465765586
8811aa7131fffff,2024,11,2,0,0.05110316461708568
8811aa7131fffff,2024,17,1,0,0.053289740592176324
8811aa7133fffff,2022,8,1,0,0.020327150132124137
8811aa7133fffff,2022,9,1,0,0.022077944745790643
8811aa7133fffff,2022,11,1,0,0.02146168169532951
8811aa7133fffff,2022,14,2,0,0.0231087438347254
8811aa7133fffff,2022,17,1,0,0.023730744821740254
8811aa7133fffff,2022,19,2,0,0.0244870991972105
8811aa7133fffff,2022,20,1,0,0.02534870563578113
8811aa7133fffff,2022,21,3,0,0.025871836240054718
8811aa7133fffff,2022,22,1,0,0.026879738054686592
8811aa7133fffff,2023,0,1,0,0.017398905794847663
8811aa7133fffff,2023,4,1,0,0.018911614545788158
8811aa7133fffff,2023,5,1,0,0.020963256439380004
8811aa7133fffff,2023,9,1,0,0.022590475321981163
8811aa7133fffff,2023,10,1,0,0.020918530204954208
8811aa7133fffff,2023,11,2,0,0.021528289847517795
8811aa7133fffff,2023,13,1,0,0.02307812292054062
8811aa7133fffff,2023,14,3,0,0.023224595925908847
8811aa7133fffff,2023,15,2,0,0.023970350273296026
8811aa7133fffff,2023,16,1,0,0.02335256763400513
8811aa7133fffff,2023,17,1,0,0.025103362247671634
8811aa7133fffff,2023,18,2,0,0.025051496010536328
8811aa7133fffff,2023,19,2,0,0.025671387823689204
8811aa7133fffff,2023,20,1,0,0.02534870563578113
8811aa7133fffff,2023,22,1,0,0.025883778227660567
8811aa7133fffff,2023,23,2,0,0.028364135209668552
8811aa7133fffff,2024,4,1,0,0.02007254867545436
8811aa7133fffff,2024,5,1,0,0.020450725863189488
8811aa7133fffff,2024,8,1,0,0.020327150132124137
8811aa7133fffff,2024,9,2,0,0.021796996624428588
8811aa7133fffff,2024,10,1,0,0.021083504507594386
8811aa7133fffff,2024,11,4,0,0.022012582432908816
8811aa7133fffff,2024,12,2,0,0.022782432884125584
8811aa7133fffff,2024,13,2,0,0.02340232469727846
8811aa7133fffff,2024,14,4,0,0.023067500259065357
8811aa7133fffff,2024,15,1,0,0.022974390446270004
8811aa7133fffff,2024,16,2,0,0.024212654483745988
8811aa7133fffff,2024,17,1,0,0.023730744821740254
8811aa7133fffff,2024,18,2,0,0.02435063663489313
8811aa7133fffff,2024,22,1,0,0.025883778227660567
8811aa7133fffff,2024,23,1,1,0.028147103417517597
8811aa7135fffff,2022,11,1,0,0.05560014270233743
8811aa7135fffff,2022,17,2,0,0.058125471116843436
8811aa7135fffff,2022,18,1,0,0.056197260711721216
8811aa7135fffff,2023,1,1,0,0.050030395987468806
8811aa7135fffff,2023,10,3,0,0.05470943493841179
8811aa7135fffff,2023,13,1,0,0.05447134907568577
8811aa7135fffff,2023,14,2,0,0.05699093955363806
8811aa7135fffff,2023,19,1,0,0.05657543789945634
8811aa7135fffff,2023,23,1,0,0.058515268420281714
8811aa7135fffff,2024,4,1,0,0.051329901853314354
8811aa7135fffff,2024,9,1,0,0.054843788326867184
8811aa7135fffff,2024,11,1,0,0.0538482110045921
8811aa7135fffff,2024,12,2,0,0.0550357458890116
8811aa7135fffff,2024,17,1,0,0.057869205828748174
8811aa7137fffff,2022,8,1,0,0.032165166767158075
8811aa7137fffff,2022,9,2,0,0.03277492640972167
8811aa7137fffff,2022,10,2,0,0.03292152114262833
8811aa7137fffff,2022,11,2,0,0.03353128078519192
8811aa7137fffff,2022,12,1,0,0.03281778866835771
8811aa7137fffff,2022,13,2,0,0.03326257400828113
8811aa7137fffff,2022,14,2,0,0.03527096224649719
8811aa7137fffff,2022,18,1,0,0.035086851794768455
8811aa7137fffff,2022,19,1,0,0.0353000546798634
8811aa7137fffff,2022,20,1,0,0.03567823186759853
8811aa7137fffff,2022,23,1,0,0.03707491089804859
8811aa7137fffff,2023,6,1,1,0.03051962421659195
8811aa7137fffff,2023,8,1,0,0.03130507991741721
8811aa7137fffff,2023,10,2,0,0.03292152114262833
8811aa7137fffff,2023,11,3,0,0.03322913723160839
8811aa7137fffff,2023,12,1,0,0.03281778866835771
8811aa7137fffff,2023,13,3,0,0.03371436565504002
8811aa7137fffff,2023,14,2,0,0.034516717044888914
8811aa7137fffff,2023,15,1,0,0.03378734592892291
8811aa7137fffff,2023,19,2,0,0.03811897284891126
8811aa7137fffff,2023,22,1,0,0.036861708012953645
8811aa7137fffff,2023,23,1,0,0.03723988520068877
8811aa7137fffff,2024,0,1,0,0.02854180988278092
8811aa7137fffff,2024,9,2,0,0.03158621929115474
8811aa7137fffff,2024,10,1,0,0.03394658229500937
8811aa7137fffff,2024,13,3,0,0.03461387427445261
8811aa7137fffff,2024,14,1,0,0.03357414304382796
8811aa7137fffff,2024,16,1,0,0.036215645421420105
8811aa7137fffff,2024,19,1,0,0.037350176984625484
8811aa7137fffff,2024,20,1,0,0.037351696573455245
8811aa7137fffff,2024,21,2,0,0.03613889620665374
8811aa7137fffff,2024,22,1,0,0.036861708012953645
8811aa7137fffff,2024,23,2,0,0.037157398049368684
8811aa7139fffff,2022,14,1,0,0.05094409939793038
8811aa7139fffff,2022,17,1,0,0.05396377896325765
8811aa7139fffff,2022,19,2,0,0.05384549582630954
8811aa7139fffff,2023,0,1,0,0.048309444815195765
8811aa7139fffff,2023,8,1,0,0.04851006196887946
8811aa7139fffff,2023,12,1,0,0.050022770719819955
8811aa7139fffff,2023,13,1,0,0.05245107021231716
8811aa7139fffff,2023,14,2,0,0.05180418624767125
8811aa7139fffff,2023,16,2,0,0.05264302777446158
8811aa7139fffff,2023,17,1,0,0.05191365665849557
8811aa7139fffff,2023,18,1,0,0.0548544867271833
8811aa7139fffff,2023,19,2,0,0.054290089913857476
8811aa7139fffff,2023,22,1,0,0.05406669006441589
8811aa7139fffff,2024,2,1,0,0.04666812061235359
8811aa7139fffff,2024,9,1,0,0.05123655206839342
8811aa7139fffff,2024,13,1,0,0.054501192517079244
8811aa7139fffff,2024,14,2,0,0.05180418624767125
8811aa7139fffff,2024,16,2,0,0.051535479470760454
8811aa7139fffff,2024,17,1,0,0.05396377896325765
8811aa7139fffff,2024,18,1,0,0.0522918338462307
8811aa7139fffff,2024,19,1,0,0.054720133338727904
8811aa7139fffff,2024,20,2,0,0.05407324937408199
8811aa7139fffff,2024,21,1,0,0.05547648771419815
8811aa7139fffff,2024,22,3,0,0.0555328351365962
8811aa713bfffff,2022,6,1,1,0.011673728439732503
8811aa713bfffff,2022,7,1,0,0.012101271294001214
8811aa713bfffff,2022,8,1,0,0.01364038261140254
8811aa713bfffff,2022,10,1,0,0.010838124278894166
8811aa713bfffff,2022,12,1,1,0.012917730413762204
8811aa713bfffff,2022,14,1,0,0.012185858727194479
8811aa713bfffff,2022,17,1,0,0.013320390290399853
8811aa713bfffff,2022,18,1,0,0.013698567478134974
8811aa713bfffff,2023,6,1,0,0.009160441225313488
8811aa713bfffff,2023,7,2,0,0.009703592715688793
8811aa713bfffff,2023,8,2,0,0.011685969784183764
8811aa713bfffff,2023,9,1,0,0.012857625669471462
8811aa713bfffff,2023,10,1,0,0.010838124278894166
8811aa713bfffff,2023,11,1,0,0.013101449468751188
8811aa713bfffff,2023,13,1,0,0.013857803844221436
8811aa713bfffff,2023,14,1,0,0.012185858727194479
8811aa713bfffff,2023,17,2,0,0.015626777883257198
8811aa713bfffff,2023,20,1,0,0.016505044158367302
8811aa713bfffff,2023,22,1,0,0.01817194955455793
8811aa713bfffff,2024,1,1,0,0.007531702753882565
8811aa713bfffff,2024,5,1,0,0.01109453380958514
8811aa713bfffff,2024,7,1,0,0.009538618413048613
8811aa713bfffff,2024,8,1,0,0.009916795600783736
8811aa713bfffff,2024,9,1,0,0.01029497278851886
8811aa713bfffff,2024,10,2,0,0.010673149976253985
8811aa713bfffff,2024,11,2,0,0.012225483619878526
8811aa713bfffff,2024,12,1,0,0.013479626656486315
8811aa713bfffff,2024,13,2,0,0.035127822756128024
8811aa713bfffff,2024,14,1,0,0.012185858727194479
8811aa713bfffff,2024,15,2,0,0.012729010217569786
8811aa713bfffff,2024,16,2,0,0.014306026694461117
8811aa713bfffff,2024,17,1,0,0.013320390290399853
8811aa713bfffff,2024,18,1,0,0.013863541780775155
8811aa713bfffff,2024,19,1,0,0.014241718968510281
8811aa713bfffff,2024,21,1,0,0.014833099041340347
8811aa713dfffff,2022,15,2,0,0.049195599866077494
8811aa713dfffff,2022,16,1,0,0.04752365474905054
8811aa713dfffff,2022,17,1,0,0.049062766066451866
8811aa713dfffff,2023,1,1,0,0.0437866091061251
8811aa713dfffff,2023,9,1,0,0.04692653673966675
8811aa713dfffff,2023,11,1,0,0.045632768810374924
8811aa713dfffff,2023,15,1,0,0.049195599866077494
8811aa713dfffff,2023,21,1,0,0.04941454068772616
8811aa713dfffff,2023,22,1,0,0.05210498764746806
8811aa713dfffff,2024,11,1,0,0.047682891115137
8811aa713dfffff,2024,13,1,0,0.04843924549060725
8811aa713dfffff,2024,14,1,0,0.04932995325453289
8811aa713dfffff,2024,16,1,0,0.04957377705381262
8811aa713dfffff,2024,18,2,0,0.050330131429282866
8811aa713dfffff,2024,22,1,0,0.05005486534270598
8811aa7141fffff,2022,8,1,0,0.0341772597680636
8811aa7141fffff,2022,10,1,0,0.03339602241496229
8811aa7141fffff,2022,11,1,0,0.03377419960269741
8811aa7141fffff,2022,12,1,0,0.03415237679043254
8811aa7141fffff,2022,13,1,0,0.036068145706739226
8811aa7141fffff,2022,16,1,0,0.03377993753925113
8811aa7141fffff,2022,20,1,0,0.03717779429231353
8811aa7141fffff,2022,23,1,0,0.03857447332276359
8811aa7141fffff,2023,2,2,0,0.030256094781420634
8811aa7141fffff,2023,7,1,0,0.03226149085175692
8811aa7141fffff,2023,9,1,0,0.03301784522722717
8811aa7141fffff,2023,10,2,0,0.03339602241496229
8811aa7141fffff,2023,17,1,0,0.03604326272910816
8811aa7141fffff,2023,18,1,0,0.03642143991684328
8811aa7141fffff,2023,19,1,0,0.03679961710457841
8811aa7141fffff,2023,20,1,0,0.03717779429231353
8811aa7141fffff,2023,22,1,0,0.037819638536123114
8811aa7141fffff,2024,10,1,0,0.031345900110200206
8811aa7141fffff,2024,11,1,1,0.03377419960269741
8811aa7141fffff,2024,17,1,0,0.03604326272910816
8811aa7141fffff,2024,18,1,0,0.03642143991684328
8811aa7141fffff,2024,19,1,0,0.03679961710457841
8811aa7143fffff,2022,14,2,0,0.036092494901347305
8811aa7143fffff,2022,15,1,0,0.036726937377177686
8811aa7143fffff,2022,17,1,0,0.03748329175264793
8811aa7143fffff,2022,20,1,0,0.038617823315853304
8811aa7143fffff,2022,21,1,0,0.036945878198826346
8811aa7143fffff,2022,23,1,0,0.03812935434418147
8811aa7143fffff,2023,0,1,0,0.032854018756967085
8811aa7143fffff,2023,5,1,0,0.0347449046956427
8811aa7143fffff,2023,8,1,0,0.034079697063031815
8811aa7143fffff,2023,15,1,0,0.036726937377177686
8811aa7143fffff,2023,16,1,0,0.03864270629348437
8811aa7143fffff,2023,18,3,0,0.0388865300927641
8811aa7143fffff,2023,19,1,0,0.038239646128118185
8811aa7143fffff,2023,20,2,0,0.03836155802775805
8811aa7143fffff,2024,0,1,0,0.029564495330650194
8811aa7143fffff,2024,1,1,0,0.02964448191136856
8811aa7143fffff,2024,5,1,0,0.03132216496494924
8811aa7143fffff,2024,6,1,0,0.031571410989816244
8811aa7143fffff,2024,9,1,0,0.03445787425076694
8811aa7143fffff,2024,10,1,0,0.03278592913373998
8811aa7143fffff,2024,18,1,0,0.03786146894038305
8811aa7143fffff,2024,19,1,0,0.038239646128118185
8811aa7143fffff,2024,21,1,0,0.03950853107977895
8811aa7145fffff,2022,2,1,0,0.06264145834080417
8811aa7145fffff,2022,9,2,0,0.06521487998715803
8811aa7145fffff,2022,10,1,0,0.06629391655053633
8811aa7145fffff,2022,11,1,0,0.06424531383460402
8811aa7145fffff,2022,12,2,0,0.06559516634875512
8811aa7145fffff,2022,13,1,0,0.06691591753755119
8811aa7145fffff,2022,19,4,0,0.06768863251105042
8811aa7145fffff,2022,22,1,0,0.06853153738964991
8811aa7145fffff,2023,10,2,0,0.06396284612441219
8811aa7145fffff,2023,14,1,0,0.06729409472528632
8811aa7145fffff,2023,17,1,0,0.06637850398372962
8811aa7145fffff,2023,18,2,0,0.06880680347622681
8811aa7145fffff,2023,19,1,0,0.06918498066396193
8811aa7145fffff,2024,16,1,0,0.06805044910075655
8811aa7145fffff,2024,20,1,0,0.06816143910041066
8811aa7145fffff,2024,22,1,0,0.070581659694412
8811aa7147fffff,2022,0,2,0,0.04633457006454768
8811aa7147fffff,2022,7,1,0,0.050106831000057736
8811aa7147fffff,2022,8,2,0,0.05048500818779286
8811aa7147fffff,2022,14,2,0,0.051811497313142656
8811aa7147fffff,2022,16,1,0,0.055048017418245415
8811aa7147fffff,2022,17,1,0,0.052003454875287076
8811aa7147fffff,2022,20,1,0,0.05656072616918591
8811aa7147fffff,2022,21,4,0,0.05550982752442495
8811aa7147fffff,2022,22,1,0,0.056041636283329296
8811aa7147fffff,2023,0,1,0,0.04772173815315657
8811aa7147fffff,2023,8,1,0,0.04859986018567096
8811aa7147fffff,2023,9,2,0,0.050689407238752815
8811aa7147fffff,2023,12,1,0,0.049947594633971276
8811aa7147fffff,2023,15,2,0,0.05218967450087778
8811aa7147fffff,2023,21,1,0,0.05540131162834947
8811aa7147fffff,2023,22,2,0,0.05586785814655412
8811aa7147fffff,2024,7,1,0,0.04851987360495259
8811aa7147fffff,2024,10,1,0,0.049356214561141205
8811aa7147fffff,2024,13,1,0,0.0503257718217064
8811aa7147fffff,2024,17,2,0,0.05388860287740897
8811aa7147fffff,2024,18,1,0,0.05221665776038202
8811aa7147fffff,2024,21,1,0,0.05502465402944411
8811aa7147fffff,2024,22,1,0,0.0546399175320429
8811aa7149fffff,2022,11,1,0,0.07630111830262538
8811aa7149fffff,2022,12,1,0,0.07719182606655103
8811aa7149fffff,2022,15,2,0,0.07730129647737535
8811aa7149fffff,2022,17,1,0,0.07908271200522667
8811aa7149fffff,2022,19,1,0,0.07946240878179155
8811aa7149fffff,2023,10,1,0,0.0764354716910808
8811aa7149fffff,2023,13,2,0,0.07654494210190513
8811aa7149fffff,2023,15,2,0,0.07736923296601794
8811aa7149fffff,2023,17,3,1,0.07777095523626533
8811aa7149fffff,2024,7,1,0,0.07341579212575351
8811aa7149fffff,2024,11,2,0,0.07611278950317271
8811aa7149fffff,2024,16,2,0,0.07776196081643058
8811aa714bfffff,2022,8,1,0,0.08185079052628985
8811aa714bfffff,2022,18,1,0,0.08563256240364109
8811aa714bfffff,2022,20,1,0,0.08690144735530184
8811aa714bfffff,2023,12,2,0,0.08242092527616939
8811aa714bfffff,2023,17,1,0,0.08525438521590596
8811aa714bfffff,2023,18,1,0,0.08563256240364109
8811aa714bfffff,2024,12,1,0,0.08336349927723033
8811aa714bfffff,2024,14,1,0,0.08411985365270058
8811aa714bfffff,2024,19,1,0,0.08563408199247084
8811aa714dfffff,2022,12,1,0,0.024220168475949162
8811aa714dfffff,2022,14,1,0,0.02497652285141941
8811aa714dfffff,2022,15,1,0,0.025867230615345058
8811aa714dfffff,2022,21,1,0,0.02762376316556528
8811aa714dfffff,2022,22,1,0,0.02621396551578302
8811aa714dfffff,2023,10,2,0,0.0242326099647647
8811aa714dfffff,2023,13,1,0,0.02459834566368429
8811aa714dfffff,2023,15,1,0,0.025652890646171288
8811aa714dfffff,2023,17,1,0,0.027648646143196346
8811aa714dfffff,2023,19,1,0,0.026867408790095033
8811aa714dfffff,2023,20,4,0,0.027245585977830156
8811aa714dfffff,2024,13,1,0,0.02268409633620737
8811aa714dfffff,2024,18,2,0,0.025464170449978868
8811aa714dfffff,2024,20,1,0,0.027245585977830156
8811aa714dfffff,2024,21,2,1,0.02659870201318424
8811aa7151fffff,2022,11,2,0,0.039489044051043504
8811aa7151fffff,2022,13,1,0,0.0432526453950143
8811aa7151fffff,2022,15,2,0,0.042983938618103505
8811aa7151fffff,2022,19,1,0,0.04209896879073158
8811aa7151fffff,2022,20,2,0,0.04513108984487438
8811aa7151fffff,2022,22,1,0,0.04449160764820767
8811aa7151fffff,2023,6,1,0,0.04060540508086843
8811aa7151fffff,2023,13,1,0,0.03982990566432083
8811aa7151fffff,2023,16,1,0,0.04452304993550483
8811aa7151fffff,2023,18,1,0,0.043605939605118355
8811aa7151fffff,2023,21,1,0,0.042855323166201824
8811aa7151fffff,2023,22,1,0,0.044818899580579434
8811aa7151fffff,2024,0,1,0,0.036171709518034945
8811aa7151fffff,2024,1,1,1,0.036414013728484906
8811aa7151fffff,2024,8,1,0,0.03982416772776711
8811aa7151fffff,2024,9,1,0,0.038317196913380334
8811aa7151fffff,2024,10,1,0,0.03869537410111547
8811aa7151fffff,2024,15,1,0,0.04158221986681711
8811aa7151fffff,2024,17,1,0,0.041690170688811666
8811aa7153fffff,2022,8,1,0,0.06627097237346702
8811aa7153fffff,2022,14,2,0,0.06948260950093871
8811aa7153fffff,2022,18,1,0,0.07005274425081826
8811aa7153fffff,2022,19,1,0,0.07282860001686581
8811aa7153fffff,2023,2,1,0,0.06614920471642288
8811aa7153fffff,2023,17,1,0,0.06950959276044295
8811aa7153fffff,2023,20,1,0,0.07320677720460092
8811aa7153fffff,2023,21,1,0,0.07153483208757397
8811aa7153fffff,2023,23,1,0,0.07204080335409839
8811aa7153fffff,2024,6,1,1,0.06534964369535659
8811aa7153fffff,2024,11,1,0,0.06724052963403221
8811aa7153fffff,2024,12,2,0,0.06872625512546847
8811aa7153fffff,2024,16,2,0,0.06971188263754094
8811aa7153fffff,2024,20,1,0,0.07080909862628851
8811aa7153fffff,2024,21,2,0,0.07212984981508458
8811aa7153fffff,2024,22,1,0,0.07182760046900345
8811aa7155fffff,2022,13,1,0,0.05100543476967213
8811aa7155fffff,2022,14,3,0,0.049217637561461726
8811aa7155fffff,2022,15,1,0,0.04817407511180874
8811aa7155fffff,2022,16,1,0,0.04855225229954386
8811aa7155fffff,2022,19,2,0,0.05071184501513028
8811aa7155fffff,2022,20,1,0,0.052115083355246436
8811aa7155fffff,2022,22,1,0,0.05313358519796138
8811aa7155fffff,2023,8,1,0,0.04552683479766287
8811aa7155fffff,2023,16,1,0,0.04871722660218404
8811aa7155fffff,2023,19,1,0,0.05224943674370183
8811aa7155fffff,2023,21,2,0,0.05052562538953957
8811aa7155fffff,2024,0,1,1,0.042899437740311734
8811aa7155fffff,2024,8,1,0,0.04569180910030305
8811aa7155fffff,2024,10,1,0,0.04884584205408572
8811aa7155fffff,2024,13,2,0,0.048442781888719526
8811aa7155fffff,2024,14,1,0,0.04796087222671379
8811aa7155fffff,2024,15,1,0,0.05022419741657082
8811aa7155fffff,2024,17,1,0,0.04909540378991916
8811aa7157fffff,2022,9,3,1,0.003396117952232177
8811aa7157fffff,2022,11,1,0,0.004062775900481846
8811aa7157fffff,2022,12,1,0,0.006838631666529391
8811aa7157fffff,2022,13,2,0,0.005679217125692955
8811aa7157fffff,2022,14,1,0,0.007082455465809119
8811aa7157fffff,2022,16,1,0,0.007462152242374008
8811aa7157fffff,2022,17,1,0,0.006331839026892589
8811aa7157fffff,2022,18,1,0,0.006545041911987535
8811aa7157fffff,2022,19,1,0,0.007386384009379591
8811aa7157fffff,2022,20,1,0,0.010889110320791423
8811aa7157fffff,2022,21,2,0,0.009985961068050246
8811aa7157fffff,2023,1,1,0,0.002428299492497205
8811aa7157fffff,2023,9,1,0,0.0051915695271335
8811aa7157fffff,2023,12,1,0,0.006326101090338872
8811aa7157fffff,2023,13,1,0,0.006704278278073995
8811aa7157fffff,2023,14,1,0,0.006569924889618599
8811aa7157fffff,2023,16,2,0,0.0058711746878373754
8811aa7157fffff,2023,17,2,0,0.0062493518755725
8811aa7157fffff,2023,18,1,0,0.006710016214627713
8811aa7157fffff,2023,19,2,0,0.00897334140448474
8811aa7157fffff,2023,20,2,0,0.007369332776100364
8811aa7157fffff,2023,22,2,0,0.008484872432812906
8811aa7157fffff,2023,23,2,0,0.010574419485894762
8811aa7157fffff,2024,7,1,0,0.0025500671495413516
8811aa7157fffff,2024,8,2,0,0.003087471811374136
8811aa7157fffff,2024,9,2,0,0.00354813615042935
8811aa7157fffff,2024,10,2,0,0.004197129288937243
8811aa7157fffff,2024,14,2,0,0.00798712430738006
8811aa7157fffff,2024,17,1,0,0.006166864724252411
8811aa7157fffff,2024,19,1,0,0.009109214381769901
8811aa7157fffff,2024,21,2,0,0.009555917643179816
8811aa7157fffff,2024,23,1,0,0.00869807531790785
8811aa7159fffff,2022,10,1,0,0.014000733801171486
8811aa7159fffff,2022,15,1,0,0.016404150316037626
8811aa7159fffff,2022,17,1,0,0.01565201428829133
8811aa7159fffff,2022,20,1,0,0.016786545851496706
8811aa7159fffff,2023,8,1,0,0.01567115932936868
8811aa7159fffff,2023,9,1,0,0.014135087189626885
8811aa7159fffff,2023,10,1,0,0.012839799671505286
8811aa7159fffff,2023,13,2,0,0.01583612474002006
8811aa7159fffff,2023,15,1,0,0.015193850519837838
8811aa7159fffff,2023,18,1,0,0.016030191476026457
8811aa7159fffff,2024,7,1,0,0.011705268108299914
8811aa7159fffff,2024,8,1,0,0.012083445296035037
8811aa7159fffff,2024,13,1,0,0.01462273478818634
8811aa7159fffff,2024,17,1,0,0.01565201428829133
8811aa7159fffff,2024,21,1,0,0.017164723039231826
8811aa715bfffff,2022,7,1,0,0.026890004440196315
8811aa715bfffff,2022,10,1,0,0.025974413698639606
8811aa715bfffff,2022,13,2,0,0.028985289429831886
8811aa715bfffff,2022,16,1,0,0.03029359912981243
8811aa715bfffff,2022,17,1,0,0.030295118718642197
8811aa715bfffff,2022,18,2,0,0.031049953505282675
8811aa715bfffff,2023,7,1,0,0.025004856438074412
8811aa715bfffff,2023,9,2,0,0.028483091168594925
8811aa715bfffff,2023,10,1,0,0.028024536003401684
8811aa715bfffff,2023,12,2,0,0.02775582922649089
8811aa715bfffff,2023,13,1,0,0.029159067566607057
8811aa715bfffff,2023,14,1,0,0.031210709460198903
8811aa715bfffff,2023,17,2,0,0.029729202316486604
8811aa715bfffff,2023,19,2,0,0.0314281306930178
8811aa715bfffff,2023,21,1,0,0.032184485068488054
8811aa715bfffff,2023,22,2,0,0.030774687418705787
8811aa715bfffff,2023,23,1,0,0.031152864606440914
8811aa715bfffff,2024,6,2,1,0.025486766100080147
8811aa715bfffff,2024,11,2,0,0.026517565189014908
8811aa715bfffff,2024,12,1,0,0.028780890378871934
8811aa715bfffff,2024,13,1,0,0.029159067566607057
8811aa715bfffff,2024,16,2,0,0.029500120432259858
8811aa715bfffff,2024,17,1,0,0.030671776317547556
8811aa715bfffff,2024,20,1,0,0.029921159878631025
8811aa715bfffff,2024,21,1,0,0.032184485068488054
8811aa715bfffff,2024,23,1,0,0.033202986911203
8811aa715dfffff,2022,7,1,0,0.04930461861649605
8811aa715dfffff,2022,8,1,0,0.049682795804231177
8811aa715dfffff,2022,12,2,0,0.04914538225040959
8811aa715dfffff,2022,13,1,0,0.051573681742906795
8811aa715dfffff,2022,15,1,0,0.05027991381361496
8811aa715dfffff,2022,18,1,0,0.05346456768158242
8811aa715dfffff,2022,22,1,0,0.055751954475958126
8811aa715dfffff,2023,13,1,0,0.051573681742906795
8811aa715dfffff,2023,14,2,0,0.049901736625879836
8811aa715dfffff,2023,19,1,0,0.05384274486931754
8811aa715dfffff,2024,0,1,0,0.04500527644211796
8811aa715dfffff,2024,10,1,0,0.04852490085222451
8811aa715dfffff,2024,14,1,0,0.052464389506832444
8811aa715dfffff,2024,15,1,0,0.05233003611837704
8811aa715dfffff,2024,17,1,0,0.053086390493847294
8811aa715dfffff,2024,19,2,0,0.05365441606986486
8811aa7161fffff,2022,0,1,0,0.020341170785175194
8811aa7161fffff,2022,6,1,0,0.02234808644434124
8811aa7161fffff,2022,12,1,0,0.024782123873392164
8811aa7161fffff,2022,15,1,0,0.02780180343871944
8811aa7161fffff,2022,18,2,0,0.02791127384954377
8811aa7161fffff,2023,2,1,1,0.021262499463285622
8811aa7161fffff,2023,9,2,0,0.026557801464689734
8811aa7161fffff,2023,12,1,0,0.028204863604085625
8811aa7161fffff,2023,13,1,0,0.02666879146434383
8811aa7161fffff,2023,14,1,0,0.027423626250984313
8811aa7161fffff,2023,17,1,0,0.028558157814189685
8811aa7161fffff,2023,18,1,0,0.028936335001924808
8811aa7161fffff,2023,19,1,0,0.02742936418753803
8811aa7161fffff,2024,8,1,0,0.02310444081981149
8811aa7161fffff,2024,11,1,0,0.027826686416350502
8811aa7161fffff,2024,14,1,0,0.027936156827174832
8811aa7163fffff,2022,1,1,1,0.014054006922854276
8811aa7163fffff,2022,8,3,0,0.015226739869799706
8811aa7163fffff,2022,9,2,0,0.014849641804048581
8811aa7163fffff,2022,11,1,0,0.01911122306153238
8811aa7163fffff,2022,12,2,0,0.016133268670762327
8811aa7163fffff,2022,14,2,0,0.01768310174378515
8811aa7163fffff,2022,15,1,0,0.017201192081779414
8811aa7163fffff,2022,16,2,0,0.018439456119255397
8811aa7163fffff,2022,19,1,0,0.018847117137096484
8811aa7163fffff,2022,21,1,0,0.019305280905549976
8811aa7163fffff,2022,22,2,0,0.02097066671291084
8811aa7163fffff,2023,0,1,0,0.013597362743230547
8811aa7163fffff,2023,10,1,0,0.017707984721416218
8811aa7163fffff,2023,12,1,0,0.016066660518574045
8811aa7163fffff,2023,14,1,0,0.016658040591404112
8811aa7163fffff,2023,15,1,0,0.01768462133261492
8811aa7163fffff,2023,16,1,0,0.01997704784782696
8811aa7163fffff,2023,18,1,0,0.018170749342344607
8811aa7163fffff,2023,20,2,0,0.021557693087410033
8811aa7163fffff,2023,21,1,0,0.021355403210312058
8811aa7163fffff,2024,1,1,0,0.012003884618092197
8811aa7163fffff,2024,9,2,0,0.016628948158037893
8811aa7163fffff,2024,10,1,0,0.0171954541452257
8811aa7163fffff,2024,11,1,0,0.015523509028198738
8811aa7163fffff,2024,14,3,0,0.01692916654344273
8811aa7163fffff,2024,21,1,0,0.019305280905549976
8811aa7165fffff,2022,11,1,0,0.0658621522503815
8811aa7165fffff,2022,21,1,0,0.06759380182297066
8811aa7165fffff,2023,12,1,0,0.06594213883109987
8811aa7165fffff,2023,20,1,0,0.06896755633298086
8811aa7165fffff,2024,8,1,0,0.0623793077753973
8811aa7165fffff,2024,13,1,0,0.06645618899612016
8811aa7165fffff,2024,18,1,0,0.06821120195751061
8811aa7165fffff,2024,19,1,0,0.06858937914524574
8811aa7167fffff,2022,12,1,0,0.07919673551076126
8811aa7167fffff,2022,21,2,0,0.08262634137009846
8811aa7167fffff,2023,16,1,0,0.08041125365468499
8811aa7167fffff,2023,21,1,0,0.08260033020037737
8811aa7167fffff,2024,19,1,0,0.08154578521789037
8811aa7169fffff,2022,1,1,0,0.02039866423799162
8811aa7169fffff,2022,7,2,1,0.022095928783097334
8811aa7169fffff,2022,11,1,0,0.02429494624700352
8811aa7169fffff,2022,13,2,0,0.023730740686053166
8811aa7169fffff,2022,21,1,0,0.026191570122232857
8811aa7169fffff,2023,7,1,0,0.024455702201919748
8811aa7169fffff,2023,9,3,0,0.02307135228777114
8811aa7169fffff,2023,10,1,0,0.023916769059268397
8811aa7169fffff,2023,12,3,1,0.023919188234396222
8811aa7169fffff,2023,17,1,0,0.024649760045937344
8811aa7169fffff,2023,18,1,0,0.027454717137339907
8811aa7169fffff,2023,20,1,0,0.02680935276152376
8811aa7169fffff,2023,22,2,0,0.02750365282750086
8811aa7169fffff,2023,23,1,0,0.029095219967069704
8811aa7169fffff,2024,1,1,0,0.019373603085610577
8811aa7169fffff,2024,8,1,0,0.02111029237903607
8811aa7169fffff,2024,11,1,0,0.022409798244881617
8811aa7169fffff,2024,12,3,0,0.023989749333151286
8811aa7169fffff,2024,13,1,0,0.02505130062247377
8811aa7169fffff,2024,14,1,0,0.02610698268903959
8811aa7169fffff,2024,15,2,0,0.02493301748552565
8811aa7169fffff,2024,17,1,0,0.027076539949604784
8811aa7169fffff,2024,23,1,0,0.0272100719649478
8811aa716bfffff,2022,0,1,0,0.0603881083389119
8811aa716bfffff,2022,1,1,0,0.05885203619917011
8811aa716bfffff,2022,8,1,0,0.0631513783735482
8811aa716bfffff,2022,10,1,0,0.06390773274901844
8811aa716bfffff,2022,11,1,0,0.06428590993675355
8811aa716bfffff,2022,17,1,0,0.06655497306316431
8811aa716bfffff,2022,23,1,0,0.06703606135205765
8811aa716bfffff,2023,11,1,0,0.06428590993675355
8811aa716bfffff,2023,12,1,0,0.06496227773150544
8811aa716bfffff,2023,14,1,0,0.06542044149995893
8811aa716bfffff,2023,15,1,0,0.06579861868769406
8811aa716bfffff,2023,16,1,0,0.06617679587542918
8811aa716bfffff,2023,21,1,0,0.06717849363900892
8811aa716bfffff,2024,9,1,0,0.06164440755916142
8811aa716bfffff,2024,10,1,0,0.06390773274901844
8811aa716bfffff,2024,13,1,0,0.0650422643122238
8811aa716bfffff,2024,16,2,0,0.06617679587542918
8811aa716bfffff,2024,19,1,0,0.06747630174127472
8811aa716bfffff,2024,21,1,0,0.06806768181410479
8811aa716bfffff,2024,22,1,0,0.0687080064690846
8811aa716dfffff,2022,17,1,0,0.04483200141267621
8811aa716dfffff,2023,1,1,0,0.036480660995206325
8811aa716dfffff,2023,9,1,0,0.0394089053324828
8811aa716dfffff,2024,20,1,0,0.04356885439756916
8811aa716dfffff,2024,21,1,0,0.045832179587426185
8811aa7181fffff,2022,13,2,0,0.027169837332644463
8811aa7181fffff,2022,15,1,0,0.02715739584382893
8811aa7181fffff,2022,21,1,0,0.027376336665477594
8811aa7181fffff,2023,7,1,0,0.02221772901447102
8811aa7181fffff,2023,9,1,0,0.025400863293608706
8811aa7181fffff,2023,14,1,0,0.026779218656093805
8811aa7181fffff,2023,16,1,0,0.027535573031564054
8811aa7181fffff,2023,19,1,0,0.028670104594769426
8811aa7181fffff,2023,20,1,0,0.02904828178250455
8811aa7181fffff,2024,0,2,0,0.020804311493985816
8811aa7181fffff,2024,9,2,0,0.02283821041265611
8811aa7181fffff,2024,15,1,0,0.02715739584382893
8811aa7181fffff,2024,19,1,0,0.028670104594769426
8811aa7183fffff,2022,10,1,0,0.0404560940869914
8811aa7183fffff,2022,13,1,0,0.038466076526520065
8811aa7183fffff,2022,14,1,0,0.04094374168555086
8811aa7183fffff,2022,18,1,0,0.03989379755553875
8811aa7183fffff,2023,0,1,1,0.0353988779483133
8811aa7183fffff,2023,8,1,0,0.03627699998082769
8811aa7183fffff,2023,18,2,0,0.04040632813172927
8811aa7183fffff,2023,20,1,0,0.04270027423577108
8811aa7183fffff,2024,7,1,0,0.03778397079521447
8811aa7183fffff,2024,8,2,0,0.03721957398188864
8811aa7183fffff,2024,14,1,0,0.03902949235807394
8811aa7183fffff,2024,15,1,0,0.04080938829709546
8811aa7183fffff,2024,17,1,0,0.04016402392127931
8811aa7183fffff,2024,19,1,0,0.040920378296749556
8811aa7183fffff,2024,20,1,0,0.04337777911460178
8811aa7183fffff,2024,23,1,0,0.042695234514934746
8811aa7185fffff,2022,9,2,0,0.004166508374752459
8811aa7185fffff,2022,10,1,0,0.005569746714868625
8811aa7185fffff,2022,11,1,0,0.0038978015978416666
8811aa7185fffff,2022,13,1,0,0.004654155973311915
8811aa7185fffff,2022,20,1,0,0.009351518592219863
8811aa7185fffff,2023,5,1,0,0.0018908859386756198
8811aa7185fffff,2023,7,1,0,0.004435215151663252
8811aa7185fffff,2023,11,1,0,0.005947923902603748
8811aa7185fffff,2023,12,1,0,0.006838631666529391
8811aa7185fffff,2023,13,1,0,0.0070024688850907485
8811aa7185fffff,2023,15,1,0,0.007973163229734764
8811aa7185fffff,2024,7,1,0,0.004435215151663252
8811aa7185fffff,2024,8,1,0,0.0034116735881119767
8811aa7185fffff,2024,12,1,0,0.006326101090338872
8811aa7185fffff,2024,16,1,0,0.005788687536517286
8811aa7185fffff,2024,17,2,0,0.008216987029014492
8811aa7185fffff,2024,19,1,0,0.00897334140448474
8811aa7185fffff,2024,21,1,0,0.007844547777833085
8811aa7187fffff,2022,8,1,0,0.015167072598895623
8811aa7187fffff,2022,10,1,0,0.01438583524579431
8811aa7187fffff,2022,14,1,0,0.014013395994612904
8811aa7187fffff,2022,16,1,0,0.016654898372205053
8811aa7187fffff,2024,10,2,0,0.01547883288681793
8811aa7187fffff,2024,12,1,0,0.015142189621264556
8811aa7187fffff,2024,15,1,0,0.014226598879707847
8811aa7187fffff,2024,16,2,0,0.017060258963808687
8811aa7187fffff,2024,21,1,0,0.017144065559594274
8811aa7189fffff,2022,9,1,0,0.04113248461345176
8811aa7189fffff,2022,11,2,0,0.04299638729262314
8811aa7189fffff,2022,13,2,0,0.044695315669154335
8811aa7189fffff,2022,14,1,0,0.045586023433079985
8811aa7189fffff,2022,16,1,0,0.04424288983725456
8811aa7189fffff,2022,17,2,1,0.04518296326771379
8811aa7189fffff,2022,19,1,0,0.04696437879556508
8811aa7189fffff,2022,20,1,0,0.04785508655949072
8811aa7189fffff,2022,21,1,0,0.04734407557212997
8811aa7189fffff,2023,6,1,0,0.04016292735288656
8811aa7189fffff,2023,8,1,0,0.040919281728356814
8811aa7189fffff,2023,9,1,0,0.04113248461345176
8811aa7189fffff,2023,13,1,0,0.044695315669154335
8811aa7189fffff,2023,14,1,0,0.046611084585461024
8811aa7189fffff,2023,17,3,0,0.04552465031850747
8811aa7189fffff,2023,19,1,0,0.04696437879556508
8811aa7189fffff,2023,20,2,0,0.04734255598330021
8811aa7189fffff,2023,22,1,0,0.046310935521253066
8811aa7189fffff,2023,23,1,0,0.04685408701162837
8811aa7189fffff,2024,0,1,0,0.04055369027203294
8811aa7189fffff,2024,8,1,0,0.04075430742571664
8811aa7189fffff,2024,11,1,0,0.04393896129368409
8811aa7189fffff,2024,14,2,0,0.04507349285688946
8811aa7189fffff,2024,15,1,0,0.04545167004462459
8811aa7189fffff,2024,16,1,0,0.04377972492759763
8811aa7189fffff,2024,17,2,0,0.044240389266652844
8811aa7189fffff,2024,18,1,0,0.04658620160782996
8811aa7189fffff,2024,19,1,0,0.04696437879556508
8811aa7189fffff,2024,20,2,0,0.04749165128680858
8811aa7189fffff,2024,22,1,0,0.046959339074728754
8811aa718bfffff,2022,10,1,0,0.02845731489327592
8811aa718bfffff,2023,14,1,0,0.027919901339454333
8811aa718bfffff,2023,17,2,0,0.030079494055040745
8811aa718bfffff,2023,18,2,0,0.030457671242775868
8811aa718bfffff,2024,13,1,0,0.02754172415171921
8811aa718bfffff,2024,19,1,0,0.02981078727812995
8811aa718dfffff,2022,0,1,0,0.046649551281504185
8811aa718dfffff,2022,1,1,0,0.04702772846923932
8811aa718dfffff,2022,10,2,0,0.050004201388970555
8811aa718dfffff,2022,14,1,0,0.05356703244467313
8811aa718dfffff,2022,16,1,0,0.05586097854871493
8811aa718dfffff,2022,17,1,0,0.054701564007878505
8811aa718dfffff,2022,19,1,0,0.055970448959539267
8811aa718dfffff,2023,7,1,0,0.05245738385909882
8811aa718dfffff,2023,10,2,0,0.051880545556957466
8811aa718dfffff,2023,11,1,0,0.05054735287934586
8811aa718dfffff,2023,14,1,0,0.05356703244467313
8811aa718dfffff,2023,15,1,0,0.052543490881121854
8811aa718dfffff,2023,17,1,0,0.05265144170311642
8811aa718dfffff,2023,18,1,1,0.05537793180263038
8811aa718dfffff,2023,19,1,0,0.05340779607858667
8811aa718dfffff,2023,20,1,0,0.05583609557108387
8811aa718dfffff,2023,21,1,0,0.05672680333500951
8811aa718dfffff,2024,1,2,0,0.04702772846923932
8811aa718dfffff,2024,9,1,0,0.051676146505997514
8811aa718dfffff,2024,10,2,0,0.05194715370914575
8811aa718dfffff,2024,12,4,0,0.052426280137059994
8811aa718dfffff,2024,13,1,0,0.05113873295217592
8811aa718dfffff,2024,14,1,0,0.05356703244467313
8811aa718dfffff,2024,15,3,0,0.053261835530820895
8811aa718dfffff,2024,18,1,0,0.05507974119561363
8811aa718dfffff,2024,19,1,0,0.05340779607858667
8811aa7193fffff,2022,17,1,0,0.0847254296501916
8811aa7193fffff,2022,18,1,0,0.08566550308065084
8811aa7193fffff,2022,19,1,0,0.08399355796362387
8811aa7193fffff,2022,20,2,0,0.08452083045486738
8811aa7193fffff,2023,0,1,0,0.0791204611686633
8811aa7193fffff,2023,7,1,0,0.07945543171080238
8811aa7193fffff,2023,9,1,0,0.08021178608627264
8811aa7193fffff,2023,12,1,0,0.08134631764947801
8811aa7193fffff,2023,16,1,0,0.08388408755279954
8811aa7193fffff,2023,18,1,0,0.08528884548174546
8811aa7193fffff,2023,22,1,0,0.08795288987502654
8811aa7193fffff,2023,23,1,0,0.08593338848444924
8811aa7193fffff,2024,8,1,0,0.07983360889853751
8811aa7193fffff,2024,12,1,0,0.08134631764947801
8811aa7193fffff,2024,14,1,0,0.08226764632758843
8811aa7193fffff,2024,15,1,0,0.08367088466770459
8811aa7193fffff,2024,20,2,0,0.084371735151359
8811aa7193fffff,2024,21,1,0,0.0849148866417343
8811aa7195fffff,2023,14,1,0,0.037159389005726795
8811aa7195fffff,2023,17,1,0,0.03880645114512269
8811aa7195fffff,2024,11,1,0,0.034623138691235025
8811aa7195fffff,2024,13,1,0,0.03537949306670527
8811aa7195fffff,2024,14,1,0,0.035572431610621645
8811aa7195fffff,2024,17,1,0,0.03829392056893216
8811aa7197fffff,2022,11,1,0,0.05601319214555828
8811aa7197fffff,2023,14,1,0,0.057660254284954165
8811aa7197fffff,2023,20,1,0,0.05941678683517439
8811aa7197fffff,2024,8,1,0,0.0548786605823529
8811aa7197fffff,2024,18,2,0,0.05795957308406094
8811aa7199fffff,2024,4,1,2,0.15586353632548042
8811aa7199fffff,2024,20,1,0,0.16062716270961666
8811aa719bfffff,2022,0,1,0,0.08393408311114914
8811aa719bfffff,2022,4,1,0,0.0856117661647298
8811aa719bfffff,2022,11,1,0,0.08799685901163097
8811aa719bfffff,2022,19,1,0,0.09102227651351197
8811aa719bfffff,2023,11,1,0,0.08829504961864772
8811aa719bfffff,2023,12,1,0,0.090260184201488
8811aa719bfffff,2023,16,1,0,0.08972277064766641
8811aa719bfffff,2023,18,2,0,0.09064409932577684
8811aa719bfffff,2023,20,1,0,0.0912354793986069
8811aa719bfffff,2024,8,1,0,0.0873457566992611
8811aa719bfffff,2024,17,1,0,0.09026592213804173
8811aa719bfffff,2024,21,1,0,0.09366377889110411
8811aa719dfffff,2024,17,1,0,0.08408361269914448
8811aa71a1fffff,2022,8,1,0,0.09612209202344117
8811aa71a1fffff,2022,18,1,0,0.10041639447698292
8811aa71a1fffff,2022,19,1,0,0.10028204108852753
8811aa71a1fffff,2023,7,1,0,0.09625644541189657
8811aa71a1fffff,2023,10,2,0,0.09713471168700667
8811aa71a1fffff,2023,13,1,0,0.0959628556573547
8811aa71a1fffff,2024,8,1,0,0.0940719697186791
8811aa71a1fffff,2024,11,1,0,0.09725662358664654
8811aa71a1fffff,2024,16,2,0,0.09812244837294111
8811aa71a3fffff,2022,0,1,0,0.00683504580013207
8811aa71a3fffff,2022,1,1,0,0.009098370989989094
8811aa71a3fffff,2022,8,2,0,0.010540889835829317
8811aa71a3fffff,2022,15,1,0,0.014130704151036134
8811aa71a3fffff,2022,18,1,0,0.013678278319136358
8811aa71a3fffff,2022,19,2,0,0.015792508205485004
8811aa71a3fffff,2022,21,1,0,0.015539680427706015
8811aa71a3fffff,2023,1,1,0,0.007048248685227013
8811aa71a3fffff,2023,14,1,0,0.01375252696330101
8811aa71a3fffff,2023,15,2,0,0.012163068997594142
8811aa71a3fffff,2023,16,2,0,0.014765146626866517
8811aa71a3fffff,2023,17,1,0,0.014887058526506382
8811aa71a3fffff,2023,18,1,0,0.016802827442813067
8811aa71a3fffff,2023,23,1,0,0.01741826912016182
8811aa71a3fffff,2024,8,1,0,0.013021055565461827
8811aa71a3fffff,2024,9,2,0,0.01160537573653013
8811aa71a3fffff,2024,10,2,0,0.011471022348074733
8811aa71a3fffff,2024,14,1,0,0.015290118691872571
8811aa71a3fffff,2024,16,2,0,0.014508881338771255
8811aa71a3fffff,2024,18,1,0,0.015777766290432024
8811aa71a3fffff,2024,19,1,0,0.01615594347816715
8811aa71a3fffff,2024,20,1,0,0.013971467784949673
8811aa71a3fffff,2024,21,1,0,0.016399767277446877
8811aa71a3fffff,2024,22,1,0,0.017040091932426695
8811aa71a3fffff,2024,23,2,0,0.017757021559577174
8811aa71a5fffff,2022,1,1,0,0.025036714589255528
8811aa71a5fffff,2022,7,1,1,0.027854351431628847
8811aa71a5fffff,2022,9,2,0,0.028515394662212527
8811aa71a5fffff,2022,12,2,0,0.02931117378600255
8811aa71a5fffff,2022,14,1,0,0.03160511989004436
8811aa71a5fffff,2022,16,1,0,0.03236147426551461
8811aa71a5fffff,2022,17,1,0,0.030640163481954065
8811aa71a5fffff,2022,18,1,0,0.032605298064794334
8811aa71a5fffff,2022,19,1,0,0.03298347525252946
8811aa71a5fffff,2022,20,1,0,0.03336165244026459
8811aa71a5fffff,2022,23,1,0,0.0343816738718093
8811aa71a5fffff,2023,0,1,0,0.0260602561528068
8811aa71a5fffff,2023,8,2,0,0.027692623386929467
8811aa71a5fffff,2023,10,1,0,0.027694732560791444
8811aa71a5fffff,2023,11,2,0,0.02901548374958752
8811aa71a5fffff,2023,14,2,0,0.029124954160411852
8811aa71a5fffff,2023,16,1,0,0.02996379568720219
8811aa71a5fffff,2023,18,1,0,0.03174521121505348
8811aa71a5fffff,2023,19,1,0,0.031098327250407554
8811aa71a5fffff,2023,20,1,0,0.0313115301355025
8811aa71a5fffff,2023,22,1,0,0.03438015428297953
8811aa71a5fffff,2023,23,1,0,0.03475833147071465
8811aa71a5fffff,2024,1,2,0,0.025752124627576235
8811aa71a5fffff,2024,7,1,0,0.02844534899970797
8811aa71a5fffff,2024,8,1,0,0.026773403882681016
8811aa71a5fffff,2024,9,3,0,0.028115781565827124
8811aa71a5fffff,2024,10,1,0,0.029579880562913347
8811aa71a5fffff,2024,11,1,0,0.027907935445886385
8811aa71a5fffff,2024,12,1,0,0.03084876551457411
8811aa71a5fffff,2024,14,1,0,0.02920744131173194
8811aa71a5fffff,2024,15,1,0,0.03147076650158896
8811aa71a5fffff,2024,17,1,0,0.032227120877059215
8811aa71a5fffff,2024,19,1,0,0.03298347525252946
8811aa71a5fffff,2024,20,3,0,0.03289441285650246
8811aa71a5fffff,2024,22,1,0,0.032978435531693134
8811aa71a7fffff,2022,11,2,0,0.01888501903902566
8811aa71a7fffff,2022,19,1,0,0.021992923692226742
8811aa71a7fffff,2022,21,1,0,0.02617201779839045
8811aa71a7fffff,2023,10,1,0,0.020474477004732525
8811aa71a7fffff,2023,11,1,0,0.020475996593562293
8811aa71a7fffff,2023,13,1,0,0.019723860565815998
8811aa71a7fffff,2023,15,1,0,0.022877893519598666
8811aa71a7fffff,2023,16,1,0,0.020693417826381188
8811aa71a7fffff,2023,17,2,0,0.023890513183164173
8811aa71a7fffff,2023,21,1,0,0.024634426069818888
8811aa71a7fffff,2023,23,1,0,0.02376777991041193
8811aa71a7fffff,2024,0,1,0,0.014904730289863902
8811aa71a7fffff,2024,7,1,0,0.017289823136765074
8811aa71a7fffff,2024,8,1,0,0.017832974627140376
8811aa71a7fffff,2024,9,1,0,0.021633891545568964
8811aa71a7fffff,2024,12,1,0,0.022768423108774333
8811aa71a7fffff,2024,13,2,0,0.02116441448038996
8811aa71a7fffff,2024,15,2,0,0.022365362943408143
8811aa71a7fffff,2024,16,1,0,0.022743540131143266
8811aa71a7fffff,2024,17,2,0,0.021154082165436405
8811aa71a7fffff,2024,18,1,0,0.02209817575532712
8811aa71a7fffff,2024,19,1,0,0.024013944671633803
8811aa71a7fffff,2024,22,1,0,0.02338960272267681
8811aa71a9fffff,2022,9,1,0,0.044568845146025035
8811aa71a9fffff,2022,10,1,0,0.045161362302933925
8811aa71a9fffff,2022,12,1,0,0.04591771667840417
8811aa71a9fffff,2022,18,2,0,0.04767424922862439
8811aa71a9fffff,2023,1,1,0,0.04115982823082165
8811aa71a9fffff,2023,10,1,0,0.04464883172674341
8811aa71a9fffff,2023,14,1,0,0.0461615404776839
8811aa71a9fffff,2023,16,1,0,0.04503274685103225
8811aa71a9fffff,2023,19,1,0,0.04805242641635952
8811aa71a9fffff,2024,0,1,0,0.039727488565350466
8811aa71a9fffff,2024,3,1,0,0.043074460063049505
8811aa71a9fffff,2024,11,1,0,0.04297688660971645
8811aa71a9fffff,2024,14,2,0,0.045392744613398116
8811aa71a9fffff,2024,15,1,0,0.04448959536065695
8811aa71a9fffff,2024,16,1,0,0.046917894853154146
8811aa71a9fffff,2024,17,1,0,0.047808602617079796
8811aa71a9fffff,2024,18,1,0,0.04818677980481492
8811aa71abfffff,2022,7,1,0,0.026071365989162928
8811aa71abfffff,2022,8,1,0,0.026449543176898054
8811aa71abfffff,2022,10,1,0,0.030929484562987105
8811aa71abfffff,2022,14,2,0,0.028935638095459754
8811aa71abfffff,2022,18,1,0,0.030396289356889473
8811aa71abfffff,2023,3,1,0,0.026494269411323854
8811aa71abfffff,2023,11,1,0,0.027584074740103423
8811aa71abfffff,2023,13,1,0,0.02850540341821385
8811aa71abfffff,2024,2,1,0,0.02509103107120769
8811aa71abfffff,2024,18,1,0,0.03228143735901138
8811aa71abfffff,2024,20,1,0,0.03098766942971954
8811aa71adfffff,2022,1,1,0,0.08996954147976759
8811aa71adfffff,2022,13,1,0,0.09613066826746627
8811aa71adfffff,2022,14,2,1,0.09676511074329666
8811aa71adfffff,2022,16,1,0,0.09726519983067165
8811aa71adfffff,2022,18,1,0,0.09802155420614189
8811aa71adfffff,2022,23,1,0,0.10017458761206222
8811aa71adfffff,2023,3,1,0,0.09223438625845438
8811aa71adfffff,2024,3,1,0,0.09120932510607334
8811aa71adfffff,2024,9,1,0,0.09461795951652578
8811aa71adfffff,2024,11,1,0,0.09691190562056759
8811aa71adfffff,2024,13,1,0,0.09613066826746627
8811aa71b1fffff,2022,0,1,0,0.06029910342502655
8811aa71b1fffff,2022,10,1,0,0.0636537535324929
8811aa71b1fffff,2022,13,1,0,0.06735093797665087
8811aa71b1fffff,2022,14,2,0,0.06798538045248126
8811aa71b1fffff,2022,22,1,0,0.07204174128589273
8811aa71b1fffff,2023,9,1,0,0.06532569864951986
8811aa71b1fffff,2023,15,1,0,0.06656970062354957
8811aa71b1fffff,2023,19,3,1,0.06910747052687109
8811aa71b1fffff,2023,20,1,0,0.06743552540984414
8811aa71b1fffff,2024,1,1,0,0.06256242861488358
8811aa71b1fffff,2024,4,1,0,0.062295241426802546
8811aa71b1fffff,2024,8,1,0,0.06289739915702267
8811aa71b1fffff,2024,16,1,0,0.06797293896366573
8811aa71b1fffff,2024,17,1,0,0.06835111615140085
8811aa71b1fffff,2024,18,1,0,0.06872929333913598
8811aa71b1fffff,2024,19,1,0,0.06722232252474919
8811aa71b1fffff,2024,20,1,0,0.06789869031950108
8811aa71b1fffff,2024,21,1,0,0.06986382490234136
8811aa71b1fffff,2024,23,1,0,0.06948060799376989
8811aa71b3fffff,2022,8,1,0,0.011640922720169507
8811aa71b3fffff,2022,9,1,0,0.01560681394123827
8811aa71b3fffff,2022,13,1,0,0.013531808658845127
8811aa71b3fffff,2022,16,1,0,0.01671646252681258
8811aa71b3fffff,2022,17,2,0,0.015044517409785622
8811aa71b3fffff,2022,18,2,0,0.016447755749901784
8811aa71b3fffff,2022,19,1,0,0.019388585818589512
8811aa71b3fffff,2022,23,1,0,0.017575728003441062
8811aa71b3fffff,2023,0,1,0,0.011440305566485813
8811aa71b3fffff,2023,1,1,1,0.009255829873268335
8811aa71b3fffff,2023,2,1,0,0.00979898136364364
8811aa71b3fffff,2023,7,1,0,0.011262745532434382
8811aa71b3fffff,2023,13,1,0,0.016094461539797725
8811aa71b3fffff,2023,17,2,1,0.016731204441865558
8811aa71b3fffff,2023,18,1,0,0.017472816902282823
8811aa71b3fffff,2023,19,1,0,0.017850994090017953
8811aa71b3fffff,2023,20,3,0,0.018058327752356235
8811aa71b3fffff,2023,21,2,0,0.01758228731310716
8811aa71b3fffff,2023,22,1,0,0.01784595436918162
8811aa71b3fffff,2024,0,1,0,0.009526056239008892
8811aa71b3fffff,2024,8,1,0,0.011640922720169507
8811aa71b3fffff,2024,9,2,0,0.014137158701309292
8811aa71b3fffff,2024,10,3,0,0.013764025298814478
8811aa71b3fffff,2024,15,1,0,0.016338285339077458
8811aa71b3fffff,2024,16,1,0,0.01671646252681258
8811aa71b3fffff,2024,17,4,0,0.015598291561636187
8811aa71b3fffff,2024,19,1,0,0.019388585818589512
8811aa71b3fffff,2024,20,1,0,0.016344023275631177
8811aa71b3fffff,2024,22,1,0,0.01784595436918162
8811aa71b3fffff,2024,23,3,1,0.018314093539241818
8811aa71b5fffff,2022,8,1,0,0.013289363708187443
8811aa71b5fffff,2022,13,1,0,0.013130127342100983
8811aa71b5fffff,2022,23,1,0,0.01717404668669692
8811aa71b5fffff,2023,9,1,0,0.013667540895922568
8811aa71b5fffff,2023,15,1,0,0.014534885271046911
8811aa71b5fffff,2023,18,1,0,0.01707113558553868
8811aa71b5fffff,2023,19,1,0,0.01744931277327381
8811aa71b5fffff,2023,22,1,0,0.018845991803723875
8811aa71b5fffff,2024,11,1,0,0.012373772966630735
8811aa71b5fffff,2024,15,1,0,0.01388648171757123
8811aa71b5fffff,2024,17,1,0,0.016692958397803558
8811aa71b5fffff,2024,18,1,0,0.015185987583416782
8811aa71b5fffff,2024,19,1,0,0.01744931277327381
8811aa71b7fffff,2022,0,2,0,0.015610210003422238
8811aa71b7fffff,2022,1,1,0,0.01504581319009641
8811aa71b7fffff,2022,18,1,0,0.024635417645042283
8811aa71b7fffff,2022,19,1,0,0.023476003104205848
8811aa71b7fffff,2022,21,2,0,0.022264722326234103
8811aa71b7fffff,2023,0,1,0,0.01655278400448319
8811aa71b7fffff,2023,8,1,0,0.020853645767691043
8811aa71b7fffff,2023,10,1,0,0.01802228610982765
8811aa71b7fffff,2023,17,1,0,0.020669526423973517
8811aa71b7fffff,2023,19,1,0,0.023476003104205848
8811aa71b7fffff,2023,23,1,0,0.02320073701762896
8811aa71b7fffff,2024,4,1,0,0.018578023331614204
8811aa71b7fffff,2024,11,1,0,0.018400463297562775
8811aa71b7fffff,2024,12,1,0,0.02112695339707673
8811aa71b7fffff,2024,14,1,0,0.019534994860768144
8811aa71b7fffff,2024,15,1,0,0.022611697906741036
8811aa71b7fffff,2024,16,1,0,0.022341471541000475
8811aa71b7fffff,2024,17,1,0,0.022719648728735598
8811aa71b7fffff,2024,18,1,0,0.02156023418789916
8811aa71b9fffff,2022,10,1,0,0.04808668362436092
8811aa71b9fffff,2022,14,2,0,0.05060857452855065
8811aa71b9fffff,2022,16,2,0,0.052067116616118396
8811aa71b9fffff,2022,17,1,0,0.052619071940628696
8811aa71b9fffff,2022,18,1,0,0.052997249128363816
8811aa71b9fffff,2023,14,1,0,0.04943441807266123
8811aa71b9fffff,2023,17,2,0,0.05287533722872395
8811aa71b9fffff,2023,20,1,0,0.05529119523240562
8811aa71b9fffff,2024,9,1,0,0.0495936544387477
8811aa71b9fffff,2024,10,3,0,0.048192835273759366
8811aa71b9fffff,2024,13,1,0,0.05264395491825976
8811aa71b9fffff,2024,15,1,0,0.049812595260396365
8811aa71b9fffff,2024,16,1,0,0.050190772448131485
8811aa71bbfffff,2022,19,1,0,0.03185976317594069
8811aa71bbfffff,2024,21,1,0,0.030701868223934017
8811aa71bdfffff,2022,8,1,0,0.05756178655741518
8811aa71bdfffff,2022,9,1,0,0.0579399637451503
8811aa71bdfffff,2022,12,1,0,0.05907449530835568
8811aa71bdfffff,2022,16,1,0,0.06058720405929617
8811aa71bdfffff,2023,1,1,0,0.05517669371051401
8811aa71bdfffff,2023,11,1,0,0.05869631812062055
8811aa71bdfffff,2023,12,1,0,0.05907449530835568
8811aa71bdfffff,2023,14,1,0,0.060855910836206964
8811aa71bdfffff,2024,8,1,0,0.05756178655741518
8811aa71bdfffff,2024,13,1,0,0.06150279480085288
8811aa71bdfffff,2024,14,2,0,0.06213723727668327
8811aa71bdfffff,2024,15,1,0,0.06277167975251365
8811aa71bdfffff,2024,16,1,0,0.06263732636405825
8811aa71bdfffff,2024,18,1,0,0.0633936807395285
8811aa71c1fffff,2022,9,1,0,0.07615301016322096
8811aa71c1fffff,2022,19,1,0,0.07788465973581012
8811aa71c1fffff,2023,14,1,0,0.07599377379713448
8811aa71c1fffff,2023,18,1,0,0.07750648254807499
8811aa71c1fffff,2024,7,1,1,0.07539665578775069
8811aa71c1fffff,2024,19,1,0,0.08147237376914375
8811aa71c3fffff,2022,13,1,0,0.1029418557674332
8811aa71c3fffff,2022,14,1,0,0.1048576246837399
8811aa71c3fffff,2022,18,1,0,0.10483274170610883
8811aa71c3fffff,2023,13,1,0,0.10089173346267112
8811aa71c3fffff,2023,19,2,0,0.10536001419735233
8811aa71c3fffff,2024,16,1,0,0.1045889179068291
8811aa71c3fffff,2024,17,1,0,0.1044545645183737
8811aa71c5fffff,2022,11,1,0,0.021420536876442985
8811aa71c5fffff,2022,12,1,0,0.021798714064178108
8811aa71c5fffff,2022,14,1,0,0.022555068439648357
8811aa71c5fffff,2022,17,1,0,0.02382547298013889
8811aa71c7fffff,2022,20,1,0,0.07545785784474215
8811aa71c7fffff,2024,14,1,0,0.07523891702309349
8811aa71cbfffff,2022,12,1,0,0.04143967416381599
8811aa71cbfffff,2022,16,1,0,0.044837530916878386
8811aa71cbfffff,2022,20,1,0,0.04446509166569698
8811aa71cbfffff,2023,8,1,0,0.03976199111023531
8811aa71cbfffff,2023,10,1,0,0.04256846779046764
8811aa71cbfffff,2024,16,1,0,0.044837530916878386
8811aa71d1fffff,2022,8,1,0,0.011261891841870108
8811aa71d1fffff,2022,9,1,0,0.009725819702128314
8811aa71d1fffff,2022,12,1,0,0.009186886559476963
8811aa71d1fffff,2022,14,2,0,0.011954129743764988
8811aa71d1fffff,2023,7,1,0,0.009346122925563425
8811aa71d1fffff,2023,8,2,0,0.009873395416806926
8811aa71d1fffff,2023,18,1,0,0.013129414391744428
8811aa71d1fffff,2023,19,1,0,0.013884249178384912
8811aa71d1fffff,2024,3,1,0,0.0060454393371055445
8811aa71d1fffff,2024,4,1,0,0.008473738829602747
8811aa71d1fffff,2024,9,1,0,0.010750880854509353
8811aa71d1fffff,2024,11,1,0,0.008808709371741838
8811aa71d1fffff,2024,16,1,0,0.012749717615179538
8811aa71d3fffff,2022,0,1,0,0.02613482872730877
8811aa71d3fffff,2022,2,2,0,0.02858800230544824
8811aa71d3fffff,2022,3,1,0,0.02710438598787396
8811aa71d3fffff,2022,6,1,0,0.02797677008383464
8811aa71d3fffff,2022,7,2,0,0.03014880428823658
8811aa71d3fffff,2022,9,1,0,0.029111301647040014
8811aa71d3fffff,2022,10,1,0,0.02995264374443207
8811aa71d3fffff,2022,11,1,0,0.03003263032515044
8811aa71d3fffff,2022,15,2,0,0.0324054259258318
8811aa71d3fffff,2022,16,1,0,0.03175854196118588
8811aa71d3fffff,2022,17,2,0,0.033393362756130515
8811aa71d3fffff,2022,20,1,0,0.03532137301688845
8811aa71d3fffff,2022,21,2,1,0.03595581549271884
8811aa71d3fffff,2022,23,1,0,0.03671805204733853
8811aa71d3fffff,2023,0,1,0,0.027643319130525316
8811aa71d3fffff,2023,5,1,0,0.029534205069200934
8811aa71d3fffff,2023,8,2,0,0.03180830791644801
8811aa71d3fffff,2023,10,1,0,0.029654453137415316
8811aa71d3fffff,2023,12,2,0,0.03032832036156547
8811aa71d3fffff,2023,14,1,0,0.033052309890477714
8811aa71d3fffff,2023,16,1,0,0.03175854196118588
8811aa71d3fffff,2023,17,1,0,0.03418684145368309
8811aa71d3fffff,2023,20,3,0,0.03456743781654604
8811aa71d3fffff,2023,21,1,0,0.0336494278998615
8811aa71d3fffff,2024,0,1,0,0.025969854424668593
8811aa71d3fffff,2024,7,1,0,0.02835494727156976
8811aa71d3fffff,2024,8,1,0,0.028898098761945067
8811aa71d3fffff,2024,9,2,0,0.029948033999968374
8811aa71d3fffff,2024,10,1,0,0.029654453137415316
8811aa71d3fffff,2024,11,2,0,0.029867656022510257
8811aa71d3fffff,2024,15,1,0,0.03394301765440336
8811aa71d3fffff,2024,16,4,0,0.03282484668922697
8811aa71d3fffff,2024,18,4,0,0.03358120106469722
8811aa71d3fffff,2024,19,2,0,0.03414971713160076
8811aa71d5fffff,2022,9,2,0,0.05596564080276896
8811aa71d5fffff,2022,12,1,0,0.05359494548396078
8811aa71d5fffff,2022,17,1,0,0.0554858314226364
8811aa71d5fffff,2022,22,1,0,0.05914735523177326
8811aa71d5fffff,2023,8,1,0,0.051917262430380105
8811aa71d5fffff,2023,9,1,0,0.05515628310608458
8811aa71d5fffff,2023,18,1,0,0.05569903430773134
8811aa71d5fffff,2023,20,1,0,0.05662036298584177
8811aa71d5fffff,2023,21,1,0,0.05888368817569879
8811aa71d5fffff,2024,0,1,0,0.05082745710160053
8811aa71d5fffff,2024,2,1,0,0.050075321073854234
8811aa71d5fffff,2024,7,1,0,0.05153908524264498
8811aa71d5fffff,2024,10,1,0,0.05267361680585035
8811aa71d5fffff,2024,15,1,0,0.05712715562547857
8811aa71d5fffff,2024,16,1,0,0.056992802237023174
8811aa71d5fffff,2024,18,1,0,0.05634743786120703
8811aa71d5fffff,2024,20,1,0,0.056455388683201595
8811aa71d7fffff,2022,11,1,0,0.04565749540389782
8811aa71d7fffff,2023,13,1,0,0.04641384977936806
8811aa71d7fffff,2023,19,1,0,0.04868291290577881
8811aa71d9fffff,2022,5,1,0,0.01009713401477423
8811aa71d9fffff,2022,7,1,0,0.01029315031598303
8811aa71d9fffff,2022,8,1,0,0.010671327503718154
8811aa71d9fffff,2022,13,1,0,0.012397239139753593
8811aa71d9fffff,2022,16,1,0,0.013531770702958966
8811aa71d9fffff,2022,18,5,0,0.015210680115572148
8811aa71d9fffff,2022,19,2,0,0.014897884720992802
8811aa71d9fffff,2022,20,1,0,0.015044479453899461
8811aa71d9fffff,2022,21,1,0,0.015422656641634584
8811aa71d9fffff,2023,7,1,1,0.01012817601334285
8811aa71d9fffff,2023,9,2,0,0.013258854470313018
8811aa71d9fffff,2023,10,1,0,0.013312829881310304
8811aa71d9fffff,2023,11,1,0,0.011640884764283346
8811aa71d9fffff,2023,14,1,0,0.012775416327488716
8811aa71d9fffff,2023,16,1,0,0.013531770702958966
8811aa71d9fffff,2023,17,1,0,0.013909947890694089
8811aa71d9fffff,2023,18,1,0,0.014288125078429213
8811aa71d9fffff,2023,21,2,0,0.015422656641634584
8811aa71d9fffff,2024,0,1,0,0.007743083166441678
8811aa71d9fffff,2024,7,1,0,0.012476488925121683
8811aa71d9fffff,2024,9,1,0,0.012934652693575178
8811aa71d9fffff,2024,10,1,0,0.011262707576548221
8811aa71d9fffff,2024,13,2,0,0.01391014803505836
8811aa71dbfffff,2022,12,1,0,0.0636753577625688
8811aa71dbfffff,2022,18,1,0,0.06939626194502803
8811aa71dbfffff,2022,20,1,0,0.06672987658980481
8811aa71dbfffff,2023,12,1,0,0.06558960709004573
8811aa71dbfffff,2023,16,1,0,0.06521716783886432
8811aa71dbfffff,2023,20,1,0,0.06672987658980481
8811aa71dbfffff,2023,23,1,0,0.06912251544728092
8811aa71dbfffff,2024,0,1,0,0.061313628304468945
8811aa71dbfffff,2024,8,1,0,0.06407689833910524
8811aa71dbfffff,2024,9,1,0,0.0659926672554119
8811aa71dbfffff,2024,11,2,0,0.06418636874992956
8811aa71dbfffff,2024,12,1,0,0.06558960709004573
8811aa71dbfffff,2024,18,1,0,0.06597352221433457
8811aa71dbfffff,2024,19,1,0,0.06772431682800106
8811aa71dbfffff,2024,21,1,0,0.06899320177966184
8811aa71ddfffff,2022,9,1,0,0.10681585438765617
8811aa71ddfffff,2023,4,1,0,0.10621217706860628
8811aa71ddfffff,2023,7,1,0,0.10605950001218592
8811aa71ddfffff,2023,15,1,0,0.1090849175140669
8811aa71ddfffff,2024,11,1,0,0.1096223310678885
8811aa71ddfffff,2024,15,1,0,0.1090849175140669
8811aa71e1fffff,2022,8,1,0,0.04193138300576543
8811aa71e1fffff,2022,13,1,0,0.04177214663967897
8811aa71e1fffff,2022,15,2,0,0.04282669162216598
8811aa71e1fffff,2022,17,1,0,0.04687256942395312
8811aa71e1fffff,2022,18,3,0,0.04632508232831278
8811aa71e1fffff,2023,7,1,0,0.039503083513268235
8811aa71e1fffff,2023,8,1,0,0.042443913581955955
8811aa71e1fffff,2023,15,2,0,0.043553562167530264
8811aa71e1fffff,2023,16,1,0,0.045469331083836946
8811aa71e1fffff,2023,17,1,0,0.04687256942395312
8811aa71e1fffff,2023,19,2,0,0.0460913320708518
8811aa71e1fffff,2023,21,1,0,0.04684768644632205
8811aa71e1fffff,2024,9,1,0,0.04230956019350056
8811aa71e1fffff,2024,13,1,0,0.04382226894444105
8811aa71e1fffff,2024,19,1,0,0.0460913320708518
8811aa71e1fffff,2024,22,1,0,0.04543788879653979
8811aa71e3fffff,2022,2,1,0,0.01115896690772191
8811aa71e3fffff,2022,7,2,0,0.0143006142744576
8811aa71e3fffff,2022,8,2,0,0.013233819055530538
8811aa71e3fffff,2022,10,1,0,0.016484889823310808
8811aa71e3fffff,2022,14,2,0,0.016609102149188117
8811aa71e3fffff,2022,15,1,0,0.017863245185795906
8811aa71e3fffff,2022,19,2,0,0.0193759539367364
8811aa71e3fffff,2023,1,1,0,0.010945764022626966
8811aa71e3fffff,2023,6,2,1,0.01427132169672711
8811aa71e3fffff,2023,10,1,0,0.016484889823310808
8811aa71e3fffff,2023,12,1,0,0.017241244198781053
8811aa71e3fffff,2023,15,1,0,0.016276287790690756
8811aa71e3fffff,2023,17,1,0,0.018057703318542045
8811aa71e3fffff,2023,18,1,0,0.018997776749001275
8811aa71e3fffff,2023,20,2,0,0.019216917715014208
8811aa71e3fffff,2023,22,2,0,0.01872251066242439
8811aa71e3fffff,2023,23,1,0,0.02166334073111211
8811aa71e3fffff,2024,2,1,1,0.01320908921248399
8811aa71e3fffff,2024,5,1,0,0.013966963176784003
8811aa71e3fffff,2024,7,2,0,0.014905764172557495
8811aa71e3fffff,2024,10,1,0,0.016484889823310808
8811aa71e3fffff,2024,11,2,0,0.01635053643485541
8811aa71e3fffff,2024,14,1,0,0.01748506799806078
8811aa71e3fffff,2024,16,1,0,0.01875395294972155
8811aa71e3fffff,2024,17,3,0,0.017307842792304826
8811aa71e3fffff,2024,19,2,0,0.01860715807245062
8811aa71e3fffff,2024,21,1,0,0.020132308312206647
8811aa71e5fffff,2022,7,1,0,0.012878872219921962
8811aa71e5fffff,2022,14,1,0,0.013475990229305748
8811aa71e5fffff,2022,18,1,1,0.017038821285008325
8811aa71e5fffff,2022,19,1,0,0.017416998472743448
8811aa71e5fffff,2022,20,1,0,0.01779517566047857
8811aa71e5fffff,2022,21,1,0,0.018173352848213694
8811aa71e5fffff,2023,5,1,0,0.012897195887886929
8811aa71e5fffff,2023,8,1,0,0.011206927102895005
8811aa71e5fffff,2023,11,1,0,0.012341458666100374
8811aa71e5fffff,2023,15,1,0,0.016416820297993472
8811aa71e5fffff,2023,18,2,0,0.016337961909365126
8811aa71e5fffff,2024,12,1,0,0.01476975815859758
8811aa71e5fffff,2024,13,1,0,0.015147935346332705
8811aa71e5fffff,2024,14,2,0,0.014501051381686787
8811aa71e5fffff,2024,15,1,0,0.014019141719681051
8811aa71e5fffff,2024,16,1,0,0.015769936333347556
8811aa71e5fffff,2024,17,2,0,0.016660644097273202
8811aa71e5fffff,2024,18,2,0,0.016013760132627286
8811aa71e7fffff,2022,0,1,0,0.02474764533572324
8811aa71e7fffff,2022,1,1,0,0.025125822523458366
8811aa71e7fffff,2022,9,1,0,0.02942668428666622
8811aa71e7fffff,2022,10,1,0,0.02651533804808446
8811aa71e7fffff,2022,11,1,0,0.03018303866213647
8811aa71e7fffff,2022,15,1,0,0.02810803337974332
8811aa71e7fffff,2022,17,1,0,0.02886438775521357
8811aa71e7fffff,2022,23,1,0,0.03255653247853521
8811aa71e7fffff,2023,1,1,0,0.025125822523458366
8811aa71e7fffff,2023,9,1,0,0.02788909255809466
8811aa71e7fffff,2023,11,1,0,0.02864544693356491
8811aa71e7fffff,2023,13,2,0,0.027351679004273075
8811aa71e7fffff,2023,14,1,0,0.0277298561920082
8811aa71e7fffff,2023,16,1,0,0.02865118487011863
8811aa71e7fffff,2023,18,1,0,0.031292687247710775
8811aa71e7fffff,2023,19,1,0,0.032183395011636425
8811aa71e7fffff,2023,21,1,0,0.032427218810916154
8811aa71e7fffff,2024,2,1,0,0.023453877406431407
8811aa71e7fffff,2024,4,1,0,0.026772884662854254
8811aa71e7fffff,2024,12,1,0,0.02713847611917813
8811aa71e7fffff,2024,13,2,0,0.028633005444749376
8811aa71e7fffff,2024,16,1,0,0.03053633287224053
8811aa71e7fffff,2024,17,1,0,0.029327552664870506
8811aa71e7fffff,2024,18,2,0,0.03154895253580604
8811aa71e7fffff,2024,19,2,0,0.02994494390742166
8811aa71e9fffff,2022,8,1,0,0.06776092347591248
8811aa71e9fffff,2022,15,1,0,0.07399587782339198
8811aa71e9fffff,2022,17,1,0,0.07321464047029067
8811aa71e9fffff,2022,18,1,0,0.07359281765802579
8811aa71e9fffff,2023,12,1,0,0.07132375453161505
8811aa71ebfffff,2022,11,1,0,0.019537417741924235
8811aa71ebfffff,2022,14,1,0,0.018323636393350773
8811aa71ebfffff,2022,16,1,1,0.021428303680599853
8811aa71ebfffff,2022,17,1,0,0.019458167956556145
8811aa71ebfffff,2022,18,1,0,0.021886467449053353
8811aa71ebfffff,2022,19,2,0,0.023033440501074254
8811aa71ebfffff,2022,20,1,0,0.022130291248333076
8811aa71ebfffff,2023,7,1,0,0.015676396079204905
8811aa71ebfffff,2023,12,1,0,0.017732256320520706
8811aa71ebfffff,2023,14,1,0,0.020373758698112854
8811aa71ebfffff,2023,16,1,0,0.0211301130735831
8811aa71ebfffff,2023,19,4,1,0.021665224992210366
8811aa71ebfffff,2023,23,1,0,0.024039500854973667
8811aa71ebfffff,2024,10,1,0,0.016946800619695442
8811aa71ebfffff,2024,11,1,0,0.019751757711098
8811aa71ebfffff,2024,12,1,0,0.01961740432264261
8811aa71ebfffff,2024,16,1,0,0.0211301130735831
8811aa71ebfffff,2024,17,1,0,0.02150829026131823
8811aa71ebfffff,2024,19,1,0,0.022264644636788473
8811aa71ebfffff,2024,20,1,0,0.020592699519761518
8811aa71ebfffff,2024,22,1,0,0.021611201362476462
8811aa71ebfffff,2024,23,1,0,0.024175373832258828
8811aa71edfffff,2022,8,2,0,0.01371286034967407
8811aa71edfffff,2022,10,1,0,0.01549427587752536
8811aa71edfffff,2022,13,1,0,0.01816639916930229
8811aa71edfffff,2022,14,2,0,0.01621350593091328
8811aa71edfffff,2022,15,1,0,0.0164959736411051
8811aa71edfffff,2022,16,3,0,0.017934182529332942
8811aa71edfffff,2022,17,1,0,0.017252328016575346
8811aa71edfffff,2022,18,1,0,0.018519693379406347
8811aa71edfffff,2022,19,1,0,0.01684774826237939
8811aa71edfffff,2022,22,1,0,0.02029454959759154
8811aa71edfffff,2022,23,1,0,0.018622604480564586
8811aa71edfffff,2023,6,1,0,0.011931444821822781
8811aa71edfffff,2023,8,2,0,0.01371286034967407
8811aa71edfffff,2023,9,1,0,0.013529141294685085
8811aa71edfffff,2023,14,1,0,0.01700698462846585
8811aa71edfffff,2023,17,2,0,0.018141516191671227
8811aa71edfffff,2023,19,1,0,0.018897870567141473
8811aa71edfffff,2023,22,1,0,0.01978201902140102
8811aa71edfffff,2024,7,1,0,0.012474596312198086
8811aa71edfffff,2024,8,1,0,0.01473792150205511
8811aa71edfffff,2024,9,1,0,0.013065976385028153
8811aa71edfffff,2024,10,1,0,0.013444153572763276
8811aa71edfffff,2024,12,1,0,0.014848911501709207
8811aa71edfffff,2024,13,1,0,0.01662880744073073
8811aa71edfffff,2024,15,1,0,0.017385161816200978
8811aa71edfffff,2024,18,1,0,0.018519693379406347
8811aa71edfffff,2024,19,1,0,0.018897870567141473
8811aa7201fffff,2022,1,1,0,0.18948626001538058
8811aa7201fffff,2022,2,1,0,0.18951422425665676
8811aa7201fffff,2022,7,1,0,0.1928164274339444
8811aa7201fffff,2023,8,1,0,0.19187135286228174
8811aa7201fffff,2023,13,1,0,0.1935770001571386
8811aa7201fffff,2023,14,1,0,0.19365698673785697
8811aa7201fffff,2023,17,1,0,0.19508970890807908
8811aa7201fffff,2023,21,1,0,0.19730018687902884
8811aa7201fffff,2023,22,1,0,0.1967795774043425
8811aa7201fffff,2024,7,1,0,0.1911429627280877
8811aa7201fffff,2024,18,2,0,0.19530291179317405
8811aa7201fffff,2024,22,1,0,0.19845304211019918
8811aa7201fffff,2024,23,1,0,0.19732272889471777
8811aa7203fffff,2022,3,1,0,0.11015967286840625
8811aa7203fffff,2022,4,1,0,0.11075219002531515
8811aa7203fffff,2022,15,1,0,0.11343969182695703
8811aa7203fffff,2022,17,2,0,0.11446244366111182
8811aa7203fffff,2022,18,2,0,0.11547487207230185
8811aa7203fffff,2022,19,1,0,0.11465420997088077
8811aa7203fffff,2023,9,1,0,0.11070746379088935
8811aa7203fffff,2023,12,2,0,0.11337958708266628
8811aa7203fffff,2023,17,1,0,0.11373288129277034
8811aa7203fffff,2023,18,1,0,0.11427603278314565
8811aa7203fffff,2023,19,1,0,0.11653935797300266
8811aa7203fffff,2023,21,1,0,0.11524559004371084
8811aa7203fffff,2024,3,1,0,0.11037401283758003
8811aa7203fffff,2024,7,1,0,0.1099511094154191
8811aa7203fffff,2024,10,2,0,0.11123606461858715
8811aa7203fffff,2024,15,1,0,0.11314150121994027
8811aa7203fffff,2024,19,2,0,0.11463965930820326
8811aa7203fffff,2024,20,2,0,0.1149499000072958
8811aa7203fffff,2024,22,1,0,0.11704684882835686
8811aa7203fffff,2024,23,1,0,0.11642906618906594
8811aa7205fffff,2022,13,1,0,0.048802641200630596
8811aa7205fffff,2022,14,1,0,0.04575807865767225
8811aa7205fffff,2022,17,1,0,0.04877775822299953
8811aa7205fffff,2022,21,1,0,0.04870350957883487
8811aa7205fffff,2023,9,1,0,0.04370221841635645
8811aa7205fffff,2023,10,2,0,0.04689931377313944
8811aa7205fffff,2023,12,1,0,0.04688687228432391
8811aa7205fffff,2023,14,1,0,0.049180818388365716
8811aa7205fffff,2023,18,1,0,0.050693527139306215
8811aa7205fffff,2023,19,2,0,0.04850905144608873
8811aa7205fffff,2023,22,1,0,0.05093079162891984
8811aa7205fffff,2024,9,1,0,0.04370221841635645
8811aa7205fffff,2024,15,1,0,0.04802140384752928
8811aa7205fffff,2024,16,1,0,0.0483995810352644
8811aa7205fffff,2024,17,1,0,0.04877775822299953
8811aa7205fffff,2024,18,1,0,0.04915593541073465
8811aa7205fffff,2024,20,1,0,0.0499122897862049
8811aa7207fffff,2022,8,1,0,0.04093659836923027
8811aa7207fffff,2022,11,1,0,0.044121252237197726
8811aa7207fffff,2022,15,1,0,0.04374881298601632
8811aa7207fffff,2022,17,1,0,0.046390315363608464
8811aa7207fffff,2022,22,2,0,0.04931214463381456
8811aa7207fffff,2023,13,1,0,0.044877606612667965
8811aa7207fffff,2024,8,1,0,0.04093659836923027
8811aa7207fffff,2024,13,1,0,0.044877606612667965
8811aa7209fffff,2022,19,1,0,0.05030130843095359
8811aa7209fffff,2022,20,1,0,0.048116832737736114
8811aa7209fffff,2023,3,1,0,0.0431109021431499
8811aa7209fffff,2023,8,1,0,0.043743680787554806
8811aa7209fffff,2024,12,1,0,0.04509141523585512
8811aa720bfffff,2022,0,1,1,0.08256115889270928
8811aa720bfffff,2023,10,1,0,0.08405976232340875
8811aa720bfffff,2024,7,1,0,0.08322342136722014
8811aa720dfffff,2022,2,2,0,0.0910078108643545
8811aa720dfffff,2022,3,1,0,0.0902943187475203
8811aa720dfffff,2022,10,1,0,0.09418790199763802
8811aa720dfffff,2022,14,1,0,0.09402714604272179
8811aa720dfffff,2022,19,1,0,0.09707896611106362
8811aa720dfffff,2022,20,1,0,0.09796967387498927
8811aa720dfffff,2022,21,1,0,0.09667438635686766
8811aa720dfffff,2022,23,1,0,0.09885382232924879
8811aa720dfffff,2023,1,2,0,0.09010255243775135
8811aa720dfffff,2023,6,1,0,0.09100172854084079
8811aa720dfffff,2023,11,1,0,0.09319080508653316
8811aa720dfffff,2023,18,3,0,0.09563043677851905
8811aa720dfffff,2024,3,1,0,0.09059250935453705
8811aa720dfffff,2024,6,1,0,0.09216266267050699
8811aa720dfffff,2024,10,1,0,0.09397356202846424
8811aa7211fffff,2022,0,1,0,0.05909159275253369
8811aa7211fffff,2022,9,1,0,0.06034789197278321
8811aa7211fffff,2022,10,1,0,0.060726069160518335
8811aa7211fffff,2022,11,1,0,0.06110424634825346
8811aa7211fffff,2022,17,1,0,0.0633733094746642
8811aa7211fffff,2022,20,1,0,0.06639298903999147
8811aa7211fffff,2023,2,1,1,0.05984794712800394
8811aa7211fffff,2023,5,2,0,0.08207871946634072
8811aa7211fffff,2023,6,1,0,0.05934657671395441
8811aa7211fffff,2023,18,1,0,0.06477654781478036
8811aa7211fffff,2023,21,1,0,0.06677116622772658
8811aa7211fffff,2024,10,1,0,0.060726069160518335
8811aa7211fffff,2024,16,2,0,0.06299513228692907
8811aa7211fffff,2024,21,1,0,0.0647210439229645
8811aa7211fffff,2024,22,1,0,0.06600977213142001
8811aa7215fffff,2022,9,1,0,0.06545597768642762
8811aa7215fffff,2022,12,1,0,0.06659050924963299
8811aa7215fffff,2022,13,1,0,0.07055640047070175
8811aa7215fffff,2022,14,1,0,0.06718188932246305
8811aa7215fffff,2022,21,1,0,0.06982912963660892
8811aa7215fffff,2023,1,1,0,0.06252773334915114
8811aa7215fffff,2023,8,1,0,0.0650778004986925
8811aa7215fffff,2023,11,1,0,0.06963507179259132
8811aa7215fffff,2023,15,1,0,0.11536128307320172
8811aa7215fffff,2023,19,1,0,0.06953594017079562
8811aa7215fffff,2023,22,1,0,0.07060532726887389
8811aa7215fffff,2024,8,2,0,0.06491282619605232
8811aa7215fffff,2024,10,2,0,0.06633213478767575
8811aa7215fffff,2024,15,1,0,0.06772504081283835
8811aa7215fffff,2024,16,1,0,0.06998836600269537
8811aa7215fffff,2024,19,2,0,0.06915526241245876
8811aa7215fffff,2024,22,1,0,0.07063442859422892
8811aa7215fffff,2024,23,2,1,0.07116170108547243
8811aa7217fffff,2022,8,1,0,0.026030810915707397
8811aa7217fffff,2022,10,1,0,0.026952139593817825
8811aa7217fffff,2022,17,1,0,0.031484527910085595
8811aa7217fffff,2022,22,2,0,0.03166992616256392
8811aa7217fffff,2022,23,1,0,0.03312655032864515
8811aa7217fffff,2023,1,1,1,0.07195946520800027
8811aa7217fffff,2023,7,1,0,0.026115798637629205
8811aa7217fffff,2023,10,1,0,0.026952139593817825
8811aa7217fffff,2023,13,1,0,0.029971819159145097
8811aa7217fffff,2023,18,1,0,0.029977557095698815
8811aa7217fffff,2023,21,1,0,0.030947114356264006
8811aa7217fffff,2024,7,1,0,0.02578850670525743
8811aa7217fffff,2024,10,1,0,0.026952139593817825
8811aa7217fffff,2024,18,1,0,0.029977557095698815
8811aa7217fffff,2024,23,1,0,0.03213059050161913
8811aa7219fffff,2022,0,1,0,0.03080001547111568
8811aa7219fffff,2022,4,1,0,0.03193606662315083
8811aa7219fffff,2022,5,2,1,0.03149206212063509
8811aa7219fffff,2022,12,2,0,0.03310835910325048
8811aa7219fffff,2022,15,1,0,0.034594467099437684
8811aa7219fffff,2022,21,1,0,0.036594440944186686
8811aa7219fffff,2023,1,1,1,0.029591235263745658
8811aa7219fffff,2023,6,1,0,0.030921783128159828
8811aa7219fffff,2024,1,1,0,0.03058719509077168
8811aa7219fffff,2024,9,1,0,0.03189134038872502
8811aa7219fffff,2024,11,1,0,0.0331108596738522
8811aa7221fffff,2022,10,1,0,0.009243058456777626
8811aa7221fffff,2022,11,1,0,0.009621235644512748
8811aa7221fffff,2022,15,1,0,0.011133944395453246
8811aa7221fffff,2022,19,1,0,0.014184244874965302
8811aa7221fffff,2023,13,1,0,0.010377590019982997
8811aa7221fffff,2023,14,1,0,0.01075576720771812
8811aa7221fffff,2023,15,1,0,0.009083822090691163
8811aa7221fffff,2023,17,1,0,0.011890298770923494
8811aa7221fffff,2023,18,1,0,0.010383327956536716
8811aa7221fffff,2023,21,1,0,0.011352885217101908
8811aa7221fffff,2024,3,1,0,0.0064813080109710946
8811aa7221fffff,2024,9,1,0,0.0069797332669206
8811aa7221fffff,2024,10,1,0,0.009243058456777626
8811aa7221fffff,2024,14,1,0,0.01075576720771812
8811aa7221fffff,2024,16,1,0,0.011512121583188368
8811aa7221fffff,2024,17,1,0,0.011890298770923494
8811aa7221fffff,2024,18,1,0,0.010218353653896535
8811aa7223fffff,2022,3,1,0,0.05616717664423184
8811aa7223fffff,2022,11,1,0,0.06098056898363022
8811aa7223fffff,2022,13,1,0,0.05985177535697856
8811aa7223fffff,2022,14,1,0,0.06211510054683559
8811aa7223fffff,2022,18,3,0,0.06362780929777608
8811aa7223fffff,2022,20,1,0,0.06400750607434097
8811aa7223fffff,2022,22,1,0,0.0633525432111992
8811aa7223fffff,2023,9,1,0,0.05817409230339789
8811aa7223fffff,2023,11,2,0,0.06098056898363022
8811aa7223fffff,2023,14,1,0,0.06211510054683559
8811aa7223fffff,2023,15,1,0,0.06249327773457071
8811aa7223fffff,2023,16,2,0,0.06287145492230584
8811aa7223fffff,2023,17,2,0,0.06306130331058829
8811aa7223fffff,2023,21,1,0,0.06476234086098145
8811aa7223fffff,2023,22,1,0,0.06694025724453283
8811aa7223fffff,2024,7,1,0,0.05741773792792764
8811aa7223fffff,2024,11,1,0,0.061493099559820734
8811aa7223fffff,2024,12,1,0,0.0614946191486505
8811aa7223fffff,2024,13,1,0,0.06224945393529098
8811aa7223fffff,2024,14,1,0,0.06211510054683559
8811aa7223fffff,2024,15,1,0,0.06262915071185587
8811aa7223fffff,2024,19,2,0,0.06298092533313016
8811aa7223fffff,2024,20,1,0,0.06438416367324631
8811aa7223fffff,2024,21,1,0,0.06271221855621936
8811aa7223fffff,2024,22,1,0,0.06540266551596127
8811aa7225fffff,2022,7,1,0,0.06330123346880431
8811aa7225fffff,2022,11,1,0,0.0648139422197448
8811aa7225fffff,2022,13,1,0,0.06762041889997712
8811aa7225fffff,2022,16,1,0,0.0687549504631825
8811aa7225fffff,2022,19,1,0,0.06988948202638788
8811aa7225fffff,2023,1,1,0,0.06194272136311395
8811aa7225fffff,2023,9,1,0,0.06691843133224391
8811aa7225fffff,2023,13,2,0,0.06659535774759609
8811aa7225fffff,2023,17,2,0,0.0681080664985366
8811aa7225fffff,2023,21,1,0,0.06859571409709604
8811aa7225fffff,2024,1,1,0,0.06399284366787601
8811aa7225fffff,2024,9,2,0,0.06489432019720291
8811aa7225fffff,2024,19,2,0,0.06988948202638788
8811aa7227fffff,2022,8,2,0,0.05626997970725659
8811aa7227fffff,2022,9,3,0,0.05795416616873481
8811aa7227fffff,2022,17,2,0,0.06061614839793367
8811aa7227fffff,2022,19,1,0,0.06122340746989553
8811aa7227fffff,2022,22,1,0,0.06056996419558352
8811aa7227fffff,2022,23,1,0,0.060948141383318645
8811aa7227fffff,2023,7,1,0,0.05668528121707404
8811aa7227fffff,2023,8,2,0,0.056038397252428124
8811aa7227fffff,2023,13,1,0,0.05925253495050154
8811aa7227fffff,2023,14,3,0,0.058748544298638135
8811aa7227fffff,2023,15,2,0,0.059710698718955034
8811aa7227fffff,2023,16,2,0,0.05803875360192808
8811aa7227fffff,2023,17,1,0,0.0584169307896632
8811aa7227fffff,2023,18,1,0,0.06084523028216041
8811aa7227fffff,2023,20,1,0,0.059551462352868574
8811aa7227fffff,2023,22,1,0,0.06056996419558352
8811aa7227fffff,2023,23,1,1,0.06299826368808073
8811aa7227fffff,2024,1,1,0,0.05262824325314592
8811aa7227fffff,2024,7,1,0,0.05668528121707404
8811aa7227fffff,2024,8,1,0,0.05736164901182592
8811aa7227fffff,2024,9,1,0,0.058252356775751565
8811aa7227fffff,2024,11,1,0,0.05819798996801454
8811aa7227fffff,2024,12,2,0,0.05755110600336862
8811aa7227fffff,2024,13,3,0,0.058270970241897424
8811aa7227fffff,2024,14,1,0,0.059332521531219914
8811aa7227fffff,2024,15,1,0,0.06022322929514556
8811aa7227fffff,2024,18,3,0,0.06054883422379512
8811aa7227fffff,2024,19,1,0,0.06276099919846709
8811aa7229fffff,2022,0,1,0,0.04298113611728181
8811aa7229fffff,2022,13,1,0,0.04575014408847182
8811aa7229fffff,2022,17,1,0,0.047097878536772136
8811aa7229fffff,2022,18,1,0,0.04952617802926934
8811aa7229fffff,2022,19,1,0,0.04785423291224239
8811aa7229fffff,2023,1,1,0,0.041309191000254854
8811aa7229fffff,2023,13,2,0,0.04763529209059372
8811aa7229fffff,2023,16,2,0,0.04953861951808487
8811aa7229fffff,2024,0,1,0,0.04093101381251973
8811aa7229fffff,2024,9,1,0,0.046122583339653224
8811aa7229fffff,2024,10,1,0,0.04650076052738835
8811aa7229fffff,2024,11,1,0,0.0448288154103614
8811aa7229fffff,2024,12,1,0,0.047257114902858596
8811aa7229fffff,2024,13,1,0,0.045585169785831645
8811aa7229fffff,2024,17,2,0,0.047097878536772136
8811aa7229fffff,2024,20,1,0,0.048880813653453196
8811aa7229fffff,2024,21,1,0,0.05066070959247471
8811aa7229fffff,2024,23,1,0,0.05167921143518966
8811aa722bfffff,2022,7,1,0,0.011325706824770807
8811aa722bfffff,2022,17,1,0,0.013569886973550487
8811aa722bfffff,2022,18,2,0,0.01292300300890457
8811aa722bfffff,2022,21,1,0,0.013680876973204581
8811aa722bfffff,2023,12,1,0,0.013216592763446427
8811aa722bfffff,2023,16,1,0,0.013191709785815362
8811aa722bfffff,2023,17,1,0,0.013569886973550487
8811aa722bfffff,2023,18,2,0,0.01292300300890457
8811aa722bfffff,2024,9,1,0,0.012082061200241054
8811aa722bfffff,2024,14,1,0,0.012435355410345114
8811aa722bfffff,2024,16,1,0,0.013191709785815362
8811aa722bfffff,2024,18,1,0,0.01394806416128561
8811aa722bfffff,2024,20,3,0,0.014930253496366092
8811aa722dfffff,2022,2,1,0,0.02758258587003161
8811aa722dfffff,2022,3,1,0,0.02628729835191001
8811aa722dfffff,2022,9,1,0,0.03085686689202866
8811aa722dfffff,2022,15,1,0,0.0305632771374868
8811aa722dfffff,2022,17,1,0,0.031319631512957045
8811aa722dfffff,2022,18,1,0,0.03169780870069217
8811aa722dfffff,2022,20,1,0,0.0345042853809245
8811aa722dfffff,2022,21,1,0,0.032997314566537726
8811aa722dfffff,2023,1,1,0,0.02553094397643976
8811aa722dfffff,2023,10,1,0,0.030722513503573266
8811aa722dfffff,2023,11,1,0,0.029698971940021992
8811aa722dfffff,2023,15,1,0,0.0305632771374868
8811aa722dfffff,2023,18,1,0,0.03169780870069217
8811aa722dfffff,2024,12,1,0,0.03147886787904351
8811aa722dfffff,2024,16,1,0,0.03158985787869761
8811aa722dfffff,2024,17,1,0,0.03388228439390966
8811aa722dfffff,2024,18,2,0,0.03374793100545425
8811aa7231fffff,2022,7,1,0,0.09491088412045473
8811aa7231fffff,2022,22,1,0,0.10084568940372628
8811aa7231fffff,2023,16,1,0,0.10036460111483293
8811aa7231fffff,2023,19,1,0,0.1014991326780383
8811aa7231fffff,2024,13,1,0,0.09734492154950565
8811aa7233fffff,2022,12,1,0,0.028880651894438825
8811aa7233fffff,2022,14,1,0,0.029338815662892318
8811aa7233fffff,2022,18,1,0,0.028801402109070735
8811aa7233fffff,2022,19,1,0,0.029344553599446037
8811aa7233fffff,2022,20,1,0,0.029557756484540985
8811aa7233fffff,2022,21,2,0,0.029935933672276104
8811aa7233fffff,2022,22,1,0,0.03313891120820853
8811aa7233fffff,2023,11,1,0,0.026319136097565046
8811aa7233fffff,2023,15,1,0,0.027666870545865363
8811aa7233fffff,2023,23,1,0,0.03300455781975314
8811aa7233fffff,2024,7,1,0,0.02480642734662455
8811aa7233fffff,2024,16,1,0,0.030095170038362568
8811aa7233fffff,2024,19,1,0,0.031229701601567936
8811aa7233fffff,2024,23,1,0,0.03109030849227621
8811aa7235fffff,2022,2,1,0,0.06775891221982892
8811aa7235fffff,2022,17,1,0,0.0712842745664892
8811aa7235fffff,2022,20,1,0,0.07430395413181647
8811aa7235fffff,2023,7,1,0,0.06990018126745037
8811aa7235fffff,2023,13,1,0,0.0716567138176706
8811aa7235fffff,2023,20,1,0,0.07430395413181647
8811aa7235fffff,2024,11,1,0,0.0724379511707719
8811aa7235fffff,2024,15,1,0,0.07052792019101893
8811aa7235fffff,2024,18,1,0,0.07265841158125033
8811aa7235fffff,2024,19,1,0,0.07354911934517597
8811aa7237fffff,2022,6,1,0,0.02154556963926076
8811aa7237fffff,2022,7,1,0,0.023084680956662086
8811aa7237fffff,2022,8,1,0,0.02316466753738046
8811aa7237fffff,2022,9,1,0,0.024730223507228213
8811aa7237fffff,2022,14,2,0,0.024355283685445088
8811aa7237fffff,2022,19,2,1,0.026246169624120706
8811aa7237fffff,2023,0,1,0,0.019703628282734892
8811aa7237fffff,2023,1,1,0,0.01978361486345326
8811aa7237fffff,2023,5,1,0,0.02266894104032514
8811aa7237fffff,2023,6,1,1,0.022570630791641802
8811aa7237fffff,2023,8,1,0,0.02367719811357098
8811aa7237fffff,2023,9,1,0,0.02494456347640198
8811aa7237fffff,2023,12,1,0,0.025702437440701994
8811aa7237fffff,2023,14,1,0,0.02443777083676518
8811aa7237fffff,2023,15,1,0,0.024815948024500302
8811aa7237fffff,2023,18,1,0,0.027835627589827574
8811aa7237fffff,2023,19,2,0,0.02898260064184848
8811aa7237fffff,2023,20,1,2,0.028591981965297823
8811aa7237fffff,2024,2,1,0,0.02115775187821441
8811aa7237fffff,2024,8,1,0,0.022003733407714256
8811aa7237fffff,2024,10,1,0,0.022925062085824684
8811aa7237fffff,2024,12,1,0,0.02710415619198839
8811aa7237fffff,2024,14,3,0,0.024940600971170693
8811aa7237fffff,2024,18,1,0,0.025950479587705674
8811aa7237fffff,2024,21,1,0,0.027085011150911047
8811aa7239fffff,2023,0,1,0,0.05163511828952581
8811aa7239fffff,2023,4,1,0,0.05482129174632303
8811aa7239fffff,2023,6,1,0,0.055692156253453945
8811aa7239fffff,2023,10,1,0,0.05515474269963235
8811aa7239fffff,2023,12,1,1,0.055911097075102605
8811aa7239fffff,2024,2,1,0,0.05239147266499606
8811aa7239fffff,2024,8,1,0,0.05456336262680229
8811aa7239fffff,2024,13,1,0,0.05672333784713964
8811aa7239fffff,2024,17,1,0,0.057966957316418405
8811aa7239fffff,2024,18,1,0,0.058643325111170284
8811aa7239fffff,2024,19,1,1,0.060608459694010554
8811aa7239fffff,2024,20,1,0,0.058936514576983595
8811aa7239fffff,2024,21,1,0,0.0594796660673589
8811aa723bfffff,2022,1,1,0,0.0812143610221619
8811aa723bfffff,2022,11,2,0,0.08327888085501697
8811aa723bfffff,2022,12,1,0,0.08373954519407219
8811aa723bfffff,2022,18,1,0,0.08600860832048295
8811aa723bfffff,2022,19,2,0,0.08638678550821806
8811aa723bfffff,2023,5,1,0,0.08286294275038757
8811aa723bfffff,2023,8,2,0,0.08316941044419265
8811aa723bfffff,2023,17,1,0,0.08563043113274782
8811aa723bfffff,2023,22,1,0,0.08966861254079002
8811aa723bfffff,2024,1,1,0,0.08135023399944706
8811aa723bfffff,2024,2,1,0,0.08021992078396566
8811aa723bfffff,2024,8,1,0,0.0820618621404915
8811aa723bfffff,2024,9,1,0,0.08260501363086682
8811aa723bfffff,2024,10,1,0,0.08449168122181848
8811aa723bfffff,2024,17,1,0,0.08563043113274782
8811aa723bfffff,2024,20,1,0,0.08659998839331301
8811aa723bfffff,2024,22,1,0,0.08980448551807518
8811aa723dfffff,2022,2,1,0,0.08324738355598832
8811aa723dfffff,2022,6,1,0,0.08487460243858946
8811aa723dfffff,2022,8,3,0,0.08665601796644075
8811aa723dfffff,2022,19,1,0,0.08979090587914608
8811aa723dfffff,2022,22,1,0,0.09118758490959615
8811aa723dfffff,2023,3,1,0,0.08400221834262879
8811aa723dfffff,2023,6,1,0,0.08298945443646756
8811aa723dfffff,2023,8,2,0,0.08563095681405972
8811aa723dfffff,2023,11,1,0,0.0867654883772651
8811aa723dfffff,2023,12,1,0,0.08868125729357178
8811aa723dfffff,2023,14,2,0,0.08866881580475625
8811aa723dfffff,2023,18,2,0,0.08941272869141095
8811aa723dfffff,2023,20,1,0,0.09068161364307172
8811aa723dfffff,2023,22,1,0,0.08930243690747425
8811aa723dfffff,2024,7,1,0,0.0852527796263246
8811aa723dfffff,2024,10,1,0,0.08433718888476789
8811aa723dfffff,2024,11,1,0,0.08488034037514319
8811aa723dfffff,2024,19,1,0,0.08979090587914608
8811aa723dfffff,2024,22,1,0,0.09118758490959615
8811aa724dfffff,2024,15,1,0,0.06975246111116971
8811aa724dfffff,2024,16,1,0,0.06961810772271433
8811aa724dfffff,2024,21,1,0,0.07150899366138995
8811aa7251fffff,2022,16,1,0,0.04206390057964202
8811aa7251fffff,2023,13,1,0,0.042843618343913564
8811aa7251fffff,2024,9,1,0,0.04184344016916359
8811aa7251fffff,2024,11,2,0,0.04003714166368124
8811aa7251fffff,2024,14,1,0,0.0432217955316487
8811aa7251fffff,2024,15,1,0,0.04201301532427867
8811aa7251fffff,2024,20,1,0,0.045490858658059435
8811aa7251fffff,2024,21,1,0,0.044467317094508164
8811aa7255fffff,2022,8,1,0,0.08688235783489928
8811aa7255fffff,2022,17,1,0,0.09012097822187522
8811aa7255fffff,2023,16,1,0,0.09020596594379703
8811aa7255fffff,2024,7,1,0,0.08650418064716416
8811aa7255fffff,2024,10,1,0,0.08747373790772935
8811aa7255fffff,2024,17,1,0,0.0921711005266373
8811aa7257fffff,2022,7,1,0,0.02185380516515461
8811aa7259fffff,2022,8,1,0,0.036354148641589375
8811aa7259fffff,2022,18,1,0,0.04051257811784597
8811aa7259fffff,2022,19,1,0,0.04140328588177161
8811aa7259fffff,2023,11,1,0,0.03581521549893802
8811aa7259fffff,2023,14,1,0,0.03899986936690548
8811aa7259fffff,2023,15,1,0,0.03732792424987852
8811aa7259fffff,2024,14,1,0,0.03899986936690548
8811aa725bfffff,2022,15,1,0,0.013433952682050578
8811aa725bfffff,2022,21,1,0,0.01365289350369924
8811aa725bfffff,2023,8,1,0,0.01078671236790471
8811aa725bfffff,2023,12,1,0,0.010712463723740058
8811aa725bfffff,2023,14,1,0,0.013055775494315454
8811aa725bfffff,2023,16,1,0,0.013812129869785701
8811aa725bfffff,2023,19,1,0,0.014946661432991074
8811aa725bfffff,2023,20,1,0,0.013274716315964117
8811aa725bfffff,2024,5,1,0,0.008162396574198707
8811aa725bfffff,2024,12,1,0,0.010414273116723303
8811aa725bfffff,2024,14,1,0,0.013055775494315454
8811aa725bfffff,2024,15,1,0,0.011548804679928677
8811aa725bfffff,2024,17,1,0,0.012140184752758746
8811aa725bfffff,2024,22,1,0,0.01480574873486958
8811aa725dfffff,2023,22,2,0,0.03250533654345108
8811aa725dfffff,2024,23,1,1,0.033908574883567244
8811aa7261fffff,2022,0,1,1,0.04125210276750035
8811aa7261fffff,2022,7,1,0,0.043174030704744584
8811aa7261fffff,2022,14,1,0,0.04582127101889045
8811aa7261fffff,2022,18,1,0,0.04951997505187818
8811aa7261fffff,2023,14,1,0,0.04595714399617561
8811aa7261fffff,2023,19,1,0,0.04976227926232815
8811aa7261fffff,2023,21,1,0,0.048633485635676495
8811aa7261fffff,2024,6,1,0,0.044469318222866185
8811aa7261fffff,2024,9,1,0,0.04393038508021483
8811aa7261fffff,2024,12,1,0,0.04865263067675384
8811aa7261fffff,2024,14,1,0,0.049408985052224096
8811aa7261fffff,2024,16,2,0,0.04749684489860915
8811aa7261fffff,2024,18,1,0,0.04989663265078355
8811aa7263fffff,2022,9,1,0,0.030294380999979335
8811aa7263fffff,2022,17,1,0,0.031269676197098244
8811aa7263fffff,2023,11,1,0,0.031050735375449584
8811aa7263fffff,2024,0,1,0,0.02575121502632152
8811aa7263fffff,2024,8,1,0,0.03145379554081577
8811aa7263fffff,2024,16,1,0,0.0329416213141252
8811aa7263fffff,2024,20,1,0,0.03240420776030362
8811aa7265fffff,2022,19,1,0,0.09914832949228787
8811aa7265fffff,2023,4,1,0,0.09390279344614588
8811aa7265fffff,2023,23,1,0,0.10108816001311324
8811aa7265fffff,2024,0,1,2,0.09368423512924816
8811aa7265fffff,2024,2,1,0,0.09314643907067563
8811aa7265fffff,2024,7,1,0,0.09461020323946637
8811aa7265fffff,2024,8,1,0,0.09542244401150342
8811aa7265fffff,2024,10,1,0,0.09574473480267175
8811aa7265fffff,2024,14,1,0,0.09725744355361224
8811aa7265fffff,2024,23,2,0,0.10115476816530153
8811aa7267fffff,2022,11,1,0,0.05601744016827349
8811aa7267fffff,2022,14,1,0,0.05650356817800317
8811aa7267fffff,2022,15,1,0,0.05717993597275505
8811aa7267fffff,2022,18,1,0,0.06006639923370575
8811aa7267fffff,2022,22,1,0,0.05979113314712887
8811aa7267fffff,2023,0,2,0,0.05179543679369398
8811aa7267fffff,2023,3,1,0,0.05274163955744667
8811aa7267fffff,2023,7,2,0,0.05573267203184422
8811aa7267fffff,2023,13,1,0,0.056290365292908234
8811aa7267fffff,2023,17,1,0,0.05968822204597063
8811aa7267fffff,2023,21,1,0,0.06120093079691112
8811aa7267fffff,2024,9,1,0,0.05666280454408963
8811aa7267fffff,2024,14,1,0,0.05906622105895577
8811aa7267fffff,2024,16,1,0,0.057259922553473425
8811aa7267fffff,2024,19,2,0,0.059758267708475185
8811aa7267fffff,2024,21,1,0,0.06082427319800576
8811aa726bfffff,2022,1,1,0,0.0005431514903753032
8811aa726bfffff,2022,2,1,0,0.0022154791121532023
8811aa726bfffff,2022,11,1,0,0.004062775900481846
8811aa726bfffff,2022,13,1,0,0.004819130275952093
8811aa726bfffff,2022,17,1,0,0.008352860006299654
8811aa726bfffff,2023,6,1,0,0.0021427886364512095
8811aa726bfffff,2023,11,1,0,0.004062775900481846
8811aa726bfffff,2023,21,1,0,0.007977764082209658
8811aa726bfffff,2023,23,1,0,0.010371540023764572
8811aa726bfffff,2024,1,1,0,0.0006763677947518764
8811aa726bfffff,2024,7,1,0,0.0025500671495413516
8811aa726bfffff,2024,8,1,0,0.0029282443372764754
8811aa726bfffff,2024,20,1,0,0.0074663705900979635
8811aa726dfffff,2022,9,1,0,0.06068755028893129
8811aa726dfffff,2022,13,1,0,0.06257691663877714
8811aa726dfffff,2022,16,1,0,0.06400963880899926
8811aa726dfffff,2022,18,1,0,0.06258265457533087
8811aa726dfffff,2022,19,1,0,0.06296083176306598
8811aa726dfffff,2023,11,1,0,0.06335815399187845
8811aa726dfffff,2023,15,1,0,0.061931552262960994
8811aa726dfffff,2023,20,1,0,0.065224156952923
8811aa726dfffff,2023,23,1,0,0.06473568798125118
8811aa726dfffff,2024,2,1,0,0.056628992736173396
8811aa726dfffff,2024,16,2,0,0.06276887420092156
8811aa726dfffff,2024,18,1,0,0.06446780257745276
8811aa726dfffff,2024,20,1,0,0.06573668752911352
8811aa7285fffff,2022,8,1,0,0.1767996821830917
8811aa7285fffff,2022,10,1,0,0.17755603655856195
8811aa7285fffff,2022,11,2,0,0.17791966308361956
8811aa7285fffff,2022,13,1,0,0.17869056812176734
8811aa7285fffff,2022,15,2,0,0.17951353064942588
8811aa7285fffff,2023,4,1,0,0.1755491208993959
8811aa7285fffff,2023,14,1,0,0.17903964398414746
8811aa7285fffff,2023,21,1,0,0.18360113362577024
8811aa7285fffff,2024,2,1,0,0.17630125692714219
8811aa7285fffff,2024,8,1,0,0.1767996821830917
8811aa7285fffff,2024,10,1,0,0.17768925286293855
8811aa7285fffff,2024,15,1,0,0.17974511310425434
8811aa7285fffff,2024,16,1,0,0.1798250996849727
8811aa7287fffff,2022,5,1,0,0.2026682238587362
8811aa7287fffff,2022,13,1,0,0.2042705597637063
8811aa7287fffff,2022,18,1,0,0.20602822939800533
8811aa7287fffff,2023,8,1,0,0.2022464575206541
8811aa7287fffff,2024,7,1,0,0.20216647093993573
8811aa7287fffff,2024,10,2,0,0.20300281189612432
8811aa7293fffff,2023,21,1,0,0.05756716777729876
8811aa7293fffff,2024,10,1,0,0.051898728308995855
8811aa7293fffff,2024,21,1,0,0.05605867737408222
8811aa72a1fffff,2022,8,1,0,0.07805308351900496
8811aa72a1fffff,2022,13,1,0,0.0790547812825847
8811aa72a1fffff,2023,6,1,0,0.07524660683877263
8811aa72a1fffff,2023,7,1,0,0.07578975832914793
8811aa72a1fffff,2023,10,1,0,0.07880943789447521
8811aa72a1fffff,2023,16,1,0,0.08107850102088596
8811aa72a1fffff,2023,18,1,0,0.0818348553963562
8811aa72a1fffff,2023,19,1,0,0.08221303258409132
8811aa72a1fffff,2024,8,1,0,0.07805308351900496
8811aa72a3fffff,2022,7,1,0,0.04781199033454889
8811aa72a3fffff,2022,13,2,0,0.04818002645970593
8811aa72a3fffff,2022,18,2,0,0.05222820468773051
8811aa72a3fffff,2022,19,2,0,0.052093851299275115
8811aa72a3fffff,2022,21,1,0,0.05105634865807854
8811aa72a3fffff,2023,8,1,0,0.04819016752228401
8811aa72a3fffff,2023,11,1,0,0.049324699085489386
8811aa72a3fffff,2023,14,1,0,0.04840910834393267
8811aa72a3fffff,2023,17,1,0,0.05159376221190013
8811aa72a3fffff,2023,18,1,0,0.05197193939963525
8811aa72a3fffff,2023,19,2,0,0.05235011658737038
8811aa72a3fffff,2024,11,2,0,0.048382125084428435
8811aa72a3fffff,2024,12,1,0,0.051752998577986584
8811aa72a3fffff,2024,13,1,0,0.04803093115619755
8811aa72a3fffff,2024,15,1,0,0.0513499384126204
8811aa72a5fffff,2022,10,1,0,0.02647101181231139
8811aa72a5fffff,2022,13,1,0,0.029490691377638663
8811aa72a5fffff,2022,17,1,0,0.031003400128579155
8811aa72a5fffff,2023,0,1,0,0.024836535404326746
8811aa72a5fffff,2023,8,1,0,0.02759980543896304
8811aa72a5fffff,2023,14,1,0,0.030381399141564305
8811aa72a5fffff,2023,16,1,0,0.03062522294084403
8811aa72a5fffff,2023,17,1,0,0.031003400128579155
8811aa72a5fffff,2023,18,1,0,0.031381577316314274
8811aa72a5fffff,2023,21,1,0,0.030465986574757572
8811aa72a5fffff,2023,22,1,0,0.03315643353449948
8811aa72a5fffff,2024,17,1,0,0.03267686483443589
8811aa72a7fffff,2022,0,1,0,0.03959305092144544
8811aa72a7fffff,2022,8,1,0,0.04427057028355865
8811aa72a7fffff,2022,12,1,0,0.046081469641515896
8811aa72a7fffff,2022,14,1,0,0.047188036963445076
8811aa72a7fffff,2022,16,1,0,0.04524586548067756
8811aa72a7fffff,2022,18,2,0,0.04702728100852885
8811aa72a7fffff,2022,19,1,0,0.04843051934864502
8811aa72a7fffff,2022,20,1,0,0.04932122711257066
8811aa72a7fffff,2023,10,1,0,0.045026924659028904
8811aa72a7fffff,2023,12,1,0,0.04373315672973707
8811aa72a7fffff,2023,16,1,0,0.04729598778543964
8811aa72a7fffff,2023,17,1,0,0.04767416497317477
8811aa72a7fffff,2023,18,2,0,0.04600221985614781
8811aa72a7fffff,2024,7,1,0,0.04389239309582353
8811aa72a7fffff,2024,10,1,0,0.04553945523521943
8811aa72a7fffff,2024,13,1,0,0.04411133391747219
8811aa72a7fffff,2024,15,3,1,0.046234436496117165
8811aa72a7fffff,2024,16,1,0,0.047808518361630165
8811aa72a7fffff,2024,17,2,0,0.04767416497317477
8811aa72a7fffff,2024,20,1,0,0.0503462882649517
8811aa72a9fffff,2022,8,1,0,0.10195393624078888
8811aa72a9fffff,2022,18,1,0,0.1019336541156327
8811aa72a9fffff,2022,22,1,0,0.10460035518182235
8811aa72a9fffff,2024,12,1,0,0.10141652268696728
8811aa72a9fffff,2024,16,2,0,0.10205326558903512
8811aa72a9fffff,2024,18,1,0,0.10180043781125614
8811aa72abfffff,2022,19,2,0,0.060224380522659104
8811aa72abfffff,2023,3,1,0,0.054852514084789035
8811aa72abfffff,2023,12,1,0,0.05678366151096066
8811aa72abfffff,2024,17,1,0,0.05885978609345503
8811aa72abfffff,2024,21,1,0,0.0600222818979366
8811aa72adfffff,2022,18,1,0,0.07059110836505676
8811aa72adfffff,2024,15,1,0,0.07150669910661346
8811aa72b1fffff,2023,21,1,0,0.10358226143316954
8811aa72b1fffff,2024,14,1,0,0.10028661756554798
8811aa72b1fffff,2024,19,1,0,0.10247569411124034
8811aa72b3fffff,2022,2,1,0,0.06486238411901914
8811aa72b3fffff,2022,7,1,0,0.06528082279425028
8811aa72b3fffff,2022,8,1,0,0.06673342680090004
8811aa72b3fffff,2022,9,1,0,0.06573898656270377
8811aa72b3fffff,2022,13,2,0,0.06827675646602532
8811aa72b3fffff,2022,14,1,0,0.06848995935112026
8811aa72b3fffff,2022,15,1,0,0.06800804968911452
8811aa72b3fffff,2022,16,1,0,0.06822125257420945
8811aa72b3fffff,2022,18,4,0,0.06947846027746397
8811aa72b3fffff,2022,20,1,0,0.07178408362991202
8811aa72b3fffff,2022,21,1,1,0.07246045142466391
8811aa72b3fffff,2022,23,1,0,0.07113064035560002
8811aa72b3fffff,2023,9,1,0,0.06659907341244463
8811aa72b3fffff,2023,13,1,0,0.06738491161802083
8811aa72b3fffff,2023,16,1,0,0.06838622687684964
8811aa72b3fffff,2023,17,1,0,0.06859942976194458
8811aa72b3fffff,2023,18,1,0,0.07256532098301335
8811aa72b3fffff,2023,19,1,0,0.06952075844005501
8811aa72b3fffff,2023,22,2,1,0.07261425667317431
8811aa72b3fffff,2024,14,2,1,0.06768192999089018
8811aa72b3fffff,2024,18,1,0,0.06914258125231988
8811aa72b3fffff,2024,20,2,0,0.06981644847647003
8811aa72b5fffff,2022,18,1,0,0.03411386291192941
8811aa72b5fffff,2023,11,1,0,0.03321855429552886
8811aa72b5fffff,2023,13,1,0,0.03397490867099911
8811aa72b5fffff,2023,17,1,1,0.03548761742193961
8811aa72b5fffff,2024,16,1,0,0.0330593179294424
8811aa72b5fffff,2024,17,1,0,0.03702520915051117
8811aa72b7fffff,2022,8,1,0,0.0400517139548025
8811aa72b7fffff,2022,11,2,0,0.04133534082151624
8811aa72b7fffff,2022,13,1,0,0.04536533962417158
8811aa72b7fffff,2022,16,3,0,0.04306654545726229
8811aa72b7fffff,2022,20,1,0,0.04647498820974588
8811aa72b7fffff,2023,9,1,0,0.04026491683989744
8811aa72b7fffff,2023,15,2,0,0.043559041118689225
8811aa72b7fffff,2023,19,2,1,0.04609681102201076
8811aa72b7fffff,2023,22,1,0,0.04544336774769875
8811aa72b7fffff,2024,0,1,0,0.037123469617526016
8811aa72b7fffff,2024,8,1,0,0.04193686195692439
8811aa72b7fffff,2024,10,1,0,0.04218068575620413
8811aa72b7fffff,2024,12,1,0,0.041564422705742995
8811aa72b7fffff,2024,17,1,0,0.04329033434177843
8811aa72b7fffff,2024,19,2,0,0.045071749869629724
8811aa72b7fffff,2024,20,1,0,0.04647498820974588
8811aa72b7fffff,2024,21,1,0,0.04685316539748101
8811aa72b7fffff,2024,23,1,1,0.04787166724019595
8811aa72b9fffff,2022,4,1,0,0.24418478953268064
8811aa72b9fffff,2022,9,1,0,0.24597850230675172
8811aa72b9fffff,2022,10,1,0,0.24635667949448686
8811aa72b9fffff,2022,22,1,0,0.2509919789119129
8811aa72b9fffff,2023,5,1,0,0.24472794102305592
8811aa72b9fffff,2023,7,1,0,0.2457840441740056
8811aa72b9fffff,2023,16,1,0,0.24832755201388085
8811aa72b9fffff,2023,23,1,0,0.25223289962229745
8811aa72b9fffff,2024,0,1,0,0.24253886447736356
8811aa72b9fffff,2024,2,1,0,0.24480370925605033
8811aa72b9fffff,2024,7,1,0,0.24492395732426472
8811aa72b9fffff,2024,16,1,0,0.24935261316626187
8811aa72b9fffff,2024,22,1,0,0.2509919789119129
8811aa72bbfffff,2022,10,1,0,0.06457314624970836
8811aa72bbfffff,2022,12,1,0,0.0636560359193219
8811aa72bbfffff,2022,13,1,0,0.06449737801671396
8811aa72bbfffff,2022,18,1,0,0.06592509904573264
8811aa72bbfffff,2023,0,1,0,0.059380057133745105
8811aa72bbfffff,2023,2,1,1,0.061809876215072085
8811aa72bbfffff,2023,9,1,0,0.06486981726789535
8811aa72bbfffff,2023,14,1,0,0.06441239029479214
8811aa72bbfffff,2023,16,1,0,0.06533371897290256
8811aa72bbfffff,2023,17,1,0,0.06722038656385423
8811aa72bbfffff,2023,20,1,0,0.0666814534212029
8811aa72bbfffff,2024,7,1,0,0.06190102295793145
8811aa72bbfffff,2024,10,1,0,0.06289968154385166
8811aa72bbfffff,2024,16,1,0,0.0663296787999286
8811aa72bdfffff,2022,9,1,0,0.09410214342435079
8811aa72bdfffff,2022,15,2,0,0.09754536300665094
8811aa72bdfffff,2022,20,1,0,0.0985602830964539
8811aa72bdfffff,2022,22,2,0,0.09942968963566046
8811aa72bdfffff,2022,23,1,0,0.10009283510418912
8811aa72bdfffff,2023,0,1,0,0.09301081850674145
8811aa72bdfffff,2023,18,1,0,0.09955586041872898
8811aa72bdfffff,2023,20,1,1,0.10061040540121598
8811aa72bdfffff,2024,8,1,0,0.09372396623661565
8811aa72bdfffff,2024,11,1,0,0.09502347210246122
8811aa72bdfffff,2024,12,1,0,0.09523667498755616
8811aa72bdfffff,2024,16,1,0,0.09674938373849665
8811aa72bdfffff,2024,17,1,1,0.09917768323099385
8811aa72bdfffff,2024,18,1,0,0.09815414166744257
8811aa72bdfffff,2024,23,1,1,0.1017088938246493
8811aa72e1fffff,2022,14,1,0,0.09472641318018848
8811aa72e1fffff,2023,6,2,0,0.0921989755918205
8811aa72e1fffff,2023,7,1,0,0.09237736347305936
8811aa72e1fffff,2023,9,1,0,0.0943440176447294
8811aa72e1fffff,2023,16,1,0,0.09801631911125631
8811aa72e1fffff,2023,23,1,0,0.0988755845878848
8811aa72e1fffff,2024,3,1,0,0.09182457140937283
8811aa72e1fffff,2024,4,1,0,0.09117768744472692
8811aa72e1fffff,2024,8,1,0,0.09275554066079449
8811aa72e1fffff,2024,11,1,0,0.0935918816169831
8811aa72e1fffff,2024,15,1,0,0.0951045903679236
8811aa72e1fffff,2024,18,1,0,0.09623912193112898
8811aa72e1fffff,2024,20,1,0,0.09683050200395904
8811aa72e1fffff,2024,22,1,0,0.09849740740014967
8811aa72e3fffff,2022,6,1,0,0.04323347768142637
8811aa72e3fffff,2022,15,1,0,0.04728547592451818
8811aa72e3fffff,2022,19,1,0,0.04831475542462317
8811aa72e3fffff,2023,3,1,0,0.04389868531403726
8811aa72e3fffff,2023,9,1,1,0.046716322156410583
8811aa72e3fffff,2023,14,1,0,0.046423869485947546
8811aa72e3fffff,2023,22,1,0,0.04971143445507324
8811aa72e3fffff,2024,0,1,0,0.04139153632490051
8811aa72e3fffff,2024,3,1,0,0.044034558291322426
8811aa72e3fffff,2024,6,1,0,0.043398451984066555
8811aa72e3fffff,2024,11,1,0,0.045124363620102
8811aa72e3fffff,2024,17,1,0,0.04755840104915292
8811aa72e3fffff,2024,20,1,0,0.048527958309718115
8811aa72e5fffff,2022,8,1,0,0.06411708625082839
8811aa72e5fffff,2022,11,1,0,0.06525161781403375
8811aa72e5fffff,2023,8,1,0,0.06616720855559047
8811aa72e5fffff,2024,8,1,0,0.06616720855559047
8811aa72e5fffff,2024,12,1,0,0.06562979500176887
8811aa72e5fffff,2024,17,1,0,0.06957080324520658
8811aa72e5fffff,2024,18,1,0,0.0699489804329417
8811aa72e7fffff,2022,7,1,0,0.004058557552757893
8811aa72e7fffff,2022,9,1,0,0.003306421525011599
8811aa72e7fffff,2022,11,2,0,0.005005349901542796
8811aa72e7fffff,2022,13,1,0,0.004654155973311915
8811aa72e7fffff,2022,14,1,0,0.007082455465809119
8811aa72e7fffff,2022,22,1,0,0.010882551011125327
8811aa72e7fffff,2023,7,1,0,0.004435215151663252
8811aa72e7fffff,2023,12,1,0,0.004275978785576791
8811aa72e7fffff,2023,13,1,0,0.005844191428333134
8811aa72e7fffff,2023,16,1,0,0.008351340417469886
8811aa72e7fffff,2023,17,1,0,0.006166864724252411
8811aa72e7fffff,2023,20,1,0,0.007301396287457783
8811aa72e7fffff,2023,22,2,0,0.008982852346325917
8811aa72e7fffff,2024,10,1,0,0.003519624410106543
8811aa72e7fffff,2024,11,1,0,0.0038978015978416666
8811aa72e7fffff,2024,16,1,0,0.005788687536517286
8811aa72e7fffff,2024,19,1,0,0.00948587198067526
8811aa72e7fffff,2024,20,1,0,0.007301396287457783
8811aa72e7fffff,2024,21,2,0,0.008274591202703515
8811aa72edfffff,2022,1,1,0,0.01454738275907778
8811aa72edfffff,2022,2,1,0,0.014277156393337223
8811aa72edfffff,2022,5,1,0,0.015411687956542594
8811aa72edfffff,2022,16,1,0,0.01977265446404119
8811aa72edfffff,2022,20,1,0,0.02082219830532476
8811aa72edfffff,2022,22,1,0,0.022489103701515387
8811aa72edfffff,2023,4,1,0,0.016706975474664192
8811aa72edfffff,2023,7,1,0,0.01607086916740833
8811aa72edfffff,2023,10,1,0,0.019012081740846995
8811aa72edfffff,2023,15,1,0,0.019394477276306072
8811aa72edfffff,2023,21,1,0,0.02166354040271681
8811aa72edfffff,2024,0,1,0,0.013520802017866975
8811aa72edfffff,2024,2,1,0,0.014277156393337223
8811aa72edfffff,2024,9,1,1,0.017310652793714076
8811aa72edfffff,2024,16,1,0,0.019309489554384263
8811aa72edfffff,2024,19,1,0,0.020608995420229814
8811aa72edfffff,2024,21,2,0,0.022026975675398956
8811aa7303fffff,2024,8,1,0,0.02377216514657307
8811aa7305fffff,2022,13,1,0,0.06658142898244232
8811aa7305fffff,2022,16,1,0,0.0663142417943613
8811aa7305fffff,2023,12,1,0,0.0662032517947072
8811aa7305fffff,2023,20,2,0,0.06931115644790828
8811aa7305fffff,2023,22,1,0,0.07024717113930314
8811aa7305fffff,2024,3,2,0,0.0628734757728831
8811aa7305fffff,2024,14,1,0,0.06507445816805554
8811aa7305fffff,2024,17,1,0,0.06809413773338281
8811aa7305fffff,2024,18,1,0,0.06658716691899604
8811aa7305fffff,2024,19,1,0,0.06847383450994769
8811aa7305fffff,2024,20,1,0,0.06922866929658818
8811aa7307fffff,2023,15,1,0,0.14063489737296125
8811aa7307fffff,2024,16,1,0,0.14371160041893413
8811aa7309fffff,2022,12,1,0,0.059166866105043826
8811aa7309fffff,2024,22,1,0,0.061809066698353364
8811aa730bfffff,2023,7,1,0,0.03687602798354672
8811aa730bfffff,2023,9,1,0,0.03763238235901697
8811aa730bfffff,2023,10,1,0,0.03830875015376885
8811aa730bfffff,2024,13,1,0,0.03914509110995747
8811aa730dfffff,2022,9,1,0,0.0551803669990532
8811aa730dfffff,2022,12,1,0,0.05785249029083014
8811aa730dfffff,2022,13,1,0,0.0566930757499937
8811aa730dfffff,2022,16,1,0,0.057827607313199074
8811aa730dfffff,2022,17,2,0,0.05820578450093419
8811aa730dfffff,2022,18,2,0,0.05832769640057406
8811aa730dfffff,2022,22,1,0,0.06189640963542607
8811aa730dfffff,2022,23,1,0,0.06073699509458964
8811aa730dfffff,2023,0,1,0,0.05203891977668179
8811aa730dfffff,2023,8,1,0,0.052752067506556005
8811aa730dfffff,2023,9,1,0,0.0551803669990532
8811aa730dfffff,2023,10,1,0,0.05555854418678833
8811aa730dfffff,2023,12,2,0,0.056314898562258575
8811aa730dfffff,2023,19,1,0,0.058962138876404446
8811aa730dfffff,2024,0,1,0,0.05166226217777643
8811aa730dfffff,2024,4,1,0,0.05266244035252641
8811aa730dfffff,2024,16,1,0,0.05642588856191268
8811aa730dfffff,2024,17,2,0,0.05726321049987325
8811aa730dfffff,2024,18,1,0,0.05858396168866932
8811aa730dfffff,2024,22,1,0,0.06035881790685451
8811aa7311fffff,2022,12,2,0,0.025273683659331338
8811aa7311fffff,2022,15,1,0,0.02702791578331411
8811aa7311fffff,2022,17,1,0,0.0262466784302128
8811aa7311fffff,2023,9,1,0,0.023221260928331808
8811aa7311fffff,2023,12,1,0,0.024355792491537177
8811aa7311fffff,2023,13,1,0,0.024733969679272303
8811aa7311fffff,2023,15,1,0,0.025490324054742552
8811aa7311fffff,2024,9,1,0,0.023221260928331808
8811aa7311fffff,2024,11,1,0,0.024490145879992577
8811aa7311fffff,2024,12,1,0,0.024355792491537177
8811aa7311fffff,2024,13,1,1,0.024733969679272303
8811aa7311fffff,2024,14,2,0,0.025112146867007426
8811aa7313fffff,2022,6,1,0,0.0446834565295747
8811aa7313fffff,2022,10,1,0,0.04444423358276987
8811aa7313fffff,2022,17,1,0,0.04884340559466106
8811aa7313fffff,2022,18,4,2,0.048399866094044106
8811aa7313fffff,2023,9,1,0,0.04376786578801799
8811aa7313fffff,2023,10,1,0,0.04460920788541005
8811aa7313fffff,2023,12,1,0,0.04490239735122336
8811aa7313fffff,2023,17,1,0,0.04884340559466106
8811aa7313fffff,2023,23,1,0,0.04946036686083958
8811aa7313fffff,2024,5,1,0,0.042517304504322194
8811aa7313fffff,2024,17,1,0,0.04695825759253916
8811aa7313fffff,2024,18,2,0,0.04999037864668197
8811aa7313fffff,2024,23,1,0,0.0513746161883165
8811aa7315fffff,2022,14,1,0,0.015958793336459078
8811aa7315fffff,2022,18,1,0,0.016823098533923893
8811aa7315fffff,2022,19,1,1,0.017201275721659012
8811aa7315fffff,2022,20,1,1,0.019252917615250862
8811aa7315fffff,2022,21,1,0,0.01812260439976944
8811aa7315fffff,2023,16,1,0,0.016066744158453643
8811aa7315fffff,2023,17,1,0,0.016609895648828945
8811aa7315fffff,2023,19,1,2,0.019251398026421097
8811aa7315fffff,2024,6,1,0,0.012449946583742584
8811aa7315fffff,2024,13,1,0,0.01493221259524827
8811aa7315fffff,2024,15,1,0,0.018387092828956283
8811aa7315fffff,2024,20,1,0,0.019629575214156217
8811aa7315fffff,2024,23,1,0,0.021026254244606284
8811aa7317fffff,2022,13,1,0,0.06871391893328412
8811aa7317fffff,2022,15,1,0,0.06895774273256386
8811aa7317fffff,2023,16,2,0,0.06959218520839423
8811aa7317fffff,2023,19,1,0,0.06858530348138245
8811aa7317fffff,2024,8,1,0,0.06631050241841799
8811aa7317fffff,2024,9,2,0,0.06675661609479569
8811aa7317fffff,2024,12,1,0,0.06593806316723658
8811aa7317fffff,2024,17,1,0,0.0697140971080341
8811aa7317fffff,2024,19,2,0,0.06986662992185874
8811aa731bfffff,2022,3,1,0,0.13935363288557578
8811aa731bfffff,2022,9,1,0,0.14362235414576913
8811aa731bfffff,2022,15,1,0,0.14349373869386745
8811aa731bfffff,2022,16,1,0,0.14605525449074122
8811aa731bfffff,2023,8,1,0,0.1406815240770814
8811aa731bfffff,2023,12,2,0,0.14321929398040295
8811aa731bfffff,2023,18,1,0,0.14651341825919473
8811aa731bfffff,2023,20,1,0,0.14726977263466498
8811aa731bfffff,2024,10,1,0,0.14143787845255165
8811aa731bfffff,2024,19,1,0,0.1474041260231204
8811aa731bfffff,2024,20,2,0,0.1452196503299029
8811aa731dfffff,2022,6,1,0,0.00819016167363426
8811aa731dfffff,2022,7,1,0,0.008568338861369384
8811aa731dfffff,2022,9,3,0,0.010162455641645972
8811aa731dfffff,2022,10,2,0,0.011579214592561667
8811aa731dfffff,2022,18,1,0,0.014778410231217828
8811aa731dfffff,2022,19,1,0,0.015156587418952951
8811aa731dfffff,2022,20,1,0,0.015534764606688074
8811aa731dfffff,2023,8,1,0,0.008946516049104508
8811aa731dfffff,2023,9,1,0,0.011374815541601713
8811aa731dfffff,2023,13,1,0,0.010837401987780129
8811aa731dfffff,2023,14,1,0,0.011215579175515251
8811aa731dfffff,2023,16,1,0,0.014022055855747579
8811aa731dfffff,2024,7,1,0,0.008568338861369384
8811aa731dfffff,2024,8,1,0,0.008946516049104508
8811aa731dfffff,2024,9,2,0,0.009407180388159724
8811aa731dfffff,2024,10,1,0,0.010863804554240958
8811aa731dfffff,2024,12,2,0,0.01317097298450598
8811aa731dfffff,2024,15,1,0,0.011593756363250376
8811aa731dfffff,2024,17,1,0,0.012350110738720624
8811aa731dfffff,2024,23,1,0,0.014881321332376064
8811aa7323fffff,2023,11,1,0,0.08096454132058639
8811aa7323fffff,2024,10,1,0,0.08147555230794715
8811aa7323fffff,2024,11,1,0,0.08134119891949175
8811aa7323fffff,2024,14,1,0,0.08209907288379177
8811aa7323fffff,2024,19,1,0,0.08436661642137275
8811aa7325fffff,2022,6,1,0,0.05838029766262114
8811aa7325fffff,2022,12,1,0,0.05897589608317516
8811aa7325fffff,2022,16,1,0,0.06305125771506825
8811aa7325fffff,2023,15,1,0,0.060275401949020715
8811aa7325fffff,2024,12,1,0,0.06153854896412776
8811aa7327fffff,2022,12,1,0,0.039796803176402336
8811aa7327fffff,2022,16,2,0,0.04453379068799432
8811aa7327fffff,2023,7,1,0,0.039956039542488796
8811aa7327fffff,2023,8,1,0,0.040334216730223915
8811aa7327fffff,2023,14,1,0,0.04260327985663467
8811aa7327fffff,2023,17,1,0,0.04373781141984003
8811aa7327fffff,2023,22,1,0,0.04742843655433191
8811aa7327fffff,2024,5,1,0,0.03908517503535788
8811aa7327fffff,2024,13,1,0,0.040174980364137455
8811aa7327fffff,2024,16,2,0,0.043359634232104906
8811aa7327fffff,2024,17,1,0,0.04441531629867074
8811aa7327fffff,2024,19,2,0,0.044494165795310285
8811aa7327fffff,2024,20,1,0,0.0429871949809235
8811aa7327fffff,2024,23,1,0,0.04486730326220907
8811aa7331fffff,2022,9,1,0,0.021427610207556638
8811aa7331fffff,2022,10,2,0,0.0202681956667202
8811aa7331fffff,2022,11,1,0,0.020646372854455326
8811aa7331fffff,2022,12,1,0,0.01897442773742837
8811aa7331fffff,2022,16,3,0,0.022411706260162492
8811aa7331fffff,2022,17,1,0,0.02321362658788282
8811aa7331fffff,2022,18,2,0,0.022268552016220154
8811aa7331fffff,2022,19,2,0,0.02367179035633632
8811aa7331fffff,2022,21,1,0,0.024940675307997085
8811aa7331fffff,2023,8,2,0,0.019511841291249957
8811aa7331fffff,2023,9,1,0,0.0204025490551756
8811aa7331fffff,2023,10,1,0,0.02180578739529176
8811aa7331fffff,2023,12,2,0,0.02109248653083303
8811aa7331fffff,2023,13,1,0,0.021402727229925575
8811aa7331fffff,2023,15,1,0,0.02215908160539582
8811aa7331fffff,2023,18,2,0,0.022268552016220154
8811aa7331fffff,2023,20,1,0,0.022164819541949543
8811aa7331fffff,2024,0,1,0,0.014698448951851578
8811aa7331fffff,2024,13,1,0,0.021402727229925575
8811aa7331fffff,2024,14,1,0,0.023318496146232257
8811aa7331fffff,2024,15,1,0,0.02010895930063374
8811aa7331fffff,2024,16,1,0,0.022537258793130944
8811aa7331fffff,2024,17,2,0,0.02291543598086607
8811aa7331fffff,2024,19,1,0,0.02367179035633632
8811aa7331fffff,2024,21,1,0,0.024428144731806566
8811aa7331fffff,2024,22,1,0,0.023018347082024302
8811aa7333fffff,2022,17,1,0,0.026822143599459287
8811aa7333fffff,2023,3,1,0,0.023298300841628795
8811aa7333fffff,2023,8,1,0,0.024414508736869196
8811aa7333fffff,2023,14,1,0,0.02568761203625392
8811aa7333fffff,2023,20,1,1,0.02984182316478656
8811aa7333fffff,2023,21,2,0,0.028252365199079692
8811aa7333fffff,2023,22,1,0,0.030860325007501504
8811aa7333fffff,2023,23,1,0,0.07545200472490651
8811aa7333fffff,2024,9,1,0,0.023796726097578297
8811aa7333fffff,2024,15,1,0,0.027574279627205586
8811aa7333fffff,2024,19,1,0,0.02946364597705144
8811aa7335fffff,2022,17,1,0,0.05749993266219372
8811aa7335fffff,2023,8,1,0,0.05409633797257761
8811aa7335fffff,2023,13,1,0,0.05393710160649115
8811aa7335fffff,2023,16,1,0,0.05507163316969652
8811aa7335fffff,2023,18,2,0,0.05762184456183359
8811aa7335fffff,2023,20,1,0,0.05658434192063702
8811aa7335fffff,2024,9,1,0,0.05307279640902633
8811aa7337fffff,2022,8,1,0,0.05830708331838835
8811aa7337fffff,2022,14,1,0,0.06211373817337066
8811aa7337fffff,2022,18,1,0,0.060203707193617687
8811aa7337fffff,2023,8,1,0,0.05830708331838835
8811aa7337fffff,2023,11,3,0,0.058974375297831595
8811aa7337fffff,2023,13,1,0,0.06071049983325449
8811aa7337fffff,2023,14,1,0,0.058690998442677195
8811aa7337fffff,2023,15,1,0,0.05906917563041232
8811aa7337fffff,2023,16,1,0,0.061332500820269344
8811aa7337fffff,2023,17,1,0,0.059660555703242385
8811aa7337fffff,2023,19,1,0,0.06297956295966524
8811aa7337fffff,2023,20,2,0,0.0618201484188288
8811aa7337fffff,2024,1,1,0,0.05592199047148718
8811aa7337fffff,2024,8,1,0,0.05830708331838835
8811aa7337fffff,2024,10,1,0,0.06060102942243016
8811aa7337fffff,2024,12,2,0,0.05981979206932885
8811aa7337fffff,2024,13,1,0,0.05831282125494207
8811aa7337fffff,2024,15,2,0,0.060954323632534224
8811aa7337fffff,2024,17,2,0,0.05998475747998023
8811aa7337fffff,2024,19,2,0,0.060499397230032725
8811aa7339fffff,2022,20,1,0,0.13551917402791155
8811aa7339fffff,2024,12,1,0,0.13109203777474415
8811aa733bfffff,2022,8,1,0,0.03290268135405497
8811aa733bfffff,2022,17,1,0,0.03660446665068783
8811aa733bfffff,2022,18,2,0,0.03683354853491458
8811aa733bfffff,2022,19,2,0,0.03706263041914133
8811aa733bfffff,2023,10,3,0,0.032292287526350494
8811aa733bfffff,2023,11,1,0,0.034037212917260334
8811aa733bfffff,2023,17,1,0,0.03784386777224264
8811aa733bfffff,2023,18,1,0,0.03719698380759672
8811aa733bfffff,2023,19,1,0,0.03860022214771289
8811aa733bfffff,2023,20,1,0,0.035555659604754555
8811aa733bfffff,2024,8,1,0,0.03101753335193306
8811aa733bfffff,2024,13,1,0,0.03633115902130215
8811aa733bfffff,2024,14,2,0,0.034727150392917766
8811aa733bfffff,2024,15,1,0,0.03760004397296291
8811aa733bfffff,2024,18,1,0,0.0347993052292843
8811aa733dfffff,2022,17,1,0,0.0788826862812023
8811aa733dfffff,2023,2,1,0,0.07514564063827686
8811aa733dfffff,2023,6,1,0,0.07831045124944958
8811aa733dfffff,2023,10,1,0,0.07982316000039007
8811aa733dfffff,2023,14,1,0,0.0779131290206371
8811aa733dfffff,2023,15,1,1,0.07829130620837223
8811aa733dfffff,2023,18,1,0,0.08131098577369951
8811aa733dfffff,2024,13,1,0,0.07942009983502388
8811aa733dfffff,2024,17,1,0,0.07904766058384248
8811aa733dfffff,2024,18,1,0,0.08144685875098467
8811aa7341fffff,2022,3,1,0,0.04306571314738413
8811aa7341fffff,2022,12,1,0,0.04949668379607244
8811aa7341fffff,2022,16,1,0,0.04947180081844137
8811aa7341fffff,2022,20,2,0,0.04908348256812816
8811aa7341fffff,2022,22,1,0,0.050117863409974914
8811aa7341fffff,2022,23,2,0,0.05135612744745089
8811aa7341fffff,2023,0,1,0,0.04279392510682821
8811aa7341fffff,2023,5,1,0,0.04498300165252058
8811aa7341fffff,2023,8,1,0,0.04798397504513194
8811aa7341fffff,2023,13,1,0,0.0464521212531141
8811aa7341fffff,2023,14,1,0,0.04666532413820904
8811aa7341fffff,2023,15,1,0,0.047179374303229334
8811aa7341fffff,2023,18,1,0,0.04864119779880647
8811aa7341fffff,2023,19,2,1,0.049136677141717766
8811aa7341fffff,2023,20,1,0,0.04909936156725997
8811aa7341fffff,2023,23,1,0,0.05200453100092658
8811aa7341fffff,2024,8,1,0,0.04798397504513194
8811aa7341fffff,2024,13,1,0,0.046287146950473916
8811aa7341fffff,2024,14,1,0,0.04683029844084922
8811aa7341fffff,2024,16,1,0,0.04758665281631947
8811aa7341fffff,2024,20,1,0,0.050984509569381865
8811aa7343fffff,2022,3,1,0,0.017415065806758712
8811aa7343fffff,2022,10,1,0,0.02292470777733659
8811aa7343fffff,2022,16,1,0,0.02190424747743045
8811aa7343fffff,2022,17,1,0,0.02557194809148246
8811aa7343fffff,2022,23,1,0,0.026188909357660984
8811aa7343fffff,2023,13,1,0,0.022521647611970407
8811aa7343fffff,2023,19,1,0,0.022740588433619067
8811aa7343fffff,2023,21,1,0,0.025547065113851398
8811aa7343fffff,2024,12,1,0,0.02214347042423528
8811aa7343fffff,2024,15,1,0,0.02481559371601221
8811aa7343fffff,2024,18,1,0,0.022362411245883944
8811aa7343fffff,2024,20,1,0,0.02516888792611627
8811aa7343fffff,2024,22,1,0,0.024785671017544815
8811aa7343fffff,2024,23,1,0,0.026188909357660984
8811aa7345fffff,2022,2,1,0,0.00191728850513645
8811aa7345fffff,2022,5,1,0,0.003051820068341822
8811aa7345fffff,2022,10,1,0,0.003519624410106543
8811aa7345fffff,2022,11,1,0,0.004922862750222707
8811aa7345fffff,2022,12,1,0,0.004275978785576791
8811aa7345fffff,2022,13,1,0,0.0070024688850907485
8811aa7345fffff,2022,14,1,0,0.007082455465809119
8811aa7345fffff,2022,15,2,0,0.006774323940578553
8811aa7345fffff,2022,16,1,0,0.005953661839157466
8811aa7345fffff,2022,18,4,0,0.008157845460540429
8811aa7345fffff,2022,19,1,0,0.0069232190997226585
8811aa7345fffff,2022,21,2,0,0.0077620606265129954
8811aa7345fffff,2022,23,1,0,0.00869807531790785
8811aa7345fffff,2023,3,1,0,0.0011345315632053717
8811aa7345fffff,2023,4,1,0,0.003348491086528808
8811aa7345fffff,2023,5,1,0,0.002026758915960781
8811aa7345fffff,2023,7,1,0,0.0025500671495413516
8811aa7345fffff,2023,10,1,0,0.005569746714868625
8811aa7345fffff,2023,11,1,0,0.0055712663036983886
8811aa7345fffff,2023,12,1,0,0.004440953088216969
8811aa7345fffff,2023,14,2,0,0.006139881464748169
8811aa7345fffff,2023,15,1,0,0.005410510348782162
8811aa7345fffff,2023,19,1,0,0.0069232190997226585
8811aa7345fffff,2024,7,1,0,0.004571088128948414
8811aa7345fffff,2024,10,1,0,0.003655497387391705
8811aa7345fffff,2024,11,3,0,0.0038978015978416666
8811aa7345fffff,2024,12,1,0,0.004275978785576791
8811aa7345fffff,2024,13,1,0,0.004654155973311915
8811aa7345fffff,2024,14,3,0,0.005197307463687218
8811aa7345fffff,2024,16,1,0,0.007838809841279366
8811aa7345fffff,2024,17,4,0,0.006795186527857164
8811aa7345fffff,2024,18,1,0,0.006710016214627713
8811aa7345fffff,2024,19,3,0,0.007023501526364439
8811aa7345fffff,2024,21,1,0,0.009729695779954986
8811aa7345fffff,2024,22,1,0,0.009480832259838928
8811aa7347fffff,2022,9,1,0,0.04184694630433426
8811aa7347fffff,2022,12,1,0,0.04298147786753963
8811aa7347fffff,2022,15,1,0,0.044116009430745
8811aa7347fffff,2022,16,1,0,0.04479237722549687
8811aa7347fffff,2022,18,1,0,0.046788132722521934
8811aa7347fffff,2023,9,1,0,0.04184694630433426
8811aa7347fffff,2023,11,1,1,0.04260330067980451
8811aa7347fffff,2023,13,1,0,0.044897246783846316
8811aa7347fffff,2023,18,1,0,0.04576307157014089
8811aa7347fffff,2024,7,1,0,0.04109059192886401
8811aa7347fffff,2024,9,1,0,0.04338453803290582
8811aa7347fffff,2024,15,1,0,0.04206588712598292
8811aa7347fffff,2024,18,1,0,0.04525054099395038
8811aa7347fffff,2024,19,1,0,0.0456287181816855
8811aa7347fffff,2024,21,2,0,0.045360011404774706
8811aa734bfffff,2022,0,2,0,0.0348671690021749
8811aa734bfffff,2022,7,1,0,0.03725226184907607
8811aa734bfffff,2022,17,2,0,0.04003807389940128
8811aa734bfffff,2022,18,1,0,0.04141221091416244
8811aa734bfffff,2023,14,1,0,0.03873856803355573
8811aa734bfffff,2023,19,1,0,0.040794428274871536
8811aa734bfffff,2023,22,1,0,0.042026133002681425
8811aa734bfffff,2024,2,1,1,0.03565262470300016
8811aa734bfffff,2024,17,1,0,0.04003807389940128
8811aa734bfffff,2024,20,1,0,0.041172605462606655
8811aa734bfffff,2024,21,1,0,0.04155078265034178
8811aa734dfffff,2022,13,1,0,0.10691916604027189
8811aa734dfffff,2022,23,1,0,0.11096308538486784
8811aa734dfffff,2023,0,1,0,0.10188835246805462
8811aa734dfffff,2023,18,1,0,0.10910824258596427
8811aa734dfffff,2024,9,1,0,0.10694404901790296
8811aa7351fffff,2022,7,1,0,0.07785551181833991
8811aa7351fffff,2022,12,1,0,0.08060648460675639
8811aa7351fffff,2022,15,2,0,0.0808809293202209
8811aa7351fffff,2022,17,1,0,0.08163728369569116
8811aa7351fffff,2022,19,1,0,0.0828770673219969
8811aa7351fffff,2022,22,2,0,0.08439413866325707
8811aa7351fffff,2023,0,1,0,0.07735556697356065
8811aa7351fffff,2023,8,1,0,0.07806871470343485
8811aa7351fffff,2023,9,1,0,0.07844689189116999
8811aa7351fffff,2023,12,1,0,0.07958142345437536
8811aa7351fffff,2023,15,1,0,0.08071595501758072
8811aa7351fffff,2023,16,1,0,0.08314425451007794
8811aa7351fffff,2023,22,1,0,0.08721305683230493
8811aa7351fffff,2024,14,1,0,0.0803377778298456
8811aa7351fffff,2024,15,1,0,0.08071595501758072
8811aa7351fffff,2024,16,4,0,0.09446117076192942
8811aa7351fffff,2024,17,2,0,0.08179651116978881
8811aa7351fffff,2024,18,1,0,0.08441313946173869
8811aa7351fffff,2024,19,2,0,0.08246024622334969
8811aa7351fffff,2024,21,1,0,0.08298501814399147
8811aa7351fffff,2024,22,1,0,0.08379031710161146
8811aa7353fffff,2022,8,1,0,0.023024391476516755
8811aa7353fffff,2022,12,1,0,0.02453710022745725
8811aa7353fffff,2022,17,2,0,0.0268346750941908
8811aa7353fffff,2022,18,1,0,0.028856285658630073
8811aa7353fffff,2023,0,1,0,0.02026112144188046
8811aa7353fffff,2023,8,1,0,0.023024391476516755
8811aa7353fffff,2023,11,1,0,0.024158923039722124
8811aa7353fffff,2023,14,1,0,0.025293454602927496
8811aa7353fffff,2023,16,2,0,0.028438683722575173
8811aa7353fffff,2023,20,1,0,0.029235982435194964
8811aa7353fffff,2024,10,1,0,0.023780745851987
8811aa7353fffff,2024,16,1,0,0.028612461859350343
8811aa7353fffff,2024,17,2,0,0.02651047331745296
8811aa7353fffff,2024,18,1,0,0.02680616335386799
8811aa7357fffff,2022,0,1,0,0.03658958767893318
8811aa7357fffff,2022,3,1,0,0.03772411924213855
8811aa7357fffff,2022,4,1,0,0.038131397755228696
8811aa7357fffff,2022,5,1,0,0.03850957494296382
8811aa7357fffff,2022,6,1,0,0.03862560466345425
8811aa7357fffff,2022,9,1,0,0.039760136226659616
8811aa7357fffff,2022,11,1,0,0.04393923033282333
8811aa7357fffff,2022,18,1,0,0.044159690743301755
8811aa7357fffff,2022,21,1,0,0.04459645308649786
8811aa7357fffff,2022,22,1,0,0.04493858713446093
8811aa7357fffff,2022,23,1,0,0.04531676432219605
8811aa7357fffff,2023,13,1,0,0.04345618358673877
8811aa7357fffff,2023,14,1,0,0.043536170167457144
8811aa7357fffff,2024,4,1,1,0.037966423452588514
8811aa7357fffff,2024,8,1,0,0.039216984736284315
8811aa7357fffff,2024,16,1,0,0.04340333636783151
8811aa7357fffff,2024,18,1,0,0.04504887891839763
8811aa7359fffff,2022,0,1,0,0.07943090750477766
8811aa7359fffff,2022,8,2,0,0.08161371047458085
8811aa7359fffff,2022,9,1,0,0.0811970806283091
8811aa7359fffff,2022,15,1,0,0.0852180754524652
8811aa7359fffff,2022,16,2,0,0.08387033211217607
8811aa7359fffff,2022,18,1,0,0.08446745901354866
8811aa7359fffff,2022,21,1,0,0.08543701627411385
8811aa7359fffff,2022,22,2,0,0.08733398453630317
8811aa7359fffff,2022,23,1,0,0.08691868302648573
8811aa7359fffff,2023,4,1,0,0.07970421513416336
8811aa7359fffff,2023,15,1,0,0.0852180754524652
8811aa7359fffff,2023,17,3,0,0.08462681695322623
8811aa7359fffff,2023,20,1,0,0.08522381338901891
8811aa7359fffff,2024,0,1,0,0.07891837692858715
8811aa7359fffff,2024,1,1,1,0.08010727529952955
8811aa7359fffff,2024,8,1,0,0.0806856871361974
8811aa7359fffff,2024,9,1,0,0.08294901232605445
8811aa7359fffff,2024,11,1,0,0.08211840930641955
8811aa7359fffff,2024,14,1,0,0.08295475026260815
8811aa7359fffff,2024,15,2,0,0.08339953560253156
8811aa7359fffff,2024,23,1,0,0.08662049241946897
8811aa735bfffff,2022,7,1,0,0.04168810220252478
8811aa735bfffff,2022,13,1,0,0.0441221396315757
8811aa735bfffff,2023,14,1,0,0.04792305655000429
8811aa735bfffff,2023,18,1,0,0.047898173572373214
8811aa735bfffff,2024,0,1,0,0.040976474061480334
8811aa735bfffff,2024,14,1,0,0.04600880722252736
8811aa735bfffff,2024,18,1,0,0.04943576530094478
8811aa735bfffff,2024,22,1,0,0.04762290748579633
8811aa735dfffff,2022,15,1,0,0.12792535962692153
8811aa735dfffff,2022,22,1,0,0.1309679637126887
8811aa735dfffff,2022,23,1,0,0.13250707503009002
8811aa735dfffff,2023,1,1,0,0.12289302646587452
8811aa735dfffff,2023,9,1,0,0.12665225632753682
8811aa735dfffff,2023,18,1,0,0.12905989119012692
8811aa735dfffff,2024,4,1,0,0.12553604843229643
8811aa735dfffff,2024,5,1,0,0.12540169504384105
8811aa735dfffff,2024,7,2,1,0.12554701734206195
8811aa735dfffff,2024,9,1,0,0.12665225632753682
8811aa735dfffff,2024,18,1,0,0.12905989119012692
8811aa735dfffff,2024,21,1,0,0.13170291315654883
8811aa7361fffff,2022,18,1,0,0.03996199221097762
8811aa7361fffff,2022,21,1,0,0.042121584926564024
8811aa7361fffff,2023,0,1,0,0.03239188914660904
8811aa7361fffff,2023,7,1,0,0.036827104298272295
8811aa7361fffff,2023,9,1,0,0.035533336368980456
8811aa7361fffff,2023,11,1,0,0.03628969074445071
8811aa7361fffff,2023,14,1,0,0.037424222307656074
8811aa7361fffff,2023,17,1,0,0.04060887617562354
8811aa7361fffff,2024,8,2,0,0.036180220333626376
8811aa7361fffff,2024,14,1,0,0.037424222307656074
8811aa7361fffff,2024,19,1,0,0.04290282227966534
8811aa7361fffff,2024,21,1,0,0.040071462621801945
8811aa7363fffff,2022,9,1,0,0.09046762374769776
8811aa7363fffff,2022,13,1,0,0.09006608317116133
8811aa7363fffff,2023,14,1,0,0.09030838738161129
8811aa7363fffff,2023,22,1,0,0.09359595235073698
8811aa7363fffff,2024,18,1,0,0.09387121843731387
8811aa7363fffff,2024,19,1,0,0.09219927332028692
8811aa7365fffff,2022,17,1,0,0.08705091526515668
8811aa7365fffff,2023,12,1,0,0.08516002932648105
8811aa7365fffff,2024,12,1,0,0.08683349403233777
8811aa7365fffff,2024,19,1,0,0.089857391945389
8811aa7367fffff,2024,19,1,0,0.028204530205539834
8811aa7369fffff,2022,11,1,0,0.046263122978908146
8811aa7369fffff,2022,15,1,0,0.04589068372772674
8811aa7369fffff,2022,20,2,0,0.04889792180423848
8811aa7369fffff,2022,22,1,0,0.04863509720647712
8811aa7369fffff,2023,12,1,0,0.04817889189521483
8811aa7369fffff,2023,18,1,0,0.04891036329305401
8811aa7369fffff,2024,9,1,0,0.0455067686034379
8811aa7369fffff,2024,10,1,0,0.04383482348641094
8811aa7369fffff,2024,12,1,0,0.046641300166643265
8811aa7369fffff,2024,15,1,0,0.0493134234584202
8811aa7369fffff,2024,17,2,0,0.04757506144158043
8811aa7369fffff,2024,18,1,0,0.04891036329305401
8811aa736bfffff,2022,9,1,0,0.059970322818456434
8811aa736bfffff,2022,11,1,0,0.06072667719392668
8811aa736bfffff,2022,13,1,0,0.061483031569396926
8811aa736bfffff,2022,15,1,0,0.06223938594486718
8811aa736bfffff,2022,16,1,0,0.0626175631326023
8811aa736bfffff,2022,21,2,0,0.06450844907127791
8811aa736bfffff,2023,6,1,0,0.05678566895048898
8811aa736bfffff,2023,9,1,0,0.06048285339464695
8811aa736bfffff,2023,12,2,0,0.06007979322928076
8811aa736bfffff,2023,13,1,0,0.061483031569396926
8811aa736bfffff,2023,14,1,0,0.06097202058203617
8811aa736bfffff,2023,15,2,0,0.06300818180915296
8811aa736bfffff,2023,16,1,0,0.0626175631326023
8811aa736bfffff,2023,17,1,0,0.06299574032033743
8811aa736bfffff,2023,18,1,0,0.06337391750807254
8811aa736bfffff,2023,19,2,0,0.06375209469580767
8811aa736bfffff,2023,20,1,0,0.06208014957878071
8811aa736bfffff,2023,21,1,0,0.06450844907127791
8811aa736bfffff,2023,22,1,0,0.06477211612735237
8811aa736bfffff,2024,9,1,0,0.06150791454702799
8811aa736bfffff,2024,11,2,0,0.06072667719392668
8811aa736bfffff,2024,12,1,0,0.0611048543816618
8811aa736bfffff,2024,14,2,0,0.062010304060640425
8811aa736bfffff,2024,15,2,0,0.06121432479248613
8811aa736bfffff,2024,16,1,0,0.0626175631326023
8811aa736bfffff,2024,17,1,0,0.06111059231821552
8811aa736bfffff,2024,19,4,0,0.06375209469580767
8811aa736bfffff,2024,20,3,0,0.06361774130735227
8811aa736bfffff,2024,22,1,0,0.06514877372625774
8811aa736dfffff,2022,5,1,0,0.011885189566661201
8811aa736dfffff,2022,6,1,0,0.01321151908335142
8811aa736dfffff,2022,9,2,0,0.012837560243340249
8811aa736dfffff,2022,12,1,0,0.01397209180654562
8811aa736dfffff,2022,18,1,0,0.018126302935078265
8811aa736dfffff,2022,19,1,0,0.016454357818051307
8811aa736dfffff,2023,0,1,0,0.009696113020968828
8811aa736dfffff,2023,11,1,0,0.013428940316170316
8811aa736dfffff,2023,16,1,0,0.015319826254845934
8811aa736dfffff,2023,18,1,0,0.018126302935078265
8811aa736dfffff,2023,19,2,0,0.01747941897043235
8811aa736dfffff,2023,20,1,1,0.01888265731054851
8811aa736dfffff,2024,1,1,0,0.011582780611920494
8811aa736dfffff,2024,7,1,0,0.01191623156522982
8811aa736dfffff,2024,11,1,0,0.013428940316170316
8811aa736dfffff,2024,14,1,0,0.015211875432851369
8811aa7521fffff,2022,1,1,0,0.021869521036863727
8811aa7521fffff,2022,2,2,2,0.021842337632995215
8811aa7521fffff,2022,4,1,0,0.021330587894212376
8811aa7521fffff,2022,10,1,0,0.023039312946361672
8811aa7521fffff,2022,12,2,0,0.0238636038104745
8811aa7521fffff,2022,13,1,0,0.02433881881220722
8811aa7521fffff,2022,14,1,0,0.024552021697302168
8811aa7521fffff,2022,15,1,0,0.02493019888503729
8811aa7521fffff,2022,16,2,1,0.02750759368104287
8811aa7521fffff,2022,17,1,0,0.02598474386752429
8811aa7521fffff,2022,18,1,0,0.02622970475088284
8811aa7521fffff,2022,20,1,0,0.02698605912635309
8811aa7521fffff,2022,22,2,0,0.027922073817747944
8811aa7521fffff,2023,0,1,0,0.019684662838895306
8811aa7521fffff,2023,4,1,0,0.021032397287195623
8811aa7521fffff,2023,8,1,0,0.025870672604225063
8811aa7521fffff,2023,14,1,0,0.026602144002064246
8811aa7521fffff,2023,17,2,0,0.025769040411827628
8811aa7521fffff,2023,18,1,0,0.026064730448242663
8811aa7521fffff,2023,19,2,0,0.027550455939678916
8811aa7521fffff,2023,21,2,0,0.027523463788185876
8811aa7521fffff,2024,0,1,0,0.019519688536255127
8811aa7521fffff,2024,1,2,1,0.02117919216446655
8811aa7521fffff,2024,2,1,0,0.022326165216487455
8811aa7521fffff,2024,3,1,0,0.020654220099460496
8811aa7521fffff,2024,8,1,0,0.0243330808756535
8811aa7521fffff,2024,10,1,0,0.02320428724900185
8811aa7521fffff,2024,11,2,0,0.02373155974024535
8811aa7521fffff,2024,14,2,0,0.026602144002064246
8811aa7521fffff,2024,15,1,1,0.026980321189799372
8811aa7521fffff,2024,16,1,0,0.026981840778629137
8811aa7521fffff,2024,18,3,0,0.027431478651417384
8811aa7521fffff,2024,19,3,0,0.027126281737565146
8811aa7521fffff,2024,20,1,0,0.02698605912635309
8811aa7521fffff,2024,21,1,0,0.029249384316210113
8811aa7521fffff,2024,23,2,0,0.028217763854162976
8811aa7523fffff,2022,3,1,0,0.06365951512505583
8811aa7523fffff,2022,5,1,0,0.06582024492472106
8811aa7523fffff,2022,9,1,0,0.06553321447984531
8811aa7523fffff,2022,22,1,0,0.07200581582168938
8811aa7523fffff,2023,0,1,0,0.06239176725747389
8811aa7523fffff,2024,8,1,0,0.06515503729211017
8811aa7523fffff,2024,18,1,0,0.06877183486682124
8811aa7525fffff,2022,3,1,0,0.0442445980430287
8811aa7525fffff,2022,10,1,0,0.05008153194597836
8811aa7525fffff,2022,15,1,0,0.048384703851320335
8811aa7525fffff,2022,16,2,0,0.051069268631912794
8811aa7525fffff,2022,17,1,0,0.04914105822679058
8811aa7525fffff,2022,21,2,0,0.0517613152814322
8811aa7525fffff,2022,22,1,0,0.05145906593535108
8811aa7525fffff,2023,10,1,0,0.046493817912644717
8811aa7525fffff,2023,11,1,0,0.04943464798133244
8811aa7525fffff,2023,12,1,0,0.04725017228811496
8811aa7525fffff,2023,13,1,0,0.05121606350918373
8811aa7525fffff,2023,14,1,0,0.05056917954453781
8811aa7525fffff,2023,18,1,0,0.051569357719287785
8811aa7525fffff,2023,21,1,0,0.053216419858683674
8811aa7525fffff,2024,0,1,0,0.04313916780517835
8811aa7525fffff,2024,2,1,0,0.0443789514314841
8811aa7525fffff,2024,12,1,0,0.04725017228811496
8811aa7525fffff,2024,14,1,0,0.0480065266635852
8811aa7525fffff,2024,18,1,0,0.05003176599071622
8811aa7525fffff,2024,19,1,0,0.05006238690490101
8811aa7525fffff,2024,21,1,0,0.05065376697773107
8811aa7525fffff,2024,22,1,0,0.0512940916327109
8811aa7527fffff,2022,12,1,0,0.09204783554884727
8811aa7527fffff,2023,9,1,0,0.0909133039856419
8811aa7527fffff,2023,12,1,0,0.09204783554884727
8811aa7527fffff,2024,4,1,2,0.08890790791530563
8811aa7529fffff,2022,8,2,0,0.023016419134417182
8811aa7529fffff,2023,7,1,0,0.022555754795361968
8811aa7529fffff,2023,10,1,0,0.023855260661207522
8811aa7529fffff,2023,12,1,0,0.02547170188641863
8811aa7529fffff,2023,13,1,0,0.024824817921772713
8811aa7529fffff,2024,6,1,0,0.024227699912388927
8811aa7529fffff,2024,13,1,0,0.02498979222441289
8811aa7529fffff,2024,19,1,0,0.02914400335294554
8811aa7529fffff,2024,20,2,0,0.028821321165037463
8811aa752dfffff,2022,11,1,0,0.04590244539385534
8811aa752dfffff,2022,12,3,0,0.04501327124742133
8811aa752dfffff,2022,18,2,0,0.04752462455562016
8811aa752dfffff,2022,20,2,0,0.04930604008347145
8811aa752dfffff,2023,1,1,0,0.0885105728408956
8811aa752dfffff,2023,7,1,0,0.04438973664291484
8811aa752dfffff,2023,8,1,0,0.04506610443766672
8811aa752dfffff,2023,11,2,0,0.04590244539385534
8811aa752dfffff,2023,13,1,0,0.04665879976932558
8811aa752dfffff,2023,17,1,0,0.046121386215504
8811aa752dfffff,2023,19,2,0,0.04892786289573633
8811aa752dfffff,2023,22,2,1,0.04929948077380536
8811aa752dfffff,2024,7,2,0,0.04438973664291484
8811aa752dfffff,2024,8,1,0,0.04271779152588789
8811aa752dfffff,2024,9,1,0,0.04374437226709869
8811aa752dfffff,2024,10,1,0,0.04412254945483381
8811aa752dfffff,2024,11,1,0,0.04590244539385534
8811aa752dfffff,2024,12,1,0,0.04539143440649458
8811aa752dfffff,2024,13,1,0,0.04665879976932558
8811aa752dfffff,2024,14,1,0,0.04703697695706071
8811aa752dfffff,2024,15,1,0,0.04601343539350944
8811aa752dfffff,2024,16,1,0,0.049466796038387675
8811aa752dfffff,2024,17,1,0,0.04628636051814418
8811aa752dfffff,2024,18,1,0,0.050087277436572764
8811aa752dfffff,2024,21,1,0,0.049684217271206574
8811aa7561fffff,2022,6,1,0,0.12310729079991427
8811aa7561fffff,2022,8,1,0,0.1238636451753845
8811aa7561fffff,2022,12,1,0,0.12507816331930827
8811aa7561fffff,2022,13,1,0,0.12558955681141995
8811aa7561fffff,2023,6,2,0,0.12361982137610479
8811aa7561fffff,2023,17,1,1,0.12826319969202662
8811aa7561fffff,2024,15,1,0,0.127585312308445
8811aa7563fffff,2023,17,1,2,0.1306942215023965
8811aa7563fffff,2024,13,1,0,0.1280232352946984
8811aa7565fffff,2022,1,1,0,0.028764453106102855
8811aa7565fffff,2022,4,1,0,0.029898984669308223
8811aa7565fffff,2022,9,1,0,0.029642575138617247
8811aa7565fffff,2022,11,1,0,0.03382166924478096
8811aa7565fffff,2022,12,1,0,0.031075297308839372
8811aa7565fffff,2022,14,1,1,0.03371679968643153
8811aa7565fffff,2022,15,2,0,0.03533437799572146
8811aa7565fffff,2022,16,1,0,0.03212484115012294
8811aa7565fffff,2022,17,1,0,0.03455314064262015
8811aa7565fffff,2022,20,1,0,0.03568767220582551
8811aa7565fffff,2022,22,1,0,0.03670617404854046
8811aa7565fffff,2023,13,1,0,0.03457802362025121
8811aa7565fffff,2023,15,1,0,0.033796786267149895
8811aa7565fffff,2023,19,1,0,0.03582202559428092
8811aa7565fffff,2023,21,1,0,0.03606584939356064
8811aa7565fffff,2024,12,2,0,0.0321104906318097
8811aa7565fffff,2024,13,1,0,0.03304043189167965
8811aa7565fffff,2024,15,1,0,0.033796786267149895
8811aa7565fffff,2024,17,1,0,0.03455314064262015
8811aa7565fffff,2024,22,1,1,0.03495424235079513
8811aa7567fffff,2022,1,1,0,0.03616796222581246
8811aa7567fffff,2022,5,1,0,0.039189161379969494
8811aa7567fffff,2022,14,1,0,0.04112030880614112
8811aa7567fffff,2023,16,1,0,0.04397615115290703
8811aa7567fffff,2023,21,1,0,0.043304384210630056
8811aa7567fffff,2024,1,1,0,0.0364661528328292
8811aa7567fffff,2024,12,1,0,0.04348850355434758
8811aa7567fffff,2024,22,2,0,0.044781441218538234
8811aa7569fffff,2022,7,1,0,0.007792782366580373
8811aa7569fffff,2022,11,1,0,0.012728230848214329
8811aa7569fffff,2022,12,1,0,0.00968366830525599
8811aa7569fffff,2022,16,1,0,0.01132959336057306
8811aa7569fffff,2022,17,1,0,0.013083044647148153
8811aa7569fffff,2022,18,1,0,0.012250922038683488
8811aa7569fffff,2022,19,1,0,0.012165934316761681
8811aa7569fffff,2022,21,1,0,0.014972410996994008
8811aa7569fffff,2023,4,1,0,0.00718948755228143
8811aa7569fffff,2023,8,1,0,0.008170959554315496
8811aa7569fffff,2023,11,1,0,0.00943870742189744
8811aa7569fffff,2023,18,1,1,0.013837879433788636
8811aa7569fffff,2023,19,1,0,0.012165934316761681
8811aa7569fffff,2023,22,1,0,0.013727587649851927
8811aa7569fffff,2024,6,1,0,0.007414605178845249
8811aa7569fffff,2024,12,2,0,0.009750276457444279
8811aa7569fffff,2024,17,2,0,0.012583736397180849
8811aa7569fffff,2024,18,1,0,0.012250922038683488
8811aa756dfffff,2022,13,1,0,0.04492997922940196
8811aa756dfffff,2022,17,1,0,0.04674087858735921
8811aa756dfffff,2023,11,1,0,0.04433859915657189
8811aa756dfffff,2023,14,1,0,0.04803578360072985
8811aa756dfffff,2023,19,1,0,0.0471990423558127
8811aa756dfffff,2024,8,1,0,0.04508921559548842
8811aa756dfffff,2024,9,1,0,0.04341727047846146
8811aa756dfffff,2024,12,1,0,0.04520020559514251
8811aa756dfffff,2024,13,2,0,0.04858562975137817
8811aa756dfffff,2024,18,1,0,0.04698583947071775
8811aa756dfffff,2024,19,1,0,0.04924916466057478
8811aa756dfffff,2024,21,1,0,0.04860380028475863
8811aa7709fffff,2024,22,1,0,0.2204521356061973
8811aa7725fffff,2022,0,1,1,0.09949701796115801
8811aa7725fffff,2022,1,1,0,0.09987519514889313
8811aa7725fffff,2022,3,2,1,0.10038983489894565
8811aa7725fffff,2022,9,2,0,0.1011299747803129
8811aa7725fffff,2022,11,1,0,0.10172135485314296
8811aa7725fffff,2022,21,1,0,0.10566810103313438
8811aa7725fffff,2022,22,1,0,0.10614345138547401
8811aa7725fffff,2022,23,1,0,0.10652162857320914
8811aa7725fffff,2023,9,1,1,0.10142816538732964
8811aa7725fffff,2023,23,1,0,0.10668660287584932
8811aa7725fffff,2024,15,1,0,0.10339903790672364
8811aa7725fffff,2024,17,1,0,0.10518045343457492
8811aa7725fffff,2024,18,1,0,0.10641871747205091
8811aa7725fffff,2024,19,1,0,0.10491174665766413
8811aa7725fffff,2024,20,1,0,0.10666254127133062
8811aa772dfffff,2023,18,1,0,0.05901978867157162
8811aa772dfffff,2023,19,1,0,0.057512817857184845
8811aa772dfffff,2024,9,1,0,0.054029236586850354
8811aa7741fffff,2022,12,1,0,0.07380581538248632
8811aa7741fffff,2023,5,1,0,0.07263102233178494
8811aa7741fffff,2023,14,1,0,0.07439719545531638
8811aa7741fffff,2024,4,1,0,0.07190263219759088
8811aa7741fffff,2024,21,1,0,0.07879636746720757
8811aa7741fffff,2024,23,1,0,0.07841315055863612
8811aa7745fffff,2022,18,1,0,0.03386747589553205
8811aa7745fffff,2022,21,1,0,0.03295188515397534
8811aa7745fffff,2023,23,1,0,0.03653303987764288
8811aa7745fffff,2024,1,1,0,0.02565048886651755
8811aa7745fffff,2024,8,2,0,0.030085704018180802
8811aa7745fffff,2024,17,1,0,0.03143917640303484
8811aa7745fffff,2024,18,1,0,0.03386747589553205
8811aa7745fffff,2024,23,1,0,0.033970386996690284
8811aa7747fffff,2023,8,1,0,0.02296964629248378
8811aa7747fffff,2023,14,1,0,0.027288831723656603
8811aa7747fffff,2024,2,1,0,0.021127704935957912
8811aa7747fffff,2024,16,1,0,0.02855771667531737
8811aa7747fffff,2024,22,1,0,0.029174677941495895
8811aa7749fffff,2022,16,1,0,0.05732686869407852
8811aa7749fffff,2022,18,1,0,0.058459880668454124
8811aa7749fffff,2023,20,1,0,0.05921623504392437
8811aa7749fffff,2024,9,1,0,0.05365456722755161
8811aa7749fffff,2024,13,1,0,0.05451887242501642
8811aa7749fffff,2024,15,1,0,0.058862940833820314
8811aa7749fffff,2024,20,1,0,0.05921623504392437
8811aa774bfffff,2022,7,1,0,0.011344193530393551
8811aa774bfffff,2023,10,1,0,0.010593577091477022
8811aa774bfffff,2023,14,1,0,0.01340043627646029
8811aa774bfffff,2023,19,1,0,0.013832197478452955
8811aa774bfffff,2024,15,1,0,0.01248446303015264
8811aa774bfffff,2024,16,1,0,0.012697665915247585
8811aa774bfffff,2024,19,1,0,0.01413038808546971
8811aa774bfffff,2024,22,1,0,0.015393850811543203
8811aa774dfffff,2023,17,1,0,0.0542242188112375
8811aa774dfffff,2024,9,1,0,0.053248923614118586
8811aa7755fffff,2024,20,1,0,0.16560144292549894
8811aa775dfffff,2022,18,1,0,0.060629357365947364
8811aa775dfffff,2022,19,1,0,0.06070934394666574
8811aa775dfffff,2023,7,1,0,0.058221339998606327
8811aa775dfffff,2023,15,1,0,0.06124675750048732
8811aa775dfffff,2023,22,1,0,0.062404213584132555
8811aa775dfffff,2024,17,1,0,0.06144121563323346
8811aa7765fffff,2022,14,2,0,0.029319271255843365
8811aa7765fffff,2022,15,1,2,0.030789117748147812
8811aa7765fffff,2022,17,2,0,0.030387194666860448
8811aa7765fffff,2022,22,1,1,0.03302365732361627
8811aa7765fffff,2023,12,1,0,0.02879449933520158
8811aa7765fffff,2023,19,1,0,0.03213950886935672
8811aa7765fffff,2024,1,1,2,0.025921758889740954
8811aa7765fffff,2024,9,1,0,0.029246925167101357
8811aa7765fffff,2024,12,1,0,0.02849630872818483
8811aa7765fffff,2024,13,1,0,0.030759633918041856
8811aa7765fffff,2024,15,1,0,0.02946586598875002
8811aa7765fffff,2024,20,2,0,0.032613395534635145
8811aa7765fffff,2024,21,1,0,0.032759990267541804
8811aa7769fffff,2022,0,1,0,0.032472409302379344
8811aa7769fffff,2022,2,1,0,0.03306644604811801
8811aa7769fffff,2022,5,1,0,0.0328257035124834
8811aa7769fffff,2022,8,1,0,0.033399897001427335
8811aa7769fffff,2022,10,1,0,0.034156251376897574
8811aa7769fffff,2022,11,1,0,0.034699402867272876
8811aa7769fffff,2022,13,1,0,0.035290782940102954
8811aa7769fffff,2022,16,1,0,0.03642531450330832
8811aa7769fffff,2022,18,1,0,0.03923179118354065
8811aa7769fffff,2022,19,1,0,0.03960996837127577
8811aa7769fffff,2022,20,1,0,0.03840118816390575
8811aa7769fffff,2022,23,1,0,0.03933470228469889
8811aa7769fffff,2023,0,1,0,0.03063662696679103
8811aa7769fffff,2023,1,1,0,0.03271737018573789
8811aa7769fffff,2023,7,1,0,0.0330217198136922
8811aa7769fffff,2023,10,2,0,0.03423873852821767
8811aa7769fffff,2023,11,1,0,0.0345344285646327
8811aa7769fffff,2023,13,1,0,0.03696424764595967
8811aa7769fffff,2023,17,1,0,0.0371016822980602
8811aa7769fffff,2023,19,1,0,0.03755984606651369
8811aa7769fffff,2023,20,2,0,0.03793802325424881
8811aa7769fffff,2023,21,1,0,0.038964603995459625
8811aa7769fffff,2023,23,1,0,0.04138482458946097
8811aa7769fffff,2024,0,2,0,0.03096082874352887
8811aa7769fffff,2024,3,1,0,0.03411947144177523
8811aa7769fffff,2024,4,1,0,0.03214933571773153
8811aa7769fffff,2024,7,1,0,0.033186694116332384
8811aa7769fffff,2024,8,1,0,0.03545001930618941
8811aa7769fffff,2024,12,1,0,0.036073539882034024
8811aa7769fffff,2024,15,1,0,0.036212111618213375
8811aa7769fffff,2024,17,1,1,0.038853613995805523
8811aa7769fffff,2024,19,1,0,0.03820824961998937
8811aa776bfffff,2022,4,1,0,0.09652927522353956
8811aa776bfffff,2022,8,1,1,0.09815649410614072
8811aa776bfffff,2023,19,1,0,0.10231644317122708
8811aa776bfffff,2024,8,1,0,0.09610637180137863
8811aa776bfffff,2024,20,1,0,0.10064449805420013
8811aa776dfffff,2022,7,1,0,0.005497178432270089
8811aa776dfffff,2022,12,1,0,0.008975021766050856
8811aa776dfffff,2022,17,1,1,0.010865907704726476
8811aa776dfffff,2022,19,2,0,0.009654626926754735
8811aa776dfffff,2023,8,1,0,0.00541219071034828
8811aa776dfffff,2023,9,1,0,0.005955342200723583
8811aa776dfffff,2023,18,1,0,0.011244084892461599
8811aa776dfffff,2023,19,1,1,0.011622262080196724
8811aa776dfffff,2023,20,1,0,0.010115291265809947
8811aa776dfffff,2023,23,1,0,0.011511970296260015
8811aa776dfffff,2024,1,1,0,0.005077220168209189
8811aa776dfffff,2024,9,1,0,0.007840490202845486
8811aa776dfffff,2024,11,3,0,0.008525397921924477
8811aa776dfffff,2024,13,3,0,0.008553972761015173
8811aa776dfffff,2024,14,1,0,0.007681253836759024
8811aa776dfffff,2024,18,2,0,0.0093589368903397
8811aa776dfffff,2024,19,1,0,0.009572139775434644
8811aa776dfffff,2024,21,1,0,0.012891147031857493
8811aa7801fffff,2022,9,1,0,0.1847395833658717
8811aa7801fffff,2022,10,1,0,0.18323261255148493
8811aa7801fffff,2022,13,1,0,0.18625229211681224
8811aa7801fffff,2022,20,1,0,0.18701438442883617
8811aa7801fffff,2022,21,1,0,0.18739256161657128
8811aa7801fffff,2022,22,2,0,0.1880994944237394
8811aa7801fffff,2023,2,1,0,0.18197783292006517
8811aa7801fffff,2023,16,1,0,0.1873868236800176
8811aa7801fffff,2023,17,1,0,0.1858798528656308
8811aa7801fffff,2023,22,1,0,0.18991803427367301
8811aa7801fffff,2023,23,2,0,0.18890904337279923
8811aa7801fffff,2024,10,1,0,0.18511776055360685
8811aa7801fffff,2024,11,1,0,0.18358168841386502
8811aa7801fffff,2024,13,1,0,0.18436714411469032
8811aa7801fffff,2024,15,1,0,0.18700864649228247
8811aa7801fffff,2024,19,1,0,0.18663620724110105
8811aa7801fffff,2024,23,2,0,0.1892711503090271
8811aa7803fffff,2022,1,1,0,0.03126933218069385
8811aa7803fffff,2022,7,1,0,0.03324714651450489
8811aa7803fffff,2022,8,2,0,0.03539047772620855
8811aa7803fffff,2022,13,1,0,0.03713226836137579
8811aa7803fffff,2022,19,1,0,0.03940133148778653
8811aa7803fffff,2023,8,1,0,0.0331912601179381
8811aa7803fffff,2023,9,1,0,0.035619559610435295
8811aa7803fffff,2023,13,1,0,0.03713226836137579
8811aa7803fffff,2023,14,1,0,0.03751044554911091
8811aa7803fffff,2023,15,1,0,0.037888622736846046
8811aa7803fffff,2023,16,1,0,0.038266799924581166
8811aa7803fffff,2023,17,1,0,0.038644977112316285
8811aa7803fffff,2023,18,2,0,0.03799809314767037
8811aa7803fffff,2023,23,1,0,0.04079953010706637
8811aa7803fffff,2024,7,1,0,0.03486320523496505
8811aa7803fffff,2024,9,2,0,0.03517496552288736
8811aa7803fffff,2024,13,1,0,0.036755610762470435
8811aa7803fffff,2024,15,1,0,0.037888622736846046
8811aa7803fffff,2024,17,1,0,0.03659485480755421
8811aa7803fffff,2024,18,4,0,0.03915128694409904
8811aa7803fffff,2024,21,1,0,0.040157685863256784
8811aa7805fffff,2024,0,1,0,0.0971123702397192
8811aa7805fffff,2024,11,1,0,0.09933670713170416
8811aa7805fffff,2024,14,2,0,0.1013079710478379
8811aa7807fffff,2022,0,1,0,0.0016734647058567224
8811aa7807fffff,2022,1,1,0,0.0023498325006085985
8811aa7807fffff,2022,3,2,0,0.0014486011693539275
8811aa7807fffff,2022,7,2,0,0.003478090487924793
8811aa7807fffff,2022,8,1,0,0.0027632700346362955
8811aa7807fffff,2022,9,1,0,0.004814911928228141
8811aa7807fffff,2022,11,1,0,0.004062775900481846
8811aa7807fffff,2022,13,2,0,0.006530500141298825
8811aa7807fffff,2022,14,1,0,0.005197307463687218
8811aa7807fffff,2022,15,2,0,0.005560933988744833
8811aa7807fffff,2022,16,1,0,0.005788687536517286
8811aa7807fffff,2022,18,1,0,0.008595164216749615
8811aa7807fffff,2022,21,1,0,0.007844547777833085
8811aa7807fffff,2023,9,1,0,0.0067291612557050596
8811aa7807fffff,2023,11,1,0,0.004062775900481846
8811aa7807fffff,2023,12,1,0,0.004440953088216969
8811aa7807fffff,2023,13,1,0,0.004654155973311915
8811aa7807fffff,2023,14,2,0,0.00766292253064222
8811aa7807fffff,2023,15,2,0,0.005575484651422342
8811aa7807fffff,2023,16,1,0,0.005953661839157466
8811aa7807fffff,2023,18,1,0,0.007008206821644466
8811aa7807fffff,2023,20,2,0,0.009163189792767184
8811aa7807fffff,2023,21,1,0,0.007679573475192905
8811aa7807fffff,2023,23,2,0,0.00878056246922794
8811aa7807fffff,2024,0,1,0,0.002050122304762081
8811aa7807fffff,2024,4,1,0,0.0031861734567972177
8811aa7807fffff,2024,10,2,0,0.003602111561426633
8811aa7807fffff,2024,11,1,0,0.007485515631175308
8811aa7807fffff,2024,12,1,0,0.004275978785576791
8811aa7807fffff,2024,14,1,0,0.007082455465809119
8811aa7807fffff,2024,15,1,0,0.005575484651422342
8811aa7807fffff,2024,16,3,0,0.007552114224699078
8811aa7807fffff,2024,19,1,0,0.0069232190997226585
8811aa7807fffff,2024,20,1,1,0.007813926863648303
8811aa7807fffff,2024,23,2,0,0.00878056246922794
8811aa7809fffff,2022,8,2,0,0.003788331187017336
8811aa7809fffff,2022,10,1,0,0.005569746714868625
8811aa7809fffff,2022,12,1,0,0.0047391436952337225
8811aa7809fffff,2022,15,2,0,0.005817199276840093
8811aa7809fffff,2022,16,1,0,0.005953661839157466
8811aa7809fffff,2022,17,2,0,0.007921488244974928
8811aa7809fffff,2022,19,2,0,0.007088193402362838
8811aa7809fffff,2022,20,2,0,0.007383883438777873
8811aa7809fffff,2022,21,4,0,0.008874010847281621
8811aa7809fffff,2022,22,1,0,0.008618088737189477
8811aa7809fffff,2023,1,1,0,0.0005431514903753032
8811aa7809fffff,2023,5,2,1,0.004265210020175541
8811aa7809fffff,2023,11,4,0,0.004903246002250556
8811aa7809fffff,2023,12,2,0,0.007094896954624652
8811aa7809fffff,2023,14,1,0,0.0050323331610470385
8811aa7809fffff,2023,15,1,0,0.005410510348782162
8811aa7809fffff,2023,16,1,0,0.006949621666183488
8811aa7809fffff,2023,17,2,0,0.007448191164728711
8811aa7809fffff,2023,18,3,0,0.0065903329044159215
8811aa7809fffff,2023,19,2,0,0.0069232190997226585
8811aa7809fffff,2023,22,2,1,0.008997403009003428
8811aa7809fffff,2023,23,1,0,0.00869807531790785
8811aa7809fffff,2024,4,1,0,0.002161112304416178
8811aa7809fffff,2024,6,1,1,0.003680380365022769
8811aa7809fffff,2024,8,2,0,0.0038708183383374256
8811aa7809fffff,2024,9,1,0,0.0051915695271335
8811aa7809fffff,2024,10,1,0,0.005569746714868625
8811aa7809fffff,2024,11,3,0,0.02051491455376354
8811aa7809fffff,2024,13,2,0,0.007541010631002356
8811aa7809fffff,2024,15,1,0,0.005575484651422342
8811aa7809fffff,2024,16,3,0,0.007768248742524307
8811aa7809fffff,2024,18,1,0,0.006545041911987535
8811aa7809fffff,2024,20,2,0,0.008326457439838824
8811aa7809fffff,2024,23,1,0,0.009346478871383531
8811aa780bfffff,2022,8,1,0,0.09953795853964766
8811aa780bfffff,2022,9,1,0,0.09803098772526088
8811aa780bfffff,2022,20,1,0,0.10202596248770705
8811aa780bfffff,2022,22,1,0,0.10320943863306217
8811aa780bfffff,2023,8,1,0,0.09953795853964766
8811aa780bfffff,2023,11,1,0,0.10118502067904353
8811aa780bfffff,2023,12,1,0,0.09900054498582606
8811aa780bfffff,2023,13,1,0,0.10142884447832326
8811aa780bfffff,2023,15,1,0,0.10013507654903143
8811aa780bfffff,2024,8,1,0,0.09953795853964766
8811aa780bfffff,2024,9,1,0,0.09991613572738277
8811aa780bfffff,2024,10,2,0,0.0983266777616759
8811aa780bfffff,2024,11,1,0,0.10067249010285302
8811aa780bfffff,2024,15,1,0,0.10218519885379351
8811aa780bfffff,2024,19,1,0,0.103697907604734
8811aa780bfffff,2024,20,1,0,0.10407608479246913
8811aa780bfffff,2024,23,2,0,0.1060532308877523
8811aa780dfffff,2022,9,1,0,0.06307000876807524
8811aa780dfffff,2022,18,1,0,0.06852372576245343
8811aa780dfffff,2022,21,1,0,0.06760813502089671
8811aa780dfffff,2022,22,1,0,0.06838433265316171
8811aa780dfffff,2023,11,1,1,0.06587648544830756
8811aa780dfffff,2023,19,1,0,0.06852524535128321
8811aa780dfffff,2024,11,1,0,0.06741407717687913
8811aa780dfffff,2024,20,1,0,0.06739493213580178
8811aa780dfffff,2024,22,1,0,0.06824845967587655
8811aa7811fffff,2022,0,1,0,0.0
8811aa7811fffff,2022,1,1,0,0.002428299492497205
8811aa7811fffff,2022,12,1,0,0.004440953088216969
8811aa7811fffff,2022,13,2,0,0.004654155973311915
8811aa7811fffff,2022,16,1,0,0.007838809841279366
8811aa7811fffff,2022,17,1,0,0.008216987029014492
8811aa7811fffff,2022,19,1,0,0.00897334140448474
8811aa7811fffff,2022,23,1,0,0.01074819762266993
8811aa7811fffff,2023,15,1,0,0.007973163229734764
8811aa7811fffff,2023,22,1,0,0.008319898130172726
8811aa7811fffff,2024,9,1,0,0.005327442504418662
8811aa7811fffff,2024,10,1,0,0.003519624410106543
8811aa7811fffff,2024,11,1,0,0.0038978015978416666
8811aa7811fffff,2024,15,1,0,0.007460632653544245
8811aa7811fffff,2024,17,1,0,0.006166864724252411
8811aa7811fffff,2024,18,1,1,0.008595164216749615
8811aa7811fffff,2024,19,2,0,0.00897334140448474
8811aa7811fffff,2024,21,1,0,0.007679573475192905
8811aa7813fffff,2022,0,1,0,0.06598455807229432
8811aa7813fffff,2022,8,1,0,0.07114550668524303
8811aa7813fffff,2022,12,1,0,0.07214568485999301
8811aa7813fffff,2022,14,1,0,0.07101689123334136
8811aa7813fffff,2022,16,1,0,0.0736583936109335
8811aa7813fffff,2022,18,1,0,0.07441474798640375
8811aa7813fffff,2022,19,1,0,0.07633051690271045
8811aa7813fffff,2022,22,1,0,0.0764877948116057
8811aa7813fffff,2022,23,2,0,0.07562520739126313
8811aa7813fffff,2023,8,1,0,0.07063297610905252
8811aa7813fffff,2023,10,2,0,0.07138933048452277
8811aa7813fffff,2023,16,2,0,0.07271581960987256
8811aa7813fffff,2023,17,1,0,0.07557416252724018
8811aa7813fffff,2024,7,1,0,0.0702547989213174
8811aa7813fffff,2024,9,2,0,0.0699860921444066
8811aa7813fffff,2024,11,1,0,0.07176750767225788
8811aa7813fffff,2024,13,3,0,0.07131150214777239
8811aa7813fffff,2024,14,1,0,0.07341456981165378
8811aa7813fffff,2024,18,1,0,0.07441474798640375
8811aa7813fffff,2024,19,1,0,0.07290777717201698
8811aa7815fffff,2022,6,1,0,0.0021718899618062273
8811aa7815fffff,2022,7,1,1,0.004435215151663252
8811aa7815fffff,2022,8,1,0,0.003061460641653048
8811aa7815fffff,2022,12,1,0,0.004275978785576791
8811aa7815fffff,2022,14,1,0,0.007893176649016391
8811aa7815fffff,2022,16,2,0,0.005788687536517286
8811aa7815fffff,2022,17,1,0,0.006166864724252411
8811aa7815fffff,2022,18,3,0,0.008469611683781162
8811aa7815fffff,2022,21,1,0,0.007679573475192905
8811aa7815fffff,2023,0,1,0,0.0
8811aa7815fffff,2023,2,2,0,0.0007563543754702478
8811aa7815fffff,2023,8,1,0,0.004813392339398376
8811aa7815fffff,2023,10,2,0,0.003519624410106543
8811aa7815fffff,2023,15,2,0,0.005410510348782162
8811aa7815fffff,2023,19,1,0,0.0069232190997226585
8811aa7815fffff,2023,20,2,0,0.007301396287457783
8811aa7815fffff,2023,22,1,0,0.008455771107457887
8811aa7815fffff,2024,5,1,0,0.0018908859386756198
8811aa7815fffff,2024,7,2,0,0.0024675799982212614
8811aa7815fffff,2024,9,1,0,0.0057041001033240205
8811aa7815fffff,2024,10,2,0,0.004544685562487584
8811aa7815fffff,2024,11,1,0,0.0038978015978416666
8811aa7815fffff,2024,12,1,0,0.004275978785576791
8811aa7815fffff,2024,13,1,0,0.005302559526787596
8811aa7815fffff,2024,15,1,0,0.005410510348782162
8811aa7815fffff,2024,17,2,0,0.007274413027953541
8811aa7815fffff,2024,18,1,0,0.006710016214627713
8811aa7815fffff,2024,19,1,0,0.0069232190997226585
8811aa7815fffff,2024,21,1,0,0.007679573475192905
8811aa7815fffff,2024,22,2,0,0.008319898130172726
8811aa7815fffff,2024,23,1,0,0.010371540023764572
8811aa7817fffff,2022,12,1,0,0.13946752774227683
8811aa7817fffff,2022,13,1,0,0.13984570493001194
8811aa7817fffff,2022,22,1,0,0.14351144708687275
8811aa7817fffff,2023,5,1,0,0.13533050319763032
8811aa7817fffff,2023,12,1,0,0.13976571834929355
8811aa7817fffff,2023,17,1,0,0.14135841368095242
8811aa7817fffff,2024,10,1,0,0.13871117336680655
8811aa7817fffff,2024,13,1,0,0.13984570493001194
8811aa7817fffff,2024,20,1,0,0.14044282293939572
8811aa7819fffff,2022,8,1,0,0.042672518756379695
8811aa7819fffff,2022,9,2,0,0.0438194918084006
8811aa7819fffff,2022,10,2,0,0.0436851384199452
8811aa7819fffff,2022,12,1,0,0.04572281923589175
8811aa7819fffff,2022,14,1,0,0.042891459578028354
8811aa7819fffff,2022,23,1,0,0.0501449157682228
8811aa7819fffff,2023,8,1,0,0.04078737075425779
8811aa7819fffff,2023,9,1,0,0.04356322652030533
8811aa7819fffff,2023,10,1,0,0.04137875082708786
8811aa7819fffff,2023,11,1,0,0.04380705031958507
8811aa7819fffff,2023,12,1,0,0.04213510520255811
8811aa7819fffff,2023,13,1,0,0.04251328239029323
8811aa7819fffff,2023,14,1,0,0.042891459578028354
8811aa7819fffff,2023,15,1,0,0.04343461106840366
8811aa7819fffff,2023,16,3,0,0.043647813953498614
8811aa7819fffff,2023,19,2,0,0.04478234551670398
8811aa7819fffff,2023,23,1,1,0.04860732403965125
8811aa7819fffff,2024,8,1,0,0.042672518756379695
8811aa7819fffff,2024,13,3,0,0.043477482885704216
8811aa7819fffff,2024,14,2,0,0.0457783142357188
8811aa7819fffff,2024,15,1,0,0.04545563204781072
8811aa7819fffff,2024,16,3,0,0.04488900962370487
8811aa7819fffff,2024,17,2,0,0.04646825171137623
8811aa7819fffff,2024,18,2,0,0.04549716596999247
8811aa7819fffff,2024,19,2,0,0.04690040431010864
8811aa7819fffff,2024,21,1,0,0.0475888221969363
8811aa7819fffff,2024,22,1,0,0.046827428100629724
8811aa781bfffff,2022,0,2,1,0.03497617607246472
8811aa781bfffff,2022,8,1,0,0.03585429810497911
8811aa781bfffff,2022,17,1,1,0.04114304079671713
8811aa781bfffff,2022,21,1,0,0.04265574954765762
8811aa781bfffff,2022,22,1,0,0.04141092620051554
8811aa781bfffff,2023,9,1,0,0.038630153871026654
8811aa781bfffff,2023,12,1,0,0.039764685434232026
8811aa781bfffff,2023,14,1,0,0.04154610096208332
8811aa781bfffff,2023,15,2,0,0.038419051267804885
8811aa781bfffff,2023,16,2,1,0.039551473657148284
8811aa781bfffff,2023,17,2,0,0.03917540564327514
8811aa781bfffff,2023,18,1,0,0.041521217984452255
8811aa781bfffff,2023,19,1,0,0.041899395172187374
8811aa781bfffff,2023,20,1,0,0.040227450055160416
8811aa781bfffff,2023,21,1,0,0.04163068839527658
8811aa781bfffff,2023,23,1,0,0.04162412908561049
8811aa781bfffff,2024,3,1,0,0.03406058533090801
8811aa781bfffff,2024,9,1,0,0.03811762329483614
8811aa781bfffff,2024,11,1,0,0.040411569398877946
8811aa781bfffff,2024,12,1,0,0.039764685434232026
8811aa781bfffff,2024,13,1,0,0.03963033204577663
8811aa781bfffff,2024,15,1,0,0.0408992169974374
8811aa781bfffff,2024,18,1,0,0.041521217984452255
8811aa781bfffff,2024,20,1,0,0.040227450055160416
8811aa781bfffff,2024,22,1,0,0.04329607420263744
8811aa781dfffff,2022,9,2,0,0.08051014186043101
8811aa781dfffff,2022,11,1,0,0.08140236921318642
8811aa781dfffff,2022,12,2,0,0.08292599986411267
8811aa781dfffff,2022,14,1,0,0.08496368068005922
8811aa781dfffff,2022,15,1,0,0.08380426613922279
8811aa781dfffff,2022,18,1,0,0.08493879770242815
8811aa781dfffff,2022,19,1,0,0.08531697489016328
8811aa781dfffff,2022,20,1,0,0.0856951520778984
8811aa781dfffff,2023,2,1,0,0.07915011016591086
8811aa781dfffff,2023,9,1,0,0.07948508070804997
8811aa781dfffff,2023,10,2,0,0.07994574504710518
8811aa781dfffff,2023,11,2,0,0.08177902681209176
8811aa781dfffff,2023,14,1,0,0.08283509138340854
8811aa781dfffff,2023,17,1,0,0.08251049820993095
8811aa781dfffff,2023,20,1,0,0.08364502977313631
8811aa781dfffff,2023,21,1,0,0.08607332926563352
8811aa781dfffff,2024,10,1,0,0.08191338020054717
8811aa781dfffff,2024,11,2,0,0.08203529210018703
8811aa781dfffff,2024,13,1,0,0.08304791176375254
8811aa781dfffff,2024,14,2,0,0.08342608895148765
8811aa781dfffff,2024,15,3,0,0.08420094462422985
8811aa781dfffff,2024,17,2,0,0.083535559362312
8811aa7821fffff,2022,1,1,0,0.06204730377708151
8811aa7821fffff,2022,2,2,0,0.0631797261664249
8811aa7821fffff,2022,7,1,0,0.06388924513360737
8811aa7821fffff,2022,10,1,0,0.06861149073014638
8811aa7821fffff,2022,13,1,0,0.06659237184432003
8811aa7821fffff,2022,19,1,0,0.07047749369119093
8811aa7821fffff,2022,21,2,0,0.06926621291321919
8811aa7821fffff,2023,4,1,1,0.06348002594730362
8811aa7821fffff,2023,15,1,0,0.06691466263548836
8811aa7821fffff,2023,16,1,0,0.07117874446357388
8811aa7821fffff,2023,19,1,0,0.07047749369119093
8811aa7821fffff,2023,22,1,0,0.06995992339416408
8811aa7821fffff,2024,4,1,0,0.0646903257435034
8811aa7821fffff,2024,6,1,0,0.06367604224851242
8811aa7821fffff,2024,10,1,0,0.06502377669681274
8811aa7821fffff,2024,15,1,0,0.06691466263548836
8811aa7821fffff,2024,16,2,0,0.06729283982322348
8811aa7821fffff,2024,17,1,0,0.06972113931572069
8811aa7821fffff,2024,18,1,0,0.06804919419869372
8811aa7821fffff,2024,19,1,0,0.07047749369119093
8811aa7823fffff,2022,10,1,0,0.017867039731048286
8811aa7823fffff,2022,11,1,0,0.018245216918783412
8811aa7823fffff,2022,13,1,0,0.01929976190127041
8811aa7823fffff,2022,14,1,0,0.019214774179348602
8811aa7823fffff,2022,19,1,0,0.021105660118024224
8811aa7823fffff,2023,0,1,0,0.014182441018301564
8811aa7823fffff,2023,4,1,0,0.016158314678898993
8811aa7823fffff,2023,5,1,0,0.016238301259617366
8811aa7823fffff,2023,10,1,0,0.017702065428408107
8811aa7823fffff,2023,16,1,0,0.02013610285745903
8811aa7823fffff,2023,17,1,0,0.020349305742553975
8811aa7823fffff,2023,18,1,0,0.020892457232929276
8811aa7823fffff,2023,19,1,0,0.021270634420664403
8811aa7823fffff,2024,8,1,0,0.01899583335769994
8811aa7823fffff,2024,12,2,0,0.01980768273299724
8811aa7823fffff,2024,15,1,0,0.02164307367184581
8811aa7823fffff,2024,16,1,0,0.01997112855481885
8811aa7823fffff,2024,20,1,0,0.02148383730575935
8811aa7825fffff,2022,7,1,0,0.10260473844776272
8811aa7825fffff,2023,0,1,1,0.10226976790562363
8811aa7825fffff,2023,17,1,0,0.10843663262987605
8811aa7825fffff,2023,22,1,0,0.10870451803367445
8811aa7825fffff,2024,19,1,0,0.10919298700534628
8811aa7827fffff,2022,2,1,0,0.013120434980253896
8811aa7827fffff,2022,9,2,0,0.015423040675834977
8811aa7827fffff,2022,12,1,0,0.018525207392482337
8811aa7827fffff,2022,14,1,0,0.017231439463190508
8811aa7827fffff,2022,16,1,0,0.017987793838660754
8811aa7827fffff,2022,18,2,1,0.02075503702294878
8811aa7827fffff,2022,22,1,0,0.022569126737078275
8811aa7827fffff,2022,23,1,0,0.02324549453183015
8811aa7827fffff,2023,0,1,3,0.013872571008000188
8811aa7827fffff,2023,2,1,0,0.01492711599048719
8811aa7827fffff,2023,3,1,0,0.013796802775005772
8811aa7827fffff,2023,7,1,0,0.01663432145380672
8811aa7827fffff,2023,11,2,0,0.017973252067972047
8811aa7827fffff,2023,13,1,0,0.01685326227545538
8811aa7827fffff,2023,20,3,0,0.019764873761247016
8811aa7827fffff,2023,21,1,0,0.019878679777336372
8811aa7827fffff,2023,22,1,0,0.022569126737078275
8811aa7827fffff,2023,23,1,0,0.0210621559226915
8811aa7827fffff,2024,1,1,0,0.013040448399535522
8811aa7827fffff,2024,9,1,0,0.015505527827155068
8811aa7827fffff,2024,13,1,0,0.01852672698131211
8811aa7827fffff,2024,15,2,0,0.018890943091401928
8811aa7827fffff,2024,16,1,0,0.018152768141300936
8811aa7827fffff,2024,17,2,0,0.019473519330097007
8811aa7827fffff,2024,18,1,0,0.018909122516771182
8811aa7827fffff,2024,22,1,0,0.022704999714363436
8811aa7827fffff,2024,23,2,0,0.02192224277243236
8811aa7829fffff,2022,9,1,0,0.02865669891252595
8811aa7829fffff,2022,14,1,0,0.032597707155963655
8811aa7829fffff,2022,15,1,0,0.03109073634157687
8811aa7829fffff,2022,16,2,0,0.03241148753037295
8811aa7829fffff,2022,19,3,0,0.03551365424702032
8811aa7829fffff,2022,20,1,0,0.0348667702823744
8811aa7829fffff,2022,21,1,0,0.03335979946798762
8811aa7829fffff,2023,1,1,1,0.02756689358374638
8811aa7829fffff,2023,13,1,0,0.03273206054441905
8811aa7829fffff,2023,14,1,0,0.03119598840467725
8811aa7829fffff,2023,16,1,0,0.03130393922667182
8811aa7829fffff,2023,17,1,0,0.03168211641440694
8811aa7829fffff,2023,20,1,0,0.03281664797761232
8811aa7829fffff,2023,22,2,1,0.034860210972708305
8811aa7829fffff,2024,8,2,0,0.029303582877171868
8811aa7829fffff,2024,10,1,0,0.029034876100261075
8811aa7829fffff,2024,14,1,0,0.03413529888453522
8811aa7829fffff,2024,17,1,0,0.03373223871916903
8811aa7829fffff,2024,20,1,0,0.03281664797761232
8811aa782bfffff,2022,7,1,0,0.0989747291528682
8811aa782bfffff,2022,8,1,0,0.09746775833848143
8811aa782bfffff,2022,9,1,0,0.09973108352833845
8811aa782bfffff,2022,10,1,0,0.0980591384113115
8811aa782bfffff,2022,17,2,0,0.10181392702915851
8811aa782bfffff,2022,19,1,0,0.1016277074035678
8811aa782bfffff,2022,22,1,0,0.10542206501233028
8811aa782bfffff,2022,23,1,0,0.10340256362175299
8811aa782bfffff,2023,6,3,0,0.0972142340974167
8811aa782bfffff,2023,8,1,0,0.09935290634060334
8811aa782bfffff,2023,9,1,0,0.09768096122357638
8811aa782bfffff,2023,11,2,1,0.09954486390274775
8811aa782bfffff,2023,12,1,0,0.09881549278678174
8811aa782bfffff,2023,13,2,0,0.10021873112689791
8811aa782bfffff,2023,16,1,0,0.10049317584036242
8811aa782bfffff,2023,17,1,0,0.10087135302809755
8811aa782bfffff,2023,19,1,0,0.1016277074035678
8811aa782bfffff,2024,1,1,0,0.09556609474241576
8811aa782bfffff,2024,9,1,0,0.10126867525691001
8811aa782bfffff,2024,10,1,0,0.09973260311716822
8811aa782bfffff,2024,11,1,0,0.10048743790380871
8811aa782bfffff,2024,12,1,0,0.09898046708942193
8811aa782bfffff,2024,14,1,0,0.10229947434584478
8811aa782bfffff,2024,16,1,0,0.10237832384248433
8811aa782bfffff,2024,17,2,0,0.10087135302809755
8811aa782bfffff,2024,18,1,0,0.10124953021583268
8811aa782bfffff,2024,20,1,0,0.10389103259342482
8811aa782bfffff,2024,21,1,0,0.10238406177903804
8811aa782dfffff,2022,11,1,0,0.033178934551155975
8811aa782dfffff,2023,12,1,0,0.03530904343663643
8811aa782dfffff,2024,7,1,0,0.03341815749796081
8811aa782dfffff,2024,14,1,0,0.03687611899531395
8811aa782dfffff,2024,16,1,0,0.036821752187576925
8811aa7831fffff,2022,0,1,0,0.02894079034641141
8811aa7831fffff,2022,2,1,0,0.028238019985198703
8811aa7831fffff,2022,10,1,0,0.03305141232459708
8811aa7831fffff,2022,13,1,0,0.034698474463992976
8811aa7831fffff,2022,15,1,0,0.034942298263272706
8811aa7831fffff,2022,17,1,0,0.0359968432457597
8811aa7831fffff,2022,18,1,0,0.036589360402668594
8811aa7831fffff,2022,21,3,0,0.03599018660557889
8811aa7831fffff,2022,22,1,0,0.035801563739901184
8811aa7831fffff,2022,23,1,0,0.03634471523027649
8811aa7831fffff,2023,2,1,0,0.028238019985198703
8811aa7831fffff,2023,8,1,0,0.03040990994700493
8811aa7831fffff,2023,13,2,0,0.033417148023516675
8811aa7831fffff,2023,14,1,0,0.0325139987707755
8811aa7831fffff,2023,16,1,0,0.03327035314624574
8811aa7831fffff,2023,19,1,0,0.0364550070142132
8811aa7831fffff,2023,20,2,0,0.03580812304956728
8811aa7831fffff,2023,21,1,0,0.03532621338756154
8811aa7831fffff,2023,22,1,0,0.03785168604466327
8811aa7831fffff,2024,8,1,0,0.032295057949126835
8811aa7831fffff,2024,14,1,0,0.03316240232425118
8811aa7831fffff,2024,15,1,0,0.03289217595851062
8811aa7831fffff,2024,19,4,0,0.0361045773263916
8811aa7831fffff,2024,20,1,0,0.03494803619982642
8811aa7833fffff,2022,8,1,0,0.0495688373111035
8811aa7833fffff,2022,10,1,0,0.048275069381811676
8811aa7833fffff,2022,15,1,0,0.05221607762524937
8811aa7833fffff,2022,17,1,0,0.052972432000719626
8811aa7833fffff,2022,18,1,0,0.05146546118633284
8811aa7833fffff,2022,19,1,0,0.053728786376189865
8811aa7833fffff,2023,8,1,0,0.047683689308981606
8811aa7833fffff,2023,9,1,0,0.04994701449883863
8811aa7833fffff,2023,13,1,0,0.04940960094501704
8811aa7833fffff,2023,14,1,0,0.051837900437514246
8811aa7833fffff,2023,15,1,0,0.05221607762524937
8811aa7833fffff,2023,18,1,0,0.053350609188454745
8811aa7833fffff,2023,20,1,0,0.05205684125916291
8811aa7833fffff,2023,21,1,0,0.05243501844689803
8811aa7833fffff,2024,7,1,0,0.04919066012336838
8811aa7833fffff,2024,8,2,0,0.04854377615872246
8811aa7833fffff,2024,9,1,0,0.04789689219407654
8811aa7833fffff,2024,10,1,0,0.048275069381811676
8811aa7833fffff,2024,11,2,0,0.048653246569546796
8811aa7833fffff,2024,15,2,0,0.050814358873962975
8811aa7833fffff,2024,16,1,0,0.05259425481298449
8811aa7833fffff,2024,17,1,0,0.052972432000719626
8811aa7833fffff,2024,18,1,0,0.05130048688369266
8811aa7837fffff,2022,16,1,0,0.0062227511208192005
8811aa7837fffff,2022,22,1,0,0.008783063039829658
8811aa7837fffff,2023,3,1,0,0.0015976964728623036
8811aa7837fffff,2023,5,1,0,0.002189076545692372
8811aa7837fffff,2023,11,1,0,0.0038978015978416666
8811aa7837fffff,2023,19,1,0,0.0069232190997226585
8811aa7837fffff,2024,11,1,0,0.005947923902603748
8811aa7837fffff,2024,13,1,0,0.005302559526787596
8811aa7837fffff,2024,17,1,0,0.008216987029014492
8811aa7837fffff,2024,19,1,0,0.009109214381769901
8811aa7839fffff,2022,4,1,0,0.027070458941053557
8811aa7839fffff,2022,7,1,0,0.02797194436236925
8811aa7839fffff,2022,11,1,0,0.03290739284400321
8811aa7839fffff,2022,13,1,0,0.03007603318613981
8811aa7839fffff,2022,14,1,0,0.030619184676515115
8811aa7839fffff,2022,15,2,0,0.031939935865311186
8811aa7839fffff,2022,17,1,0,0.03415139481803291
8811aa7839fffff,2022,18,1,0,0.03196691912481543
8811aa7839fffff,2022,23,1,0,0.03770766656406939
8811aa7839fffff,2023,2,1,0,0.02785169629415487
8811aa7839fffff,2023,5,1,1,0.0293628854562656
8811aa7839fffff,2023,8,1,0,0.030235269552226274
8811aa7839fffff,2023,9,1,0,0.028728298737839494
8811aa7839fffff,2023,11,2,0,0.029319678810669565
8811aa7839fffff,2023,12,1,0,0.029697855998404687
8811aa7839fffff,2023,13,2,1,0.031101094338520853
8811aa7839fffff,2023,17,1,0,0.0336388642418424
8811aa7839fffff,2023,19,1,0,0.032345096312550566
8811aa7839fffff,2023,20,1,1,0.03477339580504776
8811aa7839fffff,2023,21,1,0,0.03356461559767774
8811aa7839fffff,2024,1,1,0,0.026448457954038707
8811aa7839fffff,2024,5,1,0,0.027312763151503515
8811aa7839fffff,2024,8,1,0,0.028185147247464192
8811aa7839fffff,2024,11,2,0,0.029402165961989656
8811aa7839fffff,2024,13,1,0,0.030241007488779992
8811aa7839fffff,2024,15,1,0,0.03083238756161006
8811aa7839fffff,2024,17,2,0,0.03269629024078144
8811aa7839fffff,2024,19,1,0,0.032808261222207494
8811aa7839fffff,2024,20,3,0,0.0341450131376738
8811aa7839fffff,2024,23,1,1,0.03617007483549783
8811aa783bfffff,2022,5,1,0,0.02745594506485739
8811aa783bfffff,2022,16,1,0,0.03165193726971581
8811aa783bfffff,2022,17,1,0,0.03361707185255609
8811aa783bfffff,2022,18,1,0,0.03211010103816931
8811aa783bfffff,2023,10,1,0,0.030969831538410212
8811aa783bfffff,2023,13,1,0,0.03364195483018715
8811aa783bfffff,2023,18,1,0,0.03467275391912191
8811aa783bfffff,2023,23,1,0,0.03426313444408962
8811aa783bfffff,2024,12,1,0,0.029676063609118383
8811aa783bfffff,2024,16,2,0,0.0317013029362494
8811aa783bfffff,2024,17,1,0,0.031566949547794
8811aa783bfffff,2024,18,1,0,0.03194512673552913
8811aa783dfffff,2022,7,1,0,0.038998777334240564
8811aa783dfffff,2023,10,1,0,0.03983511829042918
8811aa783dfffff,2023,12,1,0,0.04042649836325925
8811aa783dfffff,2023,19,1,0,0.0451238609821672
8811aa783dfffff,2024,2,1,0,0.03895699625791479
8811aa783dfffff,2024,9,1,0,0.039291966800053875
8811aa783dfffff,2024,10,1,0,0.03967014398778901
8811aa783dfffff,2024,12,1,0,0.041074901916734935
8811aa783dfffff,2024,16,1,0,0.04450185999515235
8811aa783dfffff,2024,17,1,0,0.04248235860457505
8811aa783dfffff,2024,19,2,0,0.0451238609821672
8811aa783dfffff,2024,23,1,0,0.04484859489559031
8811aa7841fffff,2022,19,1,0,0.02734941214648688
8811aa7841fffff,2022,21,1,0,0.02810576652195713
8811aa7841fffff,2023,14,1,0,0.02545852620781126
8811aa7841fffff,2023,18,2,0,0.027996296111132794
8811aa7841fffff,2023,23,1,1,0.027586676636100513
8811aa7841fffff,2024,11,1,0,0.02432399464460589
8811aa7841fffff,2024,20,1,0,0.025842441332100105
8811aa7843fffff,2022,1,1,0,0.06982203311721037
8811aa7843fffff,2022,3,1,0,0.07095504509158598
8811aa7843fffff,2022,9,2,0,0.07150685617350055
8811aa7843fffff,2022,13,1,0,0.0752853906848998
8811aa7843fffff,2022,16,1,0,0.07765932336965997
8811aa7843fffff,2022,18,1,0,0.0752911286214535
8811aa7843fffff,2022,20,2,0,0.075749292389907
8811aa7843fffff,2022,21,1,0,0.07647502585119248
8811aa7843fffff,2023,11,1,0,0.0728291269511264
8811aa7843fffff,2023,19,2,0,0.07631368920323284
8811aa7843fffff,2023,23,2,0,0.07807399475874052
8811aa7843fffff,2024,9,1,0,0.07158934332482064
8811aa7843fffff,2024,11,1,0,0.0742308457024128
8811aa7843fffff,2024,12,1,0,0.07272387488802601
8811aa7843fffff,2024,15,1,0,0.07515255688527415
8811aa7843fffff,2024,16,1,0,0.07612173164108842
8811aa7843fffff,2024,17,1,0,0.07701243940501405
8811aa7843fffff,2024,21,1,0,0.07612746957764213
8811aa7843fffff,2024,22,1,0,0.07660281992998176
8811aa7845fffff,2022,13,1,0,0.036668270070276295
8811aa7845fffff,2022,17,1,0,0.03629583081909489
8811aa7845fffff,2022,19,1,0,0.0404749249252586
8811aa7845fffff,2023,8,1,0,0.034777384131600676
8811aa7845fffff,2023,12,1,0,0.036290092882541175
8811aa7845fffff,2023,13,1,0,0.034618147765514216
8811aa7845fffff,2023,15,2,0,0.03639956329336551
8811aa7845fffff,2024,8,1,0,0.0327272618268386
8811aa7845fffff,2024,16,1,0,0.03780280163348167
8811aa7845fffff,2024,18,1,0,0.03855915600895192
8811aa7845fffff,2024,20,1,0,0.03982804096061269
8811aa7845fffff,2024,21,2,0,0.03950535877270461
8811aa7847fffff,2022,2,1,0,0.03729345349134572
8811aa7847fffff,2022,6,1,0,0.038708989077681694
8811aa7847fffff,2022,16,1,0,0.04249076095503294
8811aa7847fffff,2022,18,1,0,0.043082141027863
8811aa7847fffff,2023,8,1,0,0.039465343453151946
8811aa7847fffff,2023,11,1,0,0.04059987501635732
8811aa7847fffff,2023,13,1,0,0.04324137739394947
8811aa7847fffff,2023,15,3,0,0.045122189790806344
8811aa7847fffff,2023,17,1,0,0.04475408614488997
8811aa7847fffff,2023,18,1,0,0.04666985506119665
8811aa7847fffff,2023,19,1,0,0.04362529251823831
8811aa7847fffff,2023,22,1,0,0.045320162155705127
8811aa7847fffff,2024,3,1,0,0.037671630679080845
8811aa7847fffff,2024,7,1,0,0.040595656668633365
8811aa7847fffff,2024,8,1,0,0.039300369150511764
8811aa7847fffff,2024,10,1,0,0.04261937640693462
8811aa7847fffff,2024,11,1,0,0.040434900713717144
8811aa7847fffff,2024,13,2,0,0.04247258152966368
8811aa7847fffff,2024,15,3,0,0.04387217923645126
8811aa7847fffff,2024,17,1,0,0.04270396384012788
8811aa7847fffff,2024,20,1,0,0.04588861770809533
8811aa7847fffff,2024,23,1,0,0.0454001487364235
8811aa7849fffff,2022,16,1,0,0.12093043445737434
8811aa7849fffff,2023,14,1,0,0.1201740800819041
8811aa7849fffff,2023,19,1,0,0.12017981801845783
8811aa7849fffff,2024,14,1,0,0.16490011318776449
8811aa7849fffff,2024,19,1,0,0.12001484371581764
8811aa7849fffff,2024,23,1,0,0.12383982223876491
8811aa784bfffff,2022,8,1,0,0.022537775642307068
8811aa784bfffff,2022,9,1,0,0.023049169134418766
8811aa784bfffff,2022,12,1,0,0.024050484393247563
8811aa784bfffff,2022,13,1,0,0.024428661580982686
8811aa784bfffff,2022,15,4,0,0.025210380532981178
8811aa784bfffff,2022,22,1,0,0.028094403737843502
8811aa784bfffff,2022,23,3,1,0.029100963592952587
8811aa784bfffff,2023,1,1,0,0.02166117319862244
8811aa784bfffff,2023,2,1,0,0.02395359971383448
8811aa784bfffff,2023,5,1,0,0.021500417243706212
8811aa784bfffff,2023,6,1,0,0.02161644696419664
8811aa784bfffff,2023,10,2,0,0.025154595186632427
8811aa784bfffff,2023,15,1,0,0.025185015956452936
8811aa784bfffff,2023,18,1,0,0.026319547519658308
8811aa784bfffff,2023,19,1,0,0.027722785859774474
8811aa784bfffff,2024,9,1,0,0.02275097852740201
8811aa784bfffff,2024,12,2,0,0.024050484393247563
8811aa784bfffff,2024,16,1,0,0.02539821884154788
8811aa784bfffff,2024,18,1,0,0.02615457321701813
8811aa784bfffff,2024,19,2,0,0.026846820010901808
8811aa784bfffff,2024,23,1,0,0.028307606622938443
8811aa784dfffff,2022,13,1,0,0.09195221099256545
8811aa784dfffff,2022,14,1,0,0.09246360448467715
8811aa784dfffff,2023,12,1,0,0.09410758536042792
8811aa784dfffff,2023,13,1,0,0.09537495072325892
8811aa784dfffff,2023,20,1,1,0.09494700758026166
8811aa784dfffff,2024,16,1,0,0.09497189055789272
8811aa784dfffff,2024,20,1,0,0.09648459930883323
8811aa7851fffff,2022,17,1,1,0.02741570767380943
8811aa7851fffff,2022,19,2,0,0.029759019444384825
8811aa7851fffff,2022,22,1,0,0.029270550472712993
8811aa7851fffff,2023,1,1,0,0.021812258781110896
8811aa7851fffff,2023,9,1,0,0.025977247567033585
8811aa7851fffff,2024,15,1,0,0.02824631069344433
8811aa7851fffff,2024,17,2,0,0.027276744540890338
8811aa7851fffff,2024,20,1,0,0.02873547788083355
8811aa7853fffff,2022,8,1,0,0.08388207522821362
8811aa7853fffff,2022,13,2,0,0.08569047401556915
8811aa7853fffff,2022,17,1,0,0.08728566991782974
8811aa7853fffff,2022,21,1,0,0.08863340436613004
8811aa7853fffff,2022,22,1,0,0.08943870332375004
8811aa7853fffff,2022,23,2,0,0.09031486042499817
8811aa7853fffff,2023,17,1,0,0.08728566991782974
8811aa7853fffff,2024,0,1,0,0.08160223444441282
8811aa7853fffff,2024,1,1,0,0.08389466095962486
8811aa7853fffff,2024,13,1,0,0.086071151773906
8811aa7853fffff,2024,15,2,0,0.08738940239210033
8811aa7853fffff,2024,17,3,0,0.08854243525257766
8811aa7853fffff,2024,18,1,0,0.08749887280292468
8811aa7853fffff,2024,22,1,0,0.08943870332375004
8811aa7855fffff,2022,8,1,0,0.06254632826056943
8811aa7855fffff,2022,16,2,0,0.0643583558106167
8811aa7855fffff,2022,19,1,0,0.06687125162829596
8811aa7855fffff,2022,20,1,0,0.06366171478269744
8811aa7855fffff,2023,19,1,0,0.06328353759496233
8811aa7855fffff,2024,5,1,0,0.06064888301222771
8811aa7855fffff,2024,7,1,0,0.058580437039500666
8811aa7855fffff,2024,8,1,0,0.05947114480342631
8811aa7855fffff,2024,13,2,0,0.06277923015986338
8811aa7855fffff,2024,15,1,0,0.06519356857471528
8811aa7855fffff,2024,16,1,0,0.06403415403387885
8811aa7855fffff,2024,17,1,0,0.06252718321949208
8811aa7855fffff,2024,18,1,0,0.0629053604072272
8811aa7855fffff,2024,19,1,0,0.06376696684579783
8811aa7857fffff,2022,0,1,0,0.037071006335204944
8811aa7857fffff,2022,8,1,0,0.03778415406507916
8811aa7857fffff,2022,9,1,0,0.03816233125281428
8811aa7857fffff,2022,13,1,0,0.03984001430639495
8811aa7857fffff,2022,17,1,0,0.043237871059457346
8811aa7857fffff,2022,19,1,0,0.04450675601111812
8811aa7857fffff,2022,20,1,0,0.042458153295185805
8811aa7857fffff,2023,9,1,0,0.040724984133766885
8811aa7857fffff,2023,11,2,0,0.03891868562828453
8811aa7857fffff,2023,15,1,0,0.04248151668398711
8811aa7857fffff,2023,17,1,0,0.043237871059457346
8811aa7857fffff,2023,19,1,0,0.0439942254349276
8811aa7857fffff,2024,7,1,0,0.03945609918210611
8811aa7857fffff,2024,8,1,0,0.04137186809841279
8811aa7857fffff,2024,9,1,0,0.03816233125281428
8811aa7857fffff,2024,10,1,0,0.03870548274318958
8811aa7857fffff,2024,12,2,0,0.04032192396840069
8811aa7857fffff,2024,14,1,0,0.04393912183184029
8811aa7857fffff,2024,15,1,0,0.04043139437922502
8811aa7857fffff,2024,16,2,0,0.04183463271934119
8811aa7857fffff,2024,18,1,0,0.041565925942430394
8811aa7857fffff,2024,19,1,0,0.04450675601111812
8811aa7859fffff,2022,15,1,0,0.09697608739355225
8811aa7859fffff,2022,16,1,0,0.09735426458128736
8811aa7859fffff,2022,18,2,0,0.09811061895675761
8811aa7859fffff,2023,8,1,0,0.09227872477464429
8811aa7859fffff,2023,11,2,0,0.095719643930707
8811aa7859fffff,2023,12,1,0,0.09584155583034687
8811aa7859fffff,2023,17,1,0,0.098244972345213
8811aa7859fffff,2023,18,1,0,0.09862314953294812
8811aa7859fffff,2023,19,1,0,0.09848879614449273
8811aa7859fffff,2024,10,1,0,0.09508520145487662
8811aa7859fffff,2024,12,3,0,0.09549986877955319
8811aa7859fffff,2024,13,1,0,0.09621973301808198
8811aa7859fffff,2024,15,1,0,0.09697608739355225
8811aa7859fffff,2024,16,1,0,0.09735426458128736
8811aa7859fffff,2024,17,1,0,0.09773244176902249
8811aa7859fffff,2024,18,1,0,0.09862314953294812
8811aa7859fffff,2024,19,1,0,0.09643867383973065
8811aa7859fffff,2024,20,1,0,0.09886697333222785
8811aa785bfffff,2022,5,1,0,0.07848626486804222
8811aa785bfffff,2022,11,1,0,0.07881971582135154
8811aa785bfffff,2022,16,1,0,0.08276072406478924
8811aa785bfffff,2022,18,1,0,0.08146695613549741
8811aa785bfffff,2022,19,1,0,0.08201010762587271
8811aa785bfffff,2023,13,1,0,0.0795760701968218
8811aa785bfffff,2023,15,2,0,0.08143997287599317
8811aa785bfffff,2023,16,1,0,0.08071060176002716
8811aa785bfffff,2024,6,1,0,0.078978952187438
8811aa785bfffff,2024,10,2,0,0.08023539565028323
8811aa785bfffff,2024,13,2,0,0.08188245778967913
8811aa785bfffff,2024,15,1,0,0.08238254687705411
8811aa785bfffff,2024,17,1,0,0.08313890125252438
8811aa785bfffff,2024,18,2,0,0.08249201728787844
8811aa785bfffff,2024,19,1,0,0.08184513332323254
8811aa785dfffff,2022,11,2,0,0.057577116238285
8811aa785dfffff,2022,19,1,0,0.05917211199618132
8811aa785dfffff,2022,22,1,0,0.06056879102663138
8811aa785dfffff,2023,7,1,0,0.056684108048121906
8811aa785dfffff,2023,9,1,0,0.055390340118830074
8811aa785dfffff,2023,16,1,0,0.05820255473561613
8811aa785dfffff,2023,17,1,0,0.06046587992547315
8811aa785dfffff,2024,1,1,0,0.05262707008419378
8811aa785dfffff,2024,9,1,0,0.057952992999782675
8811aa785dfffff,2024,14,1,0,0.05933134836226778
8811aa785dfffff,2024,15,1,0,0.059709525550002904
8811aa785dfffff,2024,16,3,0,0.06008770273773802
8811aa785dfffff,2024,17,1,1,0.06046587992547315
8811aa7861fffff,2022,15,2,0,0.046562315338448415
8811aa7861fffff,2022,18,2,0,0.048035599341069136
8811aa7861fffff,2022,19,4,0,0.0497407484620081
8811aa7861fffff,2022,22,1,0,0.04916607216521013
8811aa7861fffff,2023,12,1,0,0.04722164079190986
8811aa7861fffff,2023,13,1,0,0.04708728740345446
8811aa7861fffff,2023,15,1,0,0.04579351947416264
8811aa7861fffff,2023,18,3,0,0.04897817334213009
8811aa7861fffff,2023,19,2,0,0.048331289377484175
8811aa7861fffff,2023,20,1,0,0.049734527717600334
8811aa7861fffff,2024,11,1,0,0.04684346360417474
8811aa7861fffff,2024,13,1,0,0.04862487913202603
8811aa7861fffff,2024,15,1,0,0.04595849377680282
8811aa7861fffff,2024,18,1,0,0.04897817334213009
8811aa7861fffff,2024,19,1,0,0.047306228225103136
8811aa7861fffff,2024,22,1,0,0.0487029072555532
8811aa7863fffff,2022,14,1,0,0.06071863685162533
8811aa7863fffff,2022,15,1,0,0.057674074308666994
8811aa7863fffff,2022,21,1,0,0.061828285437199634
8811aa7863fffff,2023,15,1,0,0.05955922231078889
8811aa7863fffff,2023,16,1,0,0.06044993007471453
8811aa7863fffff,2024,9,1,0,0.05640097100928227
8811aa7863fffff,2024,12,1,0,0.05842469074758352
8811aa7863fffff,2024,15,1,0,0.05750910000602681
8811aa7863fffff,2024,16,1,0,0.059937399498524016
8811aa7863fffff,2024,18,2,0,0.060950019162089523
8811aa7865fffff,2023,19,1,0,0.04233806409806616
8811aa7865fffff,2023,20,1,0,0.04028946138213385
8811aa7865fffff,2024,2,1,0,0.03425695004633683
8811aa7865fffff,2024,10,1,0,0.03739687767987849
8811aa7865fffff,2024,13,1,1,0.04006900097165542
8811aa7867fffff,2022,9,2,0,0.032498158191611254
8811aa7867fffff,2022,18,1,0,0.03786938803466936
8811aa7867fffff,2022,21,1,0,0.03900391959787473
8811aa7867fffff,2022,22,1,0,0.03775909625073265
8811aa7867fffff,2023,7,1,0,0.03165931666482091
8811aa7867fffff,2023,8,2,0,0.03306255500493708
8811aa7867fffff,2023,16,1,0,0.03506291135443703
8811aa7867fffff,2023,17,1,0,0.03560606284481233
8811aa7867fffff,2023,18,1,0,0.03611745633692403
8811aa7867fffff,2023,19,2,0,0.03627993006896249
8811aa7867fffff,2023,20,2,0,0.03862574241013961
8811aa7867fffff,2023,21,1,0,0.03951645017406525
8811aa7867fffff,2023,23,1,0,0.038137273438467775
8811aa7867fffff,2024,6,1,0,0.031929543030561475
8811aa7867fffff,2024,8,2,0,0.034856412021603896
8811aa7867fffff,2024,12,1,0,0.03355020260349653
8811aa7867fffff,2024,14,1,0,0.03635667928372886
8811aa7867fffff,2024,15,1,0,0.03673485647146399
8811aa7867fffff,2024,16,1,0,0.03711303365919911
8811aa7867fffff,2024,17,2,0,0.036548636845873284
8811aa7867fffff,2024,21,1,0,0.03760220084658833
8811aa7867fffff,2024,22,1,0,0.03789231255510922
8811aa7869fffff,2022,9,1,0,0.03911697210116247
8811aa7869fffff,2022,12,1,1,0.042434842273506496
8811aa7869fffff,2022,13,1,0,0.04251482885422486
8811aa7869fffff,2022,14,1,0,0.0408428837371979
8811aa7869fffff,2022,15,1,0,0.04356937383671186
8811aa7869fffff,2022,16,1,0,0.043649360417430234
8811aa7869fffff,2022,17,1,0,0.04454006818135588
8811aa7869fffff,2022,18,1,0,0.04594330652147204
8811aa7869fffff,2022,21,2,1,0.044515185203724814
8811aa7869fffff,2023,3,1,0,0.03694508213935624
8811aa7869fffff,2023,6,1,0,0.03781746623531691
8811aa7869fffff,2023,13,2,0,0.04054719370078287
8811aa7869fffff,2023,15,1,0,0.04122106092493303
8811aa7869fffff,2024,8,2,0,0.039598881763168205
8811aa7869fffff,2024,9,1,0,0.038951997798522285
8811aa7869fffff,2024,10,1,0,0.0413802972910195
8811aa7869fffff,2024,12,1,0,0.042136651666489736
8811aa7869fffff,2024,15,1,0,0.04122106092493303
8811aa7869fffff,2024,19,1,0,0.04529642255682613
8811aa7869fffff,2024,20,1,0,0.04516206916837073
8811aa7869fffff,2024,21,1,0,0.04365509835398396
8811aa786bfffff,2022,1,1,0,0.040751342589597415
8811aa786bfffff,2022,15,2,0,0.04792508904086161
8811aa786bfffff,2022,17,1,0,0.0484251781282366
8811aa786bfffff,2022,18,1,0,0.04880335531597172
8811aa786bfffff,2022,20,1,0,0.04802211796287041
8811aa786bfffff,2022,22,1,0,0.051090742110347434
8811aa786bfffff,2023,10,1,0,0.04577793781409074
8811aa786bfffff,2023,12,2,0,0.0457654963252752
8811aa786bfffff,2023,16,1,0,0.048047000940501475
8811aa786bfffff,2023,18,2,0,0.04683572016252974
8811aa786bfffff,2023,20,2,0,0.04861713569038102
8811aa786bfffff,2023,23,1,0,0.04907124071977014
8811aa786bfffff,2024,0,1,0,0.04020819109922211
8811aa786bfffff,2024,8,1,0,0.04313643543649859
8811aa786bfffff,2024,9,1,0,0.04351461262423371
8811aa786bfffff,2024,10,1,0,0.04389278981196883
8811aa786bfffff,2024,11,1,0,0.04666864557801638
8811aa786bfffff,2024,12,1,0,0.0456451040144651
8811aa786bfffff,2024,17,1,0,0.0484251781282366
8811aa786bfffff,2024,20,1,0,0.047509587386679895
8811aa786bfffff,2024,21,1,0,0.0506153917580078
8811aa786bfffff,2024,22,1,0,0.052628333838918996
8811aa786dfffff,2022,3,1,0,0.019512622238911533
8811aa786dfffff,2022,4,1,0,0.020055773729286838
8811aa786dfffff,2022,11,1,0,0.024624205185326663
8811aa786dfffff,2022,12,1,0,0.024704191766045033
8811aa786dfffff,2022,14,1,0,0.0234104238367532
8811aa786dfffff,2022,18,1,0,0.026973254892455778
8811aa786dfffff,2022,19,1,0,0.02530130977542882
8811aa786dfffff,2022,20,1,0,0.027729609267926024
8811aa786dfffff,2022,21,1,0,0.02605766415089907
8811aa786dfffff,2023,11,2,0,0.02432601457830991
8811aa786dfffff,2023,12,1,0,0.025216722342235553
8811aa786dfffff,2023,13,1,0,0.023032246649018075
8811aa786dfffff,2023,14,1,0,0.0234104238367532
8811aa786dfffff,2023,15,1,0,0.025838723329250406
8811aa786dfffff,2023,17,1,0,0.026595077704720655
8811aa786dfffff,2023,19,1,0,0.027351432080190904
8811aa786dfffff,2023,20,1,0,0.027729609267926024
8811aa786dfffff,2023,22,1,0,0.029260641686831488
8811aa786dfffff,2023,23,1,0,0.027241140296254192
8811aa786dfffff,2024,7,1,0,0.020928157825247512
8811aa786dfffff,2024,8,1,0,0.02319148301510454
8811aa786dfffff,2024,9,1,0,0.023569660202839664
8811aa786dfffff,2024,12,1,0,0.024704191766045033
8811aa786dfffff,2024,14,2,0,0.0246917502772295
8811aa786dfffff,2024,16,1,0,0.02433175251486363
8811aa786dfffff,2024,17,3,0,0.026479225613537206
8811aa786dfffff,2024,19,1,0,0.027351432080190904
8811aa786dfffff,2024,20,1,0,0.027729609267926024
8811aa786dfffff,2024,21,1,0,0.02605766415089907
8811aa786dfffff,2024,23,1,0,0.029126288298376095
8811aa7881fffff,2022,11,1,0,0.03784772354174526
8811aa7881fffff,2022,17,2,1,0.040116786668156004
8811aa7881fffff,2023,13,2,0,0.038604077917215505
8811aa7881fffff,2023,14,1,0,0.03898225510495063
8811aa7881fffff,2023,17,1,0,0.03806666436339392
8811aa7881fffff,2023,18,1,0,0.04049496385589113
8811aa7881fffff,2023,21,1,0,0.041629495419096496
8811aa7881fffff,2024,6,1,0,0.03407168960094773
8811aa7881fffff,2024,10,1,0,0.037982076930200656
8811aa7881fffff,2024,13,1,0,0.038604077917215505
8811aa7881fffff,2024,14,1,0,0.03693213280018855
8811aa7881fffff,2024,15,1,0,0.03731030998792367
8811aa7881fffff,2024,17,1,0,0.03806666436339392
8811aa7881fffff,2024,18,1,0,0.03844484155112904
8811aa7881fffff,2024,19,1,0,0.04087314104362625
8811aa7881fffff,2024,20,1,0,0.039499386533616045
8811aa7883fffff,2022,5,1,0,0.0901362813918894
8811aa7883fffff,2022,8,1,0,0.08933520078199333
8811aa7883fffff,2022,12,1,0,0.09200884366260004
8811aa7883fffff,2022,14,1,0,0.09176923821104427
8811aa7883fffff,2022,15,2,0,0.09271200346448069
8811aa7883fffff,2022,20,1,0,0.09387332703481484
8811aa7883fffff,2022,23,2,0,0.09585047313009801
8811aa7883fffff,2023,1,1,1,0.08840923267177514
8811aa7883fffff,2023,2,1,0,0.08900174982868403
8811aa7883fffff,2024,17,1,1,0.09419792020829242
8811aa7883fffff,2024,18,1,0,0.0935801375690015
8811aa7885fffff,2022,13,1,0,0.060429343134104814
8811aa7885fffff,2022,17,1,0,0.06194205188504531
8811aa7885fffff,2022,18,2,0,0.06129516792039939
8811aa7885fffff,2023,9,1,0,0.056866512078402244
8811aa7885fffff,2023,14,1,0,0.05892237231971804
8811aa7885fffff,2023,16,2,0,0.06156387469731019
8811aa7885fffff,2023,18,1,1,0.06232022907278043
8811aa7885fffff,2023,19,1,0,0.06269840626051557
8811aa7885fffff,2024,5,1,0,0.05766607309946852
8811aa7885fffff,2024,11,1,0,0.059672988758634575
8811aa7885fffff,2024,13,1,0,0.060429343134104814
8811aa7885fffff,2024,14,2,0,0.0597824591694589
8811aa7885fffff,2024,16,1,0,0.06156387469731019
8811aa7885fffff,2024,20,1,0,0.0635891140244412
8811aa7885fffff,2024,22,1,0,0.06269336653967923
8811aa7887fffff,2022,6,1,0,0.030856464444888557
8811aa7887fffff,2022,8,1,0,0.029562696515596724
8811aa7887fffff,2023,13,1,0,0.03350370475903443
8811aa7887fffff,2023,14,1,0,0.03199673394464765
8811aa7887fffff,2023,20,1,0,0.03526175689808442
8811aa7887fffff,2023,23,1,0,0.03665843592853449
8811aa7887fffff,2024,3,1,0,0.029094892173832005
8811aa7887fffff,2024,12,1,0,0.031075405266537216
8811aa7887fffff,2024,17,1,0,0.03296629120521285
8811aa7887fffff,2024,18,1,0,0.03350944269558815
8811aa7887fffff,2024,20,1,0,0.034265797071058396
8811aa7887fffff,2024,21,1,0,0.0360165916847249
8811aa7889fffff,2022,1,1,0,0.0003781771877351238
8811aa7889fffff,2022,15,2,0,0.006691836789258464
8811aa7889fffff,2022,16,1,0,0.005788687536517286
8811aa7889fffff,2022,22,1,1,0.008319898130172726
8811aa7889fffff,2023,0,1,0,0.0025626528809526007
8811aa7889fffff,2023,8,1,0,0.004813392339398376
8811aa7889fffff,2023,12,1,0,0.007863692818910431
8811aa7889fffff,2023,14,1,0,0.007082455465809119
8811aa7889fffff,2023,15,2,1,0.006691836789258464
8811aa7889fffff,2023,16,1,0,0.009541375872491108
8811aa7889fffff,2023,22,1,0,0.009480832259838928
8811aa7889fffff,2024,7,1,0,0.004435215151663252
8811aa7889fffff,2024,8,1,0,0.004813392339398376
8811aa7889fffff,2024,10,1,0,0.003519624410106543
8811aa7889fffff,2024,13,2,0,0.006704278278073995
8811aa7889fffff,2024,14,1,0,0.007082455465809119
8811aa7889fffff,2024,15,1,0,0.007460632653544245
8811aa7889fffff,2024,16,1,0,0.007838809841279366
8811aa7889fffff,2024,21,1,0,0.01140316048581171
8811aa7889fffff,2024,22,1,0,0.010370020434934808
8811aa788bfffff,2022,12,1,0,0.029353212687953534
8811aa788bfffff,2022,20,1,0,0.030493482187712626
8811aa788bfffff,2022,21,1,0,0.032756807377569655
8811aa788bfffff,2023,7,2,0,0.027273997949825237
8811aa788bfffff,2023,19,1,0,0.0320004530020994
8811aa788bfffff,2023,20,1,0,0.030493482187712626
8811aa788bfffff,2024,1,1,0,0.02507875349120651
8811aa788bfffff,2024,4,1,0,0.02621328505441188
8811aa788bfffff,2024,13,1,0,0.02973138987568866
8811aa788bfffff,2024,15,1,0,0.030487744251158907
8811aa788bfffff,2024,23,1,0,0.03339865162137924
8811aa788dfffff,2022,8,1,0,0.04895592175753425
8811aa788dfffff,2022,14,2,0,0.04968739315537343
8811aa788dfffff,2022,19,2,0,0.05275243554993847
8811aa788dfffff,2022,20,1,0,0.05327970804118197
8811aa788dfffff,2022,21,1,0,0.05387222519809086
8811aa788dfffff,2023,1,1,0,0.04400817602968048
8811aa788dfffff,2023,10,1,0,0.047447813859068655
8811aa788dfffff,2023,12,1,0,0.049956099932284226
8811aa788dfffff,2023,14,2,0,0.05071245430775448
8811aa788dfffff,2023,18,1,0,0.05222516305869497
8811aa788dfffff,2023,20,1,0,0.052981517434165216
8811aa788dfffff,2023,22,1,0,0.054512549853070684
8811aa788dfffff,2024,5,1,0,0.04598404969027791
8811aa788dfffff,2024,6,1,1,0.04768703680587349
8811aa788dfffff,2024,7,1,0,0.04601509168884653
8811aa788dfffff,2024,9,1,0,0.04933409894526937
8811aa788dfffff,2024,10,1,0,0.04919974555681398
8811aa788dfffff,2024,11,1,0,0.04752780043978702
8811aa788dfffff,2024,17,1,0,0.049796863566197766
8811aa788dfffff,2024,18,1,0,0.05222516305869497
8811aa788dfffff,2024,19,1,0,0.05311587082262061
8811aa788dfffff,2024,20,1,0,0.052981517434165216
8811aa788dfffff,2024,22,1,1,0.05400001927688016
8811aa7891fffff,2022,0,1,0,0.06283040570383278
8811aa7891fffff,2022,3,1,0,0.06396493726703814
8811aa7891fffff,2022,8,1,0,0.06645376258820992
8811aa7891fffff,2022,13,1,0,0.06936970967926659
8811aa7891fffff,2022,14,1,0,0.06816092947189656
8811aa7891fffff,2022,20,1,0,0.07355454172198402
8811aa7891fffff,2023,8,1,0,0.06747882374059096
8811aa7891fffff,2023,18,1,0,0.06921047331318012
8811aa7891fffff,2023,22,1,0,0.07098532953136531
8811aa7891fffff,2024,11,1,0,0.06861335530379634
8811aa7891fffff,2024,14,1,0,0.06974788686700172
8811aa7891fffff,2024,15,1,0,0.06807594174997475
8811aa7891fffff,2024,17,1,0,0.068832296125445
8811aa7891fffff,2024,19,2,0,0.07061371165329629
8811aa7893fffff,2022,9,1,0,0.029655801211804514
8811aa7893fffff,2022,13,1,0,0.030870319355728256
8811aa7893fffff,2022,18,1,0,0.03276120529440388
8811aa7893fffff,2022,19,1,0,0.033139382482139004
8811aa7893fffff,2023,13,1,0,0.031382849931918776
8811aa7893fffff,2023,15,1,0,0.031626673731198506
8811aa7893fffff,2023,18,1,0,0.0332737358705944
8811aa7893fffff,2023,23,1,0,0.034914238700324195
8811aa7893fffff,2024,8,1,0,0.028979433417052638
8811aa7893fffff,2024,10,1,0,0.029735787792522884
8811aa7893fffff,2024,11,2,0,0.02917139097919706
8811aa7893fffff,2024,15,1,0,0.031626673731198506
8811aa7893fffff,2024,17,1,0,0.03238302810666876
8811aa7895fffff,2022,2,1,0,0.0007563543754702478
8811aa7895fffff,2022,9,1,0,0.003306421525011599
8811aa7895fffff,2022,10,2,0,0.003751206864935009
8811aa7895fffff,2022,13,2,0,0.007622169445868151
8811aa7895fffff,2022,14,1,0,0.0050323331610470385
8811aa7895fffff,2022,15,1,0,0.005873675258439094
8811aa7895fffff,2022,17,1,0,0.009754578757586051
8811aa7895fffff,2022,21,1,0,0.008142738384849838
8811aa7895fffff,2023,10,1,0,0.003817815017123296
8811aa7895fffff,2023,13,1,0,0.006704278278073995
8811aa7895fffff,2023,14,3,0,0.006257073609075444
8811aa7895fffff,2023,15,1,0,0.005575484651422342
8811aa7895fffff,2023,16,1,0,0.007838809841279366
8811aa7895fffff,2023,17,1,0,0.008216987029014492
8811aa7895fffff,2023,19,1,0,0.00948587198067526
8811aa7895fffff,2023,21,1,0,0.008840507604859106
8811aa7895fffff,2023,23,1,0,0.00869807531790785
8811aa7895fffff,2024,7,1,0,0.004435215151663252
8811aa7895fffff,2024,8,1,0,0.0034116735881119767
8811aa7895fffff,2024,20,1,0,0.007764561197114715
8811aa7895fffff,2024,21,1,0,0.009729695779954986
8811aa7895fffff,2024,22,1,0,0.008319898130172726
8811aa7897fffff,2022,0,1,0,0.025282283559393947
8811aa7897fffff,2022,4,1,0,0.026794992310334442
8811aa7897fffff,2022,5,1,0,0.02671000458841263
8811aa7897fffff,2022,7,1,0,0.029254333801400266
8811aa7897fffff,2022,10,1,0,0.03038886536460564
8811aa7897fffff,2022,12,1,0,0.031145219740075884
8811aa7897fffff,2022,13,2,0,0.03079652638244672
8811aa7897fffff,2022,16,2,0,0.031632867338635344
8811aa7897fffff,2022,17,2,0,0.03209353167769055
8811aa7897fffff,2022,18,1,0,0.03341428286648663
8811aa7897fffff,2022,20,1,0,0.0321205149371948
8811aa7897fffff,2022,21,1,0,0.03608640615826356
8811aa7897fffff,2023,0,1,0,0.024984092952377194
8811aa7897fffff,2023,3,1,0,0.026118624515582563
8811aa7897fffff,2023,5,1,0,0.027173169498069565
8811aa7897fffff,2023,11,1,0,0.03127957312853128
8811aa7897fffff,2023,12,2,0,0.029177584586633894
8811aa7897fffff,2023,13,1,0,0.029638248925689108
8811aa7897fffff,2023,16,2,0,0.032914193779111645
8811aa7897fffff,2023,17,1,0,0.031150957676629603
8811aa7897fffff,2023,22,2,0,0.034246565083610875
8811aa7897fffff,2024,7,1,0,0.029766864377590786
8811aa7897fffff,2024,8,1,0,0.028045553594030243
8811aa7897fffff,2024,11,1,0,0.03076704255234076
8811aa7897fffff,2024,12,1,0,0.029260071737953985
8811aa7897fffff,2024,13,1,0,0.031523396927811004
8811aa7897fffff,2024,14,2,0,0.029933938962104143
8811aa7897fffff,2024,15,1,0,0.030229628998519175
8811aa7897fffff,2024,17,1,0,0.03354863625494203
8811aa7897fffff,2024,18,1,0,0.03341428286648663
8811aa7897fffff,2024,19,1,0,0.033792460054221755
8811aa7897fffff,2024,22,1,0,0.03330399108254992
8811aa7899fffff,2022,1,1,0,0.03018810159736928
8811aa7899fffff,2022,7,1,0,0.03437835586567398
8811aa7899fffff,2022,11,1,0,0.03713046573816929
8811aa7899fffff,2022,12,1,0,0.03597105119733285
8811aa7899fffff,2022,13,2,0,0.03609296309697271
8811aa7899fffff,2022,14,1,0,0.0367274055728031
8811aa7899fffff,2022,16,1,0,0.03902135167684491
8811aa7899fffff,2022,17,2,0,0.03724223657523107
8811aa7899fffff,2022,18,1,0,0.036189992018981515
8811aa7899fffff,2022,20,1,0,0.03711132069709194
8811aa7899fffff,2023,11,1,0,0.03354275170483565
8811aa7899fffff,2023,14,1,0,0.03514044817769795
8811aa7899fffff,2023,15,1,0,0.035220434758416325
8811aa7899fffff,2023,17,1,0,0.03597678913388657
8811aa7899fffff,2023,18,1,0,0.036189992018981515
8811aa7899fffff,2024,3,1,0,0.03245294637605607
8811aa7899fffff,2024,8,1,0,0.03497087302258287
8811aa7899fffff,2024,9,2,0,0.03362312968229376
8811aa7899fffff,2024,10,1,0,0.0333295488197407
8811aa7899fffff,2024,13,3,0,0.03513686848511223
8811aa7899fffff,2024,15,1,0,0.03551862536543308
8811aa7899fffff,2024,17,1,0,0.03683687598362743
8811aa7899fffff,2024,23,1,0,0.03880619033455876
8811aa789bfffff,2022,6,1,1,0.029972912164940028
8811aa789bfffff,2022,7,1,0,0.030863619928865674
8811aa789bfffff,2022,9,1,0,0.0311074437281454
8811aa789bfffff,2022,10,1,0,0.03148562091588052
8811aa789bfffff,2022,18,1,0,0.03246091611299944
8811aa789bfffff,2023,8,1,0,0.028679144235648196
8811aa789bfffff,2023,18,1,0,0.03451103841776152
8811aa789bfffff,2023,19,2,0,0.03283909330073456
8811aa789bfffff,2023,20,1,0,0.03526739279323177
8811aa789bfffff,2024,1,1,0,0.028344173693509105
8811aa789bfffff,2024,7,1,0,0.030351089352675154
8811aa789bfffff,2024,8,1,0,0.028679144235648196
8811aa789bfffff,2024,10,1,0,0.03148562091588052
8811aa789bfffff,2024,18,1,0,0.03451103841776152
8811aa789dfffff,2022,1,1,0,0.024675098581951715
8811aa789dfffff,2022,3,2,0,0.027089038664146886
8811aa789dfffff,2022,11,1,0,0.02819472299205826
8811aa789dfffff,2022,14,1,0,0.029627445162280382
8811aa789dfffff,2022,17,2,0,0.030623013592566667
8811aa789dfffff,2022,18,2,0,0.030841963306204128
8811aa789dfffff,2022,20,3,0,0.03284538257463731
8811aa789dfffff,2022,22,3,0,0.03328960762655548
8811aa789dfffff,2023,9,1,0,0.027438368616588014
8811aa789dfffff,2023,10,1,0,0.02829997505515864
8811aa789dfffff,2023,11,1,0,0.02819472299205826
8811aa789dfffff,2023,13,1,0,0.028951077367528506
8811aa789dfffff,2023,15,2,0,0.029692881080321247
8811aa789dfffff,2023,19,1,0,0.03361781907225168
8811aa789dfffff,2024,9,1,0,0.029323516618709914
8811aa789dfffff,2024,12,2,0,0.028721995483301763
8811aa789dfffff,2024,14,1,0,0.029627445162280382
8811aa789dfffff,2024,20,1,1,0.033619338661081445
8811aa789dfffff,2024,22,1,0,0.03261681952438932
8811aa789dfffff,2024,23,1,0,0.03299499671212444
8811aa78a1fffff,2022,1,1,0,0.018242553975612762
8811aa78a1fffff,2022,2,1,0,0.020079855900030846
8811aa78a1fffff,2022,7,1,0,0.020414443937418994
8811aa78a1fffff,2022,8,2,0,0.020792621125154117
8811aa78a1fffff,2022,11,1,0,0.021927152688359486
8811aa78a1fffff,2022,12,1,0,0.022603520483111362
8811aa78a1fffff,2022,13,1,0,0.024568655065951638
8811aa78a1fffff,2022,14,1,0,0.023061684251564858
8811aa78a1fffff,2022,15,2,0,0.02335737428797989
8811aa78a1fffff,2023,7,2,1,0.021357017938479946
8811aa78a1fffff,2023,8,2,0,0.021652707974894977
8811aa78a1fffff,2023,14,1,0,0.023061684251564858
8811aa78a1fffff,2023,15,1,0,0.023274887136659803
8811aa78a1fffff,2023,16,3,0,0.023818038627035108
8811aa78a1fffff,2023,18,2,0,0.02455984233982785
8811aa78a1fffff,2023,20,1,0,0.025165773075335424
8811aa78a1fffff,2023,22,2,1,0.0272918232217515
8811aa78a1fffff,2024,2,1,1,0.020670853468109967
8811aa78a1fffff,2024,6,1,0,0.02192141475180577
8811aa78a1fffff,2024,11,2,0,0.0218446655370394
8811aa78a1fffff,2024,12,2,0,0.02222284272477452
8811aa78a1fffff,2024,13,1,0,0.022683507063829735
8811aa78a1fffff,2024,15,1,0,0.02343986143929998
8811aa78a1fffff,2024,17,1,0,0.026593894393082653
8811aa78a1fffff,2024,18,2,0,0.025434479852246214
8811aa78a1fffff,2024,20,1,0,0.027215895380097502
8811aa78a1fffff,2024,22,1,0,0.026349249220690547
8811aa78a3fffff,2022,6,1,0,0.05285780759859983
8811aa78a3fffff,2022,8,1,0,0.05377913627671025
8811aa78a3fffff,2022,21,1,0,0.06028239711237201
8811aa78a3fffff,2022,23,1,1,0.05954896725734163
8811aa78a3fffff,2023,7,2,0,0.05310276848195838
8811aa78a3fffff,2023,10,1,0,0.05423730004516375
8811aa78a3fffff,2023,13,1,0,0.05520685730572894
8811aa78a3fffff,2023,17,1,0,0.056884540359309614
8811aa78a3fffff,2023,23,1,0,0.05941575095296506
8811aa78a3fffff,2024,0,1,0,0.05068857430970219
8811aa78a3fffff,2024,19,1,0,0.05764089473477987
8811aa78a5fffff,2023,7,1,0,0.05468276691704358
8811aa78a7fffff,2022,8,1,0,0.0247394388643998
8811aa78a7fffff,2022,11,1,0,0.02603894473024535
8811aa78a7fffff,2022,18,1,0,0.028686185044391223
8811aa78a7fffff,2023,11,3,0,0.02717015753202483
8811aa78a7fffff,2023,12,1,0,0.026417121917980478
8811aa78a7fffff,2023,15,1,0,0.02994933205949827
8811aa78a7fffff,2023,21,1,0,0.02982071660759659
8811aa78a7fffff,2023,22,1,0,0.03029606695993623
8811aa78a7fffff,2023,23,1,0,0.030674244147671358
8811aa78a7fffff,2024,2,1,0,0.022732523205233755
8811aa78a7fffff,2024,11,1,0,0.026172161034621926
8811aa78a7fffff,2024,18,1,0,0.028686185044391223
8811aa78a9fffff,2022,0,1,0,0.049007249768126857
8811aa78a9fffff,2022,17,1,0,0.05312399218761718
8811aa78a9fffff,2024,11,1,0,0.05290505136596852
8811aa78a9fffff,2024,13,2,0,0.05366140574143877
8811aa78a9fffff,2024,15,1,0,0.05441776011690902
8811aa78abfffff,2022,17,1,0,0.07900826100257087
8811aa78abfffff,2022,19,1,0,0.08135157277314627
8811aa78abfffff,2022,23,1,0,0.08107630668656939
8811aa78abfffff,2024,15,1,0,0.07795371602008387
8811aa78abfffff,2024,18,1,0,0.0811092685626963
8811aa78adfffff,2022,0,1,0,0.046608544944988436
8811aa78adfffff,2022,8,1,0,0.049884345555815245
8811aa78adfffff,2022,13,2,0,0.05023763976591931
8811aa78adfffff,2022,15,2,0,0.05107648129270965
8811aa78adfffff,2022,17,2,0,0.0517503485168598
8811aa78adfffff,2022,18,1,0,0.053153586856975965
8811aa78adfffff,2022,19,1,0,0.051646616042589195
8811aa78adfffff,2022,22,1,1,0.05522663368217791
8811aa78adfffff,2023,0,1,0,0.04623188734608308
8811aa78adfffff,2023,12,1,0,0.04883440142580314
8811aa78adfffff,2023,16,2,0,0.05034711017674364
8811aa78adfffff,2023,17,2,0,0.05089026166711894
8811aa78adfffff,2023,19,1,0,0.05148164173994901
8811aa78adfffff,2023,20,1,0,0.05185981892768413
8811aa78adfffff,2023,21,1,0,0.052373869092704424
8811aa78adfffff,2024,8,1,0,0.04732169267486265
8811aa78adfffff,2024,9,1,0,0.04769986986259777
8811aa78adfffff,2024,10,1,0,0.04824302135297307
8811aa78adfffff,2024,11,1,0,0.0505063465428301
8811aa78adfffff,2024,12,1,0,0.048999375728443324
8811aa78adfffff,2024,15,1,0,0.049968932989008515
8811aa78adfffff,2024,16,1,0,0.05034711017674364
8811aa78adfffff,2024,18,1,0,0.05126843885485406
8811aa78b1fffff,2022,19,2,0,0.04250142176756274
8811aa78b1fffff,2023,7,1,0,0.03591317320997917
8811aa78b1fffff,2023,21,1,0,0.04479536787160454
8811aa78b1fffff,2024,8,1,0,0.03834147270247638
8811aa78b1fffff,2024,13,1,0,0.03818223633638991
8811aa78b1fffff,2024,19,1,0,0.04250142176756274
8811aa78b1fffff,2024,22,1,0,0.041847978493250726
8811aa78b3fffff,2023,22,1,0,0.11291240641308196
8811aa78b3fffff,2024,1,1,0,0.10445815489445384
8811aa78b3fffff,2024,7,1,0,0.10697760112981042
8811aa78b3fffff,2024,10,1,0,0.10660364228979924
8811aa78b5fffff,2022,19,1,0,0.07510796282366833
8811aa78b5fffff,2022,21,1,0,0.07616250780615533
8811aa78b5fffff,2023,8,1,0,0.07005882558348608
8811aa78b5fffff,2023,11,1,0,0.07003242301702525
8811aa78b5fffff,2023,12,1,0,0.07297325308571298
8811aa78b5fffff,2023,19,1,0,0.07322281482154643
8811aa78b5fffff,2024,6,1,0,0.07019165938311171
8811aa78b5fffff,2024,15,1,0,0.07171010607060592
8811aa78b5fffff,2024,16,1,0,0.07397343126046295
8811aa78b7fffff,2022,8,1,0,0.030914664005477332
8811aa78b7fffff,2022,17,1,0,0.03226813639033137
8811aa78b7fffff,2022,19,1,0,0.03507461307056369
8811aa78b7fffff,2023,12,1,0,0.03396496448498939
8811aa78b7fffff,2023,17,1,0,0.03585585042366501
8811aa78b7fffff,2023,19,1,0,0.03404955191818265
8811aa78b7fffff,2023,20,1,0,0.035076132659393466
8811aa78b7fffff,2023,21,1,0,0.035830967446033944
8811aa78b7fffff,2023,23,1,0,0.03684946928874889
8811aa78b7fffff,2024,8,1,0,0.029327706610372182
8811aa78b7fffff,2024,11,1,0,0.030164047566560798
8811aa78b7fffff,2024,14,1,0,0.07858460844367059
8811aa78b7fffff,2024,15,1,0,0.033561904319623206
8811aa78b7fffff,2024,16,1,0,0.03205493350523642
8811aa78b7fffff,2024,19,2,1,0.03488628427111101
8811aa78b9fffff,2022,16,1,0,0.06734882279437582
8811aa78b9fffff,2022,21,1,0,0.06718958642828936
8811aa78b9fffff,2023,18,1,0,0.0677285195709407
8811aa78b9fffff,2024,19,1,0,0.0664332320528191
8811aa78b9fffff,2024,22,1,0,0.06796578406055433
8811aa78bbfffff,2022,8,1,0,0.06003696867712688
8811aa78bbfffff,2022,12,1,0,0.06184786803508412
8811aa78bbfffff,2022,20,1,0,0.06252497262518629
8811aa78bbfffff,2023,7,1,0,0.05965879148939176
8811aa78bbfffff,2023,17,1,0,0.06344056336674299
8811aa78bbfffff,2023,18,2,0,0.06279367940209707
8811aa78bbfffff,2023,19,1,0,0.06419691774221324
8811aa78bbfffff,2024,8,1,0,0.05828503697938155
8811aa78bbfffff,2024,9,1,0,0.06208861057071873
8811aa78bbfffff,2024,14,1,0,0.06230603180353763
8811aa78bbfffff,2024,16,1,0,0.06101226387424579
8811aa78bbfffff,2024,17,2,0,0.06139044106198092
8811aa78bdfffff,2022,2,1,0,0.058395613634032305
8811aa78bdfffff,2022,3,1,0,0.057100326115910705
8811aa78bdfffff,2022,5,1,0,0.05831984540103789
8811aa78bdfffff,2022,6,1,0,0.05843587512152832
8811aa78bdfffff,2022,7,1,0,0.06002435210546323
8811aa78bdfffff,2022,8,1,0,0.05889403888998181
8811aa78bdfffff,2022,9,1,0,0.05940543238209351
8811aa78bdfffff,2022,14,1,0,0.06116310201639255
8811aa78bdfffff,2022,15,1,0,0.06342642720624958
8811aa78bdfffff,2022,16,1,0,0.06221764699887956
8811aa78bdfffff,2022,17,3,0,0.06355439891434585
8811aa78bdfffff,2022,20,1,0,0.0634321651428033
8811aa78bdfffff,2022,23,2,0,0.06497793947676174
8811aa78bdfffff,2023,3,1,0,0.05756349102556764
8811aa78bdfffff,2023,8,1,0,0.05872906458734163
8811aa78bdfffff,2023,9,1,0,0.061157364079838836
8811aa78bdfffff,2023,10,1,0,0.05948541896281188
8811aa78bdfffff,2023,11,1,0,0.059863596150547004
8811aa78bdfffff,2023,12,1,0,0.06229189564304421
8811aa78bdfffff,2023,13,1,0,0.06267007283077933
8811aa78bdfffff,2023,15,3,0,0.06268219244769217
8811aa78bdfffff,2023,16,1,0,0.061919456391862804
8811aa78bdfffff,2023,17,1,0,0.06418278158171982
8811aa78bdfffff,2023,18,1,0,0.06251083646469287
8811aa78bdfffff,2023,19,1,0,0.06305398795506817
8811aa78bdfffff,2023,20,2,0,0.06326719084016312
8811aa78bdfffff,2023,21,1,0,0.06381034233053841
8811aa78bdfffff,2023,23,1,0,0.06531227342408885
8811aa78bdfffff,2024,0,1,0,0.05661419810618103
8811aa78bdfffff,2024,7,1,0,0.05835088739960651
8811aa78bdfffff,2024,9,1,0,0.05927221607771693
8811aa78bdfffff,2024,10,1,0,0.061833731874590715
8811aa78bdfffff,2024,12,1,0,0.06024177333828213
8811aa78bdfffff,2024,13,1,0,0.06061995052601725
8811aa78bdfffff,2024,16,2,0,0.06286203039292375
8811aa78bdfffff,2024,17,1,0,0.06448097218873658
8811aa78c1fffff,2022,1,1,0,0.027296533607303594
8811aa78c1fffff,2022,3,1,0,0.027569458731938334
8811aa78c1fffff,2022,14,1,0,0.03489000006047347
8811aa78c1fffff,2022,15,1,0,0.033730585519637035
8811aa78c1fffff,2022,16,2,0,0.03205864040261008
8811aa78c1fffff,2022,22,1,0,0.034754825298905695
8811aa78c1fffff,2023,10,1,0,0.03146304198205605
8811aa78c1fffff,2023,12,1,1,0.030545931651669574
8811aa78c1fffff,2023,14,1,0,0.03335240833190191
8811aa78c1fffff,2023,15,1,0,0.03168046321487495
8811aa78c1fffff,2023,19,1,0,0.03524329427057753
8811aa78c1fffff,2024,12,1,0,0.030545931651669574
8811aa78c1fffff,2024,13,2,0,0.033230496432262044
8811aa78c1fffff,2024,15,2,0,0.03174839970351753
8811aa78c1fffff,2024,17,1,0,0.034486939895107274
8811aa78c1fffff,2024,18,2,0,0.033719663619651265
8811aa78c1fffff,2024,19,1,0,0.03319317196581545
8811aa78c1fffff,2024,21,1,1,0.03599964864604777
8811aa78c1fffff,2024,23,1,0,0.03664149288985736
8811aa78c3fffff,2022,4,1,0,0.027501767521271387
8811aa78c3fffff,2022,8,1,0,0.03080245110972927
8811aa78c3fffff,2022,9,1,0,0.029130505992702314
8811aa78c3fffff,2022,10,1,0,0.031558805485199515
8811aa78c3fffff,2022,14,2,0,0.03212894023507906
8811aa78c3fffff,2022,22,1,0,0.03789667093383726
8811aa78c3fffff,2023,4,1,0,0.027501767521271387
8811aa78c3fffff,2023,9,1,0,0.029295480295342492
8811aa78c3fffff,2023,10,3,0,0.031101266343222387
8811aa78c3fffff,2023,11,1,0,0.03104779449783876
8811aa78c3fffff,2023,14,1,0,0.03388223541934728
8811aa78c3fffff,2023,15,1,0,0.033962222000065656
8811aa78c3fffff,2023,16,1,0,0.031942720609488356
8811aa78c3fffff,2023,18,1,0,0.03372413613733965
8811aa78c3fffff,2023,20,1,0,0.03585310793874128
8811aa78c3fffff,2024,3,1,0,0.027123590333536264
8811aa78c3fffff,2024,6,1,0,0.03055862731044954
8811aa78c3fffff,2024,8,3,0,0.030802451109729272
8811aa78c3fffff,2024,10,1,0,0.029508683180437437
8811aa78c3fffff,2024,12,1,0,0.030265037555907683
8811aa78c3fffff,2024,14,1,0,0.03118636623401811
8811aa78c3fffff,2024,19,1,0,0.032912277870053554
8811aa78c3fffff,2024,23,1,0,0.03468713408823875
8811aa78c5fffff,2022,0,1,0,0.0853612754903116
8811aa78c5fffff,2022,2,1,0,0.08800277786790374
8811aa78c5fffff,2022,9,1,0,0.08850272271268302
8811aa78c5fffff,2022,13,1,1,0.08985045716098332
8811aa78c5fffff,2022,14,1,0,0.09069179925837538
8811aa78c5fffff,2022,15,1,0,0.0941945255697872
8811aa78c5fffff,2022,17,1,0,0.09508675292254262
8811aa78c5fffff,2022,19,1,0,0.09416964259215614
8811aa78c5fffff,2022,21,1,0,0.09304084896550449
8811aa78c5fffff,2022,23,1,0,0.09594449881034134
8811aa78c5fffff,2023,9,2,0,0.08936280956242387
8811aa78c5fffff,2023,10,1,0,0.09076604790254003
8811aa78c5fffff,2023,11,1,0,0.08909410278551308
8811aa78c5fffff,2023,12,1,0,0.08963725427588838
8811aa78c5fffff,2023,14,1,0,0.09227875665348052
8811aa78c5fffff,2023,19,2,0,0.09220200743871415
8811aa78c5fffff,2023,20,1,0,0.09454781977989127
8811aa78c5fffff,2023,22,1,0,0.09518966402370085
8811aa78c5fffff,2024,0,1,0,0.08724642349243349
8811aa78c5fffff,2024,10,2,0,0.08871592559777795
8811aa78c5fffff,2024,17,2,0,0.09247071421562494
8811aa78c5fffff,2024,19,1,0,0.09416964259215614
8811aa78c5fffff,2024,20,1,0,0.09468369275717643
8811aa78c7fffff,2022,8,1,0,0.0188145604907496
8811aa78c7fffff,2022,10,2,0,0.02162103717098193
8811aa78c7fffff,2022,11,1,0,0.021999214358717056
8811aa78c7fffff,2022,14,1,0,0.023133745921922425
8811aa78c7fffff,2023,10,2,0,0.019653402017539942
8811aa78c7fffff,2023,11,1,1,0.02229740496573381
8811aa78c7fffff,2023,14,1,0,0.021083623617160346
8811aa78c7fffff,2023,15,1,0,0.021626775107535648
8811aa78c7fffff,2023,17,2,0,0.02375574690893728
8811aa78c7fffff,2023,18,1,0,0.02464645467286292
8811aa78c7fffff,2023,19,1,0,0.025024631860598046
8811aa78c7fffff,2023,20,2,0,0.02437774789595213
8811aa78c7fffff,2023,23,1,0,0.02731201865497376
8811aa78c7fffff,2024,7,1,0,0.018436383303014475
8811aa78c7fffff,2024,9,1,0,0.019192737678484728
8811aa78c7fffff,2024,10,1,0,0.02162103717098193
8811aa78c7fffff,2024,11,1,0,0.021999214358717056
8811aa78c7fffff,2024,14,2,0,0.023390011210017686
8811aa78c7fffff,2024,15,1,0,0.02146180080489547
8811aa78c7fffff,2024,17,1,0,0.022218155180365715
8811aa78c7fffff,2024,19,1,0,0.025537162436788566
8811aa78c7fffff,2024,20,2,0,0.02437774789595213
8811aa78c7fffff,2024,21,1,0,0.025780986236068296
8811aa78c7fffff,2024,22,1,0,0.026421310891048114
8811aa78c7fffff,2024,23,1,0,0.02488523875130632
8811aa78c9fffff,2022,10,1,0,0.018563641920324423
8811aa78c9fffff,2022,11,1,0,0.01864362850104279
8811aa78c9fffff,2022,13,1,0,0.01939998287651304
8811aa78c9fffff,2022,20,1,0,0.022047223190658903
8811aa78c9fffff,2023,9,1,0,0.017887274125572547
8811aa78c9fffff,2023,10,1,0,0.01638030331118577
8811aa78c9fffff,2023,14,1,0,0.020290690640438685
8811aa78c9fffff,2023,15,1,0,0.020156337251983285
8811aa78c9fffff,2023,16,1,0,0.01848439213495633
8811aa78c9fffff,2023,17,1,0,0.020912691627453538
8811aa78c9fffff,2023,19,1,0,0.019783898000801884
8811aa78c9fffff,2023,21,1,0,0.02242540037839403
8811aa78c9fffff,2024,0,1,0,0.012695704598439043
8811aa78c9fffff,2024,7,1,0,0.017130919750102294
8811aa78c9fffff,2024,10,1,0,0.01621532900854559
8811aa78c9fffff,2024,11,1,0,0.01864362850104279
8811aa78c9fffff,2024,14,1,0,0.01772803775948608
8811aa78c9fffff,2024,15,1,0,0.018618745523411726
8811aa78cbfffff,2022,1,1,0,0.03859799837862716
8811aa78cbfffff,2022,10,1,0,0.043789567905760655
8811aa78cbfffff,2022,11,1,0,0.0446802756696863
8811aa78cbfffff,2022,14,1,0,0.04390055790541475
8811aa78cbfffff,2022,17,1,0,0.04694933879609704
8811aa78cbfffff,2022,18,1,0,0.04681498540764164
8811aa78cbfffff,2022,19,2,0,0.04693689730728151
8811aa78cbfffff,2022,20,1,0,0.04757133978311189
8811aa78cbfffff,2022,21,1,0,0.04794951697084702
8811aa78cbfffff,2023,0,1,0,0.03886822474436772
8811aa78cbfffff,2023,3,1,0,0.0393543527540974
8811aa78cbfffff,2023,11,1,0,0.04416774509349578
8811aa78cbfffff,2023,12,1,0,0.04505845285742142
8811aa78cbfffff,2023,13,1,0,0.04646169119753758
8811aa78cbfffff,2023,19,1,0,0.045143040290614694
8811aa78cbfffff,2023,20,1,0,0.04757133978311189
8811aa78cbfffff,2023,22,1,0,0.04910237220201736
8811aa78cbfffff,2024,2,1,0,0.03897617556636228
8811aa78cbfffff,2024,8,2,0,0.04209063952922945
8811aa78cbfffff,2024,9,1,0,0.04136126841326345
8811aa78cbfffff,2024,10,1,0,0.04173944560099857
8811aa78cbfffff,2024,12,1,0,0.0445459222812309
8811aa78cbfffff,2024,14,2,0,0.04453348079241537
8811aa78cbfffff,2024,18,1,0,0.04835257713621321
8811aa78cdfffff,2022,8,2,0,0.04644856062977464
8811aa78cdfffff,2022,19,2,0,0.04966593569380005
8811aa78cdfffff,2023,11,1,0,0.047583092192980014
8811aa78cdfffff,2023,12,1,1,0.04796126938071514
8811aa78cdfffff,2023,15,1,0,0.04909580094392051
8811aa78cdfffff,2023,18,1,0,0.05023033250712588
8811aa78cdfffff,2023,19,1,0,0.050608509694861005
8811aa78cdfffff,2024,1,1,0,0.04406346778287347
8811aa78cdfffff,2024,10,1,0,0.047204915005244895
8811aa78cdfffff,2024,12,1,0,0.04796126938071514
8811aa78cdfffff,2024,13,1,0,0.04833944656845026
8811aa78cdfffff,2024,15,1,0,0.04960833152011103
8811aa78d1fffff,2023,13,1,0,0.05252226651650288
8811aa78d1fffff,2024,19,1,0,0.054791329642913625
8811aa78d3fffff,2022,0,1,0,0.02969360643073181
8811aa78d3fffff,2022,10,1,0,0.03445263196239316
8811aa78d3fffff,2022,12,1,0,0.03178624660716995
8811aa78d3fffff,2022,16,1,0,0.03329895535811044
8811aa78d3fffff,2023,9,1,0,0.033049393622277004
8811aa78d3fffff,2023,13,1,0,0.031999449492264895
8811aa78d3fffff,2023,18,1,0,0.03389033543094051
8811aa78d3fffff,2024,16,1,0,0.03313398105547027
8811aa78d5fffff,2022,8,1,0,0.06130481855893382
8811aa78d5fffff,2022,18,1,0,0.06546324803519042
8811aa78d5fffff,2022,19,1,0,0.06584142522292553
8811aa78d5fffff,2022,22,1,0,0.06583638550208921
8811aa78d5fffff,2023,10,1,0,0.06243783053330943
8811aa78d5fffff,2023,13,1,0,0.06152223979175272
8811aa78d5fffff,2023,17,1,0,0.0650850708474553
8811aa78d5fffff,2023,23,1,0,0.06761628144111073
8811aa78d5fffff,2024,13,1,0,0.06152223979175272
8811aa78d5fffff,2024,17,1,0,0.06303494854269322
8811aa78d5fffff,2024,18,1,0,0.06546324803519042
8811aa78d7fffff,2022,12,1,0,0.02725782914093019
8811aa78d7fffff,2022,13,2,0,0.025073353447712714
8811aa78d7fffff,2022,14,1,0,0.0269891223640194
8811aa78d7fffff,2022,17,2,0,0.02684232748674847
8811aa78d7fffff,2023,10,1,0,0.02393882188450734
8811aa78d7fffff,2023,17,2,0,0.027867388639129513
8811aa78d7fffff,2023,18,1,0,0.025939178234007296
8811aa78d7fffff,2024,7,1,0,0.02382935147368301
8811aa78d7fffff,2024,10,2,0,0.024858041388755796
8811aa78d7fffff,2024,12,1,0,0.02572023741235863
8811aa78d7fffff,2024,23,1,0,0.030142333944689688
8811aa78d9fffff,2022,0,3,0,0.022341610532053132
8811aa78d9fffff,2022,3,1,0,0.02350229775922137
8811aa78d9fffff,2022,4,1,0,0.021830352642194416
8811aa78d9fffff,2022,6,1,0,0.024374681855182045
8811aa78d9fffff,2022,9,1,0,0.02550921341838742
8811aa78d9fffff,2022,14,1,0,0.02740009935706304
8811aa78d9fffff,2022,16,1,0,0.029694045461104848
8811aa78d9fffff,2022,18,2,0,0.029937869260384574
8811aa78d9fffff,2022,19,2,0,0.02929098529573866
8811aa78d9fffff,2022,22,1,0,0.028802516324066822
8811aa78d9fffff,2023,5,1,0,0.02220852982992954
8811aa78d9fffff,2023,8,1,0,0.023245888228530395
8811aa78d9fffff,2023,14,1,0,0.02551495135494114
8811aa78d9fffff,2023,17,3,0,0.027851256818681048
8811aa78d9fffff,2023,18,1,0,0.027027660105881635
8811aa78d9fffff,2023,19,3,0,0.0286076111941513
8811aa78d9fffff,2023,20,1,0,0.0301816930596643
8811aa78d9fffff,2023,21,1,0,0.030559870247399427
8811aa78d9fffff,2023,22,1,0,0.028802516324066822
8811aa78d9fffff,2024,8,1,0,0.0251310362306523
8811aa78d9fffff,2024,10,1,0,0.023837268301360463
8811aa78d9fffff,2024,12,1,0,0.02664374498159279
8811aa78d9fffff,2024,14,2,0,0.025349977052300958
8811aa78d9fffff,2024,16,1,0,0.03050476664431212
8811aa78d9fffff,2024,17,1,0,0.02664948291814651
8811aa78d9fffff,2024,18,2,0,0.029169073396098796
8811aa78d9fffff,2024,19,1,0,0.027240862990976576
8811aa78dbfffff,2022,10,3,1,0.030691966670410308
8811aa78dbfffff,2022,12,1,0,0.03213169514746792
8811aa78dbfffff,2022,15,1,0,0.03326622671067329
8811aa78dbfffff,2023,7,1,0,0.02935162103369642
8811aa78dbfffff,2023,8,1,0,0.028867054698782094
8811aa78dbfffff,2023,12,1,0,0.03213169514746792
8811aa78dbfffff,2023,17,1,0,0.03453511166233406
8811aa78dbfffff,2023,20,1,0,0.033106990344586834
8811aa78dbfffff,2024,12,2,0,0.031362899283182144
8811aa78dbfffff,2024,14,1,0,0.03340058009912869
8811aa78dbfffff,2024,15,1,0,0.031216104405911205
8811aa78dbfffff,2024,19,1,0,0.03272881315685171
8811aa78dbfffff,2024,20,1,0,0.03566964322553943
8811aa78ddfffff,2022,3,1,1,0.011536898113424588
8811aa78ddfffff,2022,12,1,0,0.015190875911986527
8811aa78ddfffff,2022,17,1,0,0.01656923127447163
8811aa78ddfffff,2022,20,1,0,0.018001953444693748
8811aa78ddfffff,2023,1,1,0,0.008730421433192258
8811aa78ddfffff,2023,6,1,1,0.012409282209385263
8811aa78ddfffff,2023,14,3,0,0.015434699711266256
8811aa78ddfffff,2023,18,3,1,0.016264034360619392
8811aa78ddfffff,2023,19,2,0,0.017325585649941872
8811aa78ddfffff,2023,20,1,1,0.018216293413867515
8811aa78ddfffff,2023,21,1,0,0.01619679202329022
8811aa78ddfffff,2023,22,1,0,0.01683711667827004
8811aa78ddfffff,2024,1,1,0,0.01078054373795434
8811aa78ddfffff,2024,2,1,0,0.011158720925689465
8811aa78ddfffff,2024,9,1,0,0.011658665770468734
8811aa78ddfffff,2024,17,1,0,0.01656923127447163
8811aa78ddfffff,2024,19,1,0,0.017325585649941872
8811aa78ddfffff,2024,20,1,0,0.01924135456624856
8811aa78ddfffff,2024,21,2,1,0.018850735889697903
8811aa78ddfffff,2024,23,1,0,0.019265416170767245
8811aa78e1fffff,2022,10,1,0,0.06268543513780556
8811aa78e1fffff,2022,11,1,0,0.06306361232554068
8811aa78e1fffff,2022,16,1,0,0.06700462056897837
8811aa78e1fffff,2022,17,1,0,0.06533267545195143
8811aa78e1fffff,2022,18,1,0,0.06587582694232673
8811aa78e1fffff,2022,20,1,0,0.06646720701515679
8811aa78e1fffff,2022,22,1,0,0.06953583116263383
8811aa78e1fffff,2023,0,1,0,0.05916581072769901
8811aa78e1fffff,2023,9,1,0,0.06230725795007044
8811aa78e1fffff,2023,12,1,0,0.06600444239422841
8811aa78e1fffff,2023,13,1,0,0.0639849410036511
8811aa78e1fffff,2023,17,1,0,0.06751867073399867
8811aa78e1fffff,2023,19,1,0,0.06608902982742167
8811aa78e1fffff,2024,2,1,0,0.062484817984121865
8811aa78e1fffff,2024,7,1,0,0.06513861760793382
8811aa78e1fffff,2024,8,1,0,0.06192908076233531
8811aa78e1fffff,2024,14,2,0,0.06537230034463547
8811aa78e1fffff,2024,15,1,0,0.06457632107648116
8811aa78e1fffff,2024,16,1,0,0.0675171511451689
8811aa78e1fffff,2024,17,1,0,0.06533267545195143
8811aa78e1fffff,2024,18,1,0,0.06776097494444863
8811aa78e1fffff,2024,19,1,0,0.06608902982742167
8811aa78e1fffff,2024,20,1,0,0.06851732931991887
8811aa78e1fffff,2024,23,1,0,0.06786388604560686
8811aa78e3fffff,2022,17,1,0,0.03294589358828348
8811aa78e3fffff,2022,18,3,0,0.03127394847125652
8811aa78e3fffff,2022,21,1,0,0.03445860233922397
8811aa78e3fffff,2022,22,1,0,0.0350989269942038
8811aa78e3fffff,2023,9,1,0,0.029920476086402484
8811aa78e3fffff,2023,11,1,0,0.030676830461872733
8811aa78e3fffff,2023,15,1,0,0.030139416908051147
8811aa78e3fffff,2023,17,1,0,0.03294589358828348
8811aa78e3fffff,2023,19,1,0,0.03370224796375373
8811aa78e3fffff,2024,13,2,0,0.03049061083628203
8811aa78e3fffff,2024,14,1,0,0.029761239720316024
8811aa78e3fffff,2024,16,2,0,0.03186685702490515
8811aa78e3fffff,2024,20,1,0,0.03408042515148885
8811aa78e3fffff,2024,22,1,0,0.035611457570394314
8811aa78e5fffff,2022,8,3,0,0.036494137805684605
8811aa78e5fffff,2022,9,1,0,0.03848135337838254
8811aa78e5fffff,2022,11,1,0,0.035649993720519156
8811aa78e5fffff,2022,12,1,0,0.03859082378920688
8811aa78e5fffff,2022,13,1,0,0.03845647040075148
8811aa78e5fffff,2022,14,1,0,0.038834647588486614
8811aa78e5fffff,2022,18,3,0,0.03966398223783974
8811aa78e5fffff,2023,7,1,0,0.034137284969578664
8811aa78e5fffff,2023,8,2,0,0.037334380326361646
8811aa78e5fffff,2023,9,2,0,0.03625745293684529
8811aa78e5fffff,2023,16,1,0,0.03959100196395685
8811aa78e5fffff,2023,19,1,0,0.04072553352716223
8811aa78e5fffff,2024,2,1,0,0.034558668802909816
8811aa78e5fffff,2024,8,1,0,0.03656558446207586
8811aa78e5fffff,2024,12,1,0,0.03807829321301636
8811aa78e5fffff,2024,15,1,0,0.03921282477622173
8811aa78e5fffff,2024,16,1,0,0.03959100196395685
8811aa78e5fffff,2024,17,3,0,0.03928580505010462
8811aa78e5fffff,2024,19,1,0,0.04072553352716223
8811aa78e5fffff,2024,20,1,0,0.04110371071489735
8811aa78e7fffff,2022,6,1,0,0.05641433423101319
8811aa78e7fffff,2022,10,1,0,0.05433932894862004
8811aa78e7fffff,2022,16,1,0,0.05660839207503079
8811aa78e7fffff,2022,20,2,0,0.060940018995019135
8811aa78e7fffff,2022,21,1,0,0.058962442923363334
8811aa78e7fffff,2022,22,1,0,0.059139602668686224
8811aa78e7fffff,2023,8,1,0,0.053718847550434955
8811aa78e7fffff,2023,9,1,0,0.05512208589055112
8811aa78e7fffff,2023,12,1,0,0.05539387393110704
8811aa78e7fffff,2023,15,1,0,0.05879286776824826
8811aa78e7fffff,2023,20,1,0,0.06017122313073336
8811aa78e7fffff,2024,1,1,0,0.051197881726248624
8811aa78e7fffff,2024,3,1,0,0.05260263965519455
8811aa78e7fffff,2024,14,1,0,0.05790216000432262
8811aa78e7fffff,2024,15,1,0,0.05623021488729566
8811aa78e7fffff,2024,17,1,1,0.05903669156752799
8811aa78e7fffff,2024,18,2,0,0.05838980760288207
8811aa78e7fffff,2024,21,1,0,0.058499278013706406
8811aa78e7fffff,2024,22,1,0,0.061702255549638825
8811aa78e9fffff,2022,0,1,0,0.055212433125869396
8811aa78e9fffff,2022,7,1,0,0.05670833779767469
8811aa78e9fffff,2022,10,1,0,0.05616940465502334
8811aa78e9fffff,2022,23,1,0,0.06134785556282464
8811aa78e9fffff,2023,3,1,0,0.0548093729605032
8811aa78e9fffff,2023,6,1,0,0.05670681820884492
8811aa78e9fffff,2023,8,2,0,0.056438111431934126
8811aa78e9fffff,2023,16,1,0,0.060488590086196156
8811aa78e9fffff,2024,9,1,0,0.05784134977205029
8811aa78e9fffff,2024,10,1,0,0.058732057535975934
8811aa78e9fffff,2024,12,1,0,0.058599223736350306
8811aa78e9fffff,2024,18,3,0,0.061244944461666416
8811aa78ebfffff,2022,10,1,0,0.02460557378701711
8811aa78ebfffff,2022,13,1,0,0.025740105350222482
8811aa78ebfffff,2022,14,1,0,0.026118282537957605
8811aa78ebfffff,2022,19,1,0,0.028009168476633227
8811aa78ebfffff,2022,20,2,0,0.028536440967876726
8811aa78ebfffff,2023,1,1,0,0.01957897856252379
8811aa78ebfffff,2023,14,1,0,0.026118282537957605
8811aa78ebfffff,2023,15,1,0,0.02803405145426429
8811aa78ebfffff,2023,19,1,0,0.028521699052823746
8811aa78ebfffff,2024,9,2,0,0.022177274294519905
8811aa78ebfffff,2024,13,1,0,0.02385495734810058
8811aa78ebfffff,2024,16,1,1,0.02687463691342785
8811aa78ebfffff,2024,18,4,0,0.02801538922104099
8811aa78edfffff,2022,9,1,0,0.041294935007224566
8811aa78edfffff,2022,14,1,0,0.040837508034121346
8811aa78edfffff,2022,17,1,1,0.043645504303183445
8811aa78edfffff,2022,18,1,0,0.04440033908982392
8811aa78edfffff,2022,22,1,0,0.04412507300324704
8811aa78edfffff,2023,14,1,0,0.04100248233676153
8811aa78edfffff,2023,15,1,0,0.04121568522185648
8811aa78edfffff,2023,17,1,0,0.044022161902088804
8811aa78edfffff,2023,18,1,0,0.04440033908982392
8811aa78edfffff,2023,22,1,0,0.04617519530800912
8811aa78edfffff,2024,1,1,0,0.038233474365571514
8811aa78edfffff,2024,18,1,0,0.04440033908982392
8811aa78edfffff,2024,19,1,0,0.04272839397279697
8811aa78edfffff,2024,21,1,0,0.04348474834826722
8811aa78edfffff,2024,22,2,1,0.04515013415562808
8811aa78edfffff,2024,23,1,0,0.04515165374445784
8811aa7901fffff,2022,1,1,0,0.04855420657695875
8811aa7901fffff,2022,7,2,0,0.05158618338850583
8811aa7901fffff,2022,11,2,0,0.05309889213944633
8811aa7901fffff,2022,12,1,0,0.05245200817480041
8811aa7901fffff,2022,13,1,0,0.054880307667297616
8811aa7901fffff,2022,16,1,0,0.055125651055407114
8811aa7901fffff,2022,19,1,0,0.05868696252227992
8811aa7901fffff,2023,11,1,0,0.05412395329182737
8811aa7901fffff,2023,12,1,0,0.05603972220813405
8811aa7901fffff,2023,15,1,0,0.057174253771339424
8811aa7901fffff,2023,19,1,0,0.05714937079370836
8811aa7901fffff,2023,21,1,0,0.05841825574536912
8811aa7901fffff,2024,7,1,0,0.05056112223612479
8811aa7901fffff,2024,9,1,1,0.05388012949254764
8811aa7901fffff,2024,11,1,0,0.05207383098706529
8811aa7901fffff,2024,12,2,0,0.05533886283249086
8811aa7901fffff,2024,17,1,0,0.056393016418238115
8811aa7903fffff,2022,0,2,0,0.024131038826782525
8811aa7903fffff,2022,7,1,0,0.028401279675805597
8811aa7903fffff,2022,9,2,0,0.028132572898894807
8811aa7903fffff,2022,12,1,0,0.030292165614481215
8811aa7903fffff,2022,15,1,0,0.029541549175564688
8811aa7903fffff,2022,21,1,0,0.03399395091111409
8811aa7903fffff,2022,22,1,0,0.03245093695695525
8811aa7903fffff,2022,23,1,0,0.03282911414469038
8811aa7903fffff,2023,0,1,0,0.024131038826782525
8811aa7903fffff,2023,1,1,0,0.024509216014517648
8811aa7903fffff,2023,2,1,0,0.026395883605469316
8811aa7903fffff,2023,7,1,0,0.026351157371043515
8811aa7903fffff,2023,8,1,0,0.026729334558778642
8811aa7903fffff,2023,15,2,0,0.031252919040911424
8811aa7903fffff,2023,19,1,1,0.031835877784357446
8811aa7903fffff,2023,21,1,0,0.03164563799933526
8811aa7903fffff,2024,7,1,0,0.026516131673683694
8811aa7903fffff,2024,11,1,1,0.03021217903376285
8811aa7903fffff,2024,13,2,0,0.029794376953343676
8811aa7903fffff,2024,15,2,0,0.031238368378233905
8811aa7903fffff,2024,16,2,0,0.030862300364360763
8811aa7903fffff,2024,18,1,0,0.030511106436129882
8811aa7905fffff,2022,1,1,0,0.06789436353791371
8811aa7905fffff,2022,12,1,0,0.07491671425943208
8811aa7905fffff,2022,14,2,0,0.07497220925925913
8811aa7905fffff,2022,16,1,0,0.07489183128180102
8811aa7905fffff,2022,17,2,0,0.07508167967008346
8811aa7905fffff,2022,18,1,0,0.07564818565727126
8811aa7905fffff,2022,19,1,0,0.07756395457357794
8811aa7905fffff,2022,22,1,0,0.07742304187545644
8811aa7905fffff,2023,11,1,0,0.07453853707169696
8811aa7905fffff,2023,14,1,0,0.07567306863490232
8811aa7905fffff,2023,16,1,0,0.07284170897703893
8811aa7905fffff,2023,19,2,0,0.07602636284500638
8811aa7905fffff,2024,9,1,0,0.07019446866289307
8811aa7905fffff,2024,11,1,0,0.07095082303836331
8811aa7905fffff,2024,14,1,0,0.07208535460156867
8811aa7905fffff,2024,18,1,0,0.07564818565727126
8811aa7905fffff,2024,21,2,0,0.07575765606809559
8811aa7907fffff,2022,0,1,0,0.019208675302524902
8811aa7907fffff,2022,7,1,0,0.022106298725616595
8811aa7907fffff,2022,8,1,0,0.02229923726953297
8811aa7907fffff,2022,10,1,0,0.022592426735346283
8811aa7907fffff,2022,15,1,0,0.02464828697666208
8811aa7907fffff,2022,17,1,0,0.025239667049492147
8811aa7907fffff,2022,22,1,0,0.02752857343269763
8811aa7907fffff,2023,0,1,0,0.019237776627879916
8811aa7907fffff,2023,2,1,0,0.019829156700709987
8811aa7907fffff,2023,6,1,0,0.02154288289406272
8811aa7907fffff,2023,7,1,0,0.02145789517214091
8811aa7907fffff,2023,11,1,1,0.025020726227843487
8811aa7907fffff,2023,19,1,0,0.026160995727602575
8811aa7907fffff,2023,20,1,0,0.02683736352235445
8811aa7907fffff,2023,21,1,0,0.026752375800432642
8811aa7907fffff,2023,22,2,0,0.028311919959660918
8811aa7907fffff,2024,5,1,0,0.02109956124120052
8811aa7907fffff,2024,13,1,0,0.026289611179504253
8811aa7907fffff,2024,15,2,0,0.02464828697666208
8811aa7907fffff,2024,18,1,0,0.02766796654198935
8811aa7907fffff,2024,19,1,0,0.025996021424962396
8811aa7909fffff,2022,13,1,0,0.035114351896463
8811aa7909fffff,2022,14,1,1,0.035278189115024366
8811aa7909fffff,2022,18,1,0,0.03700523783513863
8811aa7909fffff,2022,19,1,0,0.03687088444668323
8811aa7909fffff,2022,20,3,0,0.03724906163441836
8811aa7909fffff,2023,15,2,0,0.03510191040764748
8811aa7909fffff,2023,19,1,0,0.03687088444668323
8811aa7909fffff,2023,22,1,0,0.0363824154750114
8811aa7909fffff,2024,15,1,0,0.03535817569574274
8811aa7909fffff,2024,16,1,0,0.034847164708381985
8811aa7909fffff,2024,18,3,0,0.037221372352963855
8811aa7909fffff,2024,22,1,0,0.036217441172371224
8811aa790bfffff,2022,9,1,0,0.030948973246439818
8811aa790bfffff,2022,12,1,0,0.03238169541666194
8811aa790bfffff,2022,13,1,0,0.032461681997380316
8811aa790bfffff,2022,14,2,0,0.034377450913687005
8811aa790bfffff,2022,18,1,0,0.03246741993393403
8811aa790bfffff,2022,19,1,0,0.035243275699981584
8811aa790bfffff,2022,21,1,0,0.03578529010627805
8811aa790bfffff,2022,22,1,0,0.036127424154241125
8811aa790bfffff,2023,7,2,0,0.03019261887096957
8811aa790bfffff,2023,8,2,1,0.029545734906323652
8811aa790bfffff,2023,12,1,0,0.03259603538583571
8811aa790bfffff,2023,13,1,0,0.03399927372595187
8811aa790bfffff,2023,17,1,0,0.03397439074832081
8811aa790bfffff,2023,20,2,0,0.03506968881558188
8811aa790bfffff,2024,9,1,0,0.030948973246439818
8811aa790bfffff,2024,13,2,0,0.033230477861666094
8811aa790bfffff,2024,14,1,0,0.03283985918511544
8811aa790bfffff,2024,15,2,0,0.03321803637285056
8811aa790bfffff,2024,16,2,0,0.03265363955952474
8811aa790bfffff,2024,19,1,0,0.03473074512379106
8811aa790bfffff,2024,20,1,0,0.0330588000067641
8811aa790bfffff,2024,21,1,0,0.03548709949926131
8811aa790dfffff,2022,8,2,0,0.011021681215311909
8811aa790dfffff,2022,14,1,0,0.013034479053627392
8811aa790dfffff,2022,15,1,0,0.014950247969934077
8811aa790dfffff,2022,16,1,0,0.014303364005288161
8811aa790dfffff,2022,20,3,0,0.013982084969291805
8811aa790dfffff,2022,22,1,0,0.01632204402275308
8811aa790dfffff,2023,0,1,0,0.0061169978904584525
8811aa790dfffff,2023,1,1,0,0.006466073752838558
8811aa790dfffff,2023,9,2,0,0.009093470810189692
8811aa790dfffff,2023,16,1,0,0.01190568542697574
8811aa790dfffff,2023,17,2,0,0.013143949464451726
8811aa790dfffff,2023,19,2,0,0.014925364992303014
8811aa790dfffff,2023,21,1,0,0.01363159706301118
8811aa790dfffff,2024,0,1,0,0.008514676468770873
8811aa790dfffff,2024,8,4,0,0.0098228419261557
8811aa790dfffff,2024,17,1,0,0.014169010616832766
8811aa7911fffff,2022,7,2,0,0.05117335231884208
8811aa7911fffff,2022,21,1,0,0.05579607489684564
8811aa7911fffff,2022,22,1,0,0.056271425249185276
8811aa7911fffff,2023,8,1,0,0.05071479715364885
8811aa7911fffff,2023,10,1,0,0.05193431643877603
8811aa7911fffff,2023,11,1,0,0.0538994510216163
8811aa7911fffff,2023,12,1,0,0.052690670814246277
8811aa7911fffff,2023,18,1,0,0.054496569031000086
8811aa7911fffff,2023,19,1,0,0.055039720521375395
8811aa7911fffff,2023,20,1,0,0.05525292340647033
8811aa7911fffff,2024,8,1,0,0.050879771456289025
8811aa7911fffff,2024,10,2,0,0.05257869983282022
8811aa7911fffff,2024,11,1,0,0.0538994510216163
8811aa7911fffff,2024,12,1,0,0.05222750590458934
8811aa7911fffff,2024,13,3,0,0.05350519171173706
8811aa7911fffff,2024,14,1,0,0.05298386028005959
8811aa7911fffff,2024,16,2,0,0.05414690358358777
8811aa7911fffff,2024,17,2,0,0.055143452995646
8811aa7911fffff,2024,18,1,1,0.056546691335762164
8811aa7911fffff,2024,19,1,0,0.055039720521375395
8811aa7911fffff,2024,20,2,0,0.055417897709110514
8811aa7911fffff,2024,21,1,0,0.05768122289896754
8811aa7913fffff,2024,10,1,0,0.09980311876017069
8811aa7913fffff,2024,11,1,0,0.10018129594790581
8811aa7913fffff,2024,17,1,0,0.10450048137907864
8811aa7913fffff,2024,20,1,0,0.105635012942284
8811aa7915fffff,2023,17,1,0,0.12727861128517304
8811aa7917fffff,2022,9,1,0,0.0633582338919797
8811aa7917fffff,2022,10,1,0,0.06168628877495275
8811aa7917fffff,2022,13,1,0,0.0648709426429202
8811aa7917fffff,2022,14,1,0,0.06524911983065532
8811aa7917fffff,2022,16,1,0,0.06395535190136349
8811aa7917fffff,2022,22,1,0,0.06648656249501893
8811aa7917fffff,2023,3,1,0,0.059466170230691756
8811aa7917fffff,2023,8,1,0,0.0609299343994825
8811aa7917fffff,2023,10,1,0,0.06168628877495275
8811aa7917fffff,2023,11,1,0,0.06206446596268787
8811aa7917fffff,2023,13,1,0,0.06282082033815813
8811aa7917fffff,2023,15,1,0,0.06374214901626854
8811aa7917fffff,2023,16,1,0,0.06562881660722021
8811aa7917fffff,2023,18,1,0,0.06471170627683373
8811aa7917fffff,2023,19,2,0,0.06525485776720903
8811aa7917fffff,2023,21,1,0,0.06789636014480119
8811aa7917fffff,2023,23,1,0,0.06702971398539423
8811aa7917fffff,2024,8,1,0,0.0646535214101013
8811aa7917fffff,2024,12,1,0,0.06257851612770816
8811aa7917fffff,2024,13,1,0,0.0629857946407983
8811aa7917fffff,2024,16,1,0,0.06600547420612557
8811aa7917fffff,2024,19,1,0,0.06573828701804454
8811aa7917fffff,2024,20,1,0,0.065468060652304
8811aa7919fffff,2022,8,1,0,0.046580501365115164
8811aa7919fffff,2022,13,1,0,0.046586239301668886
8811aa7919fffff,2022,15,1,0,0.0507653334078326
8811aa7919fffff,2023,8,1,0,0.046580501365115164
8811aa7919fffff,2024,0,1,0,0.04344057373157351
8811aa7919fffff,2024,2,1,0,0.04252346340118704
8811aa7919fffff,2024,9,1,0,0.047636183431680995
8811aa7919fffff,2024,18,2,0,0.04839463808902442
8811aa7919fffff,2024,21,1,0,0.049446682500909694
8811aa7919fffff,2024,22,1,0,0.050251981458529695
8811aa791bfffff,2022,10,1,0,0.063209030713053
8811aa791bfffff,2022,12,1,0,0.06380041078588305
8811aa791bfffff,2022,15,1,0,0.06728325526086726
8811aa791bfffff,2022,20,1,0,0.06699080259040423
8811aa791bfffff,2022,22,1,0,0.06951779483633572
8811aa791bfffff,2023,0,1,0,0.06157455430506836
8811aa791bfffff,2023,5,1,0,0.06308878264483862
8811aa791bfffff,2023,7,1,0,0.06190952484720745
8811aa791bfffff,2023,12,1,0,0.06585053309064515
8811aa791bfffff,2023,13,2,0,0.0647736057011288
8811aa791bfffff,2023,16,2,0,0.06813203770587141
8811aa791bfffff,2023,18,3,0,0.06811959621705589
8811aa791bfffff,2023,19,1,0,0.07003536513336257
8811aa791bfffff,2023,20,1,0,0.06887595059252613
8811aa791bfffff,2024,1,1,0,0.060067583490681586
8811aa791bfffff,2024,8,2,0,0.06356902847541887
8811aa791bfffff,2024,9,1,0,0.06266587922267769
8811aa791bfffff,2024,11,1,0,0.06388539850780486
8811aa791bfffff,2024,13,1,0,0.0667412408545708
8811aa791bfffff,2024,14,1,0,0.06501993007101024
8811aa791bfffff,2024,18,1,0,0.06965718794562745
8811aa791bfffff,2024,19,1,0,0.068497773404791
8811aa791dfffff,2022,0,1,0,0.002050122304762081
8811aa791dfffff,2022,8,2,0,0.0030773396407848515
8811aa791dfffff,2022,9,1,0,0.0051915695271335
8811aa791dfffff,2022,10,1,0,0.005867937321885377
8811aa791dfffff,2022,12,3,0,0.004385961654003577
8811aa791dfffff,2022,15,1,0,0.007596505630829406
8811aa791dfffff,2022,16,1,0,0.008351340417469886
8811aa791dfffff,2022,17,1,0,0.008216987029014492
8811aa791dfffff,2022,19,1,0,0.007088193402362838
8811aa791dfffff,2022,20,1,0,0.007599586894474535
8811aa791dfffff,2022,23,1,0,0.008863049620548031
8811aa791dfffff,2023,0,2,0,0.0012566436072095066
8811aa791dfffff,2023,4,1,0,0.0034843640638139695
8811aa791dfffff,2023,7,1,0,0.0023850928469011713
8811aa791dfffff,2023,13,2,0,0.004736643124632004
8811aa791dfffff,2023,15,2,0,0.005559605652290539
8811aa791dfffff,2023,16,1,0,0.005788687536517286
8811aa791dfffff,2023,17,2,0,0.006331839026892589
8811aa791dfffff,2023,20,1,0,0.007437269264742944
8811aa791dfffff,2023,22,1,0,0.008319898130172726
8811aa791dfffff,2024,8,1,0,0.0027632700346362955
8811aa791dfffff,2024,11,1,0,0.005947923902603748
8811aa791dfffff,2024,12,1,0,0.007863692818910431
8811aa791dfffff,2024,13,2,0,0.0048045796132745846
8811aa791dfffff,2024,15,2,0,0.006247242701710523
8811aa791dfffff,2024,16,1,0,0.005953661839157466
8811aa791dfffff,2024,18,1,0,0.006545041911987535
8811aa791dfffff,2024,19,1,0,0.007088193402362838
8811aa791dfffff,2024,20,1,0,0.007599586894474535
8811aa7921fffff,2022,13,1,0,0.056621734073276093
8811aa7921fffff,2022,19,1,1,0.058890797199686845
8811aa7921fffff,2023,6,1,0,0.05359783616022488
8811aa7921fffff,2023,13,1,0,0.05486980237553077
8811aa7921fffff,2023,14,1,0,0.05511476325888932
8811aa7921fffff,2023,16,2,0,0.055788630483039475
8811aa7921fffff,2023,22,2,0,0.058319841076694925
8811aa7921fffff,2024,5,1,0,0.05296927586354393
8811aa7921fffff,2024,7,1,0,0.05246752294474346
8811aa7921fffff,2024,10,1,0,0.05548720251007073
8811aa7921fffff,2024,12,1,0,0.05435840888341908
8811aa7921fffff,2024,14,1,0,0.05511476325888932
8811aa7921fffff,2024,15,1,0,0.05891568017731791
8811aa7921fffff,2024,17,1,0,0.05813444282421659
8811aa7921fffff,2024,23,1,0,0.059776465242776154
8811aa7923fffff,2022,10,1,0,0.07064924740905537
8811aa7923fffff,2023,18,1,0,0.07200120020507965
8811aa7923fffff,2024,16,1,0,0.07329496813437149
8811aa7925fffff,2023,0,1,0,0.03932386930952905
8811aa7925fffff,2023,14,1,0,0.044356202470576096
8811aa7925fffff,2023,16,1,0,0.04716267915080843
8811aa7925fffff,2023,22,1,1,0.047643767439701785
8811aa7925fffff,2024,7,1,0,0.042007152763446985
8811aa7925fffff,2024,9,1,0,0.04246531653190048
8811aa7925fffff,2024,20,1,0,0.04662526559698684
8811aa7927fffff,2024,16,2,0,0.15568820673829945
8811aa7929fffff,2022,7,1,0,0.0495434731509028
8811aa7929fffff,2022,8,1,0,0.04992165033863792
8811aa7929fffff,2022,9,1,0,0.04824970522161096
8811aa7929fffff,2022,11,2,0,0.05182497776612907
8811aa7929fffff,2022,18,1,0,0.05181827421386726
8811aa7929fffff,2023,5,1,0,0.04904926624267725
8811aa7929fffff,2023,10,1,0,0.04862788240934609
8811aa7929fffff,2023,11,1,0,0.052593773630414856
8811aa7929fffff,2023,17,2,0,0.05435030618063508
8811aa7929fffff,2023,18,2,0,0.05370342221598916
8811aa7929fffff,2023,19,1,0,0.05437979001074104
8811aa7929fffff,2023,20,1,0,0.05240965428669733
8811aa7929fffff,2023,22,1,0,0.05342815612941228
8811aa7929fffff,2024,11,1,0,0.051056181901843294
8811aa7929fffff,2024,13,1,0,0.05181253627731354
8811aa7929fffff,2024,14,1,0,0.052190713465048666
8811aa7929fffff,2024,15,1,0,0.050518768348021714
8811aa7929fffff,2024,17,1,0,0.05332524502825404
8811aa792bfffff,2022,2,1,0,0.045399586382389986
8811aa792bfffff,2022,7,1,0,0.04702832485382091
8811aa792bfffff,2022,8,1,0,0.048188121899408284
8811aa792bfffff,2022,12,1,0,0.04875423648985635
8811aa792bfffff,2022,21,1,0,0.052157831179472466
8811aa792bfffff,2023,5,1,0,0.04653411794559536
8811aa792bfffff,2023,9,1,0,0.050182357807603585
8811aa792bfffff,2023,12,2,0,0.049068306096004904
8811aa792bfffff,2023,13,1,0,0.04929738798023165
8811aa792bfffff,2023,16,2,0,0.05043191954343702
8811aa792bfffff,2023,21,2,0,0.052157831179472466
8811aa792bfffff,2023,22,1,0,0.052963130137092466
8811aa792bfffff,2024,3,1,0,0.04626119282096061
8811aa792bfffff,2024,6,1,0,0.04883348627522444
8811aa792bfffff,2024,8,1,0,0.04740650204155603
8811aa792bfffff,2024,11,1,0,0.048541033604761405
8811aa792bfffff,2024,17,1,0,0.053207775309484576
8811aa792dfffff,2022,1,1,0,0.027479911191303105
8811aa792dfffff,2022,3,1,0,0.02777310065711642
8811aa792dfffff,2022,9,1,0,0.03183013862104456
8811aa792dfffff,2022,12,2,0,0.032844277873439826
8811aa792dfffff,2022,15,1,0,0.034099201747455295
8811aa792dfffff,2022,16,1,0,0.03447737893519042
8811aa792dfffff,2022,18,2,0,0.033348585308538764
8811aa792dfffff,2022,20,1,0,0.033939965381368835
8811aa792dfffff,2023,0,1,0,0.02710173400356798
8811aa792dfffff,2023,1,1,0,0.02718172058428635
8811aa792dfffff,2023,2,1,0,0.027559897772021478
8811aa792dfffff,2023,4,1,0,0.028316252147491724
8811aa792dfffff,2023,7,2,1,0.029860394293740582
8811aa792dfffff,2023,8,1,0,0.029566813431187524
8811aa792dfffff,2023,11,1,0,0.030701344994392893
8811aa792dfffff,2023,12,3,0,0.03162675775132572
8811aa792dfffff,2023,14,1,0,0.035394489265576895
8811aa792dfffff,2023,15,1,0,0.03204907944269322
8811aa792dfffff,2023,17,1,0,0.032970408120803645
8811aa792dfffff,2023,18,1,0,0.03318361100589858
8811aa792dfffff,2023,19,2,0,0.035611910498395793
8811aa792dfffff,2023,22,1,0,0.03693012253695725
8811aa792dfffff,2023,23,1,0,0.0378992972927715
8811aa792dfffff,2024,1,2,0,0.027340948058384013
8811aa792dfffff,2024,6,1,0,0.028810459055717275
8811aa792dfffff,2024,8,1,0,0.029566813431187524
8811aa792dfffff,2024,9,1,0,0.029780016316282465
8811aa792dfffff,2024,10,3,0,0.03111269355764357
8811aa792dfffff,2024,11,1,0,0.030834561298769467
8811aa792dfffff,2024,13,2,0,0.03145769936986314
8811aa792dfffff,2024,14,2,0,0.03404522633645801
8811aa792dfffff,2024,16,1,0,0.0325631296077135
8811aa792dfffff,2024,18,2,0,0.03420867215827962
8811aa792dfffff,2024,19,2,0,0.03542358169894311
8811aa792dfffff,2024,21,1,0,0.034483116871744136
8811aa7931fffff,2022,4,1,0,0.02768236384727432
8811aa7931fffff,2022,10,1,0,0.030792807650710012
8811aa7931fffff,2023,13,1,0,0.029877216909153303
8811aa7931fffff,2023,15,1,0,0.030633571284623552
8811aa7931fffff,2024,16,2,0,0.031011748472358675
8811aa7933fffff,2022,18,1,0,0.059684937523231
8811aa7933fffff,2022,21,1,0,0.06084857041179139
8811aa7933fffff,2023,5,1,0,0.05489490857263393
8811aa7933fffff,2023,11,1,0,0.057066798534440154
8811aa7933fffff,2023,14,1,0,0.06008647809976743
8811aa7933fffff,2023,17,1,0,0.0612210096629728
8811aa7933fffff,2023,18,1,0,0.059549064545945836
8811aa7933fffff,2023,21,1,1,0.06273371841391329
8811aa7933fffff,2024,8,3,0,0.05850078907494404
8811aa7933fffff,2024,13,1,0,0.0597083009120323
8811aa7933fffff,2024,14,1,0,0.058201330097645526
8811aa7933fffff,2024,19,1,0,0.06197736403844305
8811aa7933fffff,2024,23,1,0,0.06337556265772289
8811aa7935fffff,2022,9,1,0,0.058590151866423267
8811aa7935fffff,2022,13,1,0,0.05959033004117324
8811aa7935fffff,2022,15,1,0,0.060346684416643495
8811aa7935fffff,2022,16,1,0,0.058674739299616537
8811aa7935fffff,2022,18,1,0,0.06148121597984887
8811aa7935fffff,2022,19,1,0,0.06010746146983866
8811aa7935fffff,2023,14,2,0,0.059025933227847424
8811aa7935fffff,2023,20,1,0,0.06048563865757379
8811aa7935fffff,2024,9,3,0,0.05726869465567694
8811aa7935fffff,2024,11,1,0,0.05708204396795767
8811aa7937fffff,2022,4,1,0,0.02865256838021648
8811aa7937fffff,2022,7,1,1,0.03187326538795599
8811aa7937fffff,2022,16,1,0,0.03292854716579328
8811aa7937fffff,2022,17,1,0,0.0333067243535284
8811aa7937fffff,2023,0,1,0,0.029189981934038066
8811aa7937fffff,2023,11,1,0,0.03249678596380061
8811aa7937fffff,2023,18,1,0,0.0357350238460256
8811aa7937fffff,2023,19,1,0,0.03422805303163883
8811aa7937fffff,2023,20,1,0,0.03460623021937395
8811aa7937fffff,2024,1,1,0,0.028166440370486795
8811aa7937fffff,2024,2,1,0,0.028032086982031395
8811aa7937fffff,2024,8,1,0,0.031953251968674365
8811aa7937fffff,2024,9,1,0,0.031954771557504126
8811aa7937fffff,2024,10,2,0,0.03098368581612037
8811aa7937fffff,2024,12,1,0,0.03141583841485278
8811aa7937fffff,2024,14,2,0,0.033197253942704064
8811aa7937fffff,2024,15,2,0,0.03391418356985454
8811aa7937fffff,2024,16,2,0,0.034978669470555356
8811aa7937fffff,2024,17,2,0,0.03491225257074254
8811aa7937fffff,2024,18,1,0,0.03368490154126352
8811aa7939fffff,2022,7,1,0,0.027904031879836283
8811aa7939fffff,2023,10,1,0,0.026988441138279574
8811aa793bfffff,2022,10,1,0,0.06430273882489694
8811aa793bfffff,2022,14,1,0,0.06735303930440899
8811aa793bfffff,2022,17,1,0,0.06489985683428073
8811aa793bfffff,2022,18,1,0,0.06732815632677792
8811aa793bfffff,2023,6,1,0,0.06073990776919438
8811aa793bfffff,2023,8,1,0,0.061496262144664623
8811aa793bfffff,2023,13,1,0,0.06355212238598042
8811aa793bfffff,2023,16,2,0,0.06554674079892664
8811aa793bfffff,2023,17,1,0,0.06489985683428073
8811aa793bfffff,2024,0,1,0,0.058897966412668507
8811aa793bfffff,2024,8,1,0,0.061496262144664623
8811aa793bfffff,2024,13,1,0,0.06543727038810232
8811aa793bfffff,2024,14,1,0,0.0640635158780921
8811aa793bfffff,2024,16,1,0,0.06657180195130769
8811aa793bfffff,2024,17,3,0,0.06677913561364597
8811aa793bfffff,2024,22,1,0,0.06735108084721779
8811aa793dfffff,2022,10,1,0,0.053128431248823785
8811aa793dfffff,2022,13,1,0,0.0558499202071343
8811aa793dfffff,2023,12,1,0,0.054070024268112776
8811aa793dfffff,2023,18,1,0,0.05569068384104784
8811aa7941fffff,2022,4,1,0,0.05646962502128652
8811aa7941fffff,2022,5,1,0,0.055260844813916486
8811aa7941fffff,2022,16,2,0,0.05877796865342132
8811aa7941fffff,2022,18,1,0,0.05945183587757147
8811aa7941fffff,2022,19,1,0,0.05999498736794678
8811aa7941fffff,2022,23,1,0,0.06365499158825387
8811aa7941fffff,2023,12,1,0,0.057347747053800906
8811aa7941fffff,2024,7,1,0,0.057342009117247184
8811aa7941fffff,2024,8,1,0,0.05567006400022023
8811aa7941fffff,2024,13,1,1,0.05756094993889585
8811aa7941fffff,2024,14,2,0,0.058253196732779525
8811aa7941fffff,2024,15,1,0,0.06036742661912818
8811aa7941fffff,2024,21,1,0,0.06058636744077684
8811aa7943fffff,2022,10,1,0,0.0501440645429653
8811aa7943fffff,2022,11,1,0,0.05205983345927198
8811aa7943fffff,2022,14,2,1,0.05191303858200105
8811aa7943fffff,2022,17,1,0,0.052414647258205806
8811aa7943fffff,2022,20,1,0,0.053925836420316536
8811aa7943fffff,2023,12,2,1,0.05086118542249124
8811aa7943fffff,2023,17,1,0,0.050741182552349086
8811aa7943fffff,2023,18,1,0,0.051119359740084205
8811aa7943fffff,2023,19,1,0,0.051662511230459514
8811aa7943fffff,2023,20,1,0,0.0554634281488881
8811aa7943fffff,2024,9,1,0,0.047715765050468095
8811aa7943fffff,2024,13,1,0,0.051278596106170665
8811aa7943fffff,2024,15,1,0,0.04998482817687884
8811aa7943fffff,2024,16,1,0,0.05257810197201622
8811aa7943fffff,2024,19,1,0,0.05354765923258142
8811aa7943fffff,2024,23,1,0,0.0553225154507666
8811aa7947fffff,2022,14,1,0,0.04682957460677607
8811aa7947fffff,2022,20,1,0,0.046402768547857645
8811aa7947fffff,2023,7,1,0,0.04145736378194602
8811aa7947fffff,2023,8,1,0,0.0433731326982527
8811aa7947fffff,2023,23,1,0,0.047634473275667534
8811aa7947fffff,2024,8,1,0,0.041699667992395974
8811aa7947fffff,2024,16,1,1,0.04472508549427697
8811aa7947fffff,2024,17,1,0,0.04677672738786881
8811aa7947fffff,2024,22,1,0,0.04725629608793241
8811aa7949fffff,2022,0,1,0,0.027232653763479105
8811aa7949fffff,2022,2,1,0,0.026480517735732814
8811aa7949fffff,2022,7,1,0,0.028109256207163733
8811aa7949fffff,2022,14,1,0,0.030591522218669422
8811aa7949fffff,2022,16,1,0,0.031347876594139665
8811aa7949fffff,2022,18,1,0,0.032104230969609925
8811aa7949fffff,2022,19,1,0,0.03453253046210712
8811aa7949fffff,2023,11,1,0,0.03150711296022613
8811aa7949fffff,2023,12,1,0,0.029835167843199176
8811aa7949fffff,2023,15,1,1,0.03301982171116664
8811aa7949fffff,2023,16,1,0,0.03339799889890176
8811aa7949fffff,2023,17,1,0,0.0317260537818748
8811aa7949fffff,2023,20,2,0,0.03388564649746121
8811aa7949fffff,2023,23,1,0,0.03425726437553024
8811aa7949fffff,2024,0,1,0,0.027609311362384464
8811aa7949fffff,2024,11,2,0,0.02986367958352198
8811aa7949fffff,2024,14,1,0,0.03331914940226221
8811aa7949fffff,2024,15,1,0,0.030969699406404545
8811aa7949fffff,2024,18,1,0,0.034154353274372
8811aa7949fffff,2024,19,2,0,0.03256489530866513
8811aa7949fffff,2024,20,1,0,0.03491070764984225
8811aa794bfffff,2022,0,1,0,0.007953220550021097
8811aa794bfffff,2022,11,1,0,0.011851022147862763
8811aa794bfffff,2022,12,1,0,0.010179077030835806
8811aa794bfffff,2022,14,1,0,0.011100405708946234
8811aa794bfffff,2022,18,2,0,0.01347320130962759
8811aa794bfffff,2022,19,1,0,0.012991291647621854
8811aa794bfffff,2022,20,2,0,0.015254616837478878
8811aa794bfffff,2022,21,2,0,0.015781889328722376
8811aa794bfffff,2023,8,1,0,0.010716490584657394
8811aa794bfffff,2023,12,2,0,0.010261564182155895
8811aa794bfffff,2023,14,1,0,0.011100405708946234
8811aa794bfffff,2023,15,2,1,0.01242115689774231
8811aa794bfffff,2023,17,1,0,0.012069962969511426
8811aa794bfffff,2023,19,1,0,0.014876439649743755
8811aa794bfffff,2023,20,1,0,0.013369468835356979
8811aa794bfffff,2023,21,2,0,0.01640158988949978
8811aa794bfffff,2024,0,1,1,0.007953220550021097
8811aa794bfffff,2024,9,1,0,0.009044545467630435
8811aa794bfffff,2024,10,1,0,0.009422722655365558
8811aa794bfffff,2024,12,3,0,0.0110882860920334
8811aa794bfffff,2024,16,2,1,0.012716846934157342
8811aa794bfffff,2024,19,2,0,0.012826317344981674
8811aa794bfffff,2024,21,1,0,0.015632794025214003
8811aa794dfffff,2022,18,1,0,0.0418763494650642
8811aa794dfffff,2023,10,1,0,0.03717746725732648
8811aa794dfffff,2024,13,1,0,0.039472932950198054
8811aa7951fffff,2022,6,1,0,0.009649711415784294
8811aa7951fffff,2022,14,2,0,0.014807738373747457
8811aa7951fffff,2022,15,1,0,0.015103428410162491
8811aa7951fffff,2022,16,1,0,0.013431483293135534
8811aa7951fffff,2022,19,1,0,0.016616137161102988
8811aa7951fffff,2023,11,1,0,0.011540597354459914
8811aa7951fffff,2023,14,1,0,0.014725251222427366
8811aa7951fffff,2023,18,1,0,0.01623795997336786
8811aa7951fffff,2023,20,2,0,0.01605174034777716
8811aa7951fffff,2024,1,1,0,0.009694437650210093
8811aa7951fffff,2024,8,1,0,0.012456188096016625
8811aa7951fffff,2024,13,1,0,0.014347074034692243
8811aa7951fffff,2024,14,1,0,0.012675128917665285
8811aa7951fffff,2024,17,1,0,0.013809660480870657
8811aa7951fffff,2024,21,1,0,0.017885022112763754
8811aa7953fffff,2022,14,2,0,0.04634785406009202
8811aa7953fffff,2023,14,1,0,0.04816639391002563
8811aa7953fffff,2023,15,1,0,0.04854457109776076
8811aa7953fffff,2023,16,1,0,0.0468726259807338
8811aa7953fffff,2024,7,1,0,0.04551915359587977
8811aa7953fffff,2024,9,1,0,0.04678803854754053
8811aa7953fffff,2024,14,1,0,0.04816639391002563
8811aa7953fffff,2024,19,1,0,0.05005727984870125
8811aa7955fffff,2022,11,2,0,0.026258546765691032
8811aa7955fffff,2022,12,2,0,0.027579297954487107
8811aa7955fffff,2022,16,1,0,0.028231919855686745
8811aa7955fffff,2022,18,1,0,0.028823299928516812
8811aa7955fffff,2022,20,1,0,0.03162977660874914
8811aa7955fffff,2023,8,2,0,0.02606658920354661
8811aa7955fffff,2023,11,1,0,0.028226181919133026
8811aa7955fffff,2023,13,1,0,0.02949506687079379
8811aa7955fffff,2023,14,1,0,0.029360713482338395
8811aa7955fffff,2023,18,1,0,0.03087342223327889
8811aa7955fffff,2024,11,1,0,0.028226181919133026
8811aa7955fffff,2024,12,1,0,0.026554236802106067
8811aa7955fffff,2024,14,1,1,0.029658904089355148
8811aa7955fffff,2024,15,1,0,0.027688768365311436
8811aa7955fffff,2024,16,1,0,0.030117067857808644
8811aa7955fffff,2024,18,1,0,0.03087342223327889
8811aa7955fffff,2024,22,1,0,0.03316080902765461
8811aa7957fffff,2022,8,1,1,0.018863246039582643
8811aa7957fffff,2022,10,2,0,0.020456332767981256
8811aa7957fffff,2022,12,1,0,0.018788997395417992
8811aa7957fffff,2022,16,2,0,0.020863602389082594
8811aa7957fffff,2022,18,1,0,0.024182609645505445
8811aa7957fffff,2023,8,1,0,0.01681312373482056
8811aa7957fffff,2023,9,1,0,0.017356275225195866
8811aa7957fffff,2023,10,2,0,0.019445822278277722
8811aa7957fffff,2023,11,1,0,0.019997777602788015
8811aa7957fffff,2023,14,1,0,0.02266990089456495
8811aa7957fffff,2023,15,1,0,0.021133828754823156
8811aa7957fffff,2023,17,1,0,0.022266840729198763
8811aa7957fffff,2023,19,1,0,0.020973072799906928
8811aa7957fffff,2023,21,1,0,0.021894401478017352
8811aa7957fffff,2024,13,2,0,0.019729070825877222
8811aa7957fffff,2024,16,1,0,0.019838541236701555
8811aa7957fffff,2024,18,1,0,0.023157548493124406
8811aa7957fffff,2024,19,1,0,0.023023195104669006
8811aa7957fffff,2024,21,1,0,0.021894401478017352
8811aa7959fffff,2022,8,3,0,0.027343547050385265
8811aa7959fffff,2022,10,1,0,0.028441588476649196
8811aa7959fffff,2022,14,1,0,0.030979358379970734
8811aa7959fffff,2023,17,2,0,0.02852617590984246
8811aa7959fffff,2023,18,3,0,0.030271101300752307
8811aa7959fffff,2023,19,1,0,0.02928253028531271
8811aa7959fffff,2024,7,1,0,0.024744404032491223
8811aa7959fffff,2024,9,1,0,0.02550075840796147
8811aa7959fffff,2024,11,1,0,0.02881976566438432
8811aa7959fffff,2024,16,1,0,0.02982146342796406
8811aa7959fffff,2024,17,3,0,0.02976737158004873
8811aa7959fffff,2024,21,1,0,0.032089006965545036
8811aa795bfffff,2022,1,1,0,0.034958002136328416
8811aa795bfffff,2022,5,1,0,0.037681010683468706
8811aa795bfffff,2022,8,1,0,0.03855339477942938
8811aa795bfffff,2022,9,1,0,0.037423081563947955
8811aa795bfffff,2022,10,1,0,0.041223998482376546
8811aa795bfffff,2022,12,1,0,0.040955291705465746
8811aa795bfffff,2022,15,1,0,0.0415772926924806
8811aa795bfffff,2022,16,2,0,0.03998783472677374
8811aa795bfffff,2022,18,1,0,0.04066170195092389
8811aa795bfffff,2022,21,1,0,0.04384635581889135
8811aa795bfffff,2023,1,1,0,0.03465981152931166
8811aa795bfffff,2023,3,1,0,0.03671031633882469
8811aa795bfffff,2023,7,1,0,0.03855187519059961
8811aa795bfffff,2023,10,1,0,0.039686406753804984
8811aa795bfffff,2023,13,2,0,0.04107720360510561
8811aa795bfffff,2023,15,1,0,0.0415772926924806
8811aa795bfffff,2023,19,1,0,0.04150304404831595
8811aa795bfffff,2024,0,2,0,0.03616678234369844
8811aa795bfffff,2024,9,1,0,0.039308229566069865
8811aa795bfffff,2024,11,1,0,0.04176714997275185
8811aa795bfffff,2024,14,1,0,0.04273670723331704
8811aa795bfffff,2024,17,1,0,0.042333647067950855
8811aa795bfffff,2024,18,1,0,0.042711824255685975
8811aa795bfffff,2024,21,2,0,0.04187872066544936
8811aa795bfffff,2024,22,2,0,0.043461619321490126
8811aa795dfffff,2022,10,1,0,0.02317707582803645
8811aa795dfffff,2022,16,2,0,0.026306225804188055
8811aa795dfffff,2022,18,2,0,0.026037519027277262
8811aa795dfffff,2022,22,1,0,0.027812375245462453
8811aa795dfffff,2022,23,1,0,0.02819055243319758
8811aa795dfffff,2023,9,1,0,0.025196577218613746
8811aa795dfffff,2023,13,1,0,0.026196755393363722
8811aa795dfffff,2023,14,1,0,0.027087463157289365
8811aa795dfffff,2023,16,3,0,0.026873747814591967
8811aa795dfffff,2023,18,1,0,0.02808764133203934
8811aa795dfffff,2023,19,1,0,0.026415696215012385
8811aa795dfffff,2023,20,1,0,0.02695884770538769
8811aa795dfffff,2024,1,1,0,0.021329779039707807
8811aa795dfffff,2024,4,1,0,0.021170160168870404
8811aa795dfffff,2024,9,1,0,0.02498223724943998
8811aa795dfffff,2024,18,1,0,0.02808764133203934
8811aa795dfffff,2024,22,1,0,0.027812375245462453
8811aa7961fffff,2024,0,1,0,0.11116870006993065
8811aa7963fffff,2022,7,1,0,0.004435215151663252
8811aa7963fffff,2022,8,1,0,0.004813392339398376
8811aa7963fffff,2022,14,1,0,0.00862004719438068
8811aa7963fffff,2022,16,1,0,0.007838809841279366
8811aa7963fffff,2022,17,1,1,0.008515177636031244
8811aa7963fffff,2022,18,1,0,0.008595164216749615
8811aa7963fffff,2022,20,1,0,0.009351518592219863
8811aa7963fffff,2022,22,1,0,0.00999336283602945
8811aa7963fffff,2023,1,1,0,0.0020516418935918467
8811aa7963fffff,2023,10,1,0,0.003519624410106543
8811aa7963fffff,2023,16,1,0,0.005788687536517286
8811aa7963fffff,2023,18,1,0,0.008595164216749615
8811aa7963fffff,2023,20,1,0,0.009351518592219863
8811aa7963fffff,2023,22,1,0,0.008319898130172726
8811aa7963fffff,2024,8,1,0,0.004813392339398376
8811aa7963fffff,2024,10,2,0,0.0050572161386781035
8811aa7963fffff,2024,13,1,0,0.004819130275952093
8811aa7963fffff,2024,14,1,0,0.008755920171665842
8811aa7963fffff,2024,15,2,0,0.0057347121255200036
8811aa7963fffff,2024,17,2,0,0.007448191164728711
8811aa7963fffff,2024,19,1,0,0.0069232190997226585
8811aa7963fffff,2024,20,1,0,0.0074663705900979635
8811aa7963fffff,2024,21,3,0,0.009900539305351825
8811aa7963fffff,2024,23,1,0,0.00869807531790785
8811aa7965fffff,2022,19,1,0,0.06562660468413457
8811aa7965fffff,2023,6,1,0,0.060710301243577965
8811aa7965fffff,2023,8,1,0,0.06351677792381029
8811aa7965fffff,2023,16,1,0,0.06654219542569127
8811aa7965fffff,2023,20,1,0,0.0660047818718697
8811aa7965fffff,2024,9,1,0,0.06389495511154542
8811aa7965fffff,2024,15,1,0,0.06770160996652771
8811aa7965fffff,2024,17,1,0,0.06692037261342641
8811aa7965fffff,2024,19,1,0,0.06818925756508716
8811aa7967fffff,2022,7,1,0,0.03045051623275658
8811aa7967fffff,2022,12,1,0,0.03387899390000376
8811aa7967fffff,2022,14,1,0,0.03477122125275917
8811aa7967fffff,2022,16,1,0,0.031968962920250796
8811aa7967fffff,2022,17,1,0,0.03423228811010782
8811aa7967fffff,2022,19,1,0,0.03498864248557807
8811aa7967fffff,2022,22,2,0,0.03715411738031392
8811aa7967fffff,2023,7,1,0,0.02856536823063468
8811aa7967fffff,2023,8,2,0,0.03166542577342006
8811aa7967fffff,2023,14,1,0,0.03220856837180657
8811aa7967fffff,2023,18,1,0,0.03512299587403347
8811aa7967fffff,2023,19,2,0,0.03498864248557807
8811aa7967fffff,2024,15,1,0,0.03159078573251567
8811aa7967fffff,2024,16,1,0,0.03296492274727682
8811aa7967fffff,2024,18,2,1,0.033816986600290366
8811aa7967fffff,2024,19,1,0,0.03666210719143479
8811aa7967fffff,2024,22,2,0,0.03517193156419442
8811aa796bfffff,2022,12,1,0,0.05001089832897891
8811aa796bfffff,2023,12,1,0,0.047960776024216834
8811aa796bfffff,2023,14,1,0,0.04871713039968708
8811aa796bfffff,2024,10,1,0,0.04976707452969919
8811aa796bfffff,2024,20,1,0,0.053548846407050425
8811aa7981fffff,2022,10,1,0,0.03937743902913923
8811aa7981fffff,2022,16,1,0,0.04062144100316893
8811aa7981fffff,2022,19,1,0,0.04137931496746895
8811aa7981fffff,2022,22,1,0,0.04264012102063385
8811aa7981fffff,2023,8,2,0,0.03503337062033535
8811aa7981fffff,2023,11,1,0,0.0382180244883028
8811aa7981fffff,2023,12,1,0,0.03859620167603792
8811aa7981fffff,2023,14,1,0,0.037302433746746085
8811aa7981fffff,2023,15,2,0,0.03870567208686225
8811aa7981fffff,2023,17,1,0,0.04048708761471354
8811aa7981fffff,2023,18,1,0,0.04086526480244867
8811aa7981fffff,2023,23,1,0,0.04301829820836898
8811aa7981fffff,2024,8,2,0,0.036058431772716386
8811aa7981fffff,2024,11,1,0,0.03616790218354072
8811aa7981fffff,2024,12,2,0,0.03757114052365688
8811aa7981fffff,2024,14,2,0,0.038327494899127124
8811aa7981fffff,2024,15,2,0,0.03973073323924329
8811aa7981fffff,2024,16,1,0,0.040108910426978416
8811aa7981fffff,2024,17,2,0,0.04048708761471354
8811aa7981fffff,2024,21,1,0,0.039949674060891956
8811aa7983fffff,2022,15,1,0,0.07058907187479893
8811aa7983fffff,2022,17,1,0,0.07148129922755435
8811aa7983fffff,2022,19,1,0,0.07210178062573942
8811aa7983fffff,2023,9,1,0,0.06626988644362611
8811aa7983fffff,2023,11,1,0,0.06702624081909636
8811aa7983fffff,2023,15,1,0,0.07058907187479893
8811aa7983fffff,2023,19,1,0,0.07210178062573942
8811aa7983fffff,2024,1,1,0,0.06415501996246549
8811aa7983fffff,2024,17,1,0,0.07134542625026918
8811aa7987fffff,2022,15,1,0,0.046802859487632326
8811aa7987fffff,2022,18,1,0,0.04810236535347787
8811aa7987fffff,2023,15,1,0,0.046802859487632326
8811aa7987fffff,2023,18,1,0,0.0479373910508377
8811aa7987fffff,2023,22,1,0,0.04971224726902289
8811aa7987fffff,2024,1,1,0,0.04193550062922547
8811aa7987fffff,2024,9,1,0,0.04658391866598366
8811aa7987fffff,2024,11,1,0,0.04734027304145391
8811aa7987fffff,2024,16,1,0,0.049367031957414695
8811aa7987fffff,2024,17,1,0,0.04960933616786465
8811aa7987fffff,2024,20,1,0,0.05142137260990073
8811aa7989fffff,2022,12,1,0,0.07486922409839823
8811aa7989fffff,2022,14,3,0,0.07587668353980537
8811aa7989fffff,2022,16,1,0,0.07778365160062511
8811aa7989fffff,2022,17,2,0,0.07713676763597921
8811aa7989fffff,2022,20,1,0,0.0792963603515656
8811aa7989fffff,2022,21,1,0,0.07967453753930073
8811aa7989fffff,2022,22,1,2,0.08031486219428056
8811aa7989fffff,2023,9,2,0,0.07411135013409823
8811aa7989fffff,2023,10,2,0,0.07448952732183334
8811aa7989fffff,2023,11,1,0,0.0758927656619495
8811aa7989fffff,2023,16,3,1,0.07778365160062511
8811aa7989fffff,2023,17,1,0,0.07816182878836024
8811aa7989fffff,2023,20,1,0,0.0792963603515656
8811aa7989fffff,2023,22,1,0,0.0792898010418995
8811aa7989fffff,2024,16,1,0,0.07619669420551997
8811aa7989fffff,2024,17,2,0,0.0784180940764555
8811aa7989fffff,2024,18,1,0,0.07662575664861845
8811aa7989fffff,2024,19,1,0,0.0789181831638305
8811aa7989fffff,2024,20,1,0,0.0792963603515656
8811aa7989fffff,2024,21,1,0,0.07967453753930073
8811aa798bfffff,2022,9,1,0,0.05021531107222931
8811aa798bfffff,2022,19,1,0,0.053997082949580555
8811aa798bfffff,2024,13,1,0,0.0517280198231698
8811aa798bfffff,2024,17,2,0,0.05221566742172926
8811aa798bfffff,2024,18,1,0,0.05361890576184542
8811aa798bfffff,2024,19,1,0,0.05450961352577107
8811aa798bfffff,2024,21,1,0,0.0533517185737644
8811aa798dfffff,2022,3,1,0,0.0034224777777463436
8811aa798dfffff,2022,7,1,0,0.0050496966603475035
8811aa798dfffff,2022,15,2,0,0.008075114162228496
8811aa798dfffff,2022,17,1,0,0.008831468537698743
8811aa798dfffff,2022,18,1,0,0.009209645725433865
8811aa798dfffff,2024,8,1,0,0.004026155096796227
8811aa798dfffff,2024,12,1,0,0.006940582599023123
8811aa798dfffff,2024,15,1,0,0.006024991857466413
8811aa7991fffff,2022,16,1,0,0.03815684588222703
8811aa7991fffff,2022,23,1,0,0.04392707715158694
8811aa7991fffff,2023,19,1,0,0.039589568052449155
8811aa7991fffff,2024,13,1,0,0.03702231431902166
8811aa7993fffff,2022,17,1,0,0.07547825482306082
8811aa7993fffff,2023,4,1,0,0.07219937294858889
8811aa7993fffff,2024,5,1,1,0.07295420773522936
8811aa7993fffff,2024,15,1,0,0.074588684143214
8811aa7993fffff,2024,19,1,0,0.07798654089627641
8811aa7995fffff,2022,4,1,0,0.08537859780939883
8811aa7995fffff,2023,8,1,0,0.08662915909309461
8811aa7995fffff,2023,17,1,0,0.09208287608747283
8811aa7995fffff,2023,18,1,0,0.09041093097044586
8811aa7995fffff,2023,22,1,0,0.09232166016591621
8811aa7995fffff,2024,9,1,0,0.08717231058346993
8811aa7997fffff,2022,6,1,0,0.06939703435244952
8811aa7997fffff,2022,10,1,0,0.07249670049849517
8811aa7997fffff,2022,11,1,0,0.0709897296841084
8811aa7997fffff,2022,14,1,1,0.07430759985645242
8811aa7997fffff,2022,17,1,0,0.07514394081264104
8811aa7997fffff,2023,14,1,0,0.07400940924943566
8811aa7997fffff,2023,18,1,0,0.07552211800037617
8811aa7997fffff,2024,7,1,0,0.07149804191257496
8811aa7997fffff,2024,8,2,0,0.07129575203547697
8811aa7997fffff,2024,11,1,0,0.0709897296841084
8811aa7997fffff,2024,13,2,1,0.07318663797415259
8811aa7999fffff,2023,16,1,0,0.08935940343999327
8811aa7999fffff,2024,6,1,0,0.08762775386740411
8811aa7999fffff,2024,8,1,0,0.08633398593811228
8811aa799bfffff,2022,7,1,0,0.05341434553637827
8811aa799bfffff,2023,16,1,0,0.055657006096328177
8811aa799dfffff,2022,18,1,0,0.11545335840339847
8811aa79a1fffff,2024,21,1,0,0.03258092057610867
8811aa79a3fffff,2022,16,1,0,0.0732979046982732
8811aa79a3fffff,2023,8,1,0,0.07137601534066186
8811aa79a3fffff,2023,13,1,1,0.07289024368043212
8811aa79a3fffff,2023,21,1,0,0.07424219647645638
8811aa79a3fffff,2024,9,1,0,0.0697040702236349
8811aa79a3fffff,2024,19,1,0,0.07553596440574821
8811aa79a5fffff,2022,2,1,0,0.011631572683170416
8811aa79a5fffff,2022,7,1,0,0.01158684644874462
8811aa79a5fffff,2022,16,1,0,0.014990441138360735
8811aa79a5fffff,2023,1,1,0,0.010013994373880484
8811aa79a5fffff,2023,12,1,0,0.01706544642075388
8811aa79a5fffff,2023,20,1,0,0.020090863922634872
8811aa79a5fffff,2024,8,2,0,0.012801755989408102
8811aa79a5fffff,2024,10,2,0,0.013450940380291468
8811aa79a5fffff,2024,15,1,0,0.014777238253265788
8811aa79a5fffff,2024,20,1,0,0.01650314988930123
8811aa79a7fffff,2022,12,1,0,0.04047498797611858
8811aa79a7fffff,2023,12,1,0,0.042525110280880664
8811aa79a7fffff,2023,20,1,0,0.045173870183856296
8811aa79a7fffff,2023,21,1,0,0.045928704970496774
8811aa79a7fffff,2024,8,1,0,0.03912725352781827
8811aa79a7fffff,2024,14,1,0,0.04187974590506452
8811aa79a7fffff,2024,17,1,0,0.0423658739147942
8811aa79adfffff,2024,17,1,0,0.11347376191059194
8811aa79b1fffff,2022,12,1,0,0.022136981315252168
8811aa79b1fffff,2022,20,1,0,0.02516239881713316
8811aa79b1fffff,2023,0,1,0,0.018025976832315556
8811aa79b1fffff,2023,7,1,0,0.022296217681338628
8811aa79b1fffff,2023,10,1,0,0.021678817546798672
8811aa79b1fffff,2023,16,2,0,0.02569981237095474
8811aa79b1fffff,2023,18,1,0,0.02645616674642499
8811aa79b1fffff,2023,21,1,0,0.027590698309630363
8811aa79b1fffff,2024,1,1,0,0.0182391797174105
8811aa79b1fffff,2024,8,1,0,0.022972585476090504
8811aa79b1fffff,2024,10,1,0,0.0215456012424221
8811aa79b1fffff,2024,12,2,0,0.02425504010865683
8811aa79b1fffff,2024,14,1,0,0.024943457995484496
8811aa79b1fffff,2024,15,1,1,0.024730637615140494
8811aa79b1fffff,2024,18,1,0,0.024406044441662913
8811aa79b1fffff,2024,19,2,0,0.026902280422802696
8811aa79b1fffff,2024,22,1,0,0.026644065569505035
8811aa79b3fffff,2022,12,1,0,0.02879328399388339
8811aa79b3fffff,2022,17,1,0,0.03235763463841574
8811aa79b3fffff,2022,19,1,0,0.03349064661279134
8811aa79b3fffff,2022,22,1,0,0.03283720333847933
8811aa79b3fffff,2023,6,1,0,0.02857434317223473
8811aa79b3fffff,2023,7,1,0,0.02690239805520777
8811aa79b3fffff,2023,10,1,0,0.028201903921053324
8811aa79b3fffff,2023,16,2,0,0.03173641448880857
8811aa79b3fffff,2023,20,1,0,0.031818701495764386
8811aa79b3fffff,2023,21,1,0,0.032196878683499505
8811aa79b3fffff,2024,1,1,0,0.025060456698681902
8811aa79b3fffff,2024,7,1,0,0.02690239805520777
8811aa79b3fffff,2024,10,2,0,0.028036929618413142
8811aa79b3fffff,2024,11,1,0,0.032002820839481916
8811aa79b3fffff,2024,13,1,0,0.03327170579114268
8811aa79b3fffff,2024,16,1,0,0.030305992744823887
8811aa79b3fffff,2024,17,3,0,0.03136754403414637
8811aa79b3fffff,2024,18,1,0,0.03362500000124674
8811aa79b3fffff,2024,19,1,0,0.035028238341362906
8811aa79b3fffff,2024,23,2,0,0.03413460003046291
8811aa79b5fffff,2022,15,1,0,0.032517682078266164
8811aa79b5fffff,2023,14,1,1,0.033726462285636194
8811aa79b5fffff,2023,18,1,0,0.0331890487318146
8811aa79b5fffff,2024,5,1,0,0.03058501506326477
8811aa79b5fffff,2024,8,1,0,0.03145739915922544
8811aa79b5fffff,2024,15,3,1,0.03352066224078954
8811aa79b5fffff,2024,16,1,0,0.03410615906220108
8811aa79b5fffff,2024,19,1,0,0.033567225919549734
8811aa79b7fffff,2022,3,1,0,0.03483220548197403
8811aa79b7fffff,2022,14,1,0,0.040615155081937596
8811aa79b7fffff,2022,19,1,0,0.040455918715851136
8811aa79b7fffff,2022,20,1,0,0.04099907020622644
8811aa79b7fffff,2022,21,1,0,0.04121227309132138
8811aa79b7fffff,2023,5,1,0,0.035588559857444274
8811aa79b7fffff,2023,8,1,0,0.036944373204240454
8811aa79b7fffff,2023,9,1,0,0.03667414683849989
8811aa79b7fffff,2023,11,1,0,0.04115408822458894
8811aa79b7fffff,2023,13,2,0,0.03818685558944039
8811aa79b7fffff,2023,17,1,0,0.042262217221333484
8811aa79b7fffff,2024,10,1,0,0.03961497690718762
8811aa79b7fffff,2024,16,1,0,0.03932138715264576
8811aa79b7fffff,2024,18,1,0,0.043665455561449656
8811aa79b7fffff,2024,19,1,0,0.040455918715851136
8811aa79b7fffff,2024,23,1,0,0.042230774934036326
8811aa79b9fffff,2022,13,1,0,0.07351518792000561
8811aa79b9fffff,2022,21,1,0,0.07624241481486985
8811aa79b9fffff,2023,17,1,0,0.07267958375916728
8811aa79b9fffff,2023,23,1,0,0.0772609166575848
8811aa79b9fffff,2024,15,1,0,0.07397335168845912
8811aa79bbfffff,2022,7,1,0,0.03983010791918358
8811aa79bbfffff,2022,11,1,0,0.04390546955107667
8811aa79bbfffff,2022,14,1,0,0.04452747053809153
8811aa79bbfffff,2022,15,1,1,0.04490564772582665
8811aa79bbfffff,2022,18,1,0,0.04757777101760358
8811aa79bbfffff,2023,13,1,0,0.04568688507892796
8811aa79bbfffff,2023,17,1,0,0.045662002101296895
8811aa79bbfffff,2023,18,2,0,0.045015118136650975
8811aa79bbfffff,2023,19,1,0,0.04641835647676715
8811aa79bbfffff,2023,21,1,0,0.045587753457132243
8811aa79bbfffff,2024,1,1,0,0.039496656965874254
8811aa79bbfffff,2024,11,1,0,0.04339293897488616
8811aa79bbfffff,2024,14,1,0,0.04452747053809153
8811aa79c1fffff,2022,12,1,0,0.06979012321658712
8811aa79c1fffff,2022,13,1,0,0.07251661331610108
8811aa79c1fffff,2022,14,1,0,0.07068235056934254
8811aa79c1fffff,2022,16,1,0,0.07335295427228969
8811aa79c1fffff,2022,19,2,0,0.07474375112359033
8811aa79c1fffff,2022,20,1,1,0.0748656630232302
8811aa79c1fffff,2023,15,2,0,0.07100714193111257
8811aa79c1fffff,2023,16,1,0,0.07143870494481278
8811aa79c1fffff,2024,0,1,0,0.06718760913686705
8811aa79c1fffff,2024,17,1,0,0.07424366203621534
8811aa79c1fffff,2024,18,2,1,0.07308424749537891
8811aa79c1fffff,2024,20,1,0,0.0753781935994207
8811aa79c3fffff,2022,9,1,0,0.05829500847905094
8811aa79c3fffff,2022,12,1,0,0.05896637513259938
8811aa79c3fffff,2022,13,1,0,0.06293226635366815
8811aa79c3fffff,2022,14,1,0,0.05972272950806962
8811aa79c3fffff,2022,21,1,0,0.06253494412485568
8811aa79c3fffff,2023,13,1,0,0.05950952662297468
8811aa79c3fffff,2023,14,1,0,0.059887703810709805
8811aa79c3fffff,2023,19,1,0,0.06161361544674525
8811aa79c3fffff,2023,21,1,0,0.06253494412485568
8811aa79c3fffff,2024,8,1,0,0.06133957102200928
8811aa79c3fffff,2024,13,1,0,0.061018017026191224
8811aa79c3fffff,2024,16,1,0,0.10916948862163928
8811aa79c3fffff,2024,18,2,0,0.06207217061193848
8811aa79c3fffff,2024,20,1,0,0.06199179263448037
8811aa79c3fffff,2024,21,1,0,0.06253494412485568
8811aa79c5fffff,2022,6,1,0,0.013132406354838734
8811aa79c5fffff,2022,11,1,0,0.016560884022085914
8811aa79c5fffff,2022,12,1,0,0.015914000057439998
8811aa79c5fffff,2022,13,1,0,0.01372952436422252
8811aa79c5fffff,2022,14,1,0,0.014405892158974396
8811aa79c5fffff,2022,18,1,0,0.015620410302898138
8811aa79c5fffff,2023,16,1,0,0.01486405592742789
8811aa79c5fffff,2023,19,1,0,0.019586301523966905
8811aa79c5fffff,2024,9,1,0,0.014779468494234626
8811aa79c5fffff,2024,10,1,0,0.01464511510577923
8811aa79c5fffff,2024,11,1,0,0.015023292293514352
8811aa79c5fffff,2024,16,1,0,0.015162246534444644
8811aa79c5fffff,2024,17,3,0,0.015925607216750376
8811aa79c5fffff,2024,20,1,0,0.01842688698313047
8811aa79c5fffff,2024,22,2,1,0.018812465938844794
8811aa79c7fffff,2022,10,1,0,0.011116465970159133
8811aa79c7fffff,2022,12,3,0,0.014584235762121152
8811aa79c7fffff,2022,15,2,0,0.014569626470673105
8811aa79c7fffff,2022,16,1,0,0.013087338489553122
8811aa79c7fffff,2022,17,1,0,0.013300541374648065
8811aa79c7fffff,2022,18,2,0,0.015985106155240528
8811aa79c7fffff,2022,22,1,0,0.017503697085330464
8811aa79c7fffff,2023,0,1,0,0.008807141356252378
8811aa79c7fffff,2023,3,1,0,0.008916611767076709
8811aa79c7fffff,2023,7,1,0,0.009518769497296827
8811aa79c7fffff,2023,11,1,0,0.013081600552999404
8811aa79c7fffff,2023,12,2,0,0.013203512452639267
8811aa79c7fffff,2023,13,3,0,0.01178783262370757
8811aa79c7fffff,2023,16,1,0,0.016510078220246586
8811aa79c7fffff,2023,21,1,0,0.014813250125588562
8811aa79c7fffff,2023,23,1,0,0.01941946600163715
8811aa79c7fffff,2024,2,1,0,0.007890031025865904
8811aa79c7fffff,2024,8,2,0,0.010128529139860417
8811aa79c7fffff,2024,11,5,0,0.012569069976808882
8811aa79c7fffff,2024,12,2,0,0.013459777740734527
8811aa79c7fffff,2024,13,1,0,0.013837954928469653
8811aa79c7fffff,2024,14,3,0,0.014100280025021327
8811aa79c7fffff,2024,16,4,0,0.014022637159275318
8811aa79c7fffff,2024,18,1,0,0.013678718562383192
8811aa79c7fffff,2024,20,2,0,0.01578433586697232
8811aa79c7fffff,2024,23,1,0,0.015996726270943687
8811aa79c9fffff,2022,22,1,0,0.047352772906685096
8811aa79c9fffff,2022,23,1,0,0.04808116304087915
8811aa79c9fffff,2024,21,1,0,0.04657923194732871
8811aa79cbfffff,2024,18,1,0,0.08932750782781461
8811aa79cdfffff,2022,11,1,0,0.1359643043037462
8811aa79cdfffff,2022,17,1,0,0.1418210814634906
8811aa79cdfffff,2022,20,1,0,0.14295561302669596
8811aa79cdfffff,2023,0,1,1,0.13206650270590456
8811aa79cdfffff,2023,7,1,0,0.1346165698554459
8811aa79cdfffff,2023,15,2,0,0.13908254127190084
8811aa79cdfffff,2023,21,1,0,0.14090701031076366
8811aa79cdfffff,2023,22,1,0,0.14243652314083935
8811aa79cdfffff,2023,23,1,0,0.14141298157728807
8811aa79cdfffff,2024,8,1,0,0.13687989504530293
8811aa79cdfffff,2024,9,1,0,0.13777060280922857
8811aa79cdfffff,2024,12,2,0,0.13890513437243393
8811aa79cdfffff,2024,14,1,0,0.13966148874790418
8811aa79cdfffff,2024,18,1,0,0.14066166692265417
8811aa79cdfffff,2024,20,1,0,0.13950377197064748
8811aa79cdfffff,2024,21,1,0,0.14193207146314468
8811aa79cdfffff,2024,23,2,0,0.1428147003285745
8811aa79d1fffff,2022,9,1,0,0.04866991103969085
8811aa79d1fffff,2022,12,1,0,0.049969416905536405
8811aa79d1fffff,2022,15,1,0,0.05261243887195832
8811aa79d1fffff,2022,16,1,0,0.05131715135383672
8811aa79d1fffff,2022,20,1,0,0.0534782636582529
8811aa79d1fffff,2023,11,1,1,0.05301397944849474
8811aa79d1fffff,2023,14,1,0,0.052610919283128554
8811aa79d1fffff,2024,17,1,0,0.05374545084633392
8811aa79d1fffff,2024,23,1,0,0.054226539135227285
8811aa79d3fffff,2022,8,1,0,0.014343842346410472
8811aa79d3fffff,2022,12,1,0,0.015856551097350968
8811aa79d3fffff,2022,13,2,0,0.016234728285086094
8811aa79d3fffff,2022,14,1,0,0.016612905472821213
8811aa79d3fffff,2022,15,1,0,0.014940960355794258
8811aa79d3fffff,2022,16,1,0,0.017369259848291463
8811aa79d3fffff,2022,17,2,0,0.01800370232412185
8811aa79d3fffff,2022,19,1,0,0.018503791411496835
8811aa79d3fffff,2022,20,1,0,0.01699682059711006
8811aa79d3fffff,2023,10,3,0,0.014462113612721747
8811aa79d3fffff,2023,12,1,0,0.015856551097350968
8811aa79d3fffff,2023,18,1,0,0.018125614223761712
8811aa79d3fffff,2024,13,1,0,0.014184605980324009
8811aa79d3fffff,2024,14,2,0,0.016612905472821213
8811aa79d3fffff,2024,19,1,0,0.018503791411496835
8811aa79d5fffff,2024,15,1,0,0.10802787566433479
8811aa79d5fffff,2024,17,1,0,0.060308165270879406
8811aa79d7fffff,2022,12,1,0,0.08836248131456155
8811aa79d7fffff,2023,19,1,0,0.08869051004228361
8811aa79d7fffff,2024,2,1,0,0.08300707456886669
8811aa79d7fffff,2024,14,1,0,0.08830811450682452
8811aa79d9fffff,2022,3,1,3,0.03098347807562338
8811aa79d9fffff,2022,4,1,0,0.030849124687167988
8811aa79d9fffff,2022,9,2,0,0.03317872253424212
8811aa79d9fffff,2022,14,1,0,0.035257937272370414
8811aa79d9fffff,2022,17,1,0,0.0343423465308137
8811aa79d9fffff,2022,22,1,0,0.038168844642590745
8811aa79d9fffff,2022,23,1,0,0.03803449125413534
8811aa79d9fffff,2023,0,1,0,0.02817548180656129
8811aa79d9fffff,2023,10,1,0,0.03528282025000148
8811aa79d9fffff,2023,13,1,0,0.03487976008463529
8811aa79d9fffff,2023,14,2,0,0.03431536327130946
8811aa79d9fffff,2023,15,1,0,0.03474692628500966
8811aa79d9fffff,2023,16,1,0,0.08192770353581369
8811aa79d9fffff,2023,18,1,0,0.03677064602331091
8811aa79d9fffff,2023,19,1,0,0.03714882321104603
8811aa79d9fffff,2023,21,1,0,0.0358550552817542
8811aa79d9fffff,2023,22,1,0,0.038545502241496096
8811aa79d9fffff,2023,23,2,1,0.03924788120596906
8811aa79d9fffff,2024,0,1,0,0.02933641593622749
8811aa79d9fffff,2024,3,1,0,0.029445886347051822
8811aa79d9fffff,2024,4,1,0,0.030713251709882823
8811aa79d9fffff,2024,5,1,0,0.03173983245109364
8811aa79d9fffff,2024,8,1,0,0.031103726143837763
8811aa79d9fffff,2024,9,1,1,0.03404455621252549
8811aa79d9fffff,2024,11,2,0,0.034084172213220736
8811aa79d9fffff,2024,12,1,0,0.033099864145613764
8811aa79d9fffff,2024,14,1,0,0.03577046784856093
8811aa79d9fffff,2024,16,1,0,0.03412914364571876
8811aa79d9fffff,2024,18,1,0,0.03677064602331091
8811aa79d9fffff,2024,21,3,0,0.03743793800275414
8811aa79dbfffff,2022,1,1,0,0.01719145965431723
8811aa79dbfffff,2022,8,2,0,0.01965903965253849
8811aa79dbfffff,2022,12,1,0,0.0210892612521589
8811aa79dbfffff,2022,14,1,0,0.02230878053728608
8811aa79dbfffff,2022,15,1,0,0.02238876711800445
8811aa79dbfffff,2022,16,1,0,0.023065134912756326
8811aa79dbfffff,2022,18,2,0,0.024383385530950683
8811aa79dbfffff,2022,20,1,0,0.02457784366369682
8811aa79dbfffff,2022,22,1,0,0.02629411472642104
8811aa79dbfffff,2022,23,2,1,0.026323407304151523
8811aa79dbfffff,2023,0,1,0,0.06499115662849099
8811aa79dbfffff,2023,8,2,0,0.019576552501218404
8811aa79dbfffff,2023,9,1,0,0.019954729688953527
8811aa79dbfffff,2023,10,1,0,0.020332906876688654
8811aa79dbfffff,2023,12,2,0,0.02117174840347899
8811aa79dbfffff,2023,13,1,0,0.021467438439894022
8811aa79dbfffff,2023,16,1,0,0.0237629041327656
8811aa79dbfffff,2023,18,1,0,0.025408446683331722
8811aa79dbfffff,2023,20,1,0,0.024279653056680072
8811aa79dbfffff,2023,23,2,0,0.02615976133796564
8811aa79dbfffff,2024,6,1,0,0.02087032043051024
8811aa79dbfffff,2024,7,1,0,0.01919837531348328
8811aa79dbfffff,2024,8,2,0,0.02064486730897523
8811aa79dbfffff,2024,10,2,0,0.021357968029069696
8811aa79dbfffff,2024,11,2,0,0.021818632368124907
8811aa79dbfffff,2024,12,1,0,0.02125423555479908
8811aa79dbfffff,2024,14,3,0,0.024237424983184905
8811aa79dbfffff,2024,16,1,0,0.022766944305739577
8811aa79dbfffff,2024,17,2,0,0.024087695494535648
8811aa79dbfffff,2024,18,1,0,0.023358324378569644
8811aa79dbfffff,2024,20,1,0,0.024250551731325055
8811aa79ddfffff,2022,5,1,1,0.08475598243006167
8811aa79ddfffff,2023,11,1,0,0.03888321453433559
8811aa79ddfffff,2023,16,1,0,0.039992480615158955
8811aa79ddfffff,2023,17,1,0,0.040370657802894075
8811aa79ddfffff,2024,8,1,0,0.037450492364113463
8811aa79ddfffff,2024,13,1,0,0.0386929747493134
8811aa79ddfffff,2024,14,1,0,0.040232086066714724
8811aa79ddfffff,2024,15,1,0,0.04201198200573625
8811aa79ddfffff,2024,17,1,0,0.042255805805015985
8811aa79ddfffff,2024,22,1,0,0.0430071204596499
8811aa79e9fffff,2022,10,1,0,0.01409452669134707
8811aa79e9fffff,2022,13,1,0,0.01369146652598088
8811aa79e9fffff,2022,14,1,0,0.012019521408953923
8811aa79e9fffff,2022,16,1,0,0.012775875784424172
8811aa79e9fffff,2023,0,1,0,0.00866065295376361
8811aa79e9fffff,2023,1,1,0,0.00753033973828219
8811aa79e9fffff,2023,6,1,0,0.008994103907072934
8811aa79e9fffff,2023,11,2,0,0.011910050998129593
8811aa79e9fffff,2023,13,1,0,0.011641344221218802
8811aa79e9fffff,2023,16,2,0,0.014825998089186252
8811aa79e9fffff,2023,19,1,0,0.015960529652391624
8811aa79e9fffff,2023,23,1,0,0.01735872827167146
8811aa79e9fffff,2024,14,1,0,0.014069643713716006
8811aa79e9fffff,2024,15,1,0,0.01444782090145113
8811aa79e9fffff,2024,16,2,0,0.014530499305146688
8811aa79e9fffff,2024,18,1,0,0.015582352464656501
8811aa79e9fffff,2024,19,1,0,0.015960529652391624
8811aa79ebfffff,2022,18,2,0,0.05779992031586572
8811aa79ebfffff,2023,9,1,0,0.05267040509822536
8811aa79ebfffff,2023,16,1,0,0.05534674673772625
8811aa79ebfffff,2023,19,1,0,0.05887895687924404
8811aa79ebfffff,2024,7,1,0,0.05177817774546996
8811aa79ebfffff,2024,11,1,0,0.05329088649641045
8811aa79ebfffff,2024,15,1,1,0.05685371755211303
8811aa79ebfffff,2024,18,1,0,0.05798824911531839
8811aa79ebfffff,2024,19,1,0,0.058366426303053526
8811aa79ebfffff,2024,20,2,0,0.05804374411514544
8811aa79edfffff,2023,0,1,0,0.08271544624253488
8811aa79edfffff,2023,7,1,0,0.08510053908943606
8811aa79edfffff,2023,19,1,0,0.09066372649463857
8811aa79edfffff,2023,21,1,0,0.08991159046689229
8811aa79edfffff,2024,11,1,0,0.08968843129751966
8811aa79edfffff,2024,17,1,0,0.09028402971807369
8811aa7a01fffff,2023,19,1,1,0.0953221041538392
8811aa7a01fffff,2024,8,1,0,0.08995185529255303
8811aa7a01fffff,2024,17,2,0,0.09304270871247491
8811aa7a01fffff,2024,22,1,0,0.09709544078319463
8811aa7a03fffff,2022,0,1,0,0.0984567659256845
8811aa7a03fffff,2022,17,1,0,0.10376354380019606
8811aa7a03fffff,2022,20,1,0,0.10575816221314228
8811aa7a03fffff,2023,7,1,0,0.10084185877258567
8811aa7a03fffff,2023,8,1,0,0.09933488795819889
8811aa7a03fffff,2023,13,1,0,0.10152396450389127
8811aa7a03fffff,2023,14,1,0,0.10502669081530311
8811aa7a03fffff,2023,17,1,0,0.10257350834517484
8811aa7a03fffff,2023,20,1,0,0.1038730142110204
8811aa7a03fffff,2024,0,2,0,0.09648913077224253
8811aa7a03fffff,2024,17,1,0,0.10303667325483176
8811aa7a03fffff,2024,18,1,0,0.10513768081495721
8811aa7a03fffff,2024,20,1,0,0.10524563163695176
8811aa7a05fffff,2022,7,1,0,0.04401086553246839
8811aa7a05fffff,2022,8,1,0,0.0464391650249656
8811aa7a05fffff,2022,12,2,0,0.04718307791162031
8811aa7a05fffff,2022,13,1,0,0.048628241570657975
8811aa7a05fffff,2022,19,1,0,0.04854899178528988
8811aa7a05fffff,2023,7,1,0,0.04465926908594408
8811aa7a05fffff,2023,8,1,0,0.04438904272020352
8811aa7a05fffff,2023,9,1,0,0.04579228106031968
8811aa7a05fffff,2023,11,1,0,0.04552357428340889
8811aa7a05fffff,2023,13,1,0,0.04627992865887914
8811aa7a05fffff,2023,17,1,0,0.04984275971458172
8811aa7a05fffff,2023,20,1,0,0.050977291277787086
8811aa7a05fffff,2024,13,1,0,0.04627992865887914
8811aa7a05fffff,2024,15,1,0,0.049598935915301984
8811aa7a05fffff,2024,17,1,0,0.04779263740981963
8811aa7a07fffff,2022,8,1,0,0.03381534545623969
8811aa7a07fffff,2022,9,1,0,0.03163086976302221
8811aa7a07fffff,2022,10,1,0,0.03405916925551942
8811aa7a07fffff,2022,11,2,0,0.033412285290873506
8811aa7a07fffff,2022,13,1,0,0.033143578513962706
8811aa7a07fffff,2022,14,1,0,0.03710946973503147
8811aa7a07fffff,2022,17,1,0,0.03670640956966528
8811aa7a07fffff,2023,10,1,0,0.032174021253397515
8811aa7a07fffff,2024,7,1,0,0.030874515387551964
8811aa7a07fffff,2024,11,1,0,0.03238722413849246
8811aa7a07fffff,2024,15,1,0,0.03595005519419504
8811aa7a07fffff,2024,16,1,0,0.03800169708778688
8811aa7a07fffff,2024,19,1,0,0.03541264164037346
8811aa7a09fffff,2022,0,1,0,0.0386812992305617
8811aa7a09fffff,2022,15,1,0,0.045843741277089185
8811aa7a09fffff,2022,22,1,0,0.0471661716633746
8811aa7a09fffff,2023,10,1,0,0.04190273303365149
8811aa7a09fffff,2023,11,1,1,0.04228091022138661
8811aa7a09fffff,2023,19,1,0,0.045306327723267606
8811aa7a09fffff,2024,1,1,0,0.03919534939558198
8811aa7a09fffff,2024,2,1,0,0.040300397128681394
8811aa7a09fffff,2024,7,1,0,0.040768201470446117
8811aa7a09fffff,2024,9,1,0,0.04319802055177308
8811aa7a09fffff,2024,21,1,0,0.04811280440349993
8811aa7a09fffff,2024,22,1,0,0.04670300675371767
8811aa7a0bfffff,2022,3,1,0,0.02528758975494755
8811aa7a0bfffff,2022,7,1,0,0.02551308988626231
8811aa7a0bfffff,2022,8,2,0,0.02725375232933953
8811aa7a0bfffff,2022,10,1,0,0.02804934020075408
8811aa7a0bfffff,2022,11,1,0,0.026675585690743877
8811aa7a0bfffff,2022,14,1,0,0.027511926646932496
8811aa7a0bfffff,2022,17,1,0,0.028646458210137865
8811aa7a0bfffff,2022,19,1,0,0.029402812585608114
8811aa7a0bfffff,2023,0,1,0,0.022479593485885456
8811aa7a0bfffff,2023,9,1,0,0.025621040708256878
8811aa7a0bfffff,2023,10,1,0,0.025999217895992
8811aa7a0bfffff,2023,11,1,0,0.028427517388489205
8811aa7a0bfffff,2023,15,1,0,0.0299402261394297
8811aa7a0bfffff,2023,16,2,0,0.029187500526651193
8811aa7a0bfffff,2023,18,1,1,0.03107475770263507
8811aa7a0bfffff,2023,19,1,0,0.031452934890370196
8811aa7a0bfffff,2023,22,1,0,0.03247295632191491
8811aa7a0bfffff,2024,7,1,0,0.02845240036612027
8811aa7a0bfffff,2024,10,1,0,0.02804934020075408
8811aa7a0bfffff,2024,12,1,0,0.02791650640112845
8811aa7a0bfffff,2024,14,1,0,0.029860239558711327
8811aa7a0bfffff,2024,16,2,1,0.029941745728259465
8811aa7a0bfffff,2024,17,1,0,0.028811432512778047
8811aa7a0bfffff,2024,19,1,0,0.031452934890370196
8811aa7a0bfffff,2024,20,1,0,0.02994596407598342
8811aa7a0dfffff,2022,1,1,0,0.0020516418935918467
8811aa7a0dfffff,2022,9,1,0,0.0031414472223714194
8811aa7a0dfffff,2022,17,1,0,0.006166864724252411
8811aa7a0dfffff,2023,6,1,0,0.0020069156591660474
8811aa7a0dfffff,2023,13,1,0,0.005815090102978117
8811aa7a0dfffff,2023,14,1,0,0.005197307463687218
8811aa7a11fffff,2022,0,1,0,0.042475920984464635
8811aa7a11fffff,2022,11,1,0,0.0444885745801844
8811aa7a11fffff,2022,12,1,0,0.04828949149861298
8811aa7a11fffff,2022,13,1,0,0.045215827630299625
8811aa7a11fffff,2022,16,1,0,0.046379460518860015
8811aa7a11fffff,2022,17,1,0,0.04915531628490756
8811aa7a11fffff,2022,18,1,0,0.04713581489433026
8811aa7a11fffff,2022,20,2,0,0.04900852140763663
8811aa7a11fffff,2022,21,1,0,0.04827034645753563
8811aa7a11fffff,2022,22,1,0,0.048745696809875276
8811aa7a11fffff,2023,7,1,0,0.042975865829243905
8811aa7a11fffff,2023,9,1,0,0.045617368206836054
8811aa7a11fffff,2023,11,1,0,0.04432360027754422
8811aa7a11fffff,2023,16,2,0,0.046379460518860015
8811aa7a11fffff,2023,17,1,0,0.04675763770659514
8811aa7a11fffff,2023,18,2,0,0.046970840591690086
8811aa7a11fffff,2023,20,1,0,0.05028984784811293
8811aa7a11fffff,2023,22,1,0,0.048745696809875276
8811aa7a11fffff,2024,1,1,0,0.040803975867437677
8811aa7a11fffff,2024,12,3,0,0.0453851515668667
8811aa7a11fffff,2024,15,2,0,0.0484668983980799
8811aa7a11fffff,2024,16,2,0,0.04723954736860088
8811aa7a11fffff,2024,18,1,0,0.04902096289645217
8811aa7a11fffff,2024,19,1,0,0.04939914008418729
8811aa7a11fffff,2024,20,1,0,0.04772719496716033
8811aa7a11fffff,2024,22,1,0,0.05028328853844684
8811aa7a13fffff,2022,13,1,0,0.039087904436162606
8811aa7a13fffff,2022,18,1,0,0.03841613749388562
8811aa7a13fffff,2023,17,1,0,0.04008808261091258
8811aa7a13fffff,2023,19,1,0,0.040844436986382834
8811aa7a13fffff,2024,2,1,0,0.03262744995736834
8811aa7a13fffff,2024,10,1,0,0.0369283117205762
8811aa7a13fffff,2024,15,2,0,0.03845576238656967
8811aa7a13fffff,2024,18,1,0,0.04046625979864771
8811aa7a15fffff,2022,7,1,0,0.04738808718550146
8811aa7a15fffff,2022,8,1,0,0.047117860819760896
8811aa7a15fffff,2022,10,1,0,0.048386745771421664
8811aa7a15fffff,2022,13,1,0,0.04742178936333137
8811aa7a15fffff,2022,15,2,0,0.050089302910644604
8811aa7a15fffff,2022,17,1,0,0.05219492021523373
8811aa7a15fffff,2022,19,2,0,0.05048433118729469
8811aa7a15fffff,2022,20,1,0,0.04977083907046048
8811aa7a15fffff,2022,21,1,0,0.052034164260317504
8811aa7a15fffff,2022,22,3,2,0.05203640580613836
8811aa7a15fffff,2022,23,1,0,0.05116751810091055
8811aa7a15fffff,2023,7,1,0,0.04485453562990387
8811aa7a15fffff,2023,11,1,0,0.04636724438084437
8811aa7a15fffff,2023,15,2,0,0.047797465980464776
8811aa7a15fffff,2023,17,1,0,0.05205904723794857
8811aa7a15fffff,2023,18,1,0,0.05089963269711214
8811aa7a15fffff,2023,20,2,0,0.050417914287481866
8811aa7a15fffff,2023,22,1,0,0.05267448891529733
8811aa7a15fffff,2023,23,1,0,0.05305266610303245
8811aa7a15fffff,2024,6,1,0,0.04495978769300426
8811aa7a15fffff,2024,7,1,0,0.04636302603312042
8811aa7a15fffff,2024,9,1,0,0.04561089000537412
8811aa7a15fffff,2024,12,1,0,0.046580447265939316
8811aa7a15fffff,2024,14,1,0,0.04750177594404974
8811aa7a15fffff,2024,19,1,0,0.04922768758008518
8811aa7a15fffff,2024,20,1,1,0.04974173774510547
8811aa7a15fffff,2024,23,2,0,0.051085030949590465
8811aa7a17fffff,2022,3,1,0,0.06291004317286704
8811aa7a17fffff,2022,5,2,0,0.06366639754833728
8811aa7a17fffff,2022,6,1,0,0.0637824272688277
8811aa7a17fffff,2022,9,1,0,0.06680210683415497
8811aa7a17fffff,2022,13,2,0,0.06831481558509547
8811aa7a17fffff,2022,15,1,0,0.06958370053675624
8811aa7a17fffff,2022,22,1,0,0.07249308831814678
8811aa7a17fffff,2023,0,3,2,0.06340955454584665
8811aa7a17fffff,2023,1,1,0,0.06301377564713763
8811aa7a17fffff,2023,13,1,0,0.06831481558509547
8811aa7a17fffff,2023,14,1,0,0.06664287046806851
8811aa7a17fffff,2023,22,1,0,0.07057883899066987
8811aa7a17fffff,2023,23,1,0,0.0723587349296914
8811aa7a17fffff,2024,2,1,0,0.06404035638834844
8811aa7a17fffff,2024,4,1,0,0.06377164961143765
8811aa7a17fffff,2024,11,1,0,0.06550833890486313
8811aa7a17fffff,2024,12,1,0,0.06588651609259825
8811aa7a17fffff,2024,13,2,0,0.06857108087319072
8811aa7a17fffff,2024,18,1,0,0.06832055352164919
8811aa7a17fffff,2024,21,1,1,0.0709635754880711
8811aa7a17fffff,2024,22,1,0,0.0699304354371942
8811aa7a19fffff,2022,2,1,0,0.07913242653674353
8811aa7a19fffff,2022,12,1,0,0.03638842611241812
8811aa7a19fffff,2022,14,1,0,0.037309754790528546
8811aa7a19fffff,2022,19,1,0,0.03903566642656399
8811aa7a19fffff,2023,8,1,0,0.034875717361477626
8811aa7a19fffff,2023,10,1,0,0.036144602313138395
8811aa7a19fffff,2023,11,1,0,0.03806037122944508
8811aa7a19fffff,2023,16,1,0,0.039951257168120695
8811aa7a19fffff,2023,19,1,0,0.04108578873132607
8811aa7a19fffff,2023,21,1,0,0.040440424355509916
8811aa7a19fffff,2024,8,1,0,0.03743837024243022
8811aa7a19fffff,2024,18,1,0,0.03865748923882886
8811aa7a19fffff,2024,19,1,0,0.04108578873132607
8811aa7a19fffff,2024,20,1,0,0.041463965919061194
8811aa7a19fffff,2024,23,1,0,0.040946395622034344
8811aa7a1bfffff,2022,3,1,0,0.03261161661706945
8811aa7a1bfffff,2022,10,2,0,0.034682639857822065
8811aa7a1bfffff,2022,13,2,0,0.035750563268839144
8811aa7a1bfffff,2022,15,1,0,0.03658940479562949
8811aa7a1bfffff,2022,19,4,0,0.03919378285113931
8811aa7a1bfffff,2022,20,1,0,0.03848029073430511
8811aa7a1bfffff,2022,21,2,0,0.03884258892290843
8811aa7a1bfffff,2023,2,1,0,0.031935248822317575
8811aa7a1bfffff,2023,11,1,0,0.03747437462300141
8811aa7a1bfffff,2023,16,1,0,0.03680260768072443
8811aa7a1bfffff,2023,18,1,0,0.04114667608952832
8811aa7a1bfffff,2023,19,1,0,0.038102113546569984
8811aa7a1bfffff,2023,20,1,0,0.04087796931261753
8811aa7a1bfffff,2023,21,1,0,0.03869349361940005
8811aa7a1bfffff,2023,22,1,0,0.041896471155332474
8811aa7a1bfffff,2024,10,1,0,0.03499670946397062
8811aa7a1bfffff,2024,14,1,0,0.03604625330525418
8811aa7a1bfffff,2024,15,1,0,0.03847455279775139
8811aa7a1bfffff,2024,17,1,0,0.03734575917109973
8811aa7a1bfffff,2024,19,1,0,0.03998726154869189
8811aa7a1dfffff,2022,11,1,0,0.10187270997575187
8811aa7a1dfffff,2022,14,1,0,0.10300724153895724
8811aa7a1dfffff,2022,16,2,0,0.10485526521899681
8811aa7a1dfffff,2022,19,1,0,0.10473315317499268
8811aa7a1dfffff,2022,22,1,0,0.10677823575891844
8811aa7a1dfffff,2022,23,1,0,0.10753307054555891
8811aa7a1dfffff,2023,8,1,0,0.10057320410990633
8811aa7a1dfffff,2023,12,1,0,0.1041360351656089
8811aa7a1dfffff,2023,13,1,0,0.10502674292953455
8811aa7a1dfffff,2023,17,1,0,0.10397679879952244
8811aa7a1dfffff,2023,23,1,0,0.10766894352284408
8811aa7a1dfffff,2024,0,1,0,0.0984583376287457
8811aa7a1dfffff,2024,1,1,0,0.09883651481648083
8811aa7a1dfffff,2024,12,1,0,0.10464856574179943
8811aa7a1dfffff,2024,14,1,0,0.10489238954107914
8811aa7a1dfffff,2024,18,2,0,0.10706805250817283
8811aa7a1dfffff,2024,21,1,0,0.10805216043141554
8811aa7a1dfffff,2024,22,1,0,0.10629480650808293
8811aa7a1dfffff,2024,23,1,0,0.10650800939317788
8811aa7a21fffff,2022,1,1,0,0.05196102937103291
8811aa7a21fffff,2022,5,1,0,0.053771928728990157
8811aa7a21fffff,2022,9,1,0,0.05677442171043128
8811aa7a21fffff,2022,16,1,0,0.059934192600767676
8811aa7a21fffff,2022,21,1,0,0.059427399961130875
8811aa7a21fffff,2023,13,2,0,0.05631949530792979
8811aa7a21fffff,2023,20,1,0,0.058884248470755574
8811aa7a21fffff,2023,21,1,0,0.060800017387062255
8811aa7a21fffff,2024,16,1,0,0.057371539719815075
8811aa7a21fffff,2024,18,1,0,0.05812789409528532
8811aa7a21fffff,2024,20,1,0,0.058884248470755574
8811aa7a21fffff,2024,21,1,0,0.059427399961130875
8811aa7a23fffff,2022,4,1,1,0.08224571842953399
8811aa7a23fffff,2022,19,1,0,0.0861477383750996
8811aa7a23fffff,2023,14,1,0,0.0840918781337838
8811aa7a23fffff,2023,15,1,0,0.08447005532151892
8811aa7a23fffff,2023,17,1,0,0.08539138399962937
8811aa7a23fffff,2023,21,1,0,0.08673911844792967
8811aa7a23fffff,2024,10,1,0,0.08514182226379591
8811aa7a23fffff,2024,17,1,0,0.08741240497903643
8811aa7a23fffff,2024,18,1,0,0.0856045868847243
8811aa7a25fffff,2022,2,1,0,0.029117832206906256
8811aa7a25fffff,2022,11,1,0,0.033660998180564075
8811aa7a25fffff,2022,17,1,0,0.03593006130697482
8811aa7a25fffff,2022,19,2,0,0.03463629337768299
8811aa7a25fffff,2022,21,1,0,0.03744277005791532
8811aa7a25fffff,2023,19,1,0,0.03463629337768299
8811aa7a25fffff,2023,23,1,0,0.03641114959586818
8811aa7a25fffff,2024,11,1,0,0.033660998180564075
8811aa7a25fffff,2024,13,1,0,0.03441735255603432
8811aa7a25fffff,2024,17,1,0,0.03387993900221274
8811aa7a25fffff,2024,21,2,0,0.03699817597036738
8811aa7a27fffff,2022,22,1,0,0.06731118792913693
8811aa7a27fffff,2024,8,1,0,0.06175455983360051
8811aa7a29fffff,2022,8,1,0,0.06869700806808743
8811aa7a29fffff,2022,20,1,0,0.07323513432090892
8811aa7a29fffff,2023,11,1,0,0.06791729030381588
8811aa7a29fffff,2023,12,1,0,0.06815959451426584
8811aa7a29fffff,2023,13,1,0,0.07212548573533462
8811aa7a29fffff,2023,18,1,0,0.07042865764067659
8811aa7a29fffff,2024,9,1,0,0.06907518525582255
8811aa7a29fffff,2024,12,1,0,0.07072224739521844
8811aa7a29fffff,2024,14,1,0,0.07096607119449817
8811aa7a29fffff,2024,18,1,0,0.07312718349891434
8811aa7a2bfffff,2023,9,1,0,0.11488070346966685
8811aa7a2dfffff,2022,9,2,0,0.046662562228499294
8811aa7a2dfffff,2022,17,1,1,0.051655614883822275
8811aa7a2dfffff,2022,18,1,0,0.05357138380012896
8811aa7a2dfffff,2022,20,1,0,0.05074002414226557
8811aa7a2dfffff,2023,6,1,0,0.04544554351397384
8811aa7a2dfffff,2023,15,1,0,0.04901411250623013
8811aa7a2dfffff,2023,17,1,0,0.052168145460012805
8811aa7a2dfffff,2023,18,2,0,0.049983669766795316
8811aa7a2dfffff,2023,19,1,0,0.05036184695453045
8811aa7a2dfffff,2023,20,1,0,0.05279014644702765
8811aa7a2dfffff,2023,21,1,0,0.05470591536333433
8811aa7a2dfffff,2024,9,1,0,0.05016778911051285
8811aa7a2dfffff,2024,14,1,0,0.05219454802647363
8811aa7a2dfffff,2024,15,2,0,0.04987419935597099
8811aa7a2dfffff,2024,18,1,0,0.049983669766795316
8811aa7a31fffff,2022,5,1,0,0.09006766315657615
8811aa7a31fffff,2022,8,1,0,0.09131670485144218
8811aa7a31fffff,2022,9,1,0,0.08964475973441523
8811aa7a31fffff,2022,11,2,0,0.09071518371603401
8811aa7a31fffff,2022,14,1,0,0.09153564567309083
8811aa7a31fffff,2022,20,1,0,0.09380470879950158
8811aa7a31fffff,2022,22,1,0,0.09598414477188273
8811aa7a31fffff,2023,5,1,0,0.08839419845071941
8811aa7a31fffff,2023,12,1,0,0.09094426560026077
8811aa7a31fffff,2023,17,1,0,0.09267017723629621
8811aa7a31fffff,2023,19,1,0,0.09547665391652854
8811aa7a31fffff,2023,20,1,0,0.09396968310214177
8811aa7a31fffff,2023,21,1,0,0.09623300829199878
8811aa7a31fffff,2024,10,1,0,0.09207305922691242
8811aa7a31fffff,2024,14,1,0,0.09170061997573101
8811aa7a31fffff,2024,15,2,0,0.09199631001214605
8811aa7a31fffff,2024,16,1,0,0.09229200004856107
8811aa7a31fffff,2024,19,1,0,0.09342653161176646
8811aa7a31fffff,2024,21,1,0,0.0941828859872367
8811aa7a31fffff,2024,23,1,0,0.09536636213259182
8811aa7a33fffff,2022,0,1,0,0.03278322551116301
8811aa7a33fffff,2022,11,1,0,0.03552009297933847
8811aa7a33fffff,2022,12,1,0,0.038246583078852425
8811aa7a33fffff,2022,18,1,0,0.03833230759612451
8811aa7a33fffff,2022,20,2,1,0.03900617482027467
8811aa7a33fffff,2023,14,1,0,0.03665462454254383
8811aa7a33fffff,2023,15,3,0,0.037313628124102584
8811aa7a33fffff,2023,21,1,0,0.040839456585261266
8811aa7a33fffff,2023,23,1,0,0.04390808073273829
8811aa7a33fffff,2024,9,1,0,0.03848732561448702
8811aa7a33fffff,2024,12,2,0,0.037072426622963006
8811aa7a33fffff,2024,15,1,0,0.039082924035041045
8811aa7a33fffff,2024,22,1,0,0.04059059306514521
8811aa7a35fffff,2022,9,1,0,0.10820341872255881
8811aa7a35fffff,2022,14,1,0,0.10858581425801789
8811aa7a35fffff,2022,17,1,1,0.10955537151858309
8811aa7a35fffff,2022,20,1,0,0.11187993853680968
8811aa7a35fffff,2023,3,1,0,0.10468801266017622
8811aa7a35fffff,2023,15,1,0,0.10896399144575301
8811aa7a35fffff,2023,17,3,0,0.11023874562017044
8811aa7a35fffff,2023,19,1,0,0.11031172589405333
8811aa7a35fffff,2024,17,1,0,0.10955537151858309
8811aa7a35fffff,2024,20,1,0,0.11085487738442863
8811aa7a37fffff,2022,7,1,0,0.01188465508552687
8811aa7a37fffff,2022,10,1,0,0.013581082891456351
8811aa7a37fffff,2022,12,2,0,0.013394863265865647
8811aa7a37fffff,2022,13,1,0,0.014715614454661722
8811aa7a37fffff,2022,14,1,0,0.015391982249413598
8811aa7a37fffff,2022,15,1,0,0.01598449940632249
8811aa7a37fffff,2022,20,1,0,0.017362854768807588
8811aa7a37fffff,2022,21,1,0,0.018039222563559464
8811aa7a37fffff,2023,0,1,0,0.009684800882444446
8811aa7a37fffff,2023,14,2,0,0.014151217641335895
8811aa7a37fffff,2023,17,3,0,0.01639916673099906
8811aa7a37fffff,2023,18,2,0,0.0168627656814326
8811aa7a37fffff,2023,21,1,0,0.017741031956542714
8811aa7a37fffff,2024,7,1,0,0.010396429023488897
8811aa7a37fffff,2024,16,1,0,0.013964998015745193
8811aa7a37fffff,2024,18,1,0,0.014556378088575262
8811aa7a39fffff,2022,5,1,0,0.05273868011572124
8811aa7a39fffff,2022,10,1,0,0.05390425367749523
8811aa7a39fffff,2022,18,2,0,0.05701215833069631
8811aa7a39fffff,2022,19,3,0,0.05736283980132475
8811aa7a39fffff,2023,9,1,0,0.05369105079240028
8811aa7a39fffff,2023,13,1,0,0.057088907545462676
8811aa7a39fffff,2023,15,1,0,0.05579513961617085
8811aa7a39fffff,2023,16,1,0,0.058223439108668056
8811aa7a39fffff,2023,17,1,0,0.0577124281213073
8811aa7a39fffff,2023,18,1,0,0.0570946454820164
8811aa7a39fffff,2023,20,2,0,0.05785099985748665
8811aa7a39fffff,2024,4,2,0,0.05269483687531325
8811aa7a39fffff,2024,6,1,0,0.05406500963241146
8811aa7a39fffff,2024,11,1,0,0.054447405167870534
8811aa7a39fffff,2024,19,1,0,0.05730784836711135
8811aa7a39fffff,2024,20,1,0,0.05973614785960855
8811aa7a39fffff,2024,21,1,0,0.05822917704522177
8811aa7a3bfffff,2023,6,1,0,0.09705543344546734
8811aa7a3bfffff,2023,10,1,0,0.10045329019852973
8811aa7a3bfffff,2024,16,1,0,0.10234569572603512
8811aa7a3dfffff,2023,12,1,0,0.13451357257893204
8811aa7a3dfffff,2023,15,1,1,0.13732156884799412
8811aa7a3dfffff,2024,0,1,0,0.1303734667706404
8811aa7a3dfffff,2024,18,1,0,0.13896863098739
8811aa7a41fffff,2022,8,1,0,0.0631187223211231
8811aa7a41fffff,2022,17,1,0,0.06857243931550129
8811aa7a41fffff,2022,18,1,0,0.06895061650323642
8811aa7a41fffff,2022,22,1,0,0.06867535041665952
8811aa7a41fffff,2022,23,1,0,0.06905352760439465
8811aa7a41fffff,2023,0,1,1,0.06240557459124889
8811aa7a41fffff,2023,13,1,1,0.06705973056456078
8811aa7a41fffff,2023,17,1,0,0.06870831229278646
8811aa7a41fffff,2023,18,1,0,0.06690049419847434
8811aa7a41fffff,2024,0,1,2,0.060355452286486796
8811aa7a41fffff,2024,3,1,1,0.06354010615445424
8811aa7a41fffff,2024,8,1,0,0.06670643635445674
8811aa7a41fffff,2024,10,1,0,0.06404005099923352
8811aa7a41fffff,2024,13,2,0,0.06584634061272707
8811aa7a41fffff,2024,16,1,0,0.06614413982300407
8811aa7a41fffff,2024,18,1,0,0.06895061650323642
8811aa7a41fffff,2024,20,1,0,0.06765684857394458
8811aa7a41fffff,2024,21,1,0,0.0680350257616797
8811aa7a41fffff,2024,23,2,0,0.06920262290790302
8811aa7a43fffff,2022,9,1,0,0.051345263257863004
8811aa7a43fffff,2022,10,2,0,0.05180592759691821
8811aa7a43fffff,2022,14,1,0,0.053236149196538615
8811aa7a43fffff,2022,17,2,0,0.05616453777641082
8811aa7a43fffff,2022,20,1,0,0.055968377232606295
8811aa7a43fffff,2022,22,1,0,0.05857383647042639
8811aa7a43fffff,2023,0,1,0,0.050253938340253664
8811aa7a43fffff,2023,11,1,0,0.05210161763333325
8811aa7a43fffff,2023,16,1,0,0.056042625876770946
8811aa7a43fffff,2023,18,1,0,0.054748857947479114
8811aa7a43fffff,2023,20,1,0,0.05550521232294937
8811aa7a43fffff,2024,10,1,0,0.05172344044559812
8811aa7a43fffff,2024,18,2,0,0.054748857947479114
8811aa7a45fffff,2022,9,2,0,0.04563422981943232
8811aa7a45fffff,2022,14,1,0,0.04521872816525059
8811aa7a45fffff,2022,21,1,0,0.05042862136034906
8811aa7a45fffff,2023,19,2,0,0.048134675256307255
8811aa7a45fffff,2024,9,1,0,0.04705142923719378
8811aa7a45fffff,2024,12,1,0,0.04462734809242053
8811aa7a47fffff,2022,1,1,0,0.009321036526159216
8811aa7a47fffff,2022,9,1,0,0.012249280863435692
8811aa7a47fffff,2022,10,1,0,0.012462483748530637
8811aa7a47fffff,2022,11,1,0,0.012840660936265761
8811aa7a47fffff,2022,12,1,0,0.013383812426641063
8811aa7a47fffff,2022,13,1,0,0.01376198961437619
8811aa7a47fffff,2022,15,3,0,0.016332930893213277
8811aa7a47fffff,2022,18,1,0,0.015487901250411627
8811aa7a47fffff,2022,19,1,0,0.015866078438146754
8811aa7a47fffff,2022,21,1,0,0.01727083636709268
8811aa7a47fffff,2022,22,1,0,0.019611070380375652
8811aa7a47fffff,2023,3,2,0,0.011939184406938867
8811aa7a47fffff,2023,10,1,0,0.012462483748530637
8811aa7a47fffff,2023,11,1,0,0.01300563523890594
8811aa7a47fffff,2023,12,1,0,0.015268960428762966
8811aa7a47fffff,2023,13,2,0,0.01451623481598446
8811aa7a47fffff,2023,15,1,0,0.014518343989846437
8811aa7a47fffff,2023,17,1,0,0.015109724062676504
8811aa7a47fffff,2023,18,1,0,0.01753802355517371
8811aa7a47fffff,2024,3,1,0,0.012640043782582064
8811aa7a47fffff,2024,9,2,0,0.012084306560795512
8811aa7a47fffff,2024,13,1,0,0.01376198961437619
8811aa7a47fffff,2024,18,1,0,0.016434495410904065
8811aa7a49fffff,2022,8,2,0,0.02651614771953431
8811aa7a49fffff,2022,12,1,0,0.029566448199046365
8811aa7a49fffff,2022,14,1,0,0.027760149693564017
8811aa7a49fffff,2022,15,1,0,0.028138326881299136
8811aa7a49fffff,2022,16,1,0,0.03056662637379634
8811aa7a49fffff,2022,17,1,0,0.032482395290103036
8811aa7a49fffff,2023,13,1,0,0.029432094810590972
8811aa7a49fffff,2023,15,1,0,0.028138326881299136
8811aa7a49fffff,2023,18,2,0,0.030297919596885547
8811aa7a49fffff,2023,22,1,0,0.031047714662689702
8811aa7a49fffff,2024,1,1,0,0.025291989002299342
8811aa7a49fffff,2024,13,2,0,0.030457155962972007
8811aa7a49fffff,2024,17,1,0,0.030944803561531467
8811aa7a49fffff,2024,20,1,0,0.030029212819974758
8811aa7a49fffff,2024,21,2,0,0.033294244665400326
8811aa7a4bfffff,2022,10,1,0,0.02588670138454519
8811aa7a4bfffff,2022,14,1,0,0.025812452740380538
8811aa7a4bfffff,2022,16,1,0,0.026270616508834034
8811aa7a4bfffff,2022,18,2,0,0.028912118886426183
8811aa7a4bfffff,2022,22,1,0,0.028801827102489474
8811aa7a4bfffff,2023,8,1,0,0.023080224704312865
8811aa7a4bfffff,2023,10,1,0,0.02588670138454519
8811aa7a4bfffff,2023,17,2,0,0.02930273756297684
8811aa7a4bfffff,2023,23,1,0,0.03157768286853702
8811aa7a4bfffff,2024,8,1,0,0.023080224704312865
8811aa7a4bfffff,2024,9,1,0,0.02550852419681007
8811aa7a4bfffff,2024,11,1,0,0.024379730570158412
8811aa7a4bfffff,2024,13,2,0,0.027089169436393147
8811aa7a4bfffff,2024,14,1,0,0.02548516080800877
8811aa7a4bfffff,2024,17,2,0,0.02853394169869106
8811aa7a4bfffff,2024,18,2,0,0.028738340749651013
8811aa7a4bfffff,2024,21,1,0,0.030046650449631555
8811aa7a4bfffff,2024,23,1,0,0.029015029987584418
8811aa7a4dfffff,2022,0,2,0,0.0013245800958520872
8811aa7a4dfffff,2022,8,1,0,0.0027632700346362955
8811aa7a4dfffff,2022,15,1,0,0.007460632653544245
8811aa7a4dfffff,2022,19,1,0,0.00897334140448474
8811aa7a4dfffff,2022,20,1,0,0.009351518592219863
8811aa7a4dfffff,2022,21,2,0,0.009285101692407045
8811aa7a4dfffff,2022,23,1,0,0.01074819762266993
8811aa7a4dfffff,2023,0,2,1,0.002050122304762081
8811aa7a4dfffff,2023,1,1,0,0.0005431514903753032
8811aa7a4dfffff,2023,12,1,0,0.006326101090338872
8811aa7a4dfffff,2023,13,1,0,0.004819130275952093
8811aa7a4dfffff,2023,16,1,0,0.009376401569850928
8811aa7a4dfffff,2023,17,1,0,0.008352860006299654
8811aa7a4dfffff,2023,18,1,0,0.006545041911987535
8811aa7a4dfffff,2023,19,1,0,0.0069232190997226585
8811aa7a4dfffff,2023,20,2,0,0.009095253304124603
8811aa7a4dfffff,2023,21,2,0,0.009028836404311787
8811aa7a4dfffff,2023,22,1,0,0.010370020434934808
8811aa7a4dfffff,2024,0,1,1,0.002050122304762081
8811aa7a4dfffff,2024,11,1,0,0.0038978015978416666
8811aa7a4dfffff,2024,13,1,0,0.007216808854264516
8811aa7a4dfffff,2024,15,1,0,0.005410510348782162
8811aa7a4dfffff,2024,17,2,0,0.007274413027953541
8811aa7a4dfffff,2024,18,1,0,0.008731037194034777
8811aa7a4dfffff,2024,20,1,0,0.007437269264742944
8811aa7a4dfffff,2024,22,1,1,0.010370020434934808
8811aa7a4dfffff,2024,23,1,0,0.00869807531790785
8811aa7a51fffff,2022,3,1,0,0.009875379220203923
8811aa7a51fffff,2022,13,2,0,0.014255090480051327
8811aa7a51fffff,2022,14,1,0,0.01565832882016749
8811aa7a51fffff,2022,15,1,0,0.016036506007902615
8811aa7a51fffff,2022,17,1,0,0.01679286038337286
8811aa7a51fffff,2022,19,2,0,0.01754921475884311
8811aa7a51fffff,2022,22,1,0,0.018945893789293178
8811aa7a51fffff,2023,6,1,0,0.010582789013524418
8811aa7a51fffff,2023,14,1,0,0.013608206515405409
8811aa7a51fffff,2023,17,1,0,0.01679286038337286
8811aa7a51fffff,2023,18,1,0,0.015120915266345906
8811aa7a51fffff,2023,19,1,0,0.01754921475884311
8811aa7a51fffff,2024,8,1,0,0.011339143388994666
8811aa7a51fffff,2024,9,1,0,0.01376744288149187
8811aa7a51fffff,2024,12,1,0,0.012851852139935161
8811aa7a51fffff,2024,15,1,0,0.016549036584093135
8811aa7a51fffff,2024,16,1,0,0.016414683195637738
8811aa7a51fffff,2024,18,2,0,0.016145976418726945
8811aa7a53fffff,2022,9,1,0,0.010805190303395357
8811aa7a53fffff,2022,19,1,0,0.012536839875984515
8811aa7a53fffff,2022,21,1,0,0.013458168554094941
8811aa7a53fffff,2022,22,1,0,0.014396683816091514
8811aa7a53fffff,2023,10,2,0,0.01015830633874944
8811aa7a53fffff,2023,14,1,0,0.010645953937308893
8811aa7a53fffff,2023,15,1,0,0.013074253429806101
8811aa7a53fffff,2023,16,1,0,0.011402308312779143
8811aa7a53fffff,2024,8,1,0,0.008376890810898152
8811aa7a53fffff,2024,15,1,0,0.0111891054276842
8811aa7a53fffff,2024,16,1,0,0.013075773018635864
8811aa7a55fffff,2022,14,1,0,0.039546117768451405
8811aa7a55fffff,2023,8,1,0,0.037277054642040654
8811aa7a55fffff,2023,13,2,0,0.037954550628882554
8811aa7a55fffff,2023,14,1,0,0.039546117768451405
8811aa7a55fffff,2023,19,1,0,0.03938688140236494
8811aa7a55fffff,2023,20,1,0,0.039765058590100065
8811aa7a55fffff,2024,2,1,0,0.03540601196015977
8811aa7a55fffff,2024,8,1,0,0.037277054642040654
8811aa7a55fffff,2024,9,2,0,0.03787226362192674
8811aa7a55fffff,2024,11,1,0,0.037009867453959636
8811aa7a55fffff,2024,13,1,0,0.03916794058071627
8811aa7a55fffff,2024,16,1,0,0.038252349839159566
8811aa7a55fffff,2024,17,1,0,0.04081652230894194
8811aa7a55fffff,2024,18,1,0,0.0410588265193919
8811aa7a57fffff,2022,15,1,0,0.015639404916613097
8811aa7a57fffff,2022,16,1,0,0.012429868071014578
8811aa7a57fffff,2023,12,1,0,0.014504873353407723
8811aa7a57fffff,2024,10,1,0,0.010160804944603837
8811aa7a57fffff,2024,14,1,0,0.01526122772887797
8811aa7a57fffff,2024,17,1,0,0.012808045258749703
8811aa7a57fffff,2024,18,2,0,0.015236344751246907
8811aa7a57fffff,2024,22,2,0,0.017267466257527363
8811aa7a59fffff,2024,12,1,0,0.030694047853628573
8811aa7a5bfffff,2022,15,1,0,0.01938977720175996
8811aa7a5bfffff,2022,17,1,0,0.01823188224975329
8811aa7a5bfffff,2023,14,1,0,0.016961477709262755
8811aa7a5bfffff,2023,18,1,0,0.01847418646020325
8811aa7a5bfffff,2023,21,1,0,0.019608718023408623
8811aa7a5bfffff,2024,8,1,0,0.016742536887614092
8811aa7a5bfffff,2024,18,1,0,0.020660181742250493
8811aa7a5bfffff,2024,20,1,0,0.0192305408356735
8811aa7a5dfffff,2022,7,1,0,0.039859508951666976
8811aa7a5dfffff,2022,11,1,1,0.04107402709559072
8811aa7a5dfffff,2022,15,1,0,0.042586735846531214
8811aa7a5dfffff,2022,17,2,0,0.04334309022200147
8811aa7a5dfffff,2023,15,1,0,0.04309926642272174
8811aa7a5dfffff,2023,19,3,0,0.042732696394297
8811aa7a5dfffff,2024,10,2,0,0.03864572760309352
8811aa7a5dfffff,2024,15,1,0,0.04426020055238794
8811aa7a5dfffff,2024,17,3,0,0.04214718554422359
8811aa7a5dfffff,2024,20,1,0,0.04447762178520683
8811aa7a61fffff,2023,9,1,0,0.035407691812886374
8811aa7a61fffff,2023,18,1,0,0.03662529122045525
8811aa7a61fffff,2024,14,1,0,0.03716270477427683
8811aa7a63fffff,2023,11,1,0,0.05577595016505264
8811aa7a63fffff,2023,12,1,0,0.05820424965754985
8811aa7a63fffff,2023,17,1,0,0.060095135596225466
8811aa7a63fffff,2023,18,1,0,0.05893572105538904
8811aa7a63fffff,2023,22,1,0,0.05866045496881214
8811aa7a63fffff,2024,10,2,1,0.05488524240112701
8811aa7a63fffff,2024,13,1,0,0.05513058578923649
8811aa7a65fffff,2022,15,2,0,0.03031080518808702
8811aa7a65fffff,2022,16,1,0,0.030771469527142235
8811aa7a65fffff,2023,13,1,0,0.02947196366129668
8811aa7a65fffff,2023,15,1,1,0.032790970917719535
8811aa7a65fffff,2023,16,1,0,0.03265661752926414
8811aa7a65fffff,2023,17,1,0,0.03098467241223718
8811aa7a65fffff,2024,2,1,0,0.027624284368217095
8811aa7a65fffff,2024,8,1,0,0.029631200027383144
8811aa7a65fffff,2024,10,1,0,0.03030908741096479
8811aa7a65fffff,2024,11,1,0,0.030765731590588517
8811aa7a65fffff,2024,16,1,0,0.030606495224502053
8811aa7a65fffff,2024,20,1,0,0.03416932628020463
8811aa7a67fffff,2022,13,1,0,0.04296108399198574
8811aa7a67fffff,2022,14,1,0,0.04538938348448295
8811aa7a67fffff,2022,15,1,0,0.04576756067221807
8811aa7a67fffff,2022,16,1,0,0.04409561555519111
8811aa7a67fffff,2022,17,1,0,0.04703644562387884
8811aa7a67fffff,2023,12,1,0,0.04258290680425062
8811aa7a67fffff,2023,13,1,0,0.04296108399198574
8811aa7a67fffff,2023,16,1,0,0.04768332958852475
8811aa7a67fffff,2023,18,2,0,0.04485196993066136
8811aa7a67fffff,2024,0,1,0,0.03830692801867382
8811aa7a67fffff,2024,1,1,0,0.03868510520640896
8811aa7a67fffff,2024,8,1,0,0.04107019805331012
8811aa7a67fffff,2024,11,1,0,0.04271726019270602
8811aa7a67fffff,2024,14,1,0,0.04333926117972087
8811aa7a67fffff,2024,15,1,0,0.047305152400789634
8811aa7a67fffff,2024,17,1,0,0.04703644562387884
8811aa7a67fffff,2024,21,1,0,0.04957421552720038
8811aa7a67fffff,2024,22,1,0,0.048300290854703276
8811aa7a67fffff,2024,23,1,0,0.047005003336581676
8811aa7a69fffff,2023,13,1,0,0.08828660763166503
8811aa7a69fffff,2023,20,1,0,0.0909338479458109
8811aa7a69fffff,2024,16,1,0,0.0894211391948704
8811aa7a6bfffff,2022,11,1,0,0.10439940677477014
8811aa7a6bfffff,2023,21,1,0,0.10818117865212137
8811aa7a6bfffff,2023,23,1,0,0.1082037206678103
8811aa7a6bfffff,2024,23,1,0,0.10803874636517011
8811aa7a6dfffff,2022,1,1,0,0.04147362996504618
8811aa7a6dfffff,2022,8,1,0,0.04369374850930717
8811aa7a6dfffff,2022,12,2,0,0.04740567486851811
8811aa7a6dfffff,2022,15,2,0,0.04820278232876244
8811aa7a6dfffff,2022,20,1,0,0.050794527643081254
8811aa7a6dfffff,2022,21,1,0,0.05117270483081638
8811aa7a6dfffff,2023,6,1,0,0.042937394133836924
8811aa7a6dfffff,2023,8,1,0,0.04574387081406925
8811aa7a6dfffff,2023,10,1,0,0.04612356759063414
8811aa7a6dfffff,2023,12,1,0,0.04520645726024766
8811aa7a6dfffff,2023,13,1,0,0.04558463444798279
8811aa7a6dfffff,2023,15,1,0,0.049928702856786675
8811aa7a6dfffff,2023,16,1,0,0.04671916601118816
8811aa7a6dfffff,2023,17,1,0,0.04709734319892328
8811aa7a6dfffff,2023,18,1,0,0.04747552038665841
8811aa7a6dfffff,2023,21,1,0,0.04925845550333946
8811aa7a6dfffff,2024,1,1,0,0.04144452863969116
8811aa7a6dfffff,2024,7,1,0,0.04377873623122898
8811aa7a6dfffff,2024,12,1,0,0.04725657956500974
8811aa7a6dfffff,2024,15,1,0,0.04634098882345304
8811aa7a6dfffff,2024,23,1,0,0.049628553792578724
8811aa7a81fffff,2022,13,1,0,0.09637117057238401
8811aa7a81fffff,2023,0,1,0,0.08966689229431002
8811aa7a81fffff,2023,9,1,0,0.09383340066906248
8811aa7a81fffff,2023,10,2,0,0.09523663900917864
8811aa7a81fffff,2023,12,1,0,0.14263327581798624
8811aa7a81fffff,2023,13,2,0,0.09592657648483607
8811aa7a81fffff,2023,14,1,0,0.09469922545535706
8811aa7a81fffff,2023,16,2,0,0.0967369062713036
8811aa7a81fffff,2023,18,1,0,0.09826205651105964
8811aa7a81fffff,2023,19,1,0,0.09659011139403267
8811aa7a81fffff,2023,20,1,0,0.09901841088652988
8811aa7a81fffff,2023,21,1,0,0.099396588074265
8811aa7a81fffff,2024,10,1,0,0.09523663900917864
8811aa7a81fffff,2024,12,2,0,0.0959929933846489
8811aa7a81fffff,2024,13,2,0,0.09637117057238401
8811aa7a81fffff,2024,15,3,0,0.09644415084626691
8811aa7a81fffff,2024,16,4,0,0.0961714548710468
8811aa7a81fffff,2024,18,2,0,0.09826205651105964
8811aa7a81fffff,2024,20,1,0,0.09901841088652988
8811aa7a81fffff,2024,23,2,0,0.09868916938895571
8811aa7a83fffff,2022,2,1,0,0.03289838168301843
8811aa7a83fffff,2022,6,1,1,0.032098820661952146
8811aa7a83fffff,2022,8,1,0,0.03490529734218448
8811aa7a83fffff,2022,10,2,0,0.035729588206297305
8811aa7a83fffff,2022,13,2,0,0.036796183280860095
8811aa7a83fffff,2022,15,1,0,0.03755253765633034
8811aa7a83fffff,2022,17,1,0,0.03830889203180059
8811aa7a83fffff,2022,21,4,0,0.039350313782210614
8811aa7a83fffff,2022,23,1,0,0.038789980320693945
8811aa7a83fffff,2023,0,1,0,0.03214202730754818
8811aa7a83fffff,2023,1,1,0,0.030470082190521216
8811aa7a83fffff,2023,2,1,1,0.03289838168301843
8811aa7a83fffff,2023,4,1,0,0.031769588056366774
8811aa7a83fffff,2023,10,1,0,0.03566165171765472
8811aa7a83fffff,2023,11,1,0,0.033989706600627764
8811aa7a83fffff,2023,12,1,0,0.03641800609312497
8811aa7a83fffff,2023,14,1,0,0.037174360468595215
8811aa7a83fffff,2023,16,1,0,0.036045566841943565
8811aa7a83fffff,2023,18,1,0,0.036636946914773635
8811aa7a83fffff,2023,19,3,0,0.038607707265293716
8811aa7a83fffff,2023,20,2,0,0.03867462773072018
8811aa7a83fffff,2023,22,2,0,0.039693129573435126
8811aa7a83fffff,2024,0,1,0,0.030091905002786093
8811aa7a83fffff,2024,1,1,0,0.030470082190521216
8811aa7a83fffff,2024,2,1,0,0.030848259378256342
8811aa7a83fffff,2024,4,1,0,0.031740486731011756
8811aa7a83fffff,2024,8,1,0,0.0365787620480412
8811aa7a83fffff,2024,9,3,0,0.033971717760958274
8811aa7a83fffff,2024,10,2,0,0.03566165171765472
8811aa7a83fffff,2024,11,3,0,0.03484392422761196
8811aa7a83fffff,2024,12,1,0,0.03641800609312497
8811aa7a83fffff,2024,13,1,0,0.036796183280860095
8811aa7a83fffff,2024,14,1,0,0.03884782517445194
8811aa7a83fffff,2024,15,1,0,0.03566738965420844
8811aa7a83fffff,2024,16,2,0,0.03799865133270804
8811aa7a83fffff,2024,18,1,0,0.03882294219682088
8811aa7a83fffff,2024,19,1,0,0.037015124102508755
8811aa7a83fffff,2024,20,2,0,0.038500849593945015
8811aa7a83fffff,2024,21,3,0,0.039821600782741086
8811aa7a83fffff,2024,22,1,0,0.03841180313295882
8811aa7a83fffff,2024,23,2,0,0.03981504147307499
8811aa7a85fffff,2022,2,2,0,0.03683182084713201
8811aa7a85fffff,2022,6,1,1,0.03793328682731944
8811aa7a85fffff,2022,9,1,0,0.039067818390524804
8811aa7a85fffff,2022,11,3,0,0.03933959240241886
8811aa7a85fffff,2022,13,1,0,0.0405805271414653
8811aa7a85fffff,2022,16,2,0,0.041715058704670675
8811aa7a85fffff,2022,18,3,0,0.042642256605537755
8811aa7a85fffff,2022,19,1,0,0.04096444226575415
8811aa7a85fffff,2023,0,1,1,0.03592637116815339
8811aa7a85fffff,2023,2,1,0,0.034797577541501735
8811aa7a85fffff,2023,3,1,0,0.03501078042659668
8811aa7a85fffff,2023,5,1,0,0.03832978768301953
8811aa7a85fffff,2023,7,1,0,0.03690974526376816
8811aa7a85fffff,2023,10,1,0,0.03944599557825994
8811aa7a85fffff,2023,11,2,0,0.03879911161361402
8811aa7a85fffff,2023,12,1,0,0.040202349953730177
8811aa7a85fffff,2023,13,2,0,0.03944962434095167
8811aa7a85fffff,2023,16,2,0,0.04248385456895645
8811aa7a85fffff,2023,17,1,0,0.042093235892405795
8811aa7a85fffff,2023,18,3,0,0.042004173496378784
8811aa7a85fffff,2023,19,2,1,0.04208079440359026
8811aa7a85fffff,2023,21,3,0,0.042113643907203124
8811aa7a85fffff,2023,23,1,0,0.04257432418129916
8811aa7a85fffff,2024,0,1,0,0.034524652416866995
8811aa7a85fffff,2024,1,2,0,0.03549651899565843
8811aa7a85fffff,2024,2,1,0,0.03668272554362364
8811aa7a85fffff,2024,9,2,0,0.03932408367862007
8811aa7a85fffff,2024,14,2,0,0.04001613032813948
8811aa7a85fffff,2024,16,2,0,0.04108213581767006
8811aa7a85fffff,2024,17,2,0,0.042093235892405795
8811aa7a85fffff,2024,18,2,0,0.04247141308014092
8811aa7a85fffff,2024,19,1,0,0.04096444226575415
8811aa7a85fffff,2024,21,2,0,0.04266337064228534
8811aa7a85fffff,2024,22,2,0,0.042196146993564033
8811aa7a85fffff,2024,23,1,0,0.0447603194633464
8811aa7a87fffff,2022,9,2,0,0.06347303572785556
8811aa7a87fffff,2023,1,1,0,0.060333108094313914
8811aa7a87fffff,2023,6,1,0,0.0623385041646502
8811aa7a87fffff,2023,10,1,0,0.06180109061082861
8811aa7a87fffff,2023,15,1,0,0.06574209885426631
8811aa7a87fffff,2023,16,1,0,0.06407015373723934
8811aa7a87fffff,2024,0,2,0,0.06033158850548415
8811aa7a87fffff,2024,1,1,0,0.05882461769109737
8811aa7a87fffff,2024,4,1,0,0.06198017023370981
8811aa7a87fffff,2024,15,3,0,0.0657873898466947
8811aa7a87fffff,2024,20,1,0,0.06623126604165554
8811aa7a89fffff,2022,3,1,0,0.0012995058658455514
8811aa7a89fffff,2022,8,1,0,0.004813392339398376
8811aa7a89fffff,2022,10,1,0,0.003817815017123296
8811aa7a89fffff,2022,12,1,0,0.006326101090338872
8811aa7a89fffff,2022,13,1,0,0.006704278278073995
8811aa7a89fffff,2022,14,1,0,0.00862004719438068
8811aa7a89fffff,2022,15,1,0,0.007460632653544245
8811aa7a89fffff,2022,17,1,0,0.008216987029014492
8811aa7a89fffff,2022,20,1,0,0.009351518592219863
8811aa7a89fffff,2022,21,1,0,0.007679573475192905
8811aa7a89fffff,2022,22,1,0,0.008319898130172726
8811aa7a89fffff,2022,23,1,0,0.00869807531790785
8811aa7a89fffff,2023,8,2,0,0.003788331187017336
8811aa7a89fffff,2023,10,1,0,0.0036845987127467226
8811aa7a89fffff,2023,16,1,0,0.007838809841279366
8811aa7a89fffff,2023,18,1,0,0.006710016214627713
8811aa7a89fffff,2023,19,1,0,0.00897334140448474
8811aa7a89fffff,2023,21,1,0,0.008704634627573945
8811aa7a89fffff,2024,8,1,0,0.004813392339398376
8811aa7a89fffff,2024,15,2,0,0.006435571501163204
8811aa7a89fffff,2024,17,1,0,0.008216987029014492
8811aa7a89fffff,2024,18,1,0,0.006545041911987535
8811aa7a89fffff,2024,19,1,0,0.007221409706739411
8811aa7a8bfffff,2022,1,1,0,0.03373706589100118
8811aa7a8bfffff,2022,5,2,0,0.03521054114599737
8811aa7a8bfffff,2022,8,1,0,0.03612215873790235
8811aa7a8bfffff,2022,9,2,0,0.03581402721267178
8811aa7a8bfffff,2022,11,1,0,0.03520656799634564
8811aa7a8bfffff,2022,12,1,0,0.03814739806503337
8811aa7a8bfffff,2022,13,1,0,0.03801304467657797
8811aa7a8bfffff,2022,14,1,0,0.03680426446920795
8811aa7a8bfffff,2022,16,1,0,0.03914757623978334
8811aa7a8bfffff,2022,17,2,0,0.03875695756323269
8811aa7a8bfffff,2022,19,1,0,0.03823198549822663
8811aa7a8bfffff,2022,21,1,0,0.04103846217845896
8811aa7a8bfffff,2022,22,1,0,0.041678786833438786
8811aa7a8bfffff,2023,0,1,0,0.031308766398503975
8811aa7a8bfffff,2023,1,1,0,0.03373706589100118
8811aa7a8bfffff,2023,4,1,0,0.03282147514944447
8811aa7a8bfffff,2023,9,2,1,0.03453270077219549
8811aa7a8bfffff,2023,12,2,0,0.0366922934877819
8811aa7a8bfffff,2023,13,3,0,0.03732967057499061
8811aa7a8bfffff,2023,14,1,0,0.03634109955955101
8811aa7a8bfffff,2023,17,1,0,0.03952575342751847
8811aa7a8bfffff,2023,21,2,0,0.04103846217845896
8811aa7a8bfffff,2023,22,1,0,0.0396286645286767
8811aa7a8bfffff,2023,23,2,0,0.04000684171641183
8811aa7a8bfffff,2024,2,1,0,0.03206512077397422
8811aa7a8bfffff,2024,7,1,0,0.03369385924540515
8811aa7a8bfffff,2024,11,1,0,0.03520656799634564
8811aa7a8bfffff,2024,16,1,0,0.03914757623978334
8811aa7a8bfffff,2024,17,1,0,0.037640605425396566
8811aa7a8bfffff,2024,18,1,0,0.03785380831049151
8811aa7a8bfffff,2024,22,2,0,0.040614492185113434
8811aa7a8dfffff,2022,3,1,0,0.01043510463521725
8811aa7a8dfffff,2022,5,1,0,0.011191459010687499
8811aa7a8dfffff,2022,7,1,0,0.011520691616272869
8811aa7a8dfffff,2022,8,1,0,0.012063843106648172
8811aa7a8dfffff,2022,10,2,0,0.014705345484240321
8811aa7a8dfffff,2022,13,1,0,0.01635240762363621
8811aa7a8dfffff,2022,14,1,0,0.014332906233058915
8811aa7a8dfffff,2022,17,1,0,0.017352585798386187
8811aa7a8dfffff,2023,1,1,0,0.009678750259747002
8811aa7a8dfffff,2023,9,3,0,0.013985481245711516
8811aa7a8dfffff,2023,14,1,0,0.014167931930418735
8811aa7a8dfffff,2023,16,2,0,0.016031834609590116
8811aa7a8dfffff,2023,18,1,0,0.01773076298612131
8811aa7a8dfffff,2023,19,2,0,0.017935162037081266
8811aa7a8dfffff,2024,1,1,0,0.011563898261868903
8811aa7a8dfffff,2024,2,1,0,0.010355118054498878
8811aa7a8dfffff,2024,7,2,0,0.0139095663604503
8811aa7a8dfffff,2024,8,1,0,0.011898868804007994
8811aa7a8dfffff,2024,14,1,0,0.014332906233058915
8811aa7a8dfffff,2024,18,2,0,0.01773076298612131
8811aa7a8dfffff,2024,21,1,0,0.017113362851581354
8811aa7a8dfffff,2024,23,1,0,0.018482077640755233
8811aa7a91fffff,2022,9,1,0,0.037053051718875296
8811aa7a91fffff,2022,10,2,0,0.03648463474611799
8811aa7a91fffff,2022,14,1,0,0.036972282344677435
8811aa7a91fffff,2022,16,1,0,0.03789361102278787
8811aa7a91fffff,2022,20,1,0,0.041291467775850264
8811aa7a91fffff,2022,21,1,0,0.039619522658823306
8811aa7a91fffff,2022,23,1,0,0.04217561623010981
8811aa7a91fffff,2023,12,1,0,0.03621592796920719
8811aa7a91fffff,2023,13,1,0,0.0367590794595825
8811aa7a91fffff,2023,16,1,0,0.04029128960110029
8811aa7a91fffff,2023,17,2,0,0.03913187506026385
8811aa7a91fffff,2023,21,1,0,0.04078045678848951
8811aa7a91fffff,2024,7,1,0,0.034460915007816735
8811aa7a91fffff,2024,11,1,0,0.03648615433494775
8811aa7a91fffff,2024,17,1,0,0.03810681390788281
8811aa7a91fffff,2024,18,1,0,0.03848499109561793
8811aa7a93fffff,2022,9,1,0,0.07939800582484015
8811aa7a93fffff,2022,10,1,0,0.07977618301257527
8811aa7a93fffff,2022,11,1,0,0.08045255080732716
8811aa7a93fffff,2022,12,1,0,0.08104506796423605
8811aa7a93fffff,2022,15,1,0,0.07978192094912899
8811aa7a93fffff,2022,16,2,0,0.08219434144249439
8811aa7a93fffff,2022,18,1,0,0.08280160051445627
8811aa7a93fffff,2022,19,1,0,0.0812946297000695
8811aa7a93fffff,2022,22,1,0,0.08611404846121301
8811aa7a93fffff,2023,0,1,0,0.07437141060034683
8811aa7a93fffff,2023,6,2,0,0.07826347426163477
8811aa7a93fffff,2023,8,1,0,0.07901982863710504
8811aa7a93fffff,2023,10,1,0,0.08028871358876578
8811aa7a93fffff,2023,15,1,0,0.0796169466464888
8811aa7a93fffff,2023,16,1,0,0.08204524613898602
8811aa7a93fffff,2023,17,2,0,0.08165462746243536
8811aa7a93fffff,2023,18,1,0,0.08280160051445627
8811aa7a93fffff,2023,19,1,0,0.0811296553974293
8811aa7a93fffff,2023,23,1,0,0.08495463392037658
8811aa7a93fffff,2024,8,1,0,0.07901982863710504
8811aa7a93fffff,2024,12,1,0,0.08053253738804551
8811aa7a93fffff,2024,13,1,0,0.08296083688054272
8811aa7a93fffff,2024,14,1,0,0.07940374376139386
8811aa7a93fffff,2024,16,1,0,0.07999512383422393
8811aa7a93fffff,2024,17,1,0,0.08242342332672115
8811aa7a93fffff,2024,18,2,0,0.08185902651339533
8811aa7a93fffff,2024,20,1,0,0.08150783258516443
8811aa7a95fffff,2022,6,2,1,0.01120235525407983
8811aa7a95fffff,2022,13,1,0,0.013472937969320338
8811aa7a95fffff,2022,14,2,0,0.01320271160357978
8811aa7a95fffff,2022,22,1,0,0.018027868301277027
8811aa7a95fffff,2023,8,1,0,0.009908587324787995
8811aa7a95fffff,2023,11,1,0,0.011208093190633548
8811aa7a95fffff,2023,15,1,0,0.016143541672267503
8811aa7a95fffff,2023,19,1,0,0.017656250423208
8811aa7a95fffff,2023,20,1,0,0.014611687880249663
8811aa7a95fffff,2023,21,1,0,0.01687501307010669
8811aa7a95fffff,2023,23,1,0,0.016491796161535233
8811aa7a95fffff,2024,10,1,0,0.011313345253733925
8811aa7a95fffff,2024,12,1,0,0.011421296075728492
8811aa7a95fffff,2024,14,2,0,0.014295709244603402
8811aa7a95fffff,2024,16,1,0,0.012934004826668987
8811aa7a95fffff,2024,17,2,0,0.015362304319166192
8811aa7a95fffff,2024,19,1,0,0.01406853638987436
8811aa7a95fffff,2024,20,1,0,0.014582586554894646
8811aa7a95fffff,2024,22,1,0,0.018027868301277027
8811aa7a97fffff,2022,1,1,0,0.03487955803408193
8811aa7a97fffff,2022,2,1,0,0.03525773522181705
8811aa7a97fffff,2022,4,1,0,0.036014089597287295
8811aa7a97fffff,2022,8,1,0,0.039149798883105
8811aa7a97fffff,2022,10,1,0,0.03990615325857525
8811aa7a97fffff,2022,12,1,0,0.04066250763404549
8811aa7a97fffff,2022,13,2,0,0.039155536819658714
8811aa7a97fffff,2022,17,1,0,0.04066824557059921
8811aa7a97fffff,2022,19,1,0,0.04330974794819136
8811aa7a97fffff,2022,20,2,0,0.041802777133804585
8811aa7a97fffff,2022,21,1,0,0.04457863289985213
8811aa7a97fffff,2023,7,1,0,0.040309213423941434
8811aa7a97fffff,2023,14,2,0,0.03953371400739384
8811aa7a97fffff,2023,17,1,0,0.04306592414891163
8811aa7a97fffff,2023,21,1,0,0.04218095432153971
8811aa7a97fffff,2023,23,1,0,0.043034481861614474
8811aa7a97fffff,2024,7,1,0,0.03877162169536987
8811aa7a97fffff,2024,9,1,0,0.04106556779941168
8811aa7a97fffff,2024,11,1,0,0.04028433044631037
8811aa7a97fffff,2024,12,1,1,0.04066250763404549
8811aa7a97fffff,2024,17,1,0,0.042553393572721115
8811aa7a97fffff,2024,18,1,0,0.04088144845569416
8811aa7a97fffff,2024,22,2,0,0.04470642697864143
8811aa7a97fffff,2024,23,1,0,0.043199456164254656
8811aa7a99fffff,2022,22,1,0,0.12168830408913969
8811aa7a99fffff,2024,9,1,0,0.115108134430052
8811aa7a99fffff,2024,12,1,1,0.11764438474454376
8811aa7a99fffff,2024,17,1,0,0.11813355193193298
8811aa7a99fffff,2024,18,1,0,0.11991344787095451
8811aa7a9bfffff,2022,7,2,0,0.018185489689342166
8811aa7a9bfffff,2022,8,1,0,0.01745611857337616
8811aa7a9bfffff,2022,12,1,0,0.021018949629078736
8811aa7a9bfffff,2022,13,3,0,0.019456987380478564
8811aa7a9bfffff,2022,14,1,0,0.020188346609443835
8811aa7a9bfffff,2022,15,1,0,0.022153481192284108
8811aa7a9bfffff,2022,18,1,0,0.021237890450727395
8811aa7a9bfffff,2022,20,1,0,0.024044367130959726
8811aa7a9bfffff,2022,22,2,0,0.025319134261769932
8811aa7a9bfffff,2023,0,1,0,0.014857822841380043
8811aa7a9bfffff,2023,8,1,0,0.01950624087813824
8811aa7a9bfffff,2023,9,1,0,0.01783429576111128
8811aa7a9bfffff,2023,10,2,0,0.020262595253608486
8811aa7a9bfffff,2023,11,1,0,0.01875562443922171
8811aa7a9bfffff,2023,12,1,0,0.021018949629078736
8811aa7a9bfffff,2023,13,3,0,0.021336266159843808
8811aa7a9bfffff,2023,19,1,0,0.02161606763846252
8811aa7a9bfffff,2023,20,1,0,0.021994244826197648
8811aa7a9bfffff,2023,21,1,0,0.02253739631657295
8811aa7a9bfffff,2023,22,2,0,0.02382479618857416
8811aa7a9bfffff,2024,10,1,0,0.018212472948846405
8811aa7a9bfffff,2024,12,2,0,0.020076375628017784
8811aa7a9bfffff,2024,13,2,0,0.020372065664432816
8811aa7a9bfffff,2024,15,2,0,0.020427560664259867
8811aa7a9bfffff,2024,17,1,0,0.022909835567754354
8811aa7a9bfffff,2024,18,1,0,0.022262951603108438
8811aa7a9bfffff,2024,20,1,0,0.023155178955863852
8811aa7a9bfffff,2024,22,2,0,0.02341943559697052
8811aa7a9dfffff,2022,7,1,0,0.01404694740733594
8811aa7a9dfffff,2022,12,1,0,0.01798795565077364
8811aa7a9dfffff,2022,14,1,0,0.016694187721481808
8811aa7a9dfffff,2022,15,1,0,0.01707236490921693
8811aa7a9dfffff,2022,16,1,0,0.06357829395409886
8811aa7a9dfffff,2022,19,1,0,0.020635195964919507
8811aa7a9dfffff,2022,20,1,0,0.02101337315265463
8811aa7a9dfffff,2022,21,1,0,0.021391550340389753
8811aa7a9dfffff,2022,22,2,0,0.022031874995369575
8811aa7a9dfffff,2023,0,1,0,0.011661854560434767
8811aa7a9dfffff,2023,7,1,0,0.01404694740733594
8811aa7a9dfffff,2023,9,1,0,0.016853424087568267
8811aa7a9dfffff,2023,10,2,0,0.0165452925623377
8811aa7a9dfffff,2023,11,1,0,0.015724630460916614
8811aa7a9dfffff,2023,14,1,0,0.018744310026243886
8811aa7a9dfffff,2023,15,3,0,0.018268269586994814
8811aa7a9dfffff,2023,17,2,0,0.017828719284687176
8811aa7a9dfffff,2023,19,1,0,0.018585073660157426
8811aa7a9dfffff,2023,21,1,0,0.021391550340389753
8811aa7a9dfffff,2024,2,1,0,0.012418208935905015
8811aa7a9dfffff,2024,14,2,0,0.018744310026243886
8811aa7a9dfffff,2024,15,1,0,0.019122487213979012
8811aa7a9dfffff,2024,16,1,0,0.020013194977904655
8811aa7a9dfffff,2024,17,2,0,0.01987884158944926
8811aa7aa1fffff,2022,16,1,0,0.04779840407160641
8811aa7aa1fffff,2022,17,1,0,0.04680396383341016
8811aa7aa1fffff,2022,18,1,0,0.04718214102114528
8811aa7aa1fffff,2022,19,1,0,0.049445466211002306
8811aa7aa1fffff,2022,21,1,0,0.05020182058647255
8811aa7aa1fffff,2023,0,1,0,0.04098465538270809
8811aa7aa1fffff,2023,8,1,0,0.04579804772210646
8811aa7aa1fffff,2023,16,1,0,0.048310934647796934
8811aa7aa1fffff,2024,1,1,0,0.04252376670010941
8811aa7aa1fffff,2024,8,1,0,0.04528551714591594
8811aa7aa1fffff,2024,11,2,0,0.04477661533241717
8811aa7aa1fffff,2024,12,1,0,0.04474810359209436
8811aa7aa1fffff,2024,13,1,0,0.04529125508246966
8811aa7aa1fffff,2024,14,1,0,0.04769045324961185
8811aa7aa1fffff,2024,15,1,0,0.04604760945793991
8811aa7aa1fffff,2024,18,3,0,0.04906728902326718
8811aa7aa1fffff,2024,19,1,0,0.051118930916859026
8811aa7aa3fffff,2022,1,1,0,0.05165656277394551
8811aa7aa3fffff,2022,19,1,0,0.058386843329751796
8811aa7aa3fffff,2023,9,1,0,0.05395666789892487
8811aa7aa3fffff,2023,14,1,0,0.057897676142362575
8811aa7aa3fffff,2024,0,2,0,0.050897707827873534
8811aa7aa3fffff,2024,12,1,0,0.05714132176689232
8811aa7aa3fffff,2024,15,1,0,0.05878838390628822
8811aa7aa3fffff,2024,16,1,0,0.058654030517832814
8811aa7aa3fffff,2024,17,1,0,0.05714705970344604
8811aa7aa3fffff,2024,22,1,0,0.0608085835125829
8811aa7aa5fffff,2022,9,1,0,0.03386869362734872
8811aa7aa5fffff,2022,20,1,0,0.03444092865910144
8811aa7aa5fffff,2022,23,1,0,0.035837607689551514
8811aa7aa5fffff,2023,11,2,0,0.032212818761829035
8811aa7aa5fffff,2023,14,1,0,0.03233683983533088
8811aa7aa5fffff,2023,21,2,0,0.03610043228731287
8811aa7aa5fffff,2023,22,1,0,0.0359719610780069
8811aa7aa5fffff,2024,1,1,0,0.029191174265235507
8811aa7aa5fffff,2024,8,2,0,0.03158948943835989
8811aa7aa5fffff,2024,11,1,0,0.03462504800281897
8811aa7aa5fffff,2024,12,1,0,0.031415511157220445
8811aa7aa5fffff,2024,13,3,0,0.0337182581167492
8811aa7aa5fffff,2024,14,1,0,0.0358954525433095
8811aa7aa5fffff,2024,15,1,0,0.03643594736077622
8811aa7aa5fffff,2024,19,2,0,0.03636913906422366
8811aa7aa5fffff,2024,20,1,0,0.03649105096386352
8811aa7aa5fffff,2024,22,1,0,0.038157956360054146
8811aa7aa7fffff,2022,12,1,0,0.0317254066155785
8811aa7aa7fffff,2022,13,1,0,0.02992024519417497
8811aa7aa7fffff,2022,16,1,0,0.03293992475950225
8811aa7aa7fffff,2022,18,1,0,0.03164615683021041
8811aa7aa7fffff,2022,19,1,0,0.03218930832058572
8811aa7aa7fffff,2022,20,1,0,0.03496516408663326
8811aa7aa7fffff,2023,9,1,0,0.028242562140594292
8811aa7aa7fffff,2023,11,1,0,0.031049038820826623
8811aa7aa7fffff,2023,12,1,0,0.03142721600856175
8811aa7aa7fffff,2023,13,1,0,0.0323179237724874
8811aa7aa7fffff,2023,14,1,0,0.032183570384032
8811aa7aa7fffff,2023,15,1,0,0.03256174757176712
8811aa7aa7fffff,2023,16,1,0,0.03293992475950225
8811aa7aa7fffff,2023,18,3,0,0.03301290503338513
8811aa7aa7fffff,2024,8,1,0,0.02991450725762125
8811aa7aa7fffff,2024,10,2,0,0.030927126921186765
8811aa7aa7fffff,2024,12,1,0,0.03142721600856175
8811aa7aa7fffff,2024,13,1,0,0.0323179237724874
8811aa7aa7fffff,2024,14,1,0,0.030298422381910096
8811aa7aa7fffff,2024,15,1,1,0.03256174757176712
8811aa7aa7fffff,2024,18,1,1,0.033696279134972494
8811aa7aa7fffff,2024,20,1,0,0.03445263351044274
8811aa7aa7fffff,2024,23,1,0,0.03396416453877091
8811aa7aa9fffff,2022,11,1,0,0.033992812045971925
8811aa7aa9fffff,2022,16,1,0,0.03793382028940962
8811aa7aa9fffff,2022,17,1,0,0.03831199747714475
8811aa7aa9fffff,2022,19,1,0,0.039068351852615
8811aa7aa9fffff,2022,21,2,0,0.037857071074643256
8811aa7aa9fffff,2023,8,1,0,0.03285828048276655
8811aa7aa9fffff,2023,9,1,0,0.03528657997526376
8811aa7aa9fffff,2023,11,1,0,0.036042934350734
8811aa7aa9fffff,2023,15,1,0,0.03550552079691242
8811aa7aa9fffff,2023,20,1,0,0.03944652904035013
8811aa7aa9fffff,2024,8,1,0,0.03285828048276655
8811aa7aa9fffff,2024,9,1,0,0.03323645767050168
8811aa7aa9fffff,2024,12,2,0,0.03642111153846913
8811aa7aa9fffff,2024,17,1,0,0.03831199747714475
8811aa7aa9fffff,2024,18,2,0,0.036640052360117796
8811aa7aa9fffff,2024,19,1,0,0.039068351852615
8811aa7aabfffff,2022,0,1,0,0.0035877140333336406
8811aa7aabfffff,2022,4,1,2,0.0016485817282256576
8811aa7aabfffff,2022,7,1,0,0.004435215151663252
8811aa7aabfffff,2022,8,1,0,0.0029282443372764754
8811aa7aabfffff,2022,12,2,0,0.0055326223927862975
8811aa7aabfffff,2022,14,1,0,0.0050323331610470385
8811aa7aabfffff,2022,15,1,0,0.005410510348782162
8811aa7aabfffff,2022,16,1,0,0.005953661839157466
8811aa7aabfffff,2022,17,1,0,0.006166864724252411
8811aa7aabfffff,2023,0,1,0,0.0
8811aa7aabfffff,2023,9,1,0,0.005327442504418662
8811aa7aabfffff,2023,10,1,0,0.003519624410106543
8811aa7aabfffff,2023,12,1,0,0.004275978785576791
8811aa7aabfffff,2023,14,1,0,0.0050323331610470385
8811aa7aabfffff,2023,15,1,0,0.008998224382115803
8811aa7aabfffff,2023,16,1,0,0.009376401569850928
8811aa7aabfffff,2023,17,2,0,0.007274413027953541
8811aa7aabfffff,2023,19,1,0,0.0105109331330563
8811aa7aabfffff,2023,21,1,0,0.010242226356145506
8811aa7aabfffff,2024,8,1,0,0.004813392339398376
8811aa7aabfffff,2024,9,1,0,0.0051915695271335
8811aa7aabfffff,2024,10,1,0,0.003519624410106543
8811aa7aabfffff,2024,15,1,0,0.007460632653544245
8811aa7aabfffff,2024,16,1,0,0.007838809841279366
8811aa7aabfffff,2024,17,2,0,0.008216987029014492
8811aa7aabfffff,2024,18,1,1,0.006710016214627713
8811aa7aabfffff,2024,19,1,0,0.007088193402362838
8811aa7aabfffff,2024,21,1,0,0.008327977028668587
8811aa7aabfffff,2024,22,1,0,0.011907612163506366
8811aa7aadfffff,2022,1,1,0,0.04940091610256741
8811aa7aadfffff,2022,20,1,0,0.05837425750705215
8811aa7aadfffff,2023,1,1,0,0.04940091610256741
8811aa7aadfffff,2023,13,2,0,0.055214486616715755
8811aa7aadfffff,2023,14,1,0,0.05405507207587932
8811aa7aadfffff,2023,16,1,0,0.05532395702754009
8811aa7aadfffff,2023,18,1,0,0.05556778082681982
8811aa7aadfffff,2024,9,1,0,0.05421430844196578
8811aa7aadfffff,2024,13,1,0,0.05572701719290628
8811aa7aadfffff,2024,14,2,0,0.05508013322826036
8811aa7aadfffff,2024,16,1,0,0.05686154875611165
8811aa7aadfffff,2024,19,1,0,0.058508610895507546
8811aa7aadfffff,2024,22,1,0,0.059016101750861735
8811aa7ab1fffff,2022,6,1,0,0.025270607893878524
8811aa7ab1fffff,2022,8,1,0,0.026026962269348766
8811aa7ab1fffff,2022,11,1,0,0.027161493832554142
8811aa7ab1fffff,2022,16,1,0,0.03058997149980132
8811aa7ab1fffff,2022,17,1,0,0.0273804346542028
8811aa7ab1fffff,2022,19,1,0,0.03172450306300669
8811aa7ab1fffff,2022,22,1,0,0.029533468060123122
8811aa7ab1fffff,2023,1,1,0,0.021591747117685516
8811aa7ab1fffff,2023,2,1,0,0.02402004661018272
8811aa7ab1fffff,2023,10,1,0,0.02678331664481902
8811aa7ab1fffff,2023,11,1,0,0.027161493832554142
8811aa7ab1fffff,2023,13,1,0,0.025867725903262306
8811aa7ab1fffff,2023,21,1,0,0.028893143405143297
8811aa7ab1fffff,2024,1,1,0,0.023641869422447597
8811aa7ab1fffff,2024,9,1,0,0.026405139457083893
8811aa7ab1fffff,2024,12,1,0,0.02753967102028926
8811aa7ab1fffff,2024,13,1,0,0.027405317631833865
8811aa7ab1fffff,2024,17,1,0,0.0273804346542028
8811aa7ab1fffff,2024,18,2,0,0.029808734146700006
8811aa7ab1fffff,2024,20,1,0,0.03223855322802698
8811aa7ab1fffff,2024,23,2,0,0.031260908176977124
8811aa7ab3fffff,2022,0,1,0,0.04829607390457389
8811aa7ab3fffff,2022,7,2,0,0.05151789910440342
8811aa7ab3fffff,2022,8,1,0,0.05105934393921019
8811aa7ab3fffff,2022,9,2,0,0.05246258227932635
8811aa7ab3fffff,2022,11,1,0,0.05265704041207249
8811aa7ab3fffff,2022,12,1,0,0.10023739627586904
8811aa7ab3fffff,2022,14,3,0,0.05479455213780123
8811aa7ab3fffff,2022,19,1,0,0.05726941530905863
8811aa7ab3fffff,2022,22,1,0,0.0567809463373868
8811aa7ab3fffff,2022,23,2,0,0.05801921037486278
8811aa7ab3fffff,2023,0,1,0,0.04894447745804957
8811aa7ab3fffff,2023,6,1,0,0.05046796386638012
8811aa7ab3fffff,2023,9,1,0,0.05143752112694531
8811aa7ab3fffff,2023,13,1,0,0.055512882758838415
8811aa7ab3fffff,2023,14,1,1,0.05448934119528713
8811aa7ab3fffff,2023,19,1,0,0.05726941530905863
8811aa7ab3fffff,2023,21,2,0,0.058025769684528876
8811aa7ab3fffff,2023,23,1,0,0.05699414922248174
8811aa7ab3fffff,2024,2,1,0,0.049700831833519823
8811aa7ab3fffff,2024,7,1,0,0.05068116675147506
8811aa7ab3fffff,2024,10,1,0,0.05181569831468044
8811aa7ab3fffff,2024,11,1,0,0.05424399780717764
8811aa7ab3fffff,2024,13,1,0,0.055000352182647885
8811aa7ab3fffff,2024,15,2,0,0.0553121124705702
8811aa7ab3fffff,2024,16,1,0,0.05613488374585326
8811aa7ab3fffff,2024,18,1,0,0.05535364639275194
8811aa7ab3fffff,2024,21,1,0,0.058025769684528876
8811aa7ab5fffff,2022,2,1,0,0.011160436160961618
8811aa7ab5fffff,2022,7,2,0,0.014500544497739272
8811aa7ab5fffff,2022,12,1,0,0.014680060571068161
8811aa7ab5fffff,2022,13,1,0,0.016943385760925186
8811aa7ab5fffff,2022,16,1,0,0.018077917324130558
8811aa7ab5fffff,2023,0,1,0,0.01023910748285119
8811aa7ab5fffff,2023,1,1,0,0.010617284670586315
8811aa7ab5fffff,2023,4,1,0,0.013801938538553766
8811aa7ab5fffff,2023,7,1,0,0.014674322634514443
8811aa7ab5fffff,2023,9,1,0,0.01338055470522261
8811aa7ab5fffff,2023,11,2,0,0.016443296673550198
8811aa7ab5fffff,2023,12,1,0,0.015163489821903665
8811aa7ab5fffff,2023,13,1,0,0.014893263456163104
8811aa7ab5fffff,2023,16,1,0,0.01961550905270212
8811aa7ab5fffff,2023,17,1,0,0.018456094511865685
8811aa7ab5fffff,2023,18,2,0,0.019090536987696062
8811aa7ab5fffff,2023,19,1,0,0.017327300885214027
8811aa7ab5fffff,2023,22,2,0,0.020609127917785998
8811aa7ab5fffff,2023,23,1,0,0.01893718280075904
8811aa7ab5fffff,2024,0,2,1,0.01056330925958903
8811aa7ab5fffff,2024,1,1,0,0.011265688224061996
8811aa7ab5fffff,2024,2,2,0,0.01215639598798764
8811aa7ab5fffff,2024,4,1,0,0.013801938538553766
8811aa7ab5fffff,2024,7,1,0,0.012624200329752361
8811aa7ab5fffff,2024,11,1,0,0.01618703138545494
8811aa7ab5fffff,2024,15,1,0,0.017699740136395435
8811aa7ab5fffff,2024,17,1,0,0.018456094511865685
8811aa7ab5fffff,2024,18,1,0,0.01897014467688597
8811aa7ab5fffff,2024,19,1,0,0.019889953766166632
8811aa7ab5fffff,2024,20,1,0,0.019590626075071053
8811aa7ab5fffff,2024,22,1,0,0.019207409166499597
8811aa7ab5fffff,2024,23,2,0,0.021243570393616386
8811aa7ab7fffff,2022,0,1,0,0.0436662695945663
8811aa7ab7fffff,2022,2,1,0,0.044422623970036546
8811aa7ab7fffff,2022,5,1,0,0.04555715553324192
8811aa7ab7fffff,2022,6,1,0,0.045673185253732346
8811aa7ab7fffff,2022,8,2,0,0.046255761492427425
8811aa7ab7fffff,2022,9,1,0,0.04475759451217563
8811aa7ab7fffff,2022,10,1,0,0.04513577169991076
8811aa7ab7fffff,2022,12,1,0,0.049479840108714646
8811aa7ab7fffff,2022,19,1,0,0.050589488694288955
8811aa7ab7fffff,2022,22,2,0,0.0527549635890248
8811aa7ab7fffff,2023,0,1,0,0.0436662695945663
8811aa7ab7fffff,2023,10,1,0,0.047185894004672845
8811aa7ab7fffff,2023,14,1,0,0.0502361944841849
8811aa7ab7fffff,2023,17,2,0,0.04983313431881871
8811aa7ab7fffff,2023,18,2,0,0.05098010737083961
8811aa7ab7fffff,2023,19,2,0,0.050589488694288955
8811aa7ab7fffff,2024,10,1,0,0.047185894004672845
8811aa7ab7fffff,2024,12,1,0,0.04961571308599981
8811aa7ab7fffff,2024,13,2,0,0.04832042556787821
8811aa7ab7fffff,2024,14,1,0,0.048698602755613336
8811aa7ab7fffff,2024,15,2,0,0.04907677994334846
8811aa7ab7fffff,2024,17,2,0,0.04983313431881871
8811aa7ab7fffff,2024,20,1,0,0.05096766588202408
8811aa7ab7fffff,2024,21,1,0,0.0513458430697592
8811aa7ab9fffff,2022,0,1,0,0.004790161772269121
8811aa7ab9fffff,2022,14,1,0,0.00982249493331616
8811aa7ab9fffff,2022,15,1,0,0.010200672121051284
8811aa7ab9fffff,2022,16,1,0,0.011091379884976927
8811aa7ab9fffff,2022,17,1,0,0.012494618225093092
8811aa7ab9fffff,2022,21,1,0,0.012469735247462026
8811aa7ab9fffff,2022,22,1,0,0.013110059902441847
8811aa7ab9fffff,2023,0,1,0,0.0027400394675070397
8811aa7ab9fffff,2023,8,2,1,0.006528370654524376
8811aa7ab9fffff,2023,10,1,0,0.008309786182375664
8811aa7ab9fffff,2023,17,1,0,0.00890690419175945
8811aa7ab9fffff,2023,18,3,0,0.010651829582669295
8811aa7ab9fffff,2023,20,4,0,0.011100465151667153
8811aa7ab9fffff,2023,22,2,0,0.012084998750060806
8811aa7ab9fffff,2023,23,1,0,0.01143811478541489
8811aa7ab9fffff,2024,8,1,0,0.005503309502143335
8811aa7ab9fffff,2024,11,1,0,0.006637841065348708
8811aa7ab9fffff,2024,12,1,0,0.009066140557845912
8811aa7ab9fffff,2024,13,2,0,0.009444317745581037
8811aa7ab9fffff,2024,14,1,0,0.00982249493331616
8811aa7ab9fffff,2024,17,1,0,0.010957026496521532
8811aa7ab9fffff,2024,22,1,0,0.013110059902441847
8811aa7ab9fffff,2024,23,1,0,0.012086518338890571
8811aa7abbfffff,2022,0,1,1,0.012214652889798264
8811aa7abbfffff,2022,1,1,0,0.010542707772771307
8811aa7abbfffff,2022,4,1,0,0.011677239335976678
8811aa7abbfffff,2022,6,1,0,0.014221568548964312
8811aa7abbfffff,2022,11,1,0,0.01611245448763993
8811aa7abbfffff,2022,13,1,0,0.01686880886311018
8811aa7abbfffff,2022,16,1,0,0.018515871002506068
8811aa7abbfffff,2022,17,1,0,0.018894048190241194
8811aa7abbfffff,2022,20,1,0,0.019516049177256044
8811aa7abbfffff,2022,23,1,0,0.01902758020558421
8811aa7abbfffff,2023,2,1,0,0.01092088496050643
8811aa7abbfffff,2023,10,1,0,0.015734277299904807
8811aa7abbfffff,2023,14,1,0,0.017246986050845303
8811aa7abbfffff,2023,15,1,0,0.015575040933818344
8811aa7abbfffff,2023,19,2,0,0.01836907612523514
8811aa7abbfffff,2023,20,1,0,0.021189513883112767
8811aa7abbfffff,2023,21,1,1,0.019894226364991167
8811aa7abbfffff,2023,23,1,0,0.018862605902944033
8811aa7abbfffff,2024,3,1,0,0.011299062148241555
8811aa7abbfffff,2024,7,1,0,0.012714597734577534
8811aa7abbfffff,2024,14,3,0,0.01588023784767058
8811aa7abbfffff,2024,20,1,0,0.020028579753446563
8811aa7abdfffff,2022,5,1,0,0.060234127214653745
8811aa7abdfffff,2022,9,1,0,0.05943456619358747
8811aa7abdfffff,2022,10,1,0,0.062161056293101424
8811aa7abdfffff,2022,12,2,0,0.06159415890917388
8811aa7abdfffff,2022,13,3,0,0.06355521881790895
8811aa7abdfffff,2022,18,1,0,0.06348656443667926
8811aa7abdfffff,2022,20,1,0,0.06718222929200746
8811aa7abdfffff,2022,22,1,0,0.06666313940615085
8811aa7abdfffff,2023,8,1,0,0.05905638900585234
8811aa7abdfffff,2023,10,1,0,0.05997771768396277
8811aa7abdfffff,2023,11,1,0,0.06019092056905771
8811aa7abdfffff,2023,12,1,0,0.06261922006155492
8811aa7abdfffff,2023,13,1,0,0.06094727494452796
8811aa7abdfffff,2023,14,2,0,0.062350513284644124
8811aa7abdfffff,2023,15,4,0,0.06405126048851559
8811aa7abdfffff,2023,16,1,0,0.06224678081037351
8811aa7abdfffff,2023,17,1,0,0.06262495799810863
8811aa7abdfffff,2023,19,1,0,0.0632163380709387
8811aa7abdfffff,2023,21,1,0,0.06413766674904911
8811aa7abdfffff,2024,2,1,1,0.060637187380019934
8811aa7abdfffff,2024,4,2,0,0.05845423127563222
8811aa7abdfffff,2024,5,1,0,0.060234127214653745
8811aa7abdfffff,2024,8,1,0,0.06110651131061442
8811aa7abdfffff,2024,13,2,0,0.061972336096909
8811aa7abdfffff,2024,14,1,0,0.06132545213226308
8811aa7abdfffff,2024,15,1,0,0.06529134335333184
8811aa7abdfffff,2024,16,1,0,0.06413192881249541
8811aa7abdfffff,2024,17,2,0,0.06534683835315888
8811aa7abdfffff,2024,18,1,0,0.06488828318796565
8811aa7abdfffff,2024,19,4,0,0.06439115869505527
8811aa7abdfffff,2024,21,3,0,0.0655555751674089
8811aa7abdfffff,2024,22,1,0,0.06461301710138877
8811aa7ac1fffff,2022,3,1,0,0.00222206506752686
8811aa7ac1fffff,2022,8,1,0,0.005900925843719865
8811aa7ac1fffff,2022,9,1,2,0.004692145636349839
8811aa7ac1fffff,2022,11,2,1,0.006241978709372662
8811aa7ac1fffff,2022,12,1,0,0.00741363459466036
8811aa7ac1fffff,2022,13,1,0,0.005906663780273581
8811aa7ac1fffff,2022,18,2,0,0.008657636568690064
8811aa7ac1fffff,2022,20,1,0,0.008388929791779272
8811aa7ac1fffff,2022,21,1,0,0.010817229284276475
8811aa7ac1fffff,2022,22,1,0,0.009407431634494215
8811aa7ac1fffff,2023,0,1,0,0.0010875335043214886
8811aa7ac1fffff,2023,3,1,0,0.0038955297733835816
8811aa7ac1fffff,2023,8,1,1,0.005900925843719865
8811aa7ac1fffff,2023,12,2,0,0.0084386957470414
8811aa7ac1fffff,2023,14,1,0,0.006119866665368527
8811aa7ac1fffff,2023,16,1,0,0.008926343345600855
8811aa7ac1fffff,2023,17,3,0,0.023826220192067385
8811aa7ac1fffff,2023,18,1,0,0.009682697721071104
8811aa7ac1fffff,2023,20,1,0,0.008524802769064433
8811aa7ac1fffff,2024,1,1,1,0.003515832996818693
8811aa7ac1fffff,2024,8,1,0,0.0038508035389577845
8811aa7ac1fffff,2024,10,2,0,0.006657280219190114
8811aa7ac1fffff,2024,11,2,0,0.007035457406925236
8811aa7ac1fffff,2024,12,2,0,0.008182430458946139
8811aa7ac1fffff,2024,13,1,0,0.005741689477633403
8811aa7ac1fffff,2024,14,1,0,0.006119866665368527
8811aa7ac1fffff,2024,15,1,0,0.008548166157865734
8811aa7ac1fffff,2024,17,1,0,0.007254398228573898
8811aa7ac1fffff,2024,19,2,0,0.01082967077309201
8811aa7ac1fffff,2024,21,2,0,0.010628900484823796
8811aa7ac1fffff,2024,22,1,0,0.009407431634494215
8811aa7ac1fffff,2024,23,2,0,0.00978560882222934
8811aa7ac3fffff,2022,10,1,0,0.03219515071384581
8811aa7ac3fffff,2022,14,1,0,0.03319532888859578
8811aa7ac3fffff,2022,15,1,0,0.07816366620490615
8811aa7ac3fffff,2022,19,1,0,0.0350862148272714
8811aa7ac3fffff,2022,20,1,0,0.03341426971024444
8811aa7ac3fffff,2023,0,1,0,0.028675526303739256
8811aa7ac3fffff,2023,10,1,0,0.0296324978328932
8811aa7ac3fffff,2023,11,1,0,0.030010675020628323
8811aa7ac3fffff,2023,17,1,0,0.03432986045180115
8811aa7ac3fffff,2024,11,1,0,0.030010675020628323
8811aa7ac3fffff,2024,12,1,0,0.03243897451312553
8811aa7ac3fffff,2024,16,1,0,0.031901560959303944
8811aa7ac3fffff,2024,17,2,0,0.03458612573989641
8811aa7ac3fffff,2024,18,1,0,0.03470803763953627
8811aa7ac5fffff,2022,4,1,0,0.024944787080032536
8811aa7ac5fffff,2022,12,1,0,0.029245648843240393
8811aa7ac5fffff,2022,13,1,0,0.026036111997641873
8811aa7ac5fffff,2022,14,1,0,0.0289769420663296
8811aa7ac5fffff,2022,17,1,0,0.030111473629534972
8811aa7ac5fffff,2022,20,1,0,0.030733474616549822
8811aa7ac5fffff,2023,2,2,0,0.022138310399800208
8811aa7ac5fffff,2023,7,2,0,0.02530464059980269
8811aa7ac5fffff,2023,8,1,0,0.02619534836372834
8811aa7ac5fffff,2023,9,1,0,0.024688377549341563
8811aa7ac5fffff,2023,11,1,0,0.025279757622171627
8811aa7ac5fffff,2023,14,1,0,0.026414289185377
8811aa7ac5fffff,2023,17,1,0,0.02754882074858237
8811aa7ac5fffff,2023,18,1,0,0.029600462642174218
8811aa7ac5fffff,2023,19,1,0,0.030355297428814702
8811aa7ac5fffff,2023,22,1,0,0.029701854154502685
8811aa7ac5fffff,2024,8,1,0,0.024145226058966254
8811aa7ac5fffff,2024,10,1,0,0.024901580434436504
8811aa7ac5fffff,2024,11,3,0,0.027771849404369168
8811aa7ac5fffff,2024,12,2,0,0.025657934809906753
8811aa7ac5fffff,2024,13,1,0,0.026036111997641873
8811aa7ac5fffff,2024,14,1,0,0.026414289185377
8811aa7ac5fffff,2024,16,1,0,0.02781904711432293
8811aa7ac5fffff,2024,17,2,0,0.02872297720447179
8811aa7ac5fffff,2024,18,1,0,0.029977120241079576
8811aa7ac5fffff,2024,21,1,0,0.029061529499522867
8811aa7ac7fffff,2022,10,1,0,0.03979250664177743
8811aa7ac7fffff,2022,11,1,0,0.03879540973067258
8811aa7ac7fffff,2022,13,1,0,0.039253573499126074
8811aa7ac7fffff,2022,15,1,0,0.04154751960316788
8811aa7ac7fffff,2022,16,1,0,0.040388105062331446
8811aa7ac7fffff,2022,17,1,0,0.04076628225006657
8811aa7ac7fffff,2022,22,1,0,0.04291931565598689
8811aa7ac7fffff,2023,10,1,0,0.03965663366449226
8811aa7ac7fffff,2023,12,1,0,0.04041298803996251
8811aa7ac7fffff,2023,13,2,0,0.039509838787221335
8811aa7ac7fffff,2023,14,1,0,0.0396317506868612
8811aa7ac7fffff,2023,15,1,0,0.04000992787459633
8811aa7ac7fffff,2023,16,1,0,0.03833798275756937
8811aa7ac7fffff,2023,20,1,0,0.041900813813271945
8811aa7ac7fffff,2023,21,1,0,0.040228868696244986
8811aa7ac7fffff,2023,22,1,0,0.04291931565598689
8811aa7ac7fffff,2024,3,1,0,0.03727154081759109
8811aa7ac7fffff,2024,11,1,1,0.03849721912365583
8811aa7ac7fffff,2024,12,1,0,0.038875396311390954
8811aa7ac7fffff,2024,13,1,0,0.039253573499126074
8811aa7ac7fffff,2024,14,1,0,0.0396317506868612
8811aa7ac7fffff,2024,17,2,0,0.039997486385780795
8811aa7ac7fffff,2024,18,2,0,0.04114445943780169
8811aa7ac7fffff,2024,19,2,0,0.04152263662553682
8811aa7ac9fffff,2022,2,1,0,0.0024298190813269705
8811aa7ac9fffff,2022,15,1,0,0.005575484651422342
8811aa7ac9fffff,2022,17,1,0,0.006331839026892589
8811aa7ac9fffff,2023,11,1,0,0.0038978015978416666
8811aa7ac9fffff,2023,18,1,0,0.006710016214627713
8811aa7ac9fffff,2024,20,1,0,0.009351518592219863
8811aa7ac9fffff,2024,21,1,0,0.007679573475192905
8811aa7ac9fffff,2024,22,1,0,0.008319898130172726
8811aa7acbfffff,2022,0,2,0,0.0886501033710999
8811aa7acbfffff,2022,17,2,0,0.0960982945358286
8811aa7acbfffff,2022,21,1,0,0.0962471896949727
8811aa7acbfffff,2022,23,1,0,0.0988032832662592
8811aa7acbfffff,2023,3,1,0,0.09000033839000192
8811aa7acbfffff,2023,14,1,0,0.09359994938082683
8811aa7acbfffff,2023,17,1,0,0.09524701152022273
8811aa7acbfffff,2024,12,1,0,0.09300856930799677
8811aa7acbfffff,2024,13,1,0,0.09578442507404432
8811aa7acbfffff,2024,14,1,0,0.09527341408668356
8811aa7acbfffff,2024,17,1,1,0.09692047622607945
8811aa7acbfffff,2024,20,2,0,0.09747454072445173
8811aa7acbfffff,2024,22,1,0,0.09688751434995252
8811aa7acdfffff,2022,9,2,0,0.07688891719614822
8811aa7acdfffff,2022,14,1,0,0.08117748171313625
8811aa7acdfffff,2022,15,1,0,0.08104312832468087
8811aa7acdfffff,2022,20,1,0,0.08293401426335648
8811aa7acdfffff,2022,21,1,0,0.08126206914632952
8811aa7acdfffff,2022,22,1,0,0.08190239380130933
8811aa7acdfffff,2023,10,1,0,0.07915224238600524
8811aa7acdfffff,2023,17,1,0,0.07974936039538903
8811aa7acdfffff,2023,21,1,0,0.08309785148191783
8811aa7acdfffff,2024,8,1,1,0.07890841858672551
8811aa7acdfffff,2024,12,1,0,0.0778584744567134
8811aa7acdfffff,2024,13,1,0,0.07823665164444853
8811aa7acdfffff,2024,14,2,0,0.0796398899845647
8811aa7acdfffff,2024,16,1,0,0.08142130551241598
8811aa7acdfffff,2024,18,2,0,0.0811525987355052
8811aa7acdfffff,2024,20,1,0,0.0808838919585944
8811aa7acdfffff,2024,21,1,0,0.08126206914632952
8811aa7acdfffff,2024,22,1,0,0.08190239380130933
8811aa7acdfffff,2024,23,1,0,0.08228057098904445
8811aa7ad1fffff,2022,0,1,0,0.05427171669455083
8811aa7ad1fffff,2022,17,1,0,0.059975416509146305
8811aa7ad1fffff,2022,19,1,0,0.06089674518725674
8811aa7ad1fffff,2022,20,1,0,0.06127492237499186
8811aa7ad1fffff,2022,22,1,0,0.06469110279601921
8811aa7ad1fffff,2022,23,1,0,0.06455674940756381
8811aa7ad1fffff,2023,0,1,0,0.053808551784893896
8811aa7ad1fffff,2023,7,1,0,0.05635861893443525
8811aa7ad1fffff,2023,9,1,0,0.05900012131202739
8811aa7ad1fffff,2023,13,2,0,0.05955570539922943
8811aa7ad1fffff,2023,15,1,0,0.06178171501462866
8811aa7ad1fffff,2023,17,2,0,0.059975416509146305
8811aa7ad1fffff,2023,22,2,0,0.06347771284418549
8811aa7ad1fffff,2024,0,2,0,0.05491610008859503
8811aa7ad1fffff,2024,5,1,0,0.0577495600283316
8811aa7ad1fffff,2024,9,2,0,0.057975060159646354
8811aa7ad1fffff,2024,10,1,0,0.059378298499762526
8811aa7ad1fffff,2024,13,2,0,0.06051283006296789
8811aa7ad1fffff,2024,15,1,0,0.0614050574157233
8811aa7ad1fffff,2024,16,1,0,0.061647361626173264
8811aa7ad1fffff,2024,20,1,0,0.06110994807235168
8811aa7ad1fffff,2024,21,1,0,0.061488125260086804
8811aa7ad1fffff,2024,23,1,0,0.06455674940756381
8811aa7ad3fffff,2022,6,1,0,0.014650585856850367
8811aa7ad3fffff,2022,7,1,0,0.015028763044585492
8811aa7ad3fffff,2022,9,1,0,0.01783523972481782
8811aa7ad3fffff,2022,10,1,0,0.016328268910431043
8811aa7ad3fffff,2022,14,1,0,0.020238656239683957
8811aa7ad3fffff,2022,19,2,0,0.01964937644872707
8811aa7ad3fffff,2022,22,1,0,0.021128542630497228
8811aa7ad3fffff,2022,23,1,0,0.02163993612260892
8811aa7ad3fffff,2023,0,2,0,0.01424919841489846
8811aa7ad3fffff,2023,1,1,0,0.014695312091276164
8811aa7ad3fffff,2023,2,1,0,0.013564998875794747
8811aa7ad3fffff,2023,5,1,0,0.0160721478649315
8811aa7ad3fffff,2023,8,2,0,0.016432001384701658
8811aa7ad3fffff,2023,9,1,0,0.01783523972481782
8811aa7ad3fffff,2023,10,1,0,0.016328268910431043
8811aa7ad3fffff,2023,14,1,0,0.017676003358731356
8811aa7ad3fffff,2023,15,1,0,0.021641894579800126
8811aa7ad3fffff,2023,16,1,0,0.020482480038963687
8811aa7ad3fffff,2023,17,2,0,0.018960958561899402
8811aa7ad3fffff,2023,19,1,0,0.021617011602169063
8811aa7ad3fffff,2024,1,1,0,0.014695312091276164
8811aa7ad3fffff,2024,9,1,0,0.01783523972481782
8811aa7ad3fffff,2024,10,2,0,0.017188355760171904
8811aa7ad3fffff,2024,11,2,0,0.01936038996457385
8811aa7ad3fffff,2024,12,2,0,0.017944710135642153
8811aa7ad3fffff,2024,15,1,0,0.021641894579800126
8811aa7ad3fffff,2024,16,2,0,0.019525355375225227
8811aa7ad3fffff,2024,17,1,0,0.01897550922457691
8811aa7ad3fffff,2024,20,1,0,0.021995188789904186
8811aa7ad3fffff,2024,22,1,0,0.021128542630497228
8811aa7ad5fffff,2022,1,3,2,0.024064494535772172
8811aa7ad5fffff,2022,3,1,0,0.02502816854491884
8811aa7ad5fffff,2022,6,1,0,0.026277210239784868
8811aa7ad5fffff,2022,7,1,0,0.026655387427519994
8811aa7ad5fffff,2022,8,3,0,0.02635019051366776
8811aa7ad5fffff,2022,9,2,0,0.026386680650609205
8811aa7ad5fffff,2022,10,1,0,0.025739796685963285
8811aa7ad5fffff,2022,11,2,0,0.027143035026079447
8811aa7ad5fffff,2022,12,1,0,0.028546273366195613
8811aa7ad5fffff,2022,13,1,0,0.02803526237883486
8811aa7ad5fffff,2022,16,1,0,0.02800885981237403
8811aa7ad5fffff,2022,18,2,0,0.029872762491545406
8811aa7ad5fffff,2022,20,2,0,0.029686542865954707
8811aa7ad5fffff,2022,22,2,0,0.0316476187097306
8811aa7ad5fffff,2022,23,1,0,0.03296836989852668
8811aa7ad5fffff,2023,0,1,0,0.02427029458061882
8811aa7ad5fffff,2023,1,1,1,0.02427181416944859
8811aa7ad5fffff,2023,2,1,0,0.02297652665132699
8811aa7ad5fffff,2023,3,1,0,0.023354703839062112
8811aa7ad5fffff,2023,6,1,0,0.02422708793502279
8811aa7ad5fffff,2023,9,1,0,0.028949333531561802
8811aa7ad5fffff,2023,10,1,0,0.029327510719296925
8811aa7ad5fffff,2023,11,2,0,0.028060926193873605
8811aa7ad5fffff,2023,12,1,0,0.026496151061433534
8811aa7ad5fffff,2023,14,1,0,0.027417479739543962
8811aa7ad5fffff,2023,16,4,0,0.02903392096475507
8811aa7ad5fffff,2023,17,1,0,0.0319747510334428
8811aa7ad5fffff,2023,18,1,0,0.02890108716512944
8811aa7ad5fffff,2023,19,3,0,0.030726274096579353
8811aa7ad5fffff,2023,20,2,0,0.030546629715695564
8811aa7ad5fffff,2023,21,4,0,0.029974957571030983
8811aa7ad5fffff,2023,22,2,0,0.0316476187097306
8811aa7ad5fffff,2023,23,1,0,0.030918247593764592
8811aa7ad5fffff,2024,0,1,0,0.023893636981713467
8811aa7ad5fffff,2024,6,1,0,0.02422708793502279
8811aa7ad5fffff,2024,8,2,0,0.027289829903350382
8811aa7ad5fffff,2024,9,2,0,0.026642945938704463
8811aa7ad5fffff,2024,10,1,0,0.025739796685963285
8811aa7ad5fffff,2024,11,2,0,0.02816809617846049
8811aa7ad5fffff,2024,12,1,0,0.026496151061433534
8811aa7ad5fffff,2024,13,2,0,0.02892445055393074
8811aa7ad5fffff,2024,14,2,0,0.027252505436903784
8811aa7ad5fffff,2024,15,3,0,0.029825492790834962
8811aa7ad5fffff,2024,16,2,0,0.03082777798142189
8811aa7ad5fffff,2024,17,4,0,0.02961544261651916
8811aa7ad5fffff,2024,18,3,0,0.03108557688700878
8811aa7ad5fffff,2024,19,3,0,0.03119351368034148
8811aa7ad5fffff,2024,22,1,0,0.03118847395950515
8811aa7ad7fffff,2022,0,1,0,0.07427618288518897
8811aa7ad7fffff,2022,8,1,0,0.0794662328234927
8811aa7ad7fffff,2022,12,1,0,0.07855216167076576
8811aa7ad7fffff,2022,14,1,0,0.07831255621920999
8811aa7ad7fffff,2022,15,1,0,0.08087407201608376
8811aa7ad7fffff,2022,16,1,0,0.07906891059468023
8811aa7ad7fffff,2022,19,1,0,0.08208859016000751
8811aa7ad7fffff,2023,3,1,0,0.07629990262349022
8811aa7ad7fffff,2023,15,1,1,0.08057588140906702
8811aa7ad7fffff,2023,18,1,0,0.08171041297227238
8811aa7ad7fffff,2024,2,1,0,0.0759217254357551
8811aa7ad7fffff,2024,14,2,0,0.0781475819165698
8811aa7ad7fffff,2024,15,1,1,0.0800633508328765
8811aa7ad7fffff,2024,17,1,0,0.08133223578453727
8811aa7ad7fffff,2024,20,2,0,0.08246676734774264
8811aa7ad9fffff,2022,0,2,0,0.00014909530350837622
8811aa7ad9fffff,2022,1,1,0,0.0005431514903753032
8811aa7ad9fffff,2022,8,2,0,0.004127083626432686
8811aa7ad9fffff,2022,11,2,0,0.004129384052670132
8811aa7ad9fffff,2022,12,2,0,0.005237123608746733
8811aa7ad9fffff,2022,13,1,0,0.004790028950597076
8811aa7ad9fffff,2022,16,1,0,0.006251852446174219
8811aa7ad9fffff,2022,20,3,0,0.008039761823258537
8811aa7ad9fffff,2022,21,1,0,0.007815446452478067
8811aa7ad9fffff,2022,22,1,0,0.008484872432812906
8811aa7ad9fffff,2023,5,2,0,0.0021471512267708798
8811aa7ad9fffff,2023,6,1,0,0.0020069156591660474
8811aa7ad9fffff,2023,7,1,0,0.002683283453917924
8811aa7ad9fffff,2023,8,2,0,0.003788331187017336
8811aa7ad9fffff,2023,9,1,0,0.003306421525011599
8811aa7ad9fffff,2023,10,3,0,0.004869917391103401
8811aa7ad9fffff,2023,12,1,0,0.006326101090338872
8811aa7ad9fffff,2023,13,1,0,0.004654155973311915
8811aa7ad9fffff,2023,14,1,0,0.0051682061383322
8811aa7ad9fffff,2023,15,1,0,0.005575484651422342
8811aa7ad9fffff,2023,17,2,0,0.0062493518755725
8811aa7ad9fffff,2023,18,2,0,0.007652590215688664
8811aa7ad9fffff,2023,19,5,0,0.008656481260045427
8811aa7ad9fffff,2023,21,1,0,0.008192104051383426
8811aa7ad9fffff,2023,22,5,1,0.008861902033237288
8811aa7ad9fffff,2023,23,1,0,0.00869807531790785
8811aa7ad9fffff,2024,2,1,0,0.0007563543754702478
8811aa7ad9fffff,2024,7,1,0,0.0025500671495413516
8811aa7ad9fffff,2024,14,1,0,0.005197307463687218
8811aa7ad9fffff,2024,16,1,0,0.005953661839157466
8811aa7ad9fffff,2024,17,2,0,0.007191925876633452
8811aa7ad9fffff,2024,22,1,0,0.012420142739696886
8811aa7adbfffff,2022,0,1,0,0.013653415213349963
8811aa7adbfffff,2022,3,1,0,0.014324781866898402
8811aa7adbfffff,2022,4,1,0,0.016240550783205087
8811aa7adbfffff,2022,8,1,0,0.016118494640969507
8811aa7adbfffff,2022,9,1,0,0.016496671828704634
8811aa7adbfffff,2022,10,2,0,0.016941457168628042
8811aa7adbfffff,2022,11,2,0,0.017402121507683253
8811aa7adbfffff,2022,12,1,0,0.017466229089269824
8811aa7adbfffff,2022,15,1,0,0.019063925562132124
8811aa7adbfffff,2022,17,3,0,0.020663002574150106
8811aa7adbfffff,2022,18,2,0,0.021785414520442647
8811aa7adbfffff,2022,21,2,0,0.02291994608364802
8811aa7adbfffff,2023,1,1,0,0.015106019219999716
8811aa7adbfffff,2023,4,1,0,0.016753081359395607
8811aa7adbfffff,2023,6,1,0,0.015362140265499258
8811aa7adbfffff,2023,8,1,0,0.01800364264309141
8811aa7adbfffff,2023,10,2,0,0.018073688305595963
8811aa7adbfffff,2023,12,1,0,0.019516351394031902
8811aa7adbfffff,2023,13,2,0,0.017926893428325034
8811aa7adbfffff,2023,14,1,0,0.018387557767380252
8811aa7adbfffff,2023,16,2,0,0.02077279485687714
8811aa7adbfffff,2023,17,1,0,0.021407237332707524
8811aa7adbfffff,2023,18,1,0,0.021785414520442647
8811aa7adbfffff,2023,19,1,0,0.020113469403415688
8811aa7adbfffff,2023,22,1,0,0.021944212018167673
8811aa7adbfffff,2023,23,1,0,0.022351490531257814
8811aa7adbfffff,2024,8,1,0,0.01954123437166297
8811aa7adbfffff,2024,9,1,0,0.016496671828704634
8811aa7adbfffff,2024,10,1,0,0.019272527594752172
8811aa7adbfffff,2024,11,2,0,0.017412253678272538
8811aa7adbfffff,2024,12,2,0,0.018573777392970954
8811aa7adbfffff,2024,13,4,0,0.019787358597180144
8811aa7adbfffff,2024,14,2,0,0.020272705769502148
8811aa7adbfffff,2024,16,1,0,0.019277128447227072
8811aa7adbfffff,2024,17,1,0,0.022055640886183205
8811aa7adbfffff,2024,18,1,0,0.021785414520442647
8811aa7adbfffff,2024,20,3,0,0.021391155210563405
8811aa7adbfffff,2024,21,4,0,0.021437949427085642
8811aa7adbfffff,2024,23,1,0,0.021888325621600882
8811aa7addfffff,2022,0,1,0,0.07759367978030814
8811aa7addfffff,2022,4,1,0,0.08128972714038728
8811aa7addfffff,2022,12,1,1,0.08375480656800682
8811aa7addfffff,2022,13,1,0,0.08567057548431352
8811aa7addfffff,2022,18,1,0,0.08602386969441757
8811aa7addfffff,2022,20,1,0,0.08678022406988782
8811aa7addfffff,2023,1,1,0,0.07985700497016517
8811aa7addfffff,2023,8,1,0,0.08224209781706633
8811aa7addfffff,2023,9,2,0,0.08065263985135947
8811aa7addfffff,2023,13,1,0,0.08413298375574195
8811aa7addfffff,2023,20,1,0,0.08489507606776592
8811aa7addfffff,2023,21,2,0,0.0861333401052419
8811aa7addfffff,2023,22,1,0,0.08779872591260275
8811aa7addfffff,2023,23,1,0,0.08629175509821597
8811aa7addfffff,2024,5,1,0,0.0809930561222003
8811aa7addfffff,2024,10,1,0,0.08111330419041468
8811aa7addfffff,2024,13,1,0,0.08413298375574195
8811aa7addfffff,2024,15,1,0,0.08283921582645011
8811aa7addfffff,2024,18,1,0,0.08413872169229568
8811aa7addfffff,2024,23,2,0,0.08653346972363374
8811aa7ae1fffff,2022,11,1,0,0.0443094042805638
8811aa7ae1fffff,2022,17,1,0,0.046792807376148306
8811aa7ae1fffff,2022,18,1,0,0.046658453987692916
8811aa7ae1fffff,2022,21,1,0,0.045907837548776385
8811aa7ae1fffff,2023,14,1,0,0.04668333696532398
8811aa7ae1fffff,2023,15,1,0,0.045523922424487544
8811aa7ae1fffff,2023,16,2,0,0.04495952561116172
8811aa7ae1fffff,2023,17,1,0,0.04439512879783589
8811aa7ae1fffff,2023,19,1,0,0.0485742229039996
8811aa7ae1fffff,2023,23,1,0,0.04932401796980375
8811aa7ae1fffff,2024,15,1,0,0.04603645300067806
8811aa7ae1fffff,2024,18,1,0,0.04460833168293083
8811aa7ae1fffff,2024,19,1,0,0.04515148317330614
8811aa7ae1fffff,2024,20,1,0,0.04741480836316316
8811aa7ae1fffff,2024,21,2,0,0.045907837548776385
8811aa7ae1fffff,2024,23,1,0,0.048811487393613226
8811aa7ae3fffff,2022,1,1,0,0.05582259496997881
8811aa7ae3fffff,2022,2,1,0,0.05620077215771393
8811aa7ae3fffff,2022,3,1,0,0.05687713995246581
8811aa7ae3fffff,2022,6,1,0,0.05540121113664765
8811aa7ae3fffff,2022,8,2,0,0.056389147966946364
8811aa7ae3fffff,2022,9,1,0,0.05858586500461511
8811aa7ae3fffff,2022,11,1,0,0.10560584421451732
8811aa7ae3fffff,2022,12,1,0,0.05972039656782047
8811aa7ae3fffff,2022,14,2,0,0.0587406982446772
8811aa7ae3fffff,2022,15,3,0,0.06032594233265746
8811aa7ae3fffff,2022,16,1,0,0.06123310531876097
8811aa7ae3fffff,2022,18,2,0,0.061046885693170266
8811aa7ae3fffff,2022,19,1,0,0.06048248887984445
8811aa7ae3fffff,2022,20,3,1,0.061720752917320425
8811aa7ae3fffff,2022,21,1,0,0.06312399125743659
8811aa7ae3fffff,2023,2,1,0,0.05620077215771393
8811aa7ae3fffff,2023,9,1,0,0.06012345673318666
8811aa7ae3fffff,2023,10,2,0,0.05793898103996919
8811aa7ae3fffff,2023,13,2,0,0.06086736961984138
8811aa7ae3fffff,2023,15,2,0,0.058887292977583855
8811aa7ae3fffff,2023,16,1,0,0.059182983013998894
8811aa7ae3fffff,2023,17,3,0,0.061495430415312656
8811aa7ae3fffff,2023,18,1,0,0.061989459694231225
8811aa7ae3fffff,2023,21,1,0,0.06312399125743659
8811aa7ae3fffff,2023,22,1,0,0.0637643159124164
8811aa7ae3fffff,2023,23,1,0,0.06414249310015153
8811aa7ae3fffff,2024,7,3,1,0.05667889694379536
8811aa7ae3fffff,2024,9,2,0,0.058480023356482516
8811aa7ae3fffff,2024,10,1,0,0.05896404219235023
8811aa7ae3fffff,2024,11,2,0,0.059342219380085354
8811aa7ae3fffff,2024,12,1,0,0.05972039656782047
8811aa7ae3fffff,2024,13,1,0,0.0600985737555556
8811aa7ae3fffff,2024,14,2,0,0.06054468743193331
8811aa7ae3fffff,2024,15,3,0,0.06022654546365188
8811aa7ae3fffff,2024,16,2,0,0.05926547016531898
8811aa7ae3fffff,2024,17,1,0,0.0616112825064961
8811aa7ae3fffff,2024,19,2,0,0.061342575729585305
8811aa7ae3fffff,2024,20,1,0,0.06274581406970146
8811aa7ae3fffff,2024,21,1,0,0.06312399125743659
8811aa7ae3fffff,2024,22,1,0,0.0637643159124164
8811aa7ae3fffff,2024,23,2,0,0.0631174319477705
8811aa7ae5fffff,2022,7,1,0,0.012365262899121569
8811aa7ae5fffff,2022,12,1,0,0.010833409107103729
8811aa7ae5fffff,2022,17,2,0,0.012559320743139167
8811aa7ae5fffff,2022,19,1,0,0.013315675118609415
8811aa7ae5fffff,2022,21,1,0,0.016122151798841744
8811aa7ae5fffff,2023,1,1,0,0.007283163782812401
8811aa7ae5fffff,2023,7,1,0,0.008942523168428109
8811aa7ae5fffff,2023,8,2,0,0.010180787205904093
8811aa7ae5fffff,2023,9,1,0,0.009533903241258176
8811aa7ae5fffff,2023,12,1,0,0.010668434804463549
8811aa7ae5fffff,2023,14,1,0,0.011424789179933796
8811aa7ae5fffff,2023,18,3,0,0.014304246134049013
8811aa7ae5fffff,2023,20,1,0,0.013693852306344541
8811aa7ae5fffff,2024,8,1,0,0.011718378934475655
8811aa7ae5fffff,2024,11,1,0,0.010290257616728422
8811aa7ae5fffff,2024,15,1,0,0.01180296636766892
8811aa7ae5fffff,2024,16,2,0,0.013462469995880345
8811aa7ae5fffff,2024,18,1,0,0.014987620235636372
8811aa7ae7fffff,2022,0,2,0,0.03134790372090355
8811aa7ae7fffff,2022,3,1,3,0.03331916763703728
8811aa7ae7fffff,2022,7,1,0,0.03494638651963844
8811aa7ae7fffff,2022,9,2,0,0.035702740895108685
8811aa7ae7fffff,2022,12,1,0,0.03478715015355198
8811aa7ae7fffff,2022,13,1,0,0.03533030164392728
8811aa7ae7fffff,2022,15,2,0,0.03694674286913839
8811aa7ae7fffff,2022,16,2,0,0.03894499893676516
8811aa7ae7fffff,2022,17,1,0,0.038728158396989676
8811aa7ae7fffff,2022,18,1,0,0.03705621327996272
8811aa7ae7fffff,2022,20,1,0,0.03797754195807315
8811aa7ae7fffff,2022,22,1,0,0.04088119180290999
8811aa7ae7fffff,2023,0,2,0,0.03204876309654675
8811aa7ae7fffff,2023,1,1,0,0.03345200143666291
8811aa7ae7fffff,2023,6,1,0,0.032518087027141235
8811aa7ae7fffff,2023,9,2,0,0.033735105741666695
8811aa7ae7fffff,2023,10,1,0,0.03403079577808173
8811aa7ae7fffff,2023,15,1,0,0.03797180402151943
8811aa7ae7fffff,2023,16,2,0,0.03638234605581256
8811aa7ae7fffff,2023,20,1,0,0.03986268996019505
8811aa7ae7fffff,2023,22,2,0,0.040112395938624215
8811aa7ae7fffff,2024,7,2,0,0.035014323008281015
8811aa7ae7fffff,2024,9,1,0,0.03583861387239384
8811aa7ae7fffff,2024,12,2,0,0.036731430810181466
8811aa7ae7fffff,2024,13,3,0,0.03584870144287446
8811aa7ae7fffff,2024,14,1,0,0.035543504529022225
8811aa7ae7fffff,2024,15,1,0,0.03848433459770995
8811aa7ae7fffff,2024,18,1,0,0.039618866160915325
8811aa7ae7fffff,2024,20,1,0,0.03986268996019505
8811aa7ae9fffff,2022,1,1,0,0.03721147827860586
8811aa7ae9fffff,2022,2,1,0,0.035403660184293737
8811aa7ae9fffff,2022,7,2,0,0.03882625567239148
8811aa7ae9fffff,2022,10,3,0,0.04145824819389838
8811aa7ae9fffff,2022,11,2,0,0.03885917701281372
8811aa7ae9fffff,2022,12,1,0,0.04251099862773392
8811aa7ae9fffff,2022,13,1,0,0.0393014617821354
8811aa7ae9fffff,2022,18,1,0,0.04119234772081102
8811aa7ae9fffff,2022,20,1,0,0.042113676398921454
8811aa7ae9fffff,2022,21,2,0,0.04232687928401639
8811aa7ae9fffff,2023,0,1,0,0.03669742811358557
8811aa7ae9fffff,2023,9,1,0,0.03778875303119491
8811aa7ae9fffff,2023,11,1,0,0.038545107406665155
8811aa7ae9fffff,2023,13,1,0,0.04288917581546905
8811aa7ae9fffff,2023,16,1,0,0.040600967647980955
8811aa7ae9fffff,2023,17,2,0,0.04089665768439599
8811aa7ae9fffff,2023,18,2,1,0.043242470025573104
8811aa7ae9fffff,2023,20,1,0,0.04362216680213799
8811aa7ae9fffff,2023,22,1,0,0.04655491797232986
8811aa7ae9fffff,2024,0,2,0,0.034647305808823484
8811aa7ae9fffff,2024,7,2,0,0.037695352871877856
8811aa7ae9fffff,2024,9,1,0,0.03778875303119491
8811aa7ae9fffff,2024,10,1,0,0.04072958309988264
8811aa7ae9fffff,2024,17,1,0,0.040950043510361064
8811aa7ae9fffff,2024,18,2,0,0.04119234772081102
8811aa7ae9fffff,2024,19,1,0,0.04170639788583131
8811aa7ae9fffff,2024,20,1,0,0.042113676398921454
8811aa7ae9fffff,2024,21,1,0,0.042462752261301556
8811aa7ae9fffff,2024,22,1,0,0.04552985681994882
8811aa7aebfffff,2022,7,1,0,0.04135037591082521
8811aa7aebfffff,2022,8,1,0,0.04272451292558636
8811aa7aebfffff,2022,14,2,0,0.045626498938997714
8811aa7aebfffff,2022,16,1,0,0.04663911860256322
8811aa7aebfffff,2022,18,1,0,0.04534535067327139
8811aa7aebfffff,2022,20,5,0,0.056240468658588935
8811aa7aebfffff,2022,21,1,0,0.04647988223647676
8811aa7aebfffff,2022,23,2,0,0.04929224109585853
8811aa7aebfffff,2023,6,1,0,0.0408072244204499
8811aa7aebfffff,2023,7,1,0,0.041185401608185034
8811aa7aebfffff,2023,11,2,0,0.0440473732882444
8811aa7aebfffff,2023,14,1,0,0.04383264192233089
8811aa7aebfffff,2023,16,1,0,0.044753970600441326
8811aa7aebfffff,2023,17,1,0,0.047529826366488864
8811aa7aebfffff,2023,19,1,0,0.0458885021636467
8811aa7aebfffff,2023,20,1,0,0.04815182735350372
8811aa7aebfffff,2023,21,1,0,0.04647988223647676
8811aa7aebfffff,2023,23,2,0,0.047498384079191706
8811aa7aebfffff,2024,2,1,0,0.0421193160177067
8811aa7aebfffff,2024,7,1,0,0.08885074519390339
8811aa7aebfffff,2024,8,1,0,0.04156357879592015
8811aa7aebfffff,2024,14,1,0,0.04383264192233089
8811aa7aebfffff,2024,15,2,0,0.04549214555054232
8811aa7aebfffff,2024,17,1,0,0.047017295790298355
8811aa7aebfffff,2024,20,1,0,0.04623757802602681
8811aa7aebfffff,2024,23,2,0,0.04884764700831059
8811aa7aedfffff,2022,16,1,0,0.06848930290785137
8811aa7aedfffff,2022,17,1,0,0.07229021982627995
8811aa7aedfffff,2022,18,1,0,0.06908068298068144
8811aa7aedfffff,2022,19,1,0,0.07150898247317865
8811aa7aedfffff,2023,1,1,0,0.06291381825642904
8811aa7aedfffff,2023,9,1,0,0.06772721059582741
8811aa7aedfffff,2023,10,2,0,0.06810538778356254
8811aa7aedfffff,2023,17,1,0,0.06870250579294632
8811aa7aedfffff,2023,20,1,0,0.07188715966091377
8811aa7aedfffff,2023,21,1,0,0.07226533684864889
8811aa7aedfffff,2024,13,1,0,0.06886326174786254
8811aa7aedfffff,2024,14,1,0,0.06975396951178818
8811aa7aedfffff,2024,17,1,0,0.0707526280977084
8811aa7aedfffff,2024,18,2,0,0.07113080528544352
8811aa7aedfffff,2024,20,1,0,0.07188715966091377
8811aa7aedfffff,2024,21,1,0,0.07021521454388681
8811aa7b01fffff,2022,0,1,0,0.03253062995658605
8811aa7b01fffff,2022,7,1,0,0.03508069710612741
8811aa7b01fffff,2022,11,1,0,0.03847855385918981
8811aa7b01fffff,2022,13,2,0,0.0382923342335991
8811aa7b01fffff,2022,16,2,0,0.039426865796804475
8811aa7b01fffff,2022,17,2,0,0.03869749468083847
8811aa7b01fffff,2022,19,1,0,0.04180216196808755
8811aa7b01fffff,2023,2,1,0,0.03525863964492978
8811aa7b01fffff,2023,11,1,0,0.036593405857067905
8811aa7b01fffff,2023,12,1,0,0.03885673104692493
8811aa7b01fffff,2023,14,1,0,0.03961308542239518
8811aa7b01fffff,2023,15,1,0,0.03794114030536822
8811aa7b01fffff,2023,17,1,0,0.03869749468083847
8811aa7b01fffff,2023,18,2,0,0.04112579417333567
8811aa7b01fffff,2023,22,2,0,0.04195807639045991
8811aa7b01fffff,2024,8,1,0,0.037344022295984436
8811aa7b01fffff,2024,13,1,0,0.03974743881085057
8811aa7b01fffff,2024,14,1,1,0.037562963117633096
8811aa7b01fffff,2024,17,2,0,0.038779981832158555
8811aa7b01fffff,2024,18,2,0,0.03914360835721617
8811aa7b01fffff,2024,19,2,0,0.04047891020868976
8811aa7b01fffff,2024,20,1,0,0.03999700054668402
8811aa7b01fffff,2024,21,1,0,0.042260325736541045
8811aa7b03fffff,2022,1,1,0,0.03652141212934848
8811aa7b03fffff,2022,9,1,0,0.04168236074229719
8811aa7b03fffff,2022,10,1,0,0.0415480073538418
8811aa7b03fffff,2022,15,2,0,0.04145670747639792
8811aa7b03fffff,2022,16,1,0,0.04193192247813064
8811aa7b03fffff,2023,1,2,0,0.038029902532565024
8811aa7b03fffff,2023,9,2,0,0.03935129031617306
8811aa7b03fffff,2023,10,1,0,0.043085599082413356
8811aa7b03fffff,2023,13,1,0,0.04063241661228509
8811aa7b03fffff,2023,14,1,0,0.04306071610478229
8811aa7b03fffff,2023,19,1,0,0.04495160204345791
8811aa7b03fffff,2023,23,1,0,0.04467633595688102
8811aa7b03fffff,2024,7,1,0,0.04041347579063643
8811aa7b03fffff,2024,9,2,0,0.039202195012664684
8811aa7b03fffff,2024,10,1,0,0.03949788504907972
8811aa7b03fffff,2024,11,1,0,0.04052446579029052
8811aa7b03fffff,2024,14,1,0,0.04306071610478229
8811aa7b03fffff,2024,15,1,0,0.0440872968459931
8811aa7b03fffff,2024,17,2,0,0.04222761251454567
8811aa7b03fffff,2024,21,1,0,0.047245548147499726
8811aa7b05fffff,2022,20,1,0,0.03191296787285303
8811aa7b05fffff,2023,13,1,0,0.02721560525394508
8811aa7b05fffff,2023,14,1,0,0.027593782441680204
8811aa7b05fffff,2023,16,1,0,0.0319378508504841
8811aa7b05fffff,2023,18,1,0,0.02927146549526088
8811aa7b05fffff,2024,11,1,0,0.028509373183236913
8811aa7b05fffff,2024,14,1,1,0.029643904746442285
8811aa7b05fffff,2024,17,1,0,0.030778436309647658
8811aa7b05fffff,2024,22,1,0,0.03293146971556798
8811aa7b07fffff,2022,16,1,0,0.032143436493577544
8811aa7b07fffff,2022,17,1,0,0.03440676168343457
8811aa7b07fffff,2022,18,1,0,0.03478493887116969
8811aa7b07fffff,2022,20,1,0,0.035541293246639946
8811aa7b07fffff,2023,8,1,0,0.031003166993818453
8811aa7b07fffff,2023,16,1,0,0.03402858449569944
8811aa7b07fffff,2023,18,1,0,0.03478493887116969
8811aa7b07fffff,2023,21,1,0,0.035919470434375066
8811aa7b07fffff,2024,8,1,0,0.028953044689056368
8811aa7b07fffff,2024,9,1,0,0.03167953478857032
8811aa7b07fffff,2024,17,1,0,0.03440676168343457
8811aa7b07fffff,2024,21,1,0,0.035919470434375066
8811aa7b09fffff,2022,11,1,0,0.012122659484860101
8811aa7b09fffff,2022,17,1,0,0.014391722611270844
8811aa7b09fffff,2023,8,1,0,0.013038250226416812
8811aa7b09fffff,2023,11,1,0,0.012122659484860101
8811aa7b09fffff,2023,15,1,0,0.013635368235800596
8811aa7b09fffff,2023,17,1,0,0.016441844916032927
8811aa7b09fffff,2023,19,1,0,0.017198199291503177
8811aa7b09fffff,2024,1,1,0,0.008768009377393738
8811aa7b09fffff,2024,9,1,0,0.013928957990342454
8811aa7b09fffff,2024,10,2,0,0.01405086988998232
8811aa7b09fffff,2024,12,2,0,0.013525897824976266
8811aa7b09fffff,2024,14,1,0,0.015307313352827553
8811aa7b09fffff,2024,16,2,0,0.01708872888067884
8811aa7b09fffff,2024,18,1,0,0.01493487410164615
8811aa7b09fffff,2024,19,2,0,0.017024421154728003
8811aa7b09fffff,2024,20,1,0,0.017576376479238296
8811aa7b09fffff,2024,22,2,0,0.01654475601719116
8811aa7b0bfffff,2022,14,1,0,0.053640086242752225
8811aa7b0bfffff,2022,18,1,0,0.05515279499369272
8811aa7b0bfffff,2023,2,1,0,0.048773109889096306
8811aa7b0bfffff,2023,13,1,0,0.05479950078358867
8811aa7b0bfffff,2023,14,2,0,0.052953777529786535
8811aa7b0bfffff,2023,21,1,0,0.05628732655689809
8811aa7b0bfffff,2024,7,2,0,0.05080451712915368
8811aa7b0bfffff,2024,13,1,0,0.051376761052895195
8811aa7b0bfffff,2024,19,3,0,0.05524427656484756
8811aa7b0dfffff,2022,3,1,0,0.03626755772745635
8811aa7b0dfffff,2022,11,1,1,0.03903082776209264
8811aa7b0dfffff,2022,13,2,0,0.037521356377104145
8811aa7b0dfffff,2022,17,1,0,0.04100170028148664
8811aa7b0dfffff,2022,18,1,0,0.03979292007411661
8811aa7b0dfffff,2022,21,1,0,0.042514409032427126
8811aa7b0dfffff,2022,22,1,0,0.041269585685285055
8811aa7b0dfffff,2022,23,1,0,0.04148278857037999
8811aa7b0dfffff,2023,9,1,0,0.0395138745081772
8811aa7b0dfffff,2023,11,1,0,0.03668251485031381
8811aa7b0dfffff,2023,15,1,0,0.03819522360125431
8811aa7b0dfffff,2023,16,2,0,0.03968094909269056
8811aa7b0dfffff,2023,18,1,0,0.04137987746922176
8811aa7b0dfffff,2023,19,1,0,0.042270585233147404
8811aa7b0dfffff,2023,22,1,0,0.04315473368740695
8811aa7b0dfffff,2023,23,1,0,0.041647762873020175
8811aa7b0dfffff,2024,3,1,0,0.03559270952153424
8811aa7b0dfffff,2024,4,2,0,0.035134154356341
8811aa7b0dfffff,2024,6,1,0,0.03495660321427837
8811aa7b0dfffff,2024,7,1,0,0.03516980609937332
8811aa7b0dfffff,2024,14,1,0,0.04205316400032851
8811aa7b0dfffff,2024,15,1,0,0.04075787648220691
8811aa7b0dfffff,2024,17,1,0,0.04100170028148664
8811aa7b0dfffff,2024,18,1,0,0.03946562814174484
8811aa7b0dfffff,2024,19,1,0,0.04175805465695689
8811aa7b0dfffff,2024,21,1,0,0.042514409032427126
8811aa7b11fffff,2022,10,1,0,0.023055476272581792
8811aa7b11fffff,2022,13,1,0,0.02060229380245352
8811aa7b11fffff,2022,15,1,0,0.02152362248056395
8811aa7b11fffff,2022,17,1,0,0.023652594281965582
8811aa7b11fffff,2022,20,1,0,0.02427459526898043
8811aa7b11fffff,2022,21,2,0,0.023710198455654606
8811aa7b11fffff,2022,23,1,0,0.02669633545181154
8811aa7b11fffff,2023,10,1,0,0.01963273654188833
8811aa7b11fffff,2023,11,1,0,0.021896061731745357
8811aa7b11fffff,2023,12,2,0,0.02158793020651479
8811aa7b11fffff,2023,13,1,0,0.02060229380245352
8811aa7b11fffff,2023,14,1,0,0.020980470990188647
8811aa7b11fffff,2023,15,2,0,0.02315250519459059
8811aa7b11fffff,2023,16,4,0,0.02390273889783521
8811aa7b11fffff,2023,18,1,0,0.022493179741129143
8811aa7b11fffff,2023,19,2,0,0.02466521394553109
8811aa7b11fffff,2023,20,2,0,0.02333202126791948
8811aa7b11fffff,2023,23,1,0,0.02669633545181154
8811aa7b11fffff,2024,3,1,0,0.018756134098203706
8811aa7b11fffff,2024,9,1,0,0.021139707356275107
8811aa7b11fffff,2024,10,1,0,0.019467762239248152
8811aa7b11fffff,2024,11,1,0,0.02373184406733367
8811aa7b11fffff,2024,12,3,0,0.022248968813153813
8811aa7b11fffff,2024,13,4,0,0.02166859853049461
8811aa7b11fffff,2024,14,1,0,0.023030593294950726
8811aa7b11fffff,2024,15,1,0,0.02392130105887637
8811aa7b11fffff,2024,16,1,0,0.025324539398992537
8811aa7b11fffff,2024,20,1,0,0.02529965642136147
8811aa7b11fffff,2024,23,1,0,0.026319677852906186
8811aa7b13fffff,2022,0,1,0,0.008730103028992037
8811aa7b13fffff,2022,6,1,0,0.010737018688158085
8811aa7b13fffff,2022,11,2,0,0.013487991476574564
8811aa7b13fffff,2022,13,2,0,0.01336838000317215
8811aa7b13fffff,2022,15,1,0,0.0141406133777742
8811aa7b13fffff,2022,16,2,0,0.01666020385572648
8811aa7b13fffff,2022,19,2,0,0.016662504281963933
8811aa7b13fffff,2022,22,1,0,0.016885026856524585
8811aa7b13fffff,2023,8,2,0,0.014471518706773854
8811aa7b13fffff,2023,9,1,0,0.013756698253485357
8811aa7b13fffff,2023,13,1,0,0.015269407004425853
8811aa7b13fffff,2023,15,1,0,0.01653829195608662
8811aa7b13fffff,2023,16,1,0,0.016916469143821743
8811aa7b13fffff,2024,11,1,0,0.015161456182431287
8811aa7b13fffff,2024,12,1,0,0.015403760392881249
8811aa7b13fffff,2024,13,2,0,0.015525672292521112
8811aa7b13fffff,2024,14,1,0,0.013762436190039074
8811aa7b13fffff,2024,15,1,0,0.0167032662587268
8811aa7b13fffff,2024,16,2,0,0.016916469143821743
8811aa7b13fffff,2024,17,1,0,0.014731993450604268
8811aa7b13fffff,2024,19,1,0,0.019588592435598674
8811aa7b13fffff,2024,20,2,0,0.01729827509424861
8811aa7b13fffff,2024,23,2,0,0.017263204044259704
8811aa7b15fffff,2022,9,1,0,0.02049050309484437
8811aa7b15fffff,2022,13,1,0,0.022515742421975384
8811aa7b15fffff,2022,14,1,0,0.02033126672875791
8811aa7b15fffff,2023,8,1,0,0.020112325907109242
8811aa7b15fffff,2023,15,2,0,0.02070944391649303
8811aa7b15fffff,2023,23,2,0,0.023997008885618717
8811aa7b15fffff,2024,3,1,0,0.018106929836772964
8811aa7b15fffff,2024,6,1,0,0.01986850210782952
8811aa7b15fffff,2024,8,1,0,0.018062203602347164
8811aa7b15fffff,2024,15,1,0,0.022759566221255113
8811aa7b15fffff,2024,16,1,0,0.023137743408990236
8811aa7b15fffff,2024,17,2,0,0.02249085944434432
8811aa7b15fffff,2024,19,1,0,0.024784805548386128
8811aa7b15fffff,2024,20,1,0,0.02465045215993073
8811aa7b15fffff,2024,21,1,0,0.025541159923856374
8811aa7b17fffff,2022,6,1,0,0.09026630449376022
8811aa7b17fffff,2022,7,1,0,0.09064448168149533
8811aa7b17fffff,2022,14,1,0,0.09345669629828139
8811aa7b17fffff,2022,15,1,0,0.09572002148813842
8811aa7b17fffff,2023,0,1,0,0.08825938883459418
8811aa7b17fffff,2023,7,1,0,0.09269460398625741
8811aa7b17fffff,2023,10,1,0,0.09177901324470071
8811aa7b17fffff,2023,13,1,0,0.09496366711266817
8811aa7b17fffff,2023,14,3,0,0.09482931372421277
8811aa7b17fffff,2023,17,1,0,0.09647637586360866
8811aa7b17fffff,2023,20,1,0,0.09761090742681404
8811aa7b17fffff,2023,22,1,0,0.09914193984571949
8811aa7b17fffff,2024,3,1,0,0.09055485452746574
8811aa7b17fffff,2024,7,1,0,0.09269460398625741
8811aa7b17fffff,2024,9,1,0,0.09345095836172768
8811aa7b17fffff,2024,10,1,0,0.0938291355494628
8811aa7b17fffff,2024,14,1,0,0.0932917219956412
8811aa7b17fffff,2024,15,1,0,0.09572002148813842
8811aa7b17fffff,2024,16,1,0,0.09777166338173025
8811aa7b17fffff,2024,20,1,0,0.09812343800300456
8811aa7b19fffff,2022,7,1,0,0.03173472210903774
8811aa7b19fffff,2022,10,2,0,0.034406845400814665
8811aa7b19fffff,2022,12,3,0,0.033454764522316514
8811aa7b19fffff,2022,14,1,0,0.0343819624231836
8811aa7b19fffff,2022,16,1,0,0.03476165919974849
8811aa7b19fffff,2022,17,1,0,0.035516493986388974
8811aa7b19fffff,2022,19,1,0,0.03627284836185922
8811aa7b19fffff,2022,22,2,0,0.0357018922388673
8811aa7b19fffff,2023,8,2,0,0.030981996496259226
8811aa7b19fffff,2023,11,2,0,0.033503696148073484
8811aa7b19fffff,2023,18,1,0,0.036407201750314616
8811aa7b19fffff,2023,20,1,0,0.03818861727816591
8811aa7b19fffff,2023,21,1,0,0.03702920273732947
8811aa7b19fffff,2024,9,1,0,0.033139480037983664
8811aa7b19fffff,2024,11,2,0,0.03222236970759719
8811aa7b19fffff,2024,18,2,0,0.03486961002174306
8811aa7b19fffff,2024,21,1,0,0.03544224534222432
8811aa7b1bfffff,2022,10,1,0,0.026410096207771603
8811aa7b1bfffff,2022,13,1,0,0.030107280651929576
8811aa7b1bfffff,2022,14,3,0,0.02866117049451285
8811aa7b1bfffff,2022,15,2,0,0.029557625753656724
8811aa7b1bfffff,2023,9,1,0,0.026031919020036477
8811aa7b1bfffff,2023,12,2,0,0.02827399888694298
8811aa7b1bfffff,2023,14,1,0,0.02997292726347418
8811aa7b1bfffff,2023,18,1,0,0.029600488012292776
8811aa7b1bfffff,2023,20,1,0,0.030191868085122843
8811aa7b1bfffff,2024,7,1,0,0.025275564644566234
8811aa7b1bfffff,2024,13,1,0,0.027544627770976972
8811aa7b1bfffff,2024,14,1,0,0.0279228049587121
8811aa7b1bfffff,2024,23,1,0,0.031753521418213096
8811aa7b1dfffff,2022,2,1,0,0.002806476680232329
8811aa7b1dfffff,2022,8,2,0,0.0038708183383374256
8811aa7b1dfffff,2022,11,1,0,0.0062461145096205
8811aa7b1dfffff,2022,13,1,0,0.0070024688850907485
8811aa7b1dfffff,2022,14,2,0,0.005114820312367128
8811aa7b1dfffff,2022,20,1,0,0.007301396287457783
8811aa7b1dfffff,2022,21,1,0,0.011267287508526548
8811aa7b1dfffff,2023,9,1,0,0.0057041001033240205
8811aa7b1dfffff,2023,11,1,0,0.005947923902603748
8811aa7b1dfffff,2023,16,1,0,0.007838809841279366
8811aa7b1dfffff,2023,17,1,0,0.008216987029014492
8811aa7b1dfffff,2023,19,1,0,0.010646806110341462
8811aa7b1dfffff,2023,20,1,0,0.007949799840933464
8811aa7b1dfffff,2023,23,1,0,0.01074819762266993
8811aa7b1dfffff,2024,7,1,0,0.004435215151663252
8811aa7b1dfffff,2024,8,1,0,0.005325922915588897
8811aa7b1dfffff,2024,10,1,0,0.005569746714868625
8811aa7b1dfffff,2024,12,1,0,0.006326101090338872
8811aa7b1dfffff,2024,15,1,0,0.005873675258439094
8811aa7b1dfffff,2024,16,1,0,0.005788687536517286
8811aa7b1dfffff,2024,19,1,0,0.0069232190997226585
8811aa7b1dfffff,2024,22,1,0,0.010370020434934808
8811aa7b21fffff,2022,0,1,0,0.04150004464418836
8811aa7b21fffff,2022,8,1,0,0.04587937339928482
8811aa7b21fffff,2022,10,1,0,0.04663572777475507
8811aa7b21fffff,2022,12,1,0,0.04820280333343258
8811aa7b21fffff,2022,19,1,0,0.048452365069266035
8811aa7b21fffff,2022,22,1,0,0.04938587919005917
8811aa7b21fffff,2023,3,1,0,0.042336385600376975
8811aa7b21fffff,2023,10,1,0,0.04458560546999299
8811aa7b21fffff,2023,16,1,0,0.046854668596403734
8811aa7b21fffff,2023,17,1,0,0.04928296808890094
8811aa7b21fffff,2023,18,1,0,0.049661145276636065
8811aa7b21fffff,2023,20,1,0,0.050417499652106304
8811aa7b21fffff,2024,14,1,0,0.04626328852357366
8811aa7b21fffff,2024,17,2,0,0.04834039408783999
8811aa7b21fffff,2024,18,1,0,0.049661145276636065
8811aa7b21fffff,2024,22,1,0,0.04955085349269935
8811aa7b23fffff,2022,14,1,0,0.0634970390878675
8811aa7b23fffff,2023,7,1,0,0.06443751280705527
8811aa7b23fffff,2023,9,1,0,0.06190434375620864
8811aa7b23fffff,2023,11,1,0,0.06252748182730232
8811aa7b23fffff,2024,8,1,0,0.06327809826621884
8811aa7b23fffff,2024,12,1,0,0.06274068471239726
8811aa7b23fffff,2024,18,1,0,0.06668321254466471
8811aa7b23fffff,2024,20,1,0,0.06593107651691842
8811aa7b25fffff,2022,0,1,0,0.04099911685378646
8811aa7b25fffff,2022,7,1,0,0.04133408739592555
8811aa7b25fffff,2022,8,1,0,0.04376238688842275
8811aa7b25fffff,2022,11,1,0,0.04284679614686605
8811aa7b25fffff,2022,12,2,0,0.04510131750258808
8811aa7b25fffff,2022,16,2,0,0.04755660025458952
8811aa7b25fffff,2022,19,1,0,0.047922335953509115
8811aa7b25fffff,2022,21,1,0,0.04867869032897936
8811aa7b25fffff,2022,22,1,0,0.04726889267919711
8811aa7b25fffff,2023,8,2,0,0.04391148219193113
8811aa7b25fffff,2023,9,3,0,0.042090441771395794
8811aa7b25fffff,2023,13,2,0,0.04565327282709837
8811aa7b25fffff,2023,14,1,0,0.0460314500148335
8811aa7b25fffff,2023,16,1,0,0.044737682085541665
8811aa7b25fffff,2023,17,1,0,0.04716598157803887
8811aa7b25fffff,2024,18,1,0,0.04754415876577399
8811aa7b25fffff,2024,19,1,0,0.047922335953509115
8811aa7b27fffff,2022,6,1,0,0.03293708418245688
8811aa7b27fffff,2022,8,1,0,0.0319415068601818
8811aa7b27fffff,2022,9,2,0,0.03312904174460131
8811aa7b27fffff,2022,14,1,0,0.033912379379575794
8811aa7b27fffff,2022,16,2,0,0.0374876519240939
8811aa7b27fffff,2022,21,1,0,0.036559619693721665
8811aa7b27fffff,2023,7,1,0,0.03126513906542992
8811aa7b27fffff,2024,9,1,0,0.032021493440900176
8811aa7b27fffff,2024,11,2,0,0.03395200427225984
8811aa7b27fffff,2024,13,1,0,0.033534202191840674
8811aa7b27fffff,2024,17,2,0,0.036071972095162205
8811aa7b29fffff,2022,12,1,0,0.03554170406739885
8811aa7b29fffff,2022,22,2,0,0.039585623411994786
8811aa7b29fffff,2023,10,1,0,0.03273522738716653
8811aa7b29fffff,2023,14,2,0,0.03535548444180815
8811aa7b29fffff,2023,17,2,0,0.03640752885369343
8811aa7b29fffff,2023,18,1,0,0.03592561919168769
8811aa7b29fffff,2023,19,1,0,0.03818894438154472
8811aa7b29fffff,2023,20,1,0,0.03651699926451777
8811aa7b29fffff,2024,9,1,0,0.03252202450207158
8811aa7b29fffff,2024,10,1,0,0.03273522738716653
8811aa7b29fffff,2024,13,1,0,0.03554322365622862
8811aa7b29fffff,2024,14,1,0,0.03424793613810702
8811aa7b29fffff,2024,16,1,0,0.03705441281833934
8811aa7b29fffff,2024,17,1,0,0.03538246770131239
8811aa7b29fffff,2024,19,3,0,0.03818894438154472
8811aa7b29fffff,2024,21,2,0,0.03800272475595402
8811aa7b2bfffff,2022,9,1,0,0.08329344784739033
8811aa7b2bfffff,2022,12,1,0,0.08426300510795552
8811aa7b2bfffff,2022,17,1,0,0.08820401335139322
8811aa7b2bfffff,2023,10,1,0,0.0870943647658189
8811aa7b2bfffff,2023,15,1,0,0.08744765897592296
8811aa7b2bfffff,2023,20,1,0,0.0874533969124767
8811aa7b2bfffff,2023,21,1,0,0.09125431383090528
8811aa7b2bfffff,2024,3,1,0,0.08112155788558409
8811aa7b2bfffff,2024,15,1,0,0.08539753667116089
8811aa7b2bfffff,2024,17,2,0,0.08717895219901217
8811aa7b2bfffff,2024,18,1,0,0.08653206823436627
8811aa7b2bfffff,2024,19,1,0,0.08691024542210139
8811aa7b2bfffff,2024,21,2,0,0.08869166094995268
8811aa7b2bfffff,2024,22,1,0,0.08998038915840817
8811aa7b2bfffff,2024,23,1,0,0.08885007594292677
8811aa7b2dfffff,2022,5,1,0,0.04300086569395665
8811aa7b2dfffff,2022,12,1,0,0.04538595854085782
8811aa7b2dfffff,2022,13,3,0,0.04832678860954554
8811aa7b2dfffff,2022,15,1,0,0.04857061240882527
8811aa7b2dfffff,2022,17,3,1,0.049211114693112075
8811aa7b2dfffff,2022,20,4,0,0.05011834399101805
8811aa7b2dfffff,2022,21,1,0,0.05135220611142653
8811aa7b2dfffff,2023,0,1,0,0.04110997975528102
8811aa7b2dfffff,2023,1,1,0,0.04165313124565633
8811aa7b2dfffff,2023,6,1,0,0.04328186971708726
8811aa7b2dfffff,2023,12,2,0,0.04561754099568628
8811aa7b2dfffff,2023,15,2,0,0.046588426592705776
8811aa7b2dfffff,2023,16,3,0,0.04826541549497304
8811aa7b2dfffff,2023,17,1,0,0.04932696678429552
8811aa7b2dfffff,2023,18,1,0,0.0500033345790474
8811aa7b2dfffff,2023,19,1,0,0.04803319885500369
8811aa7b2dfffff,2023,21,1,0,0.04878955323047394
8811aa7b2dfffff,2023,22,1,0,0.053017591918787396
8811aa7b2dfffff,2024,3,1,0,0.0422445113184864
8811aa7b2dfffff,2024,12,1,0,0.0474360808456199
8811aa7b2dfffff,2024,16,1,0,0.04689866729179832
8811aa7b2dfffff,2024,18,1,0,0.04765502166726856
8811aa7b2dfffff,2024,19,2,0,0.050852117024051555
8811aa7b2dfffff,2024,20,1,0,0.05046149834750089
8811aa7b2dfffff,2024,23,1,0,0.05185817737795096
8811aa7b31fffff,2022,11,1,0,0.06103747383079209
8811aa7b31fffff,2022,12,1,0,0.06397830389947981
8811aa7b31fffff,2022,13,1,0,0.06195880250890251
8811aa7b31fffff,2022,18,1,0,0.06368471414493795
8811aa7b31fffff,2022,19,4,0,0.0655548375685171
8811aa7b31fffff,2022,20,1,0,0.06649119082517027
8811aa7b31fffff,2022,21,1,0,0.0668693680129054
8811aa7b31fffff,2022,23,1,0,0.06788786985562034
8811aa7b31fffff,2023,8,1,0,0.06246559514853931
8811aa7b31fffff,2023,11,1,0,0.06360012671174467
8811aa7b31fffff,2023,13,1,0,0.06538154223959597
8811aa7b31fffff,2023,14,1,0,0.06422212769875953
8811aa7b31fffff,2023,16,1,0,0.06309333407210788
8811aa7b31fffff,2023,21,1,0,0.0668693680129054
8811aa7b31fffff,2023,22,2,0,0.06554205751444322
8811aa7b31fffff,2024,13,1,0,0.061793828206262336
8811aa7b31fffff,2024,16,2,0,0.0660714797152534
8811aa7b31fffff,2024,17,1,0,0.0653566592619649
8811aa7b31fffff,2024,18,1,0,0.06727242817827159
8811aa7b31fffff,2024,19,3,0,0.06548463097006119
8811aa7b31fffff,2024,20,1,0,0.06649119082517027
8811aa7b31fffff,2024,21,1,0,0.0668693680129054
8811aa7b33fffff,2022,5,1,0,0.03649516956314345
8811aa7b33fffff,2022,9,1,0,0.03914744959812565
8811aa7b33fffff,2022,11,1,0,0.03990380397359589
8811aa7b33fffff,2022,15,2,0,0.041821873316140026
8811aa7b33fffff,2022,19,1,0,0.04241669089928636
8811aa7b33fffff,2022,21,1,0,0.043173045274756607
8811aa7b33fffff,2023,10,1,0,0.036962973904908165
8811aa7b33fffff,2023,13,1,0,0.040147627772875616
8811aa7b33fffff,2023,14,1,0,0.042063396689182304
8811aa7b33fffff,2023,17,1,0,0.04166033652381611
8811aa7b33fffff,2023,20,2,0,0.04286280457566406
8811aa7b33fffff,2023,23,1,0,0.044704077693662074
8811aa7b33fffff,2024,12,1,0,0.04028198116133101
8811aa7b33fffff,2024,18,1,0,0.042038513711551234
8811aa7b33fffff,2024,20,1,0,0.04279486808702149
8811aa7b33fffff,2024,21,1,0,0.043173045274756607
8811aa7b35fffff,2022,9,1,0,0.020646172082272436
8811aa7b35fffff,2022,15,1,0,0.018516799992142268
8811aa7b35fffff,2022,18,1,0,0.02170145386010972
8811aa7b35fffff,2023,0,1,0,0.013106289643360107
8811aa7b35fffff,2023,10,1,0,0.01867603635822873
8811aa7b35fffff,2023,17,3,0,0.02001151990341327
8811aa7b35fffff,2023,18,1,0,0.02170145386010972
8811aa7b35fffff,2023,20,1,0,0.02040768593081789
8811aa7b35fffff,2024,8,1,0,0.018432212558949
8811aa7b35fffff,2024,11,1,0,0.019054213545963854
8811aa7b37fffff,2023,18,1,0,0.020523928359391937
8811aa7b37fffff,2024,9,1,0,0.017496991268681178
8811aa7b37fffff,2024,14,1,0,0.0193878772073568
8811aa7b37fffff,2024,15,1,0,0.019766054395091926
8811aa7b37fffff,2024,16,1,0,0.02014423158282705
8811aa7b37fffff,2024,17,1,0,0.020522408770562172
8811aa7b37fffff,2024,22,1,0,0.02178625400138661
8811aa7b39fffff,2022,14,1,0,0.03496670569241407
8811aa7b39fffff,2022,16,1,0,0.0358880343705245
8811aa7b39fffff,2022,17,2,0,0.036101237255619444
8811aa7b39fffff,2022,20,1,0,0.03723576881882481
8811aa7b39fffff,2023,15,1,0,0.0353448828801492
8811aa7b39fffff,2023,17,2,0,0.0363575025437147
8811aa7b39fffff,2023,20,1,0,0.03723576881882481
8811aa7b39fffff,2023,22,1,0,0.03825427066153976
8811aa7b39fffff,2024,8,2,0,0.03073000741256133
8811aa7b39fffff,2024,9,2,0,0.03205075860135741
8811aa7b39fffff,2024,14,1,0,0.036504297420985626
8811aa7b39fffff,2024,18,1,0,0.036991945019545086
8811aa7b39fffff,2024,20,1,0,0.03723576881882481
8811aa7b39fffff,2024,21,1,0,0.03572879800443803
8811aa7b39fffff,2024,22,1,0,0.037877613062634395
8811aa7b3bfffff,2022,0,1,0,0.052749739574111804
8811aa7b3bfffff,2022,8,1,0,0.0555130096087481
8811aa7b3bfffff,2022,10,1,0,0.05643433828685853
8811aa7b3bfffff,2022,11,1,0,0.05950838465992282
8811aa7b3bfffff,2022,13,3,0,0.059724258246588224
8811aa7b3bfffff,2022,14,1,0,0.06034472561611145
8811aa7b3bfffff,2022,17,1,0,0.061479257179316814
8811aa7b3bfffff,2022,18,1,0,0.059459755788739514
8811aa7b3bfffff,2022,21,1,0,0.06247943535406679
8811aa7b3bfffff,2023,1,1,1,0.05312791676184693
8811aa7b3bfffff,2023,8,1,0,0.05567798391138828
8811aa7b3bfffff,2023,9,1,0,0.05589118679648322
8811aa7b3bfffff,2023,12,1,0,0.059588371240641196
8811aa7b3bfffff,2023,15,1,0,0.06021037222765605
8811aa7b3bfffff,2023,16,1,0,0.058703401413269275
8811aa7b3bfffff,2023,18,2,0,0.060402329789800466
8811aa7b3bfffff,2023,19,1,0,0.05983793297647465
8811aa7b3bfffff,2023,20,2,0,0.060887868214497945
8811aa7b3bfffff,2023,23,1,0,0.06161278919465984
8811aa7b3bfffff,2024,1,1,0,0.05480138146770365
8811aa7b3bfffff,2024,6,1,0,0.05475665523327785
8811aa7b3bfffff,2024,11,1,0,0.056647541171953475
8811aa7b3bfffff,2024,13,2,0,0.05857805200331313
8811aa7b3bfffff,2024,15,2,0,0.058242737074214054
8811aa7b3bfffff,2024,17,1,0,0.0609667266031263
8811aa7b3bfffff,2024,19,1,0,0.06223561155478707
8811aa7b3bfffff,2024,20,1,0,0.06261378874252219
8811aa7b3bfffff,2024,21,1,0,0.06042931304930471
8811aa7b3bfffff,2024,22,4,0,0.06213594243232561
8811aa7b3dfffff,2022,0,1,0,0.011501555178655185
8811aa7b3dfffff,2022,4,1,0,0.01301426392959568
8811aa7b3dfffff,2022,9,1,0,0.014478028098386424
8811aa7b3dfffff,2022,10,1,0,0.018443919319455188
8811aa7b3dfffff,2022,11,1,0,0.01882209650719031
8811aa7b3dfffff,2022,12,1,0,0.017662681966353875
8811aa7b3dfffff,2022,15,1,0,0.02033480525813081
8811aa7b3dfffff,2022,18,1,0,0.01804659709064272
8811aa7b3dfffff,2022,20,3,0,0.020707234796700388
8811aa7b3dfffff,2023,9,1,0,0.014643002401026603
8811aa7b3dfffff,2023,14,1,0,0.018419036341824124
8811aa7b3dfffff,2023,21,1,0,0.01901615435120791
8811aa7b3dfffff,2023,22,1,0,0.02221913188714033
8811aa7b3dfffff,2024,9,1,0,0.016528150403148506
8811aa7b3dfffff,2024,11,2,0,0.01523438247385667
8811aa7b3dfffff,2024,17,2,0,0.018784772040743716
8811aa7b3dfffff,2024,18,1,0,0.01993174509276462
8811aa7b3dfffff,2024,21,1,0,0.022739741361826715
8811aa7b3dfffff,2024,23,1,0,0.020034656193922855
8811aa7b41fffff,2022,10,1,0,0.04171484881793446
8811aa7b41fffff,2022,14,1,0,0.04117743526411287
8811aa7b41fffff,2022,15,1,0,0.041555612451848
8811aa7b41fffff,2022,17,1,0,0.04231196682731824
8811aa7b41fffff,2022,18,1,0,0.04282601699233853
8811aa7b41fffff,2023,9,1,0,0.03928654932543725
8811aa7b41fffff,2023,17,1,0,0.04398543153317497
8811aa7b41fffff,2023,23,1,0,0.045008151723613866
8811aa7b41fffff,2024,13,1,0,0.04079925807637775
8811aa7b41fffff,2024,14,1,0,0.043227557568874954
8811aa7b41fffff,2024,18,1,0,0.04269014401505337
8811aa7b43fffff,2022,10,1,0,0.04302362080868547
8811aa7b43fffff,2022,11,1,0,0.0452869459985425
8811aa7b43fffff,2023,10,1,0,0.04490876881080738
8811aa7b43fffff,2023,11,1,0,0.043401797996420605
8811aa7b43fffff,2023,14,1,0,0.04642147756174787
8811aa7b43fffff,2023,16,1,0,0.04529268393509622
8811aa7b43fffff,2023,19,1,0,0.04626224119566141
8811aa7b43fffff,2023,20,1,0,0.046805392686036715
8811aa7b43fffff,2024,16,1,0,0.04717783193721812
8811aa7b43fffff,2024,17,2,0,0.04659888446121478
8811aa7b43fffff,2024,18,1,0,0.04588406400792629
8811aa7b43fffff,2024,19,2,0,0.04831236350042349
8811aa7b43fffff,2024,20,1,0,0.04831388308925326
8811aa7b43fffff,2024,21,1,0,0.04958124845208426
8811aa7b45fffff,2022,10,1,0,0.057210023803687456
8811aa7b45fffff,2022,12,2,0,0.05899143933153875
8811aa7b45fffff,2022,13,3,0,0.05988214709546439
8811aa7b45fffff,2022,16,1,0,0.05947908693009821
8811aa7b45fffff,2022,20,1,0,0.06355444856199129
8811aa7b45fffff,2022,23,1,0,0.06238847471148877
8811aa7b45fffff,2023,15,1,0,0.06268862377569671
8811aa7b45fffff,2023,16,1,0,0.0620417398110508
8811aa7b45fffff,2023,19,1,0,0.06266374079806565
8811aa7b45fffff,2023,21,1,0,0.061369972868773826
8811aa7b45fffff,2024,2,1,0,0.054446753769051164
8811aa7b45fffff,2024,6,1,0,0.05569731505274697
8811aa7b45fffff,2024,12,1,0,0.05796637817915771
8811aa7b45fffff,2024,13,1,0,0.060394677671654906
8811aa7b45fffff,2024,15,1,0,0.06115103204712516
8811aa7b45fffff,2024,16,1,0,0.061529209234860285
8811aa7b47fffff,2022,0,1,0,0.0
8811aa7b47fffff,2022,4,1,0,0.0015127087509404957
8811aa7b47fffff,2022,5,1,0,0.0018908859386756198
8811aa7b47fffff,2022,10,2,0,0.003602111561426633
8811aa7b47fffff,2022,12,1,0,0.006326101090338872
8811aa7b47fffff,2022,14,1,0,0.007082455465809119
8811aa7b47fffff,2022,16,1,0,0.007838809841279366
8811aa7b47fffff,2022,18,1,0,0.008595164216749615
8811aa7b47fffff,2022,19,1,0,0.00897334140448474
8811aa7b47fffff,2022,22,1,0,0.010370020434934808
8811aa7b47fffff,2023,0,1,0,0.0035877140333336406
8811aa7b47fffff,2023,7,1,0,0.0025500671495413516
8811aa7b47fffff,2023,9,1,0,0.003306421525011599
8811aa7b47fffff,2023,11,1,0,0.0055712663036983886
8811aa7b47fffff,2023,16,1,0,0.005953661839157466
8811aa7b47fffff,2023,20,1,0,0.007301396287457783
8811aa7b47fffff,2024,8,1,0,0.0027632700346362955
8811aa7b47fffff,2024,12,1,0,0.006326101090338872
8811aa7b47fffff,2024,15,1,0,0.007460632653544245
8811aa7b47fffff,2024,20,2,0,0.007301396287457783
8811aa7b47fffff,2024,21,1,0,0.009729695779954986
8811aa7b47fffff,2024,22,1,0,0.008484872432812906
8811aa7b49fffff,2022,16,1,0,0.06607469053023098
8811aa7b49fffff,2022,18,1,0,0.06580598375332018
8811aa7b49fffff,2023,8,1,0,0.06304927302834999
8811aa7b49fffff,2023,19,1,0,0.06772175266962686
8811aa7b49fffff,2024,13,1,0,0.06289003666226352
8811aa7b49fffff,2024,19,1,0,0.06683256449453097
8811aa7b4bfffff,2022,14,1,0,0.07986604488407953
8811aa7b4bfffff,2022,15,1,0,0.08212937007393656
8811aa7b4bfffff,2022,16,1,0,0.08045742495690959
8811aa7b4bfffff,2022,21,1,0,0.08402177560144194
8811aa7b4bfffff,2023,11,1,0,0.08061666132299607
8811aa7b4bfffff,2023,15,1,0,0.08024422207181466
8811aa7b4bfffff,2023,16,1,0,0.08045742495690959
8811aa7b4bfffff,2023,19,1,0,0.08175693082275516
8811aa7b4bfffff,2024,0,1,0,0.07466873742039232
8811aa7b4bfffff,2024,10,1,0,0.08023848413526094
8811aa7b4bfffff,2024,14,1,0,0.07970107058143935
8811aa7b4bfffff,2024,20,1,0,0.08555784774118375
8811aa7b4dfffff,2022,12,1,0,0.043248146408094046
8811aa7b4dfffff,2022,13,1,0,0.044002981194734524
8811aa7b4dfffff,2022,15,1,0,0.04629692729877633
8811aa7b4dfffff,2022,17,1,0,0.045515689945675016
8811aa7b4dfffff,2022,18,1,0,0.046406397709600665
8811aa7b4dfffff,2022,20,1,0,0.046650221508880395
8811aa7b4dfffff,2023,8,1,0,0.040226947253937
8811aa7b4dfffff,2023,11,1,0,0.0411965045145022
8811aa7b4dfffff,2023,18,1,0,0.04589386713341014
8811aa7b4dfffff,2023,22,1,0,0.049206315080166894
8811aa7b4dfffff,2024,8,1,0,0.042112095256058905
8811aa7b4dfffff,2024,12,1,0,0.04157468170223732
8811aa7b4dfffff,2024,15,1,0,0.04475933557020478
8811aa7b4dfffff,2024,16,1,0,0.04527338573522506
8811aa7b4dfffff,2024,17,1,0,0.04346556764091294
8811aa7b4dfffff,2024,18,1,0,0.043843744828648064
8811aa7b51fffff,2024,9,1,0,0.06161994949969002
8811aa7b51fffff,2024,19,1,0,0.06540172137704126
8811aa7b55fffff,2022,1,1,0,0.07178895966050192
8811aa7b55fffff,2022,8,1,0,0.0741740525074031
8811aa7b55fffff,2023,17,2,0,0.07843773404676008
8811aa7b55fffff,2023,19,1,0,0.08073168015080187
8811aa7b55fffff,2023,23,1,0,0.08199400579279655
8811aa7b57fffff,2022,1,1,0,0.027405129528438356
8811aa7b57fffff,2022,3,1,0,0.028294700208285176
8811aa7b57fffff,2022,9,2,0,0.031110973564135606
8811aa7b57fffff,2022,15,2,0,0.03414883255483213
8811aa7b57fffff,2022,21,1,0,0.034541551513255955
8811aa7b57fffff,2023,9,1,0,0.030003425260434473
8811aa7b57fffff,2023,13,2,0,0.03254119516375601
8811aa7b57fffff,2023,19,1,0,0.03408338774480247
8811aa7b57fffff,2023,20,1,0,0.036213496630282914
8811aa7b57fffff,2024,12,1,0,0.03318807912840193
8811aa7b57fffff,2024,16,2,0,0.032733152725900425
8811aa7b57fffff,2024,19,1,0,0.033785197137785716
8811aa7b57fffff,2024,21,1,0,0.03470652581589614
8811aa7b59fffff,2022,14,1,0,0.02638158480662117
8811aa7b59fffff,2022,20,1,0,0.03040257963077724
8811aa7b59fffff,2023,9,1,0,0.02637850354297604
8811aa7b59fffff,2023,10,1,0,0.026620807753426005
8811aa7b59fffff,2023,12,1,0,0.02532703982413417
8811aa7b59fffff,2023,13,1,1,0.027755339316631374
8811aa7b59fffff,2023,14,1,0,0.026248368502244598
8811aa7b59fffff,2023,16,1,0,0.026839748575074665
8811aa7b59fffff,2023,17,1,0,0.02926804806757187
8811aa7b59fffff,2024,13,2,1,0.027755339316631374
8811aa7b59fffff,2024,14,2,0,0.02838978179246176
8811aa7b59fffff,2024,15,1,0,0.028809884299118373
8811aa7b59fffff,2024,17,1,0,0.02978057864376239
8811aa7b59fffff,2024,19,1,0,0.03156199417161368
8811aa7b59fffff,2024,20,1,0,0.03040257963077724
8811aa7b59fffff,2024,23,1,0,0.03231178923741783
8811aa7b5bfffff,2022,10,1,0,0.06283178328407722
8811aa7b5bfffff,2022,11,1,0,0.06115983816705027
8811aa7b5bfffff,2022,14,1,0,0.062294369730255636
8811aa7b5bfffff,2022,15,2,0,0.06369760807037181
8811aa7b5bfffff,2022,16,2,0,0.06305072410572589
8811aa7b5bfffff,2022,18,2,0,0.06388956563251622
8811aa7b5bfffff,2022,21,1,0,0.0675042629253541
8811aa7b5bfffff,2023,7,1,0,0.06169725172087186
8811aa7b5bfffff,2023,8,2,0,0.060107793755164986
8811aa7b5bfffff,2023,10,1,0,0.06283178328407722
8811aa7b5bfffff,2023,13,1,0,0.06396631484728259
8811aa7b5bfffff,2023,14,1,0,0.06434449203501771
8811aa7b5bfffff,2023,17,2,0,0.06394143186965154
8811aa7b5bfffff,2023,19,2,0,0.0652103168213123
8811aa7b5bfffff,2024,11,1,0,0.06320996047181235
8811aa7b5bfffff,2024,12,1,0,0.06358813765954748
8811aa7b5bfffff,2024,15,2,0,0.06472266922275284
8811aa7b5bfffff,2024,16,3,0,0.06373409820731325
8811aa7b5bfffff,2024,17,1,0,0.06547902359822308
8811aa7b5bfffff,2024,18,2,0,0.06483213963357717
8811aa7b5bfffff,2024,19,1,0,0.06623537797369335
8811aa7b5bfffff,2024,21,1,0,0.06494161004440151
8811aa7b5dfffff,2024,0,1,0,0.1305385908897083
8811aa7b61fffff,2022,8,1,0,0.01950253790395016
8811aa7b61fffff,2022,11,1,0,0.020802043769795713
8811aa7b61fffff,2022,13,2,0,0.0231872808592926
8811aa7b61fffff,2022,15,3,0,0.02288814375389678
8811aa7b61fffff,2022,16,1,0,0.022527955405831152
8811aa7b61fffff,2022,18,1,0,0.0232843097813014
8811aa7b61fffff,2022,21,2,0,0.025443902496887813
8811aa7b61fffff,2023,5,1,0,0.019093318717646416
8811aa7b61fffff,2023,8,2,0,0.021552660208712243
8811aa7b61fffff,2023,9,2,0,0.021930837396447366
8811aa7b61fffff,2023,10,1,0,0.02042386658206059
8811aa7b61fffff,2023,12,2,0,0.021015246654890657
8811aa7b61fffff,2023,13,1,0,0.02139342384262578
8811aa7b61fffff,2023,14,1,0,0.021771601030360903
8811aa7b61fffff,2023,15,2,0,0.022298873521604402
8811aa7b61fffff,2023,22,1,0,0.02522414030212677
8811aa7b61fffff,2024,14,1,0,0.024334253911313504
8811aa7b61fffff,2024,16,1,0,0.02457807771059323
8811aa7b61fffff,2024,17,1,0,0.022906132593566275
8811aa7b61fffff,2024,20,1,0,0.02420563845941183
8811aa7b61fffff,2024,21,1,0,0.026468963649268852
8811aa7b61fffff,2024,22,1,0,0.02505916599948659
8811aa7b63fffff,2022,13,1,0,0.06897687270656654
8811aa7b63fffff,2022,18,1,0,0.07086775864524214
8811aa7b63fffff,2022,20,1,0,0.0716241130207124
8811aa7b63fffff,2022,22,1,0,0.07264261486342734
8811aa7b63fffff,2023,1,1,0,0.06432423632208438
8811aa7b63fffff,2023,15,1,0,0.06784807907991487
8811aa7b63fffff,2023,20,1,0,0.0716241130207124
8811aa7b63fffff,2023,21,1,0,0.07251482078463804
8811aa7b63fffff,2023,23,1,0,0.07353332262735299
8811aa7b65fffff,2022,12,1,0,0.008257103683431796
8811aa7b65fffff,2022,14,2,0,0.010121006362603172
8811aa7b65fffff,2022,20,1,0,0.013332643490074866
8811aa7b65fffff,2022,22,1,0,0.013974487733884452
8811aa7b65fffff,2023,6,1,0,0.009575754590354691
8811aa7b65fffff,2023,7,2,0,0.006366217744756175
8811aa7b65fffff,2023,14,1,0,0.011063580363664121
8811aa7b65fffff,2023,18,1,0,0.012576289114604618
8811aa7b65fffff,2023,22,1,0,0.012301023028027729
8811aa7b65fffff,2024,14,1,0,0.011063580363664121
8811aa7b67fffff,2022,7,1,0,0.03667084275327335
8811aa7b67fffff,2022,9,1,0,0.03729132415145843
8811aa7b67fffff,2022,11,2,0,0.03813016567824877
8811aa7b67fffff,2022,12,1,0,0.0384258557146638
8811aa7b67fffff,2022,15,1,0,0.039560387277869175
8811aa7b67fffff,2022,19,1,1,0.043421408940588505
8811aa7b67fffff,2022,20,1,0,0.04145127321654479
8811aa7b67fffff,2023,6,1,0,0.03871944546920566
8811aa7b67fffff,2023,7,1,0,0.036534969775988184
8811aa7b67fffff,2023,8,1,0,0.0369131469637233
8811aa7b67fffff,2023,15,2,1,0.040585448430250214
8811aa7b67fffff,2023,17,1,0,0.042366863958101506
8811aa7b67fffff,2023,19,2,0,0.04209815718119071
8811aa7b67fffff,2023,20,2,0,0.04145127321654479
8811aa7b67fffff,2023,21,1,0,0.041994424706920094
8811aa7b67fffff,2023,23,1,0,0.042847952246994864
8811aa7b67fffff,2024,10,1,0,0.037669501339193556
8811aa7b67fffff,2024,12,1,0,0.04047597801942588
8811aa7b67fffff,2024,15,1,0,0.04161050958263125
8811aa7b67fffff,2024,16,1,0,0.042501217346556895
8811aa7b67fffff,2024,17,1,0,0.042366863958101506
8811aa7b67fffff,2024,20,1,0,0.04350139552130687
8811aa7b67fffff,2024,21,1,0,0.04182945040427992
8811aa7b67fffff,2024,22,1,0,0.04246977505925974
8811aa7b67fffff,2024,23,1,0,0.042847952246994864
8811aa7b69fffff,2022,11,1,0,0.04332037045827397
8811aa7b69fffff,2022,15,1,0,0.04432054863302395
8811aa7b69fffff,2022,17,1,0,0.0450769030084942
8811aa7b69fffff,2022,23,1,0,0.04760811360214963
8811aa7b69fffff,2023,8,1,0,0.041673308318878076
8811aa7b69fffff,2023,9,1,0,0.04000136320185112
8811aa7b69fffff,2023,12,2,0,0.04241722120553279
8811aa7b69fffff,2023,17,1,0,0.04319175500637229
8811aa7b69fffff,2023,19,1,0,0.04378313507920236
8811aa7b69fffff,2023,20,2,0,0.04544263870741379
8811aa7b69fffff,2023,21,1,0,0.04470446375731279
8811aa7b69fffff,2024,17,1,0,0.043026780703732115
8811aa7b6bfffff,2023,0,1,0,0.08298992837259003
8811aa7b6bfffff,2023,2,1,0,0.08374628274806029
8811aa7b6bfffff,2023,8,1,0,0.08472813725484529
8811aa7b6bfffff,2023,10,1,0,0.08650955278269658
8811aa7b6bfffff,2024,19,1,1,0.09028980507121805
8811aa7b6bfffff,2024,22,1,0,0.08980133609954621
8811aa7b6bfffff,2024,23,1,0,0.09017951328728134
8811aa7b6dfffff,2022,8,2,0,0.06394578100397903
8811aa7b6dfffff,2022,12,1,0,0.06641561441865798
8811aa7b6dfffff,2022,19,2,0,0.0681202807317429
8811aa7b6dfffff,2022,20,1,1,0.0690643743216336
8811aa7b6dfffff,2023,4,1,0,0.06327568678511634
8811aa7b6dfffff,2023,18,1,0,0.06663455524030665
8811aa7b6dfffff,2023,22,1,0,0.06857438576113202
8811aa7b6dfffff,2024,7,1,0,0.06247460617522029
8811aa7b6dfffff,2024,9,1,0,0.06387936410416621
8811aa7b6dfffff,2024,13,1,0,0.06474366930163103
8811aa7b6dfffff,2024,15,1,0,0.06755014598186336
8811aa7b6dfffff,2024,17,2,0,0.06830650035733361
8811aa7b6dfffff,2024,20,1,0,0.06752678259306207
8811aacd95fffff,2024,7,1,0,0.27571713632673384
8811aacdb5fffff,2024,13,1,0,0.09752290435390713
8811aacdd3fffff,2023,14,1,0,0.08702735471813632
,2020,0,207,21,0.0011392043690277294
,2020,1,157,20,0.0017091791572508657
,2020,2,125,16,0.0019780673500184704
,2020,3,81,8,0.002182525001823341
,2020,4,81,4,0.0030114937516548842
,2020,5,87,10,0.003460860088322894
,2020,6,129,9,0.0034523931311176157
,2020,7,263,9,0.004033538252048833
,2020,8,383,11,0.004197498058887941
,2020,9,334,7,0.004424987157263589
,2020,10,337,11,0.004856511475352536
,2020,11,399,24,0.005434862198860029
,2020,12,391,18,0.0057276454417495674
,2020,13,437,27,0.0062413189672037225
,2020,14,457,9,0.006253576958048665
,2020,15,420,12,0.006958045108324791
,2020,16,496,13,0.007136309600064279
,2020,17,562,18,0.007441765368561879
,2020,18,574,13,0.0077764985021094996
,2020,19,584,32,0.008285507714132674
,2020,20,470,20,0.008538044577590458
,2020,21,414,23,0.008994890275070892
,2020,22,323,23,0.009409433380413572
,2020,23,281,19,0.009849301333909235
,2021,0,227,36,0.0015769278044109273
,2021,1,162,15,0.0014001816583791966
,2021,2,112,9,0.00262125832141714
,2021,3,93,11,0.0021866258890726876
,2021,4,77,11,0.002569328891887822
,2021,5,96,14,0.0032556576465763297
,2021,6,120,13,0.00330489244500235
,2021,7,300,11,0.003825948751096389
,2021,8,413,4,0.004214353842083673
,2021,9,386,12,0.004182909182213252
,2021,10,403,9,0.00537837168934487
,2021,11,401,8,0.0051629481453878715
,2021,12,427,21,0.005729019989659273
,2021,13,475,10,0.006118769417147259
,2021,14,497,16,0.006267483393174144
,2021,15,510,11,0.006618585741489162
,2021,16,496,20,0.007180928233800405
,2021,17,552,12,0.007555565518797573
,2021,18,608,19,0.0081294132483114
,2021,19,581,18,0.008429871368170798
,2021,20,521,19,0.008633272697079869
,2021,21,468,18,0.008956885751038993
,2021,22,374,25,0.009518288755578565
,2021,23,287,17,0.010220022273554808
,2023,22,1,0,0.008832428706363245
