month,district_id,type_group,dtp_count,dead_total,injured_total,children_dead,children_injured,avg_risk_score
1,2,Наезд на велосипедиста,1,0,1,0,0,0.010242226356145506
1,2,Наезд на пешехода,16,3,13,0,2,0.030215253859618044
1,2,Наезд на препятствие,4,0,5,0,0,0.021326238394229285
1,2,Наезд на стоящее ТС,1,0,1,0,0,0.008840507604859106
1,2,Падение пассажира,3,0,3,0,0,0.013518360967002476
1,2,Столкновение,31,2,39,0,4,0.0346786300211094
1,3,Наезд на пешехода,7,0,7,0,1,0.015090664732183475
1,3,Наезд на препятствие,2,0,3,0,0,0.0064006795525457716
1,3,Наезд на стоящее ТС,2,0,2,0,0,0.01951115853035245
1,3,Падение пассажира,3,0,3,0,0,0.05269176617516991
1,3,Столкновение,8,0,9,0,0,0.037384670665355925
1,4,Наезд на велосипедиста,1,0,1,0,0,0.030566832625458618
1,4,Наезд на пешехода,12,1,11,0,3,0.045732254758171186
1,4,Наезд на препятствие,1,0,1,0,0,0.004300861763207856
1,4,Падение пассажира,2,0,2,0,0,0.05993970352199968
1,4,Столкновение,2,0,4,0,1,0.05273693461764016
1,5,Наезд на пешехода,4,0,4,0,1,0.023375227002830772
1,5,Наезд на препятствие,3,0,3,0,0,0.009157110298108615
1,5,Наезд на стоящее ТС,1,0,2,0,0,0.0061932672907132405
1,5,Падение пассажира,1,0,1,0,0,0.0731324004288131
1,5,Столкновение,4,0,5,0,0,0.016489597636838237
1,6,Наезд на пешехода,10,0,10,0,0,0.030150764583132345
1,6,Столкновение,7,0,8,0,0,0.041327293928059325
1,7,Наезд на пешехода,7,3,5,0,2,0.022188791215248853
1,7,Наезд на препятствие,1,0,1,0,0,0.006569924889618599
1,7,Наезд на стоящее ТС,2,0,3,0,0,0.02782596422394186
1,7,Падение пассажира,1,0,1,0,1,0.0485742229039996
1,7,Столкновение,13,0,21,0,1,0.032002650262567885
1,8,Наезд на пешехода,4,0,5,0,2,0.01085388245239187
1,8,Столкновение,1,0,1,0,0,0.007088193402362838
1,9,Наезд на велосипедиста,1,0,1,0,0,0.025973076717705802
1,9,Наезд на пешехода,11,0,12,0,1,0.030032094335881762
1,9,Наезд на стоящее ТС,1,0,1,0,0,0.0456451040144651
1,9,Падение пассажира,1,0,1,0,0,0.04233806409806616
1,9,Столкновение,6,0,8,0,1,0.0330545861703981
1,10,Наезд на пешехода,6,1,5,0,3,0.02716695155479712
1,10,Наезд на препятствие,3,1,3,0,0,0.0266564990505824
1,10,Наезд на стоящее ТС,4,0,5,0,0,0.026449849091660635
1,10,Столкновение,10,0,12,0,0,0.017361201947973047
1,12,Наезд на пешехода,5,2,5,0,1,0.03217646744896615
1,12,Наезд на препятствие,1,0,1,0,0,0.004436734740493017
1,12,Наезд на стоящее ТС,1,0,1,0,0,0.008382343836405612
1,12,Падение пассажира,2,0,2,0,0,0.010700021726923862
1,12,Столкновение,10,0,13,0,1,0.021073253915419938
1,13,Наезд на велосипедиста,1,0,1,0,0,0.03273206054441905
1,13,Наезд на пешехода,6,0,6,0,0,0.05308216497171137
1,13,Наезд на препятствие,2,0,3,0,0,0.05104121780888841
1,13,Наезд на стоящее ТС,3,1,4,0,0,0.005257529465519037
1,13,Падение пассажира,1,0,1,0,0,0.008241870006645556
1,13,Столкновение,14,0,22,0,1,0.03201856856455277
1,14,Наезд на велосипедиста,3,0,3,0,0,0.00734286791684289
1,14,Наезд на пешехода,13,1,12,0,4,0.023232097729196325
1,14,Падение пассажира,2,0,2,0,0,0.006918249849572622
1,14,Столкновение,3,0,3,0,0,0.004961265532682057
1,15,Наезд на пешехода,5,0,6,0,0,0.016597977902143037
1,15,Падение пассажира,1,0,1,0,0,0.008998224382115803
1,15,Столкновение,7,0,7,0,0,0.01759631943209031
1,16,Наезд на пешехода,9,0,9,0,2,0.014731605161383514
1,16,Столкновение,4,0,4,0,0,0.029172594755143628
1,17,Наезд на велосипедиста,1,0,1,0,0,0.026376785105789377
1,17,Наезд на пешехода,9,0,9,0,2,0.025340846287395163
1,17,Столкновение,14,0,20,0,2,0.021961043385321503
1,18,Наезд на велосипедиста,1,0,1,0,0,0.02949506687079379
1,18,Наезд на пешехода,6,0,7,0,1,0.011532514557285841
1,18,Наезд на препятствие,1,0,2,0,1,0.03473226471262083
1,18,Падение пассажира,2,0,2,0,0,0.05376163080408004
1,18,Столкновение,12,0,12,0,0,0.024859853811980397
1,19,Наезд на пешехода,13,0,13,0,3,0.02044755554158559
1,19,Наезд на препятствие,3,0,3,0,0,0.014456958618871328
1,19,Наезд на стоящее ТС,2,0,4,0,1,0.03682095136979223
1,19,Падение пассажира,4,0,4,0,0,0.03760722017156308
1,19,Столкновение,9,0,11,0,0,0.017338978992878076
1,20,Наезд на пешехода,15,0,16,0,6,0.02125574726064687
1,20,Наезд на препятствие,1,0,1,0,0,0.009353038181049628
1,20,Прочее,1,0,2,0,0,0.06735815062178024
1,20,Столкновение,8,0,10,0,0,0.02778310969738637
1,21,Наезд на пешехода,1,1,0,0,0,0.0781520095789685
1,21,Наезд на препятствие,1,0,2,0,0,0.16029366500488396
1,21,Столкновение,5,1,8,0,0,0.026078938332762917
1,22,Наезд на пешехода,6,0,6,0,1,0.025833883692030133
1,22,Наезд на стоящее ТС,1,0,2,0,0,0.006949621666183488
1,22,Падение пассажира,2,0,2,0,0,0.007296427037307747
1,22,Столкновение,5,0,8,0,3,0.012467484844307672
1,23,Наезд на пешехода,15,0,15,0,2,0.01510172209463331
1,23,Наезд на препятствие,2,0,2,0,0,0.020832815090003065
1,23,Наезд на стоящее ТС,1,0,1,0,0,0.003924204164302497
1,23,Падение пассажира,1,0,2,0,0,0.010132755945321176
1,23,Столкновение,16,0,16,0,1,0.017922675543368766
1,24,Наезд на пешехода,3,0,4,0,1,0.029021844521762808
1,24,Наезд на стоящее ТС,1,0,1,0,0,0.001539111317401326
1,24,Падение пассажира,1,0,1,0,0,0.051278176121040776
1,24,Столкновение,2,0,2,0,0,0.003980288749161757
1,26,Наезд на пешехода,2,0,2,0,0,0.08241879597990738
1,26,Наезд на препятствие,1,0,1,0,0,0.009353038181049628
1,26,Наезд на стоящее ТС,1,0,1,0,0,0.07390606054287775
1,26,Столкновение,13,0,16,0,2,0.06082448222943709
1,27,Наезд на пешехода,11,0,11,0,1,0.021071885875826285
1,27,Падение пассажира,1,0,1,0,0,0.008241870006645556
1,27,Столкновение,7,0,9,0,1,0.03433103271184538
1,28,Наезд на пешехода,6,0,6,0,0,0.039462820584264625
1,28,Наезд на препятствие,1,0,2,0,0,0.0020516418935918467
1,28,Столкновение,9,0,10,0,0,0.025546126949951856
1,29,Наезд на пешехода,4,0,4,0,0,0.005228098963822068
1,29,Наезд на препятствие,1,0,1,0,0,0.0020516418935918467
1,29,Падение пассажира,3,0,3,0,1,0.008132125804783766
1,29,Столкновение,9,0,14,0,3,0.02999739594221122
1,30,Наезд на пешехода,8,0,8,0,2,0.026504854857849248
1,30,Наезд на препятствие,2,0,2,0,1,0.03702040368780095
1,30,Наезд на стоящее ТС,1,0,2,0,0,0.008382343836405612
1,30,Столкновение,14,0,18,0,3,0.02137002749101948
1,31,Наезд на велосипедиста,1,0,1,0,0,0.07726638591895908
1,31,Наезд на пешехода,13,1,13,0,2,0.02704302030816958
1,31,Наезд на препятствие,2,0,2,0,0,0.002807996269062094
1,31,Падение пассажира,2,0,4,0,0,0.022310644207147217
1,31,Столкновение,4,0,4,0,0,0.05520674464958938
1,32,Наезд на пешехода,12,0,12,0,1,0.03184525339557503
1,32,Наезд на препятствие,3,2,4,0,0,0.0035763650244563603
1,32,Столкновение,9,1,11,0,2,0.016225663836206883
1,33,Наезд на велосипедиста,1,0,1,0,0,0.010882551011125327
1,33,Наезд на пешехода,4,0,4,0,0,0.018216770396048056
1,33,Столкновение,7,0,8,0,1,0.018947712067163645
1,34,Наезд на пешехода,11,1,10,0,1,0.030948181114645045
1,34,Столкновение,7,0,9,0,0,0.017216674650957456
1,35,Столкновение,2,0,5,0,0,0.0695091497919793
1,36,Наезд на пешехода,6,1,5,0,0,0.030026340178575226
1,36,Столкновение,1,0,1,0,0,0.03023509974234231
1,37,Наезд на пешехода,2,0,2,0,0,0.036897979005354985
1,37,Столкновение,5,0,8,0,3,0.009745599196431693
1,38,Наезд на велосипедиста,1,0,1,0,0,0.007973163229734764
1,38,Наезд на пешехода,6,0,6,0,1,0.02199431138059973
1,38,Наезд на препятствие,2,0,3,0,0,0.004189631286380242
1,38,Столкновение,5,0,5,0,0,0.016488571534175454
1,39,Наезд на пешехода,8,1,7,0,2,0.02301335377116987
1,39,Падение пассажира,3,0,3,0,0,0.013059978287246629
1,39,Столкновение,9,0,11,0,0,0.027442661118205466
1,40,Наезд на пешехода,9,1,8,0,0,0.03163207624979805
1,40,Наезд на препятствие,2,0,2,0,0,0.021856849649116744
1,40,Падение пассажира,1,0,1,0,0,0.009376401569850928
1,40,Столкновение,4,0,4,0,0,0.019191791490726803
1,41,Наезд на пешехода,7,0,7,0,1,0.012348157020203174
1,41,Наезд на препятствие,1,0,1,0,0,0.013638488342336464
1,41,Столкновение,12,0,15,0,0,0.018859354682409856
1,42,Наезд на пешехода,8,0,8,0,3,0.02236029303539727
1,42,Наезд на препятствие,2,0,3,0,0,0.002866011129307308
1,42,Наезд на стоящее ТС,1,0,2,0,1,0.003844217583584125
1,42,Столкновение,8,0,8,0,0,0.038644603334046804
1,43,Наезд на пешехода,11,1,10,0,1,0.02339546452859891
1,43,Наезд на препятствие,5,0,9,0,2,0.01838463504068975
1,43,Наезд на стоящее ТС,3,1,3,0,2,0.01824241768591632
1,43,Падение пассажира,1,0,1,0,0,0.009754578757586051
1,43,Столкновение,16,0,22,0,0,0.025144310172296933
1,44,Наезд на пешехода,12,0,12,0,1,0.021747376347880765
1,44,Наезд на препятствие,1,0,1,0,0,0.0418763494650642
1,44,Падение пассажира,2,0,2,0,0,0.03100369540834693
1,44,Столкновение,5,0,5,0,0,0.03492885996346136
1,45,Наезд на пешехода,4,0,4,0,0,0.030500718513236873
1,45,Столкновение,3,0,3,0,0,0.01139145765974074
1,46,Наезд на пешехода,7,1,6,0,0,0.03882354265242268
1,46,Падение пассажира,2,0,2,0,0,0.023879500947737775
1,46,Столкновение,5,0,5,0,0,0.011996289610860647
1,47,Наезд на пешехода,15,0,17,0,7,0.022986382641465006
1,47,Наезд на препятствие,1,0,1,0,0,0.06659310192952368
1,47,Наезд на стоящее ТС,2,0,2,0,0,0.00893158804812227
1,47,Падение пассажира,2,1,1,1,0,0.007296427037307747
1,47,Прочее,1,0,1,0,0,0.05461496525190186
1,47,Столкновение,21,0,39,0,2,0.027421799319764385
1,48,Наезд на пешехода,3,0,3,0,1,0.007254372322392583
1,48,Наезд на стоящее ТС,1,0,1,0,0,0.09674360812934435
1,48,Падение пассажира,1,0,1,0,0,0.00862004719438068
1,48,Столкновение,3,0,8,0,1,0.036705383958168976
1,49,Наезд на пешехода,10,0,10,0,0,0.02495036671338096
1,49,Наезд на препятствие,2,0,2,0,0,0.026541699940794538
1,49,Падение пассажира,2,0,2,0,1,0.01832370822250341
1,49,Столкновение,17,0,21,0,2,0.026518780298526317
1,50,Наезд на велосипедиста,1,0,1,0,0,0.057247204841733325
1,50,Наезд на пешехода,7,0,7,0,1,0.019734791850713133
1,50,Наезд на препятствие,4,0,5,0,0,0.014819348127572577
1,50,Наезд на стоящее ТС,2,0,3,0,0,0.015392049481097177
1,50,Падение пассажира,1,0,1,0,0,0.03699688277452142
1,50,Столкновение,13,0,18,0,1,0.018563930122618318
1,51,Наезд на пешехода,11,0,12,0,2,0.043690703491096404
1,51,Наезд на стоящее ТС,2,0,2,0,0,0.023401765272581546
1,51,Падение пассажира,1,0,1,0,1,0.009376401569850928
1,51,Прочее,1,0,1,0,0,0.051726982402121396
1,51,Столкновение,4,0,5,0,0,0.016379343136294872
1,52,Наезд на велосипедиста,1,0,1,0,0,0.06071049983325449
1,52,Наезд на пешехода,15,0,15,0,0,0.03504364865525162
1,52,Наезд на препятствие,3,0,4,0,0,0.03563491743606662
1,52,Падение пассажира,1,0,1,0,0,0.027894187995855073
1,52,Прочее,1,0,1,0,0,0.05158954775002087
1,52,Столкновение,5,0,6,0,3,0.015414380686540951
1,53,Наезд на велосипедиста,1,0,1,0,0,0.030381399141564305
1,53,Наезд на пешехода,6,0,6,0,0,0.03100071892842915
1,53,Наезд на препятствие,1,0,2,0,1,0.005813570514148351
1,53,Наезд на стоящее ТС,2,0,2,0,0,0.008433416882233789
1,53,Столкновение,6,0,11,0,2,0.0436111662360279
1,54,Наезд на пешехода,13,1,13,0,2,0.02178394288267506
1,54,Падение пассажира,1,0,1,0,0,0.008241870006645556
1,54,Прочее,1,0,1,0,0,0.04205316400032851
1,54,Столкновение,2,0,2,0,0,0.05045519024281353
1,55,Наезд на велосипедиста,1,0,1,0,0,0.009107694792940135
1,55,Наезд на пешехода,10,1,9,0,2,0.02945779871379301
1,55,Наезд на препятствие,2,0,2,0,0,0.03704084695965597
1,55,Наезд на стоящее ТС,1,0,2,0,0,0.008760521024140737
1,55,Прочее,1,0,1,0,0,0.25483660861291463
1,55,Столкновение,15,3,17,0,0,0.04473619849738926
1,56,Наезд на пешехода,2,0,2,0,1,0.051335492615028094
1,56,Столкновение,1,0,1,0,0,0.007301396287457783
1,57,Наезд на пешехода,12,0,12,0,3,0.03363923717547839
1,57,Наезд на препятствие,3,0,5,0,0,0.020731564310548102
1,57,Наезд на стоящее ТС,6,0,6,0,0,0.031908517023928544
1,57,Падение пассажира,3,0,3,0,0,0.04542191995396136
1,57,Столкновение,17,1,23,0,2,0.043277478712903925
1,58,Наезд на пешехода,12,0,12,0,2,0.020811976776902275
1,58,Наезд на препятствие,5,0,7,0,0,0.012523698473311654
1,58,Наезд на стоящее ТС,4,0,4,0,0,0.046337761619759374
1,58,Падение пассажира,3,0,3,0,1,0.00912428344469418
1,58,Столкновение,20,0,29,0,1,0.035079319658289414
1,59,Наезд на пешехода,10,1,9,0,0,0.026190557148873195
1,59,Наезд на стоящее ТС,1,0,2,0,0,0.0068696350854651166
1,59,Падение пассажира,2,0,2,0,0,0.01641184868112735
1,59,Столкновение,14,0,15,0,1,0.02165147318863867
1,60,Наезд на пешехода,6,0,6,0,1,0.015810342197007766
1,60,Наезд на препятствие,2,0,2,0,0,0.022991280566324233
1,60,Наезд на стоящее ТС,1,0,1,0,0,0.005058735727507868
1,60,Падение пассажира,1,0,1,0,0,0.007863692818910431
1,60,Столкновение,9,0,14,0,1,0.008813608217098569
1,61,Наезд на препятствие,1,0,1,0,0,0.0054353933264132265
1,61,Столкновение,1,0,1,0,1,0.0821247862864556
1,62,Наезд на пешехода,4,0,4,0,1,0.013944761913086873
1,62,Наезд на препятствие,2,2,3,0,0,0.008785772399446942
1,62,Наезд на стоящее ТС,2,0,2,0,0,0.03791674864589887
1,62,Столкновение,21,0,31,0,1,0.019015293076046182
1,63,Наезд на велосипедиста,1,0,1,0,0,0.04457863289985213
1,63,Наезд на пешехода,7,0,7,0,1,0.03372650798149426
1,63,Наезд на препятствие,2,0,3,0,1,0.0029871632345322896
1,63,Падение пассажира,1,0,1,0,0,0.015765364484532383
1,63,Столкновение,3,0,3,0,0,0.003519624410106543
1,64,Наезд на пешехода,4,1,5,0,0,0.07756127668954958
1,64,Наезд на препятствие,2,0,2,0,0,0.002618907675194532
1,64,Наезд на стоящее ТС,2,0,2,0,0,0.019436957520343846
1,64,Столкновение,8,0,8,0,0,0.025908426603221135
1,65,Наезд на пешехода,12,0,12,0,3,0.04018369562561266
1,65,Наезд на препятствие,1,0,1,0,0,0.004436734740493017
1,65,Наезд на стоящее ТС,1,0,3,0,0,0.003350010675358574
1,65,Падение пассажира,1,0,1,0,0,0.053854329218814896
1,65,Столкновение,8,0,15,0,2,0.01376845585430157
1,66,Наезд на пешехода,6,0,6,0,0,0.038585432197232254
1,66,Наезд на препятствие,4,0,4,0,0,0.02207548769015325
1,66,Наезд на стоящее ТС,7,1,8,0,0,0.03689377131252829
1,66,Падение пассажира,1,0,1,0,0,0.05388686749418935
1,66,Столкновение,18,0,21,0,3,0.01918989935046856
1,68,Наезд на велосипедиста,1,0,1,0,0,0.05426072274473657
1,68,Наезд на пешехода,6,0,6,0,0,0.033806304303240824
1,68,Наезд на препятствие,1,0,2,0,0,0.006327620679168636
1,68,Столкновение,13,0,16,0,1,0.03137529231133713
1,69,Наезд на пешехода,8,0,8,0,0,0.017667819741880583
1,69,Наезд на препятствие,2,0,3,0,0,0.006080517225055861
1,69,Падение пассажира,2,0,2,0,0,0.009376401569850928
1,69,Столкновение,10,1,10,0,1,0.016390340947302275
1,70,Наезд на пешехода,7,2,7,0,2,0.01037919956308336
1,70,Наезд на препятствие,4,0,5,0,0,0.049094423772354276
1,70,Наезд на стоящее ТС,2,0,2,0,0,0.00979107295893147
1,70,Падение пассажира,1,0,1,0,0,0.02704673374441205
1,70,Столкновение,21,0,22,0,0,0.03729457859309798
1,71,Наезд на велосипедиста,1,0,1,0,0,0.06467326530752188
1,71,Наезд на пешехода,4,0,4,0,0,0.022685512988325416
1,71,Наезд на препятствие,1,0,1,0,0,0.004058557552757893
1,71,Наезд на стоящее ТС,1,0,1,0,0,0.06312885586596038
1,71,Падение пассажира,2,0,2,0,0,0.009376401569850928
1,71,Столкновение,14,0,23,0,2,0.03545045243249265
1,72,Наезд на пешехода,3,0,3,0,1,0.014342343943015206
1,72,Падение пассажира,3,0,3,0,0,0.030907388386090997
1,72,Столкновение,19,0,20,0,2,0.010722813114565608
1,73,Наезд на велосипедиста,1,0,1,0,0,0.023646276498112944
1,73,Наезд на пешехода,15,0,15,0,2,0.02265458795844721
1,73,Столкновение,4,1,10,0,0,0.017163598120991816
1,74,Наезд на пешехода,9,1,9,0,4,0.03066483186808734
1,74,Наезд на препятствие,1,0,2,0,0,0.0016734647058567224
1,74,Наезд на стоящее ТС,2,1,3,0,1,0.07248484642571827
1,74,Падение пассажира,1,0,1,0,0,0.06200091952674516
1,74,Столкновение,10,1,14,0,1,0.027118746868752597
1,75,Наезд на пешехода,9,0,9,0,0,0.01939642138108541
1,75,Наезд на препятствие,2,0,2,0,0,0.023136568217304188
1,75,Наезд на стоящее ТС,2,0,3,0,0,0.086116003360764
1,75,Падение пассажира,2,0,2,0,0,0.039794479886361034
1,75,Столкновение,12,0,13,0,0,0.028979485543333714
1,76,Столкновение,4,0,5,0,2,0.045198995063205544
1,77,Наезд на велосипедиста,2,0,2,0,0,0.025598759030805628
1,77,Наезд на пешехода,2,0,2,0,0,0.008634790217707501
1,77,Столкновение,6,0,7,0,0,0.020188985167452937
1,78,Наезд на пешехода,1,1,0,0,0,0.002050122304762081
1,80,Наезд на пешехода,3,0,5,0,1,0.07744798382963769
1,80,Наезд на препятствие,3,0,3,0,0,0.03805949009566201
1,80,Наезд на стоящее ТС,1,0,1,0,0,0.005815090102978117
1,80,Столкновение,7,2,10,0,2,0.034608539646991864
1,81,Столкновение,2,0,4,0,0,0.05303571400534347
1,82,Наезд на пешехода,3,0,3,0,0,0.02356209542479683
1,82,Наезд на препятствие,1,0,1,0,0,0.009353038181049628
1,82,Падение пассажира,2,0,2,0,1,0.0257137635701314
1,82,Столкновение,6,0,6,0,0,0.030471593050321433
1,83,Наезд на велосипедиста,1,0,1,0,0,0.06253078615247894
1,83,Наезд на пешехода,2,0,2,0,0,0.007649721247411806
1,83,Наезд на препятствие,3,0,3,0,0,0.11845516282423703
1,83,Наезд на стоящее ТС,1,0,2,0,0,0.009859009447574051
1,83,Падение пассажира,1,0,1,0,0,0.011267287508526548
1,83,Столкновение,13,1,17,0,2,0.06147393176378509
1,84,Наезд на пешехода,16,0,16,0,0,0.023693395560863088
1,84,Падение пассажира,4,0,4,0,0,0.02366387644764461
1,84,Столкновение,10,0,12,0,0,0.016011123900654633
1,85,Наезд на пешехода,10,0,10,0,1,0.04406581185283444
1,85,Наезд на препятствие,3,0,4,0,0,0.0052538094114720395
1,85,Наезд на стоящее ТС,3,0,3,0,0,0.03241273996941604
1,85,Столкновение,14,0,14,0,0,0.01831870462280983
1,86,Наезд на пешехода,4,0,4,0,0,0.028354839009388295
1,86,Столкновение,5,0,5,0,0,0.02209002605962472
1,87,Наезд на пешехода,14,0,15,0,0,0.030095460887976207
1,87,Наезд на стоящее ТС,1,0,1,0,0,0.03353240814108591
1,87,Столкновение,12,0,13,0,0,0.015514816708803288
1,88,Наезд на пешехода,12,0,12,0,3,0.025712035781334925
1,88,Наезд на препятствие,2,0,2,0,0,0.05493844171420777
1,88,Наезд на стоящее ТС,1,0,1,0,0,0.006491457897729993
1,88,Опрокидывание,1,0,1,0,0,0.007193445465463216
1,88,Падение пассажира,1,0,1,0,0,0.012365262899121569
1,88,Столкновение,11,1,14,0,0,0.03216833410001882
1,89,Наезд на пешехода,2,0,3,0,0,0.03718309587271869
1,89,Наезд на препятствие,1,0,1,0,0,0.0031861734567972177
1,89,Наезд на стоящее ТС,1,0,2,0,0,0.007327798853918612
1,89,Падение пассажира,1,0,1,0,1,0.06620563886668272
1,89,Столкновение,7,1,8,0,0,0.015758980170890852
1,90,Наезд на пешехода,7,0,7,0,3,0.024754698670489968
1,90,Наезд на препятствие,1,0,1,0,0,0.04218068575620413
1,90,Наезд на стоящее ТС,3,0,4,0,0,0.1603073210426353
1,90,Столкновение,11,0,13,0,2,0.07850111199460265
1,91,Наезд на велосипедиста,1,0,1,0,0,0.00948587198067526
1,91,Наезд на пешехода,15,0,15,0,2,0.022629470183661675
1,91,Столкновение,18,0,25,0,4,0.028106149259259767
1,92,Наезд на пешехода,2,0,2,0,0,0.07283826064533026
1,92,Наезд на препятствие,2,0,2,0,0,0.04336307610187794
1,92,Наезд на стоящее ТС,2,0,2,0,0,0.04547758360750701
1,92,Столкновение,11,0,16,0,1,0.04574700077135521
1,93,Наезд на пешехода,5,0,5,0,3,0.008579166900605941
1,93,Наезд на стоящее ТС,1,0,1,0,0,0.09891240023537137
1,93,Столкновение,4,0,5,0,0,0.018253061364921032
1,94,Наезд на пешехода,5,0,6,0,1,0.013601157243856665
1,94,Наезд на препятствие,1,0,1,0,0,0.00670579786690376
1,94,Наезд на стоящее ТС,2,0,2,0,0,0.06934527039960948
1,94,Столкновение,17,0,21,0,3,0.04104347770013012
1,95,Наезд на пешехода,2,1,1,0,0,0.020389367300390808
1,95,Падение пассажира,1,0,1,0,0,0.04723552798683224
1,95,Столкновение,4,0,9,0,1,0.022273045100174894
1,96,Наезд на пешехода,5,0,5,0,0,0.03961519452244448
1,96,Наезд на препятствие,3,0,4,0,0,0.12463924068483472
1,96,Наезд на стоящее ТС,2,0,2,0,0,0.0626022067095949
1,96,Столкновение,12,0,17,0,2,0.023505752346369892
1,97,Столкновение,2,0,3,0,0,0.013325263929078027
1,98,Наезд на пешехода,9,1,9,0,0,0.03250001917653234
1,98,Наезд на стоящее ТС,1,0,1,0,0,0.0061932672907132405
1,98,Падение пассажира,1,0,1,0,0,0.03961106356985305
1,98,Столкновение,11,1,17,0,0,0.016425092837083204
1,99,Столкновение,5,1,7,0,0,0.06204162589945258
1,99,Съезд с дороги,1,0,2,0,0,0.048270540493598024
1,100,Столкновение,3,5,1,0,0,0.03270087347892895
1,100,Съезд с дороги,1,0,1,0,0,0.15808271726438888
1,101,Наезд на велосипедиста,2,0,2,0,0,0.025199994824040273
1,101,Наезд на пешехода,6,0,6,0,0,0.02617687454795696
1,101,Падение пассажира,2,0,2,0,0,0.0470354066455414
1,101,Столкновение,4,0,5,0,0,0.0493390802810165
1,102,Наезд на пешехода,9,0,10,0,2,0.015736399283114585
1,102,Наезд на стоящее ТС,1,0,1,0,0,0.0034660403958490012
1,102,Столкновение,8,0,8,0,0,0.024905756831991102
1,103,Наезд на пешехода,8,0,8,0,0,0.019719896269082195
1,103,Наезд на препятствие,1,0,1,0,0,0.004058557552757893
1,103,Падение пассажира,1,0,1,0,0,0.003965891221068765
1,103,Столкновение,8,0,10,0,1,0.021469479692879486
1,104,Наезд на велосипедиста,1,0,1,0,0,0.010882551011125327
1,104,Наезд на пешехода,7,0,7,0,1,0.012243464222672319
1,104,Столкновение,7,1,14,0,1,0.010873888351740054
1,105,Наезд на пешехода,4,1,3,0,0,0.030105590586570755
1,105,Наезд на стоящее ТС,1,0,1,0,0,0.07190263219759088
1,105,Столкновение,9,0,14,0,1,0.04295404259259712
1,106,Наезд на пешехода,7,0,7,0,2,0.024170302269908996
1,106,Наезд на препятствие,3,0,4,0,0,0.05314291047010186
1,106,Наезд на стоящее ТС,2,0,4,0,0,0.07493143642445597
1,106,Столкновение,5,0,5,0,0,0.06381249875780418
1,107,Наезд на пешехода,1,0,1,0,0,0.014885015399189619
1,107,Наезд на стоящее ТС,1,0,1,0,0,0.0018373019244180783
1,107,Столкновение,3,0,4,0,0,0.007734902253745177
1,108,Наезд на пешехода,7,0,7,0,1,0.025247106967092002
1,108,Наезд на препятствие,1,0,1,0,0,0.010371540023764572
1,108,Наезд на стоящее ТС,2,0,3,0,0,0.008717624516344662
1,108,Прочее,1,0,1,0,0,0.13080959809579631
1,108,Столкновение,10,0,11,0,0,0.020426638455084373
1,109,Наезд на пешехода,3,0,4,0,1,0.01789933659109835
1,109,Падение пассажира,1,0,1,0,0,0.011267287508526548
1,109,Столкновение,2,0,2,0,0,0.022240994813835995
1,110,Наезд на пешехода,11,2,10,0,3,0.015762636576130078
1,110,Падение пассажира,1,0,1,0,0,0.0105109331330563
1,110,Столкновение,15,0,20,0,1,0.013476030375767323
1,111,Наезд на велосипедиста,1,0,1,0,0,0.009107694792940135
1,111,Наезд на пешехода,12,0,12,0,3,0.0392781004334788
1,111,Наезд на препятствие,6,0,9,0,0,0.020041279604204886
1,111,Наезд на стоящее ТС,5,0,10,0,1,0.030287615768287434
1,111,Столкновение,25,0,27,0,2,0.02366387571729117
1,113,Наезд на велосипедиста,1,0,1,0,0,0.010242226356145506
1,113,Наезд на пешехода,13,1,14,0,2,0.025671969975420265
1,113,Падение пассажира,2,0,2,0,0,0.04522039504159034
1,113,Столкновение,2,0,2,0,0,0.003034845779823947
1,114,Наезд на пешехода,16,0,17,0,1,0.021838374657591433
1,114,Наезд на препятствие,4,0,5,0,0,0.05470814579453879
1,114,Наезд на стоящее ТС,3,0,5,0,0,0.09940779019122552
1,114,Падение пассажира,2,0,2,0,0,0.01148558576051624
1,114,Столкновение,13,0,20,0,3,0.03737895444857665
1,115,Наезд на пешехода,11,0,11,0,0,0.05414714443365179
1,115,Наезд на стоящее ТС,3,0,4,0,0,0.045716102734041614
1,115,Падение пассажира,2,0,2,0,0,0.007485515631175308
1,115,Столкновение,3,0,5,0,0,0.021651575573601752
1,116,Наезд на пешехода,16,0,17,0,2,0.01638366261103844
1,116,Наезд на препятствие,1,0,1,0,0,0.01442607305596554
1,116,Наезд на стоящее ТС,1,0,1,0,0,0.005058735727507868
1,116,Столкновение,11,0,15,0,1,0.017473452656824543
1,117,Наезд на пешехода,13,1,12,0,3,0.019288994815379542
1,117,Наезд на препятствие,3,1,2,0,0,0.005428744929951934
1,117,Падение пассажира,2,0,2,0,0,0.00862004719438068
1,117,Столкновение,24,0,33,0,2,0.045925786335995554
1,118,Наезд на велосипедиста,1,0,1,0,0,0.010882551011125327
1,118,Наезд на пешехода,3,0,3,0,0,0.020319090292002077
1,118,Наезд на препятствие,4,0,5,0,0,0.05641180776125297
1,118,Наезд на стоящее ТС,1,1,0,0,0,0.003051820068341822
1,118,Падение пассажира,3,0,4,0,0,0.023396052965086924
1,118,Столкновение,14,0,16,0,0,0.03265530963841771
1,119,Наезд на пешехода,2,0,2,0,0,0.029910516006816275
1,119,Падение пассажира,1,0,1,0,0,0.07248512173744663
1,119,Столкновение,8,0,10,0,0,0.03947387303702428
1,120,Наезд на пешехода,7,0,8,0,0,0.008691298305406745
1,120,Наезд на препятствие,1,0,1,0,0,0.0016734647058567224
1,120,Падение пассажира,1,0,1,0,0,0.00862004719438068
1,120,Столкновение,3,0,3,0,0,0.018736407767138894
1,121,Столкновение,7,4,10,0,0,0.23961871957672498
1,121,Съезд с дороги,1,0,1,0,0,0.11945053985881801
1,122,Наезд на велосипедиста,1,0,1,0,0,0.009107694792940135
1,122,Наезд на пешехода,5,0,5,0,1,0.026146351991938842
1,122,Столкновение,8,0,13,0,1,0.019935894830726563
1,123,Наезд на велосипедиста,1,0,1,0,0,0.0609571069976314
1,123,Наезд на пешехода,14,0,14,0,1,0.033714120906492444
1,123,Наезд на препятствие,2,0,2,0,0,0.0198381676342003
1,123,Опрокидывание,1,0,1,0,0,0.009346478871383531
1,123,Столкновение,20,0,23,0,1,0.04315110348531742
1,124,Наезд на пешехода,4,2,3,0,0,0.04767227589450544
1,124,Наезд на препятствие,1,0,1,0,0,0.012887571507344724
1,124,Наезд на стоящее ТС,3,0,3,0,0,0.1913034023155817
1,124,Столкновение,2,0,2,0,0,0.026362428517202594
1,125,Наезд на пешехода,17,1,17,0,2,0.020174194688572518
1,125,Наезд на препятствие,4,0,11,0,0,0.03468417324048617
1,125,Наезд на стоящее ТС,1,0,1,0,0,0.0022154791121532023
1,125,Столкновение,20,1,27,0,2,0.02582688228755563
1,127,Наезд на пешехода,12,0,13,0,2,0.031908074943287706
1,127,Наезд на препятствие,2,1,1,0,0,0.004000542692512679
1,127,Падение пассажира,1,0,1,0,0,0.05016778911051285
1,127,Столкновение,16,0,20,0,1,0.029451970433771613
1,128,Наезд на пешехода,3,0,3,0,1,0.049209355497573604
1,128,Наезд на препятствие,2,1,3,0,0,0.02680860971377219
1,128,Столкновение,2,0,3,0,0,0.05583288959627464
1,130,Наезд на пешехода,11,2,10,0,1,0.028402879042971684
1,130,Наезд на препятствие,4,0,6,0,0,0.25093313404760487
1,130,Наезд на стоящее ТС,4,0,5,0,0,0.013999548388165334
1,130,Опрокидывание,1,0,1,0,0,0.007949799840933464
1,130,Падение пассажира,2,0,2,0,0,0.04512025604480741
1,130,Столкновение,17,0,23,0,0,0.02411243546569631
1,131,Падение пассажира,1,0,1,0,0,0.010132755945321176
1,133,Наезд на велосипедиста,1,0,1,0,0,0.026216108313267032
1,133,Наезд на пешехода,8,1,7,0,1,0.045240382713199565
1,133,Падение пассажира,1,0,1,0,0,0.006350984067969936
1,133,Столкновение,5,0,6,0,0,0.028144465165025122
1,134,Наезд на пешехода,16,0,16,0,0,0.031667812989620195
1,134,Наезд на препятствие,4,0,5,0,2,0.004066079559323853
1,134,Падение пассажира,1,0,1,0,0,0.00895122632323192
1,134,Прочее,1,0,1,0,0,0.14263327581798624
1,134,Столкновение,10,0,13,0,0,0.014551679813113099
1,135,Наезд на пешехода,3,1,2,0,1,0.044228778075465526
1,135,Наезд на препятствие,3,0,3,0,0,0.030978610408817706
1,135,Падение пассажира,1,0,1,0,0,0.00992636349821946
1,135,Прочее,1,0,1,0,0,0.1073772526308859
1,135,Столкновение,10,0,13,0,1,0.013891287677666373
1,136,Наезд на пешехода,13,1,13,0,1,0.023603159678684944
1,136,Наезд на препятствие,3,0,3,0,0,0.051898678617612125
1,136,Наезд на стоящее ТС,1,1,3,0,0,0.004600571959054373
1,136,Падение пассажира,2,0,2,0,0,0.01831711535539056
1,136,Столкновение,13,0,14,0,0,0.018186062087858865
1,137,Наезд на пешехода,5,0,5,0,1,0.020358171126417433
1,137,Наезд на препятствие,3,0,3,0,0,0.01616119531344846
1,137,Столкновение,5,0,5,0,0,0.009929376138305916
1,138,Наезд на пешехода,11,0,11,0,3,0.02725849309314713
1,138,Наезд на препятствие,2,0,6,0,1,0.0032441883170424317
1,138,Столкновение,10,0,15,0,1,0.009312322279803005
1,139,Наезд на пешехода,7,1,6,0,2,0.016993889664155888
1,139,Наезд на препятствие,1,0,1,0,0,0.010371540023764572
1,139,Столкновение,12,0,15,0,2,0.007205520858882397
1,140,Наезд на велосипедиста,2,0,2,0,0,0.02132105374619488
1,140,Наезд на пешехода,6,0,6,0,0,0.033221450309553625
1,140,Наезд на стоящее ТС,1,1,0,0,0,0.0034660403958490012
1,140,Столкновение,5,0,5,0,0,0.015688646042635226
1,141,Наезд на пешехода,6,0,6,0,1,0.029865300642364947
1,141,Падение пассажира,1,0,1,0,0,0.03104032963607836
1,141,Столкновение,3,0,3,0,0,0.016393973993577438
1,142,Наезд на пешехода,1,0,1,0,1,0.09726979418519002
1,142,Наезд на стоящее ТС,1,0,2,0,0,0.008840507604859106
1,142,Столкновение,2,0,4,0,1,0.017849672767396737
1,143,Наезд на пешехода,11,0,11,0,0,0.020871488041812405
1,143,Наезд на препятствие,1,0,1,0,0,0.008082633640559094
1,143,Наезд на стоящее ТС,2,0,3,0,0,0.028035743372446135
1,143,Падение пассажира,1,0,1,0,0,0.030234350070829134
1,143,Столкновение,4,0,7,0,0,0.02823977731879722
1,144,Наезд на велосипедиста,1,0,1,0,1,0.007594986041999639
1,144,Наезд на пешехода,8,0,8,0,2,0.040021547984850026
1,144,Прочее,1,0,1,0,1,0.009620225369130656
1,144,Столкновение,13,1,17,1,3,0.016220623037074527
1,145,Наезд на пешехода,1,0,1,0,0,0.006704278278073995
1,145,Столкновение,4,0,4,0,0,0.03315318824305457
1,146,Наезд на пешехода,3,0,3,0,1,0.025521419650693974
1,146,Наезд на препятствие,3,0,3,0,0,0.03094407945770328
1,146,Столкновение,11,0,12,0,0,0.0342055992286528
1,147,Наезд на пешехода,6,1,5,0,0,0.008947894723708823
1,147,Наезд на препятствие,1,0,1,0,0,0.008218506617844255
1,147,Наезд на стоящее ТС,2,0,4,0,0,0.03302109913740543
1,147,Столкновение,9,0,13,0,1,0.007929731285251198
1,148,Наезд на пешехода,1,0,1,0,0,0.007460632653544245
1,148,Наезд на препятствие,1,0,1,0,0,0.007382165661655636
1,148,Падение пассажира,1,0,1,0,1,0.008241870006645556
1,148,Столкновение,1,0,3,0,0,0.007088193402362838
1,149,Наезд на пешехода,3,1,2,0,1,0.035316325125007715
1,149,Наезд на препятствие,1,0,2,0,0,0.03703902812546645
1,149,Наезд на стоящее ТС,1,0,1,0,0,0.004842876169504335
1,149,Столкновение,1,0,3,0,1,0.1423256616490081
1,150,Наезд на велосипедиста,2,0,2,0,0,0.009616945714297607
1,150,Наезд на пешехода,14,0,15,0,3,0.020770054777409935
1,150,Падение пассажира,2,0,2,0,0,0.05572911301174628
1,150,Столкновение,12,0,16,0,0,0.018581591059304167
1,151,Наезд на пешехода,5,1,4,0,1,0.019527973363502878
1,151,Наезд на препятствие,1,0,1,0,0,0.006948102077353723
1,151,Падение пассажира,1,0,1,0,0,0.021790690942912413
1,152,Наезд на пешехода,3,0,3,0,0,0.015533259070033644
1,152,Столкновение,4,0,9,0,0,0.005337212982328834
1,153,Наезд на препятствие,1,0,1,0,0,0.003680380365022769
1,153,Столкновение,4,0,4,0,1,0.0464366581736194
1,154,Наезд на пешехода,14,2,13,0,1,0.024912995871263062
1,154,Наезд на препятствие,2,1,2,0,0,0.006138532085301074
1,154,Наезд на стоящее ТС,3,0,3,0,0,0.05370305799722518
1,154,Столкновение,25,1,33,0,3,0.049614944306339996
2,2,Наезд на велосипедиста,1,0,1,0,0,0.0922555888596723
2,2,Наезд на пешехода,17,2,17,0,5,0.027471267094253588
2,2,Наезд на препятствие,5,0,6,0,0,0.04592333907291935
2,2,Наезд на стоящее ТС,3,0,4,0,0,0.0546273523592643
2,2,Падение пассажира,1,0,1,0,0,0.027974247900196047
2,2,Столкновение,29,1,37,0,6,0.0276621359879386
2,3,Наезд на пешехода,7,0,8,0,1,0.013418316706808226
2,3,Наезд на препятствие,1,0,3,0,2,0.00999336283602945
2,3,Наезд на стоящее ТС,1,0,1,0,0,0.059776465242776154
2,3,Падение пассажира,1,0,1,0,0,0.07756395457357794
2,3,Столкновение,13,0,17,0,0,0.02326301886387657
2,4,Наезд на велосипедиста,1,0,1,0,0,0.026587378776966524
2,4,Наезд на пешехода,6,0,6,0,2,0.01615105382270999
2,4,Столкновение,7,0,8,0,0,0.0041450748517329345
2,5,Наезд на велосипедиста,2,0,2,0,0,0.04363606922249895
2,5,Наезд на пешехода,7,1,6,0,1,0.005751233077795842
2,5,Наезд на препятствие,3,0,3,0,0,0.006162885043093452
2,5,Наезд на стоящее ТС,1,0,2,0,0,0.008869608930214126
2,5,Столкновение,6,0,6,0,0,0.025330896331368064
2,6,Наезд на пешехода,7,0,8,0,0,0.02227080204787452
2,6,Наезд на стоящее ТС,1,0,1,0,0,0.0548093729605032
2,6,Падение пассажира,2,0,2,0,0,0.06774916116071028
2,6,Столкновение,3,0,3,0,0,0.005009971448266814
2,7,Наезд на пешехода,6,0,6,0,0,0.011256930002361278
2,7,Наезд на препятствие,2,0,2,0,0,0.0026769225354397455
2,7,Падение пассажира,2,0,2,0,0,0.05664425485153669
2,7,Столкновение,11,1,20,0,3,0.025481493859529046
2,8,Наезд на пешехода,5,0,5,0,0,0.013028139993086987
2,8,Падение пассажира,1,0,1,0,0,0.00862004719438068
2,8,Столкновение,3,0,3,0,0,0.026097135486937206
2,9,Наезд на велосипедиста,1,0,1,0,0,0.04818135432895687
2,9,Наезд на пешехода,10,0,10,0,2,0.026675538037469786
2,9,Падение пассажира,2,0,2,0,0,0.024585367566311245
2,9,Прочее,1,0,1,0,0,0.052588206335941086
2,9,Столкновение,5,0,6,0,0,0.029374306093185015
2,10,Наезд на велосипедиста,1,0,1,0,0,0.027005462737998764
2,10,Наезд на пешехода,9,1,8,0,3,0.04107304685309499
2,10,Наезд на препятствие,1,0,1,0,0,0.007462152242374008
2,10,Наезд на стоящее ТС,1,0,1,0,0,0.01927023626387889
2,10,Падение пассажира,1,0,1,0,0,0.009376401569850928
2,10,Столкновение,15,0,22,0,1,0.022856799672941137
2,12,Наезд на велосипедиста,1,0,1,0,0,0.06441712349969694
2,12,Наезд на пешехода,7,2,5,0,0,0.02581103870866258
2,12,Наезд на препятствие,3,0,3,0,0,0.0038551453431859
2,12,Наезд на стоящее ТС,1,1,3,0,0,0.022570630791641802
2,12,Столкновение,13,0,13,0,0,0.03248652290593747
2,13,Наезд на пешехода,4,0,4,0,1,0.07451606891235062
2,13,Наезд на стоящее ТС,2,0,2,0,0,0.0046405652494135585
2,13,Падение пассажира,4,0,4,0,1,0.02198713206854015
2,13,Столкновение,14,0,14,0,0,0.03190377785532591
2,14,Наезд на пешехода,11,1,10,0,1,0.011946749731410978
2,14,Наезд на препятствие,1,0,1,0,0,0.0024298190813269705
2,14,Падение пассажира,1,0,1,0,0,0.008241870006645556
2,14,Столкновение,3,0,4,0,0,0.004182549444431584
2,15,Наезд на пешехода,5,0,6,0,2,0.026354398553857773
2,15,Наезд на препятствие,1,0,1,0,1,0.02500355714774378
2,15,Наезд на стоящее ТС,1,0,1,0,0,0.007191925876633451
2,15,Падение пассажира,5,0,5,0,1,0.019274618375606338
2,15,Столкновение,3,0,4,0,0,0.013036945441593862
2,16,Наезд на пешехода,6,0,6,0,0,0.019103034059031684
2,16,Падение пассажира,3,0,3,0,1,0.018686523656123794
2,16,Столкновение,5,0,5,0,0,0.0038721585652070393
2,17,Наезд на велосипедиста,1,0,1,0,0,0.04441700929253754
2,17,Наезд на пешехода,6,1,6,0,2,0.0230186837561956
2,17,Наезд на препятствие,1,0,1,0,0,0.027262471004295716
2,17,Столкновение,6,0,7,0,0,0.03077803954163578
2,18,Наезд на пешехода,5,1,4,0,0,0.008595164216749615
2,18,Столкновение,12,0,14,0,1,0.01740390176666128
2,19,Наезд на велосипедиста,2,0,2,0,0,0.03213259131100494
2,19,Наезд на пешехода,17,1,16,0,2,0.024870759173873904
2,19,Наезд на препятствие,1,0,1,0,0,0.02666879146434383
2,19,Наезд на стоящее ТС,1,0,1,0,0,0.007327798853918612
2,19,Падение пассажира,4,0,4,0,0,0.028059661850571602
2,19,Столкновение,10,0,10,0,2,0.017719392844642395
2,20,Наезд на пешехода,14,0,14,0,2,0.03546549881653451
2,20,Наезд на препятствие,1,1,0,0,0,0.026431030314299
2,20,Наезд на стоящее ТС,1,0,1,0,0,0.04473143408195205
2,20,Падение пассажира,2,0,2,0,0,0.02232714383703022
2,20,Столкновение,9,0,13,0,0,0.025932693852162514
2,21,Наезд на пешехода,1,1,0,0,0,0.4641270465607163
2,21,Наезд на препятствие,1,1,1,0,0,0.006327620679168636
2,21,Столкновение,8,1,11,0,2,0.1353711927552917
2,21,Съезд с дороги,1,0,1,0,0,0.08088957930976007
2,22,Наезд на пешехода,7,0,7,0,0,0.015242567089494194
2,22,Наезд на стоящее ТС,2,0,3,0,1,0.044419020039476384
2,22,Падение пассажира,1,0,1,0,0,0.0420037209840397
2,22,Прочее,1,0,1,0,0,0.05158954775002087
2,22,Столкновение,5,0,6,0,0,0.015878580529286982
2,23,Наезд на велосипедиста,1,0,1,0,0,0.05838173640493869
2,23,Наезд на пешехода,11,0,12,0,3,0.015045913873930295
2,23,Наезд на стоящее ТС,1,0,2,0,0,0.03435369953978494
2,23,Столкновение,12,0,13,0,1,0.027818170469684458
2,24,Наезд на пешехода,5,0,5,0,0,0.01546281037604709
2,24,Столкновение,5,0,5,0,0,0.030847067778688335
2,25,Наезд на пешехода,2,1,1,0,0,0.055555467713801036
2,26,Наезд на пешехода,1,0,1,0,0,0.010370020434934808
2,26,Наезд на препятствие,1,0,1,0,0,0.00999336283602945
2,26,Наезд на стоящее ТС,1,0,1,0,0,0.07717523982280128
2,26,Столкновение,6,0,9,0,0,0.04758337245447511
2,27,Наезд на пешехода,9,1,9,0,2,0.017847314355835964
2,27,Наезд на препятствие,2,0,2,0,0,0.0322419808253149
2,27,Наезд на стоящее ТС,1,0,1,0,0,0.03307828812656155
2,27,Падение пассажира,2,0,2,0,0,0.03799038455414733
2,27,Столкновение,16,0,24,0,2,0.029926081112783037
2,28,Наезд на велосипедиста,1,0,1,0,0,0.0057041001033240205
2,28,Наезд на пешехода,8,0,8,0,2,0.016761794484845945
2,28,Наезд на стоящее ТС,1,0,1,0,0,0.0237629041327656
2,28,Столкновение,5,0,6,0,0,0.024735170058487972
2,29,Наезд на пешехода,9,1,9,0,2,0.021264776261410823
2,29,Падение пассажира,1,0,1,0,0,0.0067291612557050596
2,29,Столкновение,9,0,9,0,0,0.030760020355267228
2,30,Наезд на пешехода,10,0,10,0,5,0.018738022706596545
2,30,Наезд на препятствие,1,0,1,0,0,0.1188818992329532
2,30,Наезд на стоящее ТС,2,0,2,0,0,0.006153274000354054
2,30,Падение пассажира,1,0,1,0,0,0.009754578757586051
2,30,Столкновение,14,0,17,0,1,0.019218056897999106
2,31,Наезд на велосипедиста,1,0,1,0,0,0.006082277291059144
2,31,Наезд на пешехода,9,0,10,0,1,0.036278688123616155
2,31,Наезд на стоящее ТС,1,2,0,0,0,0.0018373019244180783
2,31,Столкновение,8,0,10,0,0,0.032852581107968355
2,32,Наезд на пешехода,5,1,4,0,0,0.026866672756692356
2,32,Падение пассажира,2,0,2,0,0,0.05201731942965722
2,32,Столкновение,12,0,16,0,1,0.013367158288892546
2,33,Наезд на пешехода,9,0,9,0,1,0.02029307835873527
2,33,Наезд на препятствие,2,0,2,0,0,0.02477834891843668
2,33,Столкновение,2,0,2,0,0,0.024158449338428374
2,34,Наезд на пешехода,7,0,7,0,1,0.03241340933951026
2,34,Наезд на препятствие,1,0,2,0,0,0.00670579786690376
2,34,Наезд на стоящее ТС,1,0,1,0,0,0.007705976041653737
2,34,Падение пассажира,1,0,1,0,0,0.020907633399780082
2,34,Столкновение,11,0,12,0,1,0.018300230041585243
2,35,Наезд на пешехода,4,1,3,0,1,0.0675699946648352
2,35,Столкновение,1,0,2,0,0,0.006545041911987535
2,36,Наезд на пешехода,2,0,2,0,1,0.05089907807632088
2,36,Столкновение,4,0,4,0,0,0.033271988272763287
2,37,Наезд на пешехода,3,0,3,0,0,0.04175520830411495
2,37,Наезд на стоящее ТС,2,1,2,0,0,0.02612480017751288
2,37,Столкновение,6,0,7,0,0,0.018915068118997357
2,38,Наезд на пешехода,10,0,10,0,0,0.02213902558338285
2,38,Наезд на препятствие,2,0,2,0,0,0.031280629777723216
2,38,Наезд на стоящее ТС,2,0,2,0,0,0.033055183897829465
2,38,Падение пассажира,2,0,2,0,0,0.0076746042250428696
2,38,Столкновение,12,0,14,0,0,0.018341116098317994
2,39,Наезд на велосипедиста,1,0,1,0,0,0.032967504745971696
2,39,Наезд на пешехода,6,0,6,0,0,0.03204802438404715
2,39,Наезд на стоящее ТС,2,0,4,0,0,0.0320017091214016
2,39,Падение пассажира,1,0,1,0,0,0.008998224382115803
2,39,Столкновение,6,1,7,0,1,0.011787340758748098
2,40,Наезд на пешехода,4,0,4,0,1,0.05404948122864207
2,40,Наезд на препятствие,1,0,1,0,0,0.0055712663036983886
2,40,Наезд на стоящее ТС,2,0,2,0,0,0.004622543679527531
2,40,Столкновение,5,0,5,0,0,0.0030267517245216318
2,41,Наезд на пешехода,8,3,5,0,1,0.057240895506387446
2,41,Наезд на препятствие,2,0,2,0,0,0.051204344190213906
2,41,Наезд на стоящее ТС,1,1,1,0,0,0.07274204388660466
2,41,Падение пассажира,1,0,1,0,0,0.04568688507892796
2,41,Прочее,1,1,0,0,0,0.05339892751914836
2,41,Столкновение,9,0,12,0,1,0.022760168940406937
2,42,Наезд на пешехода,10,1,9,0,1,0.04599583551059375
2,42,Наезд на препятствие,2,1,1,0,0,0.056984835071872235
2,42,Наезд на стоящее ТС,1,1,0,0,0,0.10014812027352789
2,42,Падение пассажира,3,0,3,0,0,0.024001693511559768
2,42,Столкновение,15,0,15,0,0,0.025711972135031395
2,43,Наезд на велосипедиста,3,0,3,0,0,0.047358813348576854
2,43,Наезд на пешехода,5,0,5,0,1,0.03280606180029898
2,43,Наезд на стоящее ТС,1,0,1,0,0,0.0022154791121532023
2,43,Столкновение,21,0,22,0,2,0.03368586114797035
2,44,Наезд на велосипедиста,1,0,1,0,0,0.007973163229734764
2,44,Наезд на пешехода,16,1,16,0,2,0.018647572731756455
2,44,Наезд на стоящее ТС,1,0,1,0,0,0.051841806010720054
2,44,Падение пассажира,2,0,2,0,0,0.029364125665888755
2,44,Столкновение,11,0,12,0,1,0.026744773150543057
2,45,Наезд на пешехода,3,0,3,0,1,0.016414865829655605
2,45,Наезд на препятствие,1,0,1,0,0,0.004058557552757893
2,45,Столкновение,3,0,3,0,0,0.009358436464335157
2,46,Наезд на велосипедиста,1,0,1,0,0,0.01615594347816715
2,46,Наезд на пешехода,7,1,6,0,0,0.02180939289863648
2,46,Наезд на препятствие,2,0,3,0,0,0.010700554979089963
2,46,Столкновение,4,0,7,0,2,0.016543884674950014
2,47,Наезд на велосипедиста,2,0,2,0,0,0.03384813155279234
2,47,Наезд на пешехода,19,1,19,0,7,0.032938124293418
2,47,Наезд на препятствие,3,1,5,0,0,0.052352466448288774
2,47,Наезд на стоящее ТС,1,0,1,0,0,0.08369958819340263
2,47,Падение пассажира,4,0,4,0,0,0.05661711677490737
2,47,Прочее,2,0,2,0,0,0.061176157446641635
2,47,Столкновение,18,0,21,0,1,0.04267636312389059
2,48,Наезд на пешехода,1,0,1,0,0,0.12327721267809964
2,48,Столкновение,2,0,4,0,0,0.006273824166647377
2,49,Наезд на велосипедиста,1,0,1,0,0,0.007216808854264516
2,49,Наезд на пешехода,4,0,4,0,1,0.027388404275715268
2,49,Наезд на препятствие,2,0,3,0,0,0.0024298190813269705
2,49,Наезд на стоящее ТС,1,0,2,0,0,0.11400005073507767
2,49,Падение пассажира,4,0,4,0,0,0.022400644598809485
2,49,Столкновение,11,1,17,0,2,0.01804923431636669
2,50,Наезд на пешехода,10,0,10,0,0,0.029772336322967115
2,50,Наезд на препятствие,1,0,1,0,0,0.022077944745790643
2,50,Столкновение,10,0,13,0,0,0.01646749420565751
2,51,Наезд на велосипедиста,1,0,1,0,0,0.006838631666529391
2,51,Наезд на пешехода,5,0,5,0,0,0.017934207802777137
2,51,Наезд на стоящее ТС,1,0,1,0,0,0.009859009447574051
2,51,Столкновение,4,0,4,0,1,0.03915881618251457
2,52,Наезд на пешехода,18,0,19,0,4,0.02621996456167918
2,52,Наезд на стоящее ТС,1,0,1,0,0,0.005815090102978117
2,52,Падение пассажира,2,0,2,0,0,0.042011162302614896
2,52,Прочее,1,0,1,0,1,0.05042861362035467
2,52,Столкновение,8,0,11,0,3,0.010092003901510514
2,53,Наезд на велосипедиста,1,0,1,0,0,0.021104654252369175
2,53,Наезд на пешехода,8,0,9,0,2,0.03128488721059183
2,53,Наезд на препятствие,1,0,1,0,0,0.0943440176447294
2,53,Наезд на стоящее ТС,1,0,1,0,0,0.09269695550533351
2,53,Падение пассажира,1,0,1,0,1,0.0067291612557050596
2,53,Столкновение,7,0,8,0,0,0.016288627267724762
2,54,Наезд на пешехода,6,0,7,0,1,0.01233032178859659
2,54,Падение пассажира,1,0,1,0,0,0.009754578757586051
2,54,Столкновение,12,0,14,0,0,0.033963148625901766
2,55,Наезд на велосипедиста,1,0,1,0,0,0.011933252943126506
2,55,Наезд на пешехода,13,3,11,0,0,0.03988347122867163
2,55,Наезд на препятствие,2,0,3,0,0,0.05794066404846765
2,55,Наезд на стоящее ТС,3,0,5,0,0,0.05375371148767107
2,55,Падение пассажира,4,0,4,0,0,0.03040847897218666
2,55,Столкновение,13,0,15,0,1,0.04131025941396171
2,56,Наезд на пешехода,1,0,1,0,1,0.019272755118015943
2,56,Столкновение,2,0,2,0,1,0.027449612348692146
2,57,Наезд на пешехода,15,1,15,0,3,0.024976415261862766
2,57,Наезд на препятствие,3,0,3,0,1,0.07264693625611086
2,57,Наезд на стоящее ТС,1,0,1,0,0,0.05755890053628828
2,57,Падение пассажира,1,0,1,0,0,0.007485515631175308
2,57,Столкновение,20,0,25,0,0,0.02157255679743013
2,58,Наезд на пешехода,7,0,7,0,1,0.012276899014501118
2,58,Наезд на препятствие,1,0,1,0,0,0.009353038181049628
2,58,Наезд на стоящее ТС,2,0,2,0,0,0.03811067320531391
2,58,Падение пассажира,2,0,2,0,0,0.03091815751014652
2,58,Столкновение,10,0,18,0,0,0.03108347444289155
2,59,Наезд на пешехода,10,0,10,0,3,0.033849007663108624
2,59,Наезд на препятствие,3,0,4,0,0,0.007433691493249072
2,59,Падение пассажира,1,0,1,0,0,0.014472244422146738
2,59,Столкновение,7,0,8,0,0,0.009151836199255204
2,60,Наезд на велосипедиста,2,0,2,0,0,0.014775985230947638
2,60,Наезд на пешехода,11,0,11,0,0,0.026603028349472382
2,60,Падение пассажира,1,0,1,0,0,0.0676506053660067
2,60,Столкновение,6,0,10,0,0,0.02294038017780377
2,62,Наезд на велосипедиста,1,0,1,0,0,0.048137167773930734
2,62,Наезд на пешехода,11,0,11,0,5,0.022378747720308515
2,62,Наезд на препятствие,4,0,4,0,0,0.016717791572830147
2,62,Наезд на стоящее ТС,4,1,3,0,0,0.046893157546130035
2,62,Прочее,1,0,1,0,0,0.06480494701306647
2,62,Столкновение,12,0,14,0,2,0.026037040326386197
2,63,Наезд на велосипедиста,1,0,1,0,0,0.019650402565711444
2,63,Наезд на пешехода,12,0,12,0,0,0.015064437552868737
2,63,Наезд на препятствие,1,0,1,0,0,0.035559947765477586
2,63,Наезд на стоящее ТС,1,0,1,0,0,0.06364767538633927
2,63,Падение пассажира,2,0,2,0,0,0.025145793748121186
2,63,Столкновение,17,1,22,0,1,0.03010978665631833
2,64,Наезд на пешехода,6,0,7,0,3,0.022819950404301608
2,64,Наезд на препятствие,1,0,1,0,0,0.008974860993314505
2,64,Наезд на стоящее ТС,1,0,1,0,0,0.0964309401949311
2,64,Падение пассажира,1,0,1,0,0,0.00862004719438068
2,64,Столкновение,13,0,16,0,0,0.04373153457145093
2,65,Наезд на пешехода,6,0,6,0,1,0.015680552294949784
2,65,Наезд на препятствие,1,0,1,0,0,0.004058557552757893
2,65,Наезд на стоящее ТС,1,0,1,0,0,0.010754971730940331
2,65,Столкновение,6,0,9,0,0,0.04173536178978393
2,66,Наезд на пешехода,17,0,18,0,3,0.018956395506925346
2,66,Наезд на препятствие,3,1,2,0,0,0.015106656890455365
2,66,Наезд на стоящее ТС,5,1,5,0,0,0.0023827473033909263
2,66,Падение пассажира,1,0,1,0,0,0.04129093552834705
2,66,Столкновение,18,0,21,0,1,0.03997156990604832
2,68,Наезд на пешехода,5,0,5,0,0,0.020956820425711876
2,68,Наезд на препятствие,1,0,1,0,0,0.009857489858744288
2,68,Падение пассажира,1,0,1,0,0,0.05188218920750149
2,68,Столкновение,13,0,15,0,2,0.031249611718437837
2,69,Наезд на пешехода,9,0,10,0,0,0.018208861517649153
2,69,Наезд на препятствие,2,0,3,0,0,0.03479937096242413
2,69,Столкновение,7,0,9,0,0,0.033753538938856756
2,70,Наезд на пешехода,14,1,13,0,3,0.026348903949129376
2,70,Наезд на препятствие,3,0,3,0,0,0.050466274400404465
2,70,Наезд на стоящее ТС,3,1,3,0,0,0.0992149148401551
2,70,Падение пассажира,1,0,1,0,0,0.003965891221068765
2,70,Столкновение,19,0,20,0,3,0.03143249674382218
2,71,Наезд на пешехода,9,1,8,0,1,0.03807614733474266
2,71,Столкновение,11,0,16,0,2,0.03528413145330311
2,72,Наезд на велосипедиста,2,0,2,0,0,0.023322786304008098
2,72,Наезд на пешехода,11,0,11,0,1,0.0166774887176189
2,72,Наезд на препятствие,1,0,1,0,0,0.0028079962690620935
2,72,Наезд на стоящее ТС,1,0,2,0,0,0.002295465692871574
2,72,Падение пассажира,1,0,1,0,0,0.008998224382115803
2,72,Столкновение,8,0,9,0,0,0.021785691982970458
2,73,Наезд на велосипедиста,1,0,1,0,0,0.025537162436788566
2,73,Наезд на пешехода,15,1,14,0,2,0.017934706956926436
2,73,Наезд на препятствие,1,0,2,0,0,0.027085669150372558
2,73,Падение пассажира,2,0,2,0,0,0.027162692008224007
2,73,Столкновение,10,0,13,0,1,0.016455499817283347
2,74,Наезд на пешехода,7,0,7,0,1,0.019826897325128046
2,74,Наезд на препятствие,3,0,3,0,0,0.00670579786690376
2,74,Наезд на стоящее ТС,1,1,0,0,0,0.05353002840362739
2,74,Опрокидывание,2,1,1,0,0,0.03419577988654166
2,74,Падение пассажира,1,0,1,0,0,0.029205958940872474
2,74,Столкновение,15,0,18,0,1,0.03497424726844907
2,75,Наезд на пешехода,8,0,8,0,1,0.0285240100527844
2,75,Наезд на препятствие,1,0,1,0,0,0.010371540023764572
2,75,Наезд на стоящее ТС,1,0,1,0,0,0.0015682126427563438
2,75,Падение пассажира,3,0,3,0,0,0.03734610212379874
2,75,Столкновение,7,0,8,0,0,0.0232474141596748
2,76,Наезд на пешехода,5,1,4,0,1,0.01790420164125268
2,76,Наезд на препятствие,1,0,1,0,0,0.08094547480445094
2,76,Столкновение,6,1,7,0,1,0.05408980298505425
2,77,Наезд на пешехода,5,0,5,0,0,0.0240812235992043
2,77,Наезд на препятствие,1,0,1,0,0,0.0020516418935918467
2,77,Падение пассажира,1,0,1,0,0,0.007863692818910431
2,77,Столкновение,8,0,8,0,1,0.00977561544585484
2,78,Столкновение,2,0,4,0,0,0.0037356858656506986
2,80,Наезд на пешехода,1,0,1,0,1,0.2915624249581922
2,80,Наезд на препятствие,1,1,0,0,0,0.0055712663036983886
2,80,Столкновение,2,0,2,0,0,0.0054929975001022525
2,81,Наезд на пешехода,2,1,1,0,0,0.08372187622780225
2,81,Столкновение,1,0,1,0,0,0.19002921685584326
2,82,Наезд на пешехода,6,0,6,0,1,0.02735101857012325
2,82,Падение пассажира,1,0,1,0,0,0.03940388525626601
2,82,Столкновение,4,0,5,0,0,0.04701297737522689
2,83,Наезд на велосипедиста,2,0,2,0,0,0.0521137893530597
2,83,Наезд на пешехода,10,0,10,0,2,0.031494643529779265
2,83,Наезд на препятствие,2,0,3,0,0,0.0879561147827486
2,83,Наезд на стоящее ТС,2,0,3,0,1,0.006564516771107127
2,83,Столкновение,13,0,16,0,1,0.06414715071537289
2,84,Наезд на велосипедиста,1,0,1,0,0,0.036552359481580365
2,84,Наезд на пешехода,17,1,16,0,2,0.032066046633689234
2,84,Падение пассажира,2,0,2,0,1,0.03889298078921247
2,84,Столкновение,19,0,23,0,0,0.023428538050377635
2,85,Наезд на пешехода,13,1,12,0,1,0.036646976132468215
2,85,Наезд на препятствие,4,1,5,0,0,0.04160108722421606
2,85,Наезд на стоящее ТС,6,1,12,0,3,0.02456486186003476
2,85,Опрокидывание,1,0,1,0,0,0.0037098641951287294
2,85,Столкновение,14,0,18,0,3,0.036552007231969504
2,86,Наезд на пешехода,1,0,1,0,0,0.03343048707821284
2,86,Столкновение,4,0,4,0,1,0.018218585112786335
2,87,Наезд на велосипедиста,1,0,1,0,0,0.0025626528809526007
2,87,Наезд на пешехода,17,0,19,0,6,0.03468577519542304
2,87,Наезд на стоящее ТС,1,1,1,0,0,0.0034660403958490012
2,87,Опрокидывание,1,0,1,0,0,0.005464877156519188
2,87,Падение пассажира,2,0,2,0,0,0.021223622299725655
2,87,Прочее,1,1,1,0,0,0.08475598243006167
2,87,Столкновение,18,0,24,0,4,0.01807416588690892
2,88,Наезд на велосипедиста,1,0,1,0,0,0.09862314953294812
2,88,Наезд на пешехода,8,0,8,0,2,0.019801999867788148
2,88,Наезд на препятствие,4,0,7,0,0,0.014788876740754147
2,88,Наезд на стоящее ТС,1,0,1,0,0,0.09081284033851118
2,88,Столкновение,11,0,14,0,0,0.020990047001456607
2,89,Наезд на пешехода,7,1,6,0,0,0.015243516594930343
2,89,Наезд на стоящее ТС,1,0,3,0,0,0.04158221986681711
2,89,Столкновение,7,0,7,0,1,0.017702899734326198
2,90,Наезд на пешехода,16,2,14,0,1,0.042963911542482545
2,90,Наезд на стоящее ТС,2,0,2,0,0,0.004663709204034141
2,90,Падение пассажира,2,0,2,0,0,0.009376401569850928
2,90,Столкновение,10,0,12,0,0,0.07451273156954674
2,91,Наезд на пешехода,14,1,13,0,2,0.027711979903871996
2,91,Наезд на препятствие,2,1,1,0,0,0.0046258233343605785
2,91,Падение пассажира,2,0,2,0,0,0.06470311909563681
2,91,Прочее,1,0,1,0,0,0.109580520513588
2,91,Столкновение,15,1,18,0,1,0.017215100004885513
2,92,Наезд на пешехода,2,0,2,0,0,0.004216054895833871
2,92,Наезд на препятствие,1,0,1,0,0,0.0678510404716709
2,92,Наезд на стоящее ТС,1,0,2,0,0,0.11874291641755616
2,92,Столкновение,8,0,17,0,0,0.06786525307216539
2,92,Съезд с дороги,1,0,2,0,0,0.04801863779582243
2,93,Наезд на пешехода,6,1,6,0,1,0.032065648703247955
2,93,Падение пассажира,1,0,1,0,0,0.007863692818910431
2,93,Столкновение,2,0,4,0,1,0.018349437420703073
2,94,Наезд на пешехода,7,0,7,0,3,0.027966166208551083
2,94,Наезд на препятствие,1,0,1,0,1,0.08791583527558704
2,94,Наезд на стоящее ТС,1,1,2,0,0,0.00191728850513645
2,94,Падение пассажира,1,0,1,0,0,0.006350984067969936
2,94,Столкновение,6,0,10,0,2,0.023471001669427994
2,95,Наезд на пешехода,4,0,5,0,0,0.022244382378595627
2,95,Падение пассажира,1,0,1,0,0,0.04137186809841279
2,95,Столкновение,8,0,10,0,0,0.020408541350106023
2,96,Наезд на пешехода,2,0,2,0,0,0.025132656974131966
2,96,Наезд на препятствие,1,0,1,0,0,0.12977952405803206
2,96,Столкновение,12,0,18,0,3,0.05192934649907915
2,97,Наезд на пешехода,1,0,1,0,1,0.045280393472260434
2,97,Столкновение,2,0,3,0,0,0.03674456274427111
2,98,Наезд на велосипедиста,1,0,1,0,0,0.0349858507249172
2,98,Наезд на пешехода,9,0,9,0,2,0.015905290782516436
2,98,Столкновение,7,0,9,0,0,0.030464870586813176
2,99,Наезд на препятствие,1,0,1,0,0,0.004814911928228141
2,99,Наезд на стоящее ТС,2,1,1,0,0,0.08399466010247658
2,99,Столкновение,6,0,8,0,2,0.030689300123878025
2,99,Съезд с дороги,1,0,1,0,0,0.04864871768133315
2,100,Столкновение,2,2,4,0,0,0.004275978785576791
2,101,Наезд на пешехода,5,0,5,0,0,0.02671051160439485
2,101,Наезд на препятствие,2,0,2,0,0,0.005851435340829113
2,101,Падение пассажира,1,0,1,0,0,0.0067291612557050596
2,101,Столкновение,7,1,10,0,1,0.033363495561466845
2,102,Наезд на велосипедиста,1,0,1,0,0,0.03157768286853702
2,102,Наезд на пешехода,4,0,4,0,1,0.019100198689462722
2,102,Столкновение,4,0,4,0,0,0.004917792218933664
2,103,Наезд на велосипедиста,1,0,2,0,1,0.03185976317594069
2,103,Наезд на пешехода,11,1,11,0,2,0.025087083953591462
2,103,Наезд на препятствие,2,0,2,0,0,0.004459878695113598
2,103,Столкновение,11,0,12,0,1,0.04584339978021952
2,104,Наезд на пешехода,7,1,6,0,0,0.011374702292047402
2,105,Наезд на пешехода,4,0,4,0,0,0.00879012350570363
2,105,Наезд на препятствие,5,0,5,0,1,0.05601124512934978
2,105,Наезд на стоящее ТС,1,0,1,0,0,0.036073539882034024
2,105,Столкновение,7,0,9,0,2,0.034780765662031435
2,106,Наезд на велосипедиста,1,0,1,0,0,0.015807120004369447
2,106,Наезд на пешехода,8,0,9,0,3,0.022647304698399758
2,106,Наезд на препятствие,3,0,3,0,0,0.03934920396599687
2,106,Падение пассажира,1,0,1,0,0,0.007107338443440184
2,106,Прочее,1,0,1,0,0,0.05396656169842618
2,106,Столкновение,8,0,11,0,2,0.02414394613476579
2,107,Наезд на пешехода,7,0,7,0,2,0.026830494850866148
2,107,Столкновение,10,0,14,0,0,0.014277249536575854
2,108,Наезд на пешехода,3,1,2,0,0,0.023381999379378116
2,108,Наезд на препятствие,2,0,3,0,0,0.0026189076751945315
2,108,Наезд на стоящее ТС,1,0,1,0,0,0.024414508736869196
2,108,Падение пассажира,1,0,1,0,0,0.03633115902130215
2,108,Прочее,1,0,1,0,0,0.03760004397296291
2,108,Столкновение,7,0,10,0,0,0.010881943679202944
2,109,Наезд на велосипедиста,1,0,1,0,0,0.022515742421975384
2,109,Наезд на пешехода,3,0,3,0,0,0.02699917224355651
2,109,Наезд на препятствие,3,0,3,0,0,0.032414258222615136
2,109,Падение пассажира,2,0,2,0,0,0.04894254993300101
2,109,Столкновение,4,0,6,0,0,0.008845009407361066
2,110,Наезд на пешехода,7,1,6,0,2,0.025204234144004745
2,110,Наезд на препятствие,1,0,2,0,0,0.0016734647058567224
2,110,Наезд на стоящее ТС,1,0,1,0,0,0.0043023813520376205
2,110,Падение пассажира,1,0,1,0,0,0.029811999964576168
2,110,Столкновение,8,0,13,0,1,0.015805360248182774
2,111,Наезд на пешехода,10,2,8,0,4,0.012534555179627824
2,111,Наезд на стоящее ТС,2,0,2,0,0,0.017799871576021153
2,111,Падение пассажира,1,0,1,0,0,0.0067291612557050596
2,111,Столкновение,24,1,26,0,1,0.032326642347359776
2,113,Наезд на пешехода,10,0,10,0,2,0.028247288545942523
2,113,Наезд на препятствие,2,0,2,0,0,0.027110085806143658
2,113,Наезд на стоящее ТС,1,0,1,0,0,0.0829581033424054
2,113,Столкновение,7,2,13,0,0,0.020553560049444777
2,114,Наезд на пешехода,13,1,12,0,1,0.018612716712273655
2,114,Наезд на препятствие,2,3,1,0,0,0.007651240836241569
2,114,Наезд на стоящее ТС,1,0,1,0,0,0.07265841158125033
2,114,Падение пассажира,2,0,2,0,0,0.05931117204172352
2,114,Столкновение,18,0,21,0,1,0.052662985680993674
2,115,Наезд на велосипедиста,1,0,1,0,0,0.021435460519857955
2,115,Наезд на пешехода,7,0,7,0,1,0.04419280852866882
2,115,Наезд на препятствие,2,0,2,0,0,0.02758131386319694
2,115,Наезд на стоящее ТС,2,0,2,0,0,0.07711862471560474
2,115,Падение пассажира,1,0,1,0,0,0.007485515631175308
2,115,Столкновение,6,0,8,0,0,0.03510569596599518
2,116,Наезд на пешехода,14,1,13,0,1,0.026028217515381282
2,116,Падение пассажира,2,0,2,0,0,0.012415980778733342
2,116,Столкновение,9,0,10,0,0,0.014470499530469786
2,117,Наезд на пешехода,13,1,13,0,4,0.011351402506875033
2,117,Наезд на стоящее ТС,1,0,1,0,0,0.003031976811547088
2,117,Падение пассажира,2,0,2,0,0,0.015186872824771932
2,117,Столкновение,17,0,19,0,0,0.02477334530963985
2,118,Наезд на пешехода,7,1,6,0,1,0.011467162982670472
2,118,Наезд на стоящее ТС,2,0,3,0,0,0.12187859445231947
2,118,Падение пассажира,2,0,2,0,0,0.0353929668424735
2,118,Столкновение,11,0,12,0,0,0.02845500159090679
2,119,Наезд на велосипедиста,1,0,1,0,0,0.05106203057832158
2,119,Наезд на пешехода,4,1,3,0,2,0.022312596774673836
2,119,Столкновение,9,0,9,0,0,0.055659293034855124
2,120,Наезд на пешехода,5,0,5,0,1,0.008374780697232558
2,120,Наезд на препятствие,1,0,1,0,0,0.008974860993314505
2,120,Наезд на стоящее ТС,1,0,1,0,0,0.013738539755672453
2,120,Столкновение,8,1,9,0,0,0.01270159917277429
2,121,Наезд на пешехода,2,1,1,0,0,0.005758835308736186
2,121,Наезд на препятствие,1,0,1,0,0,0.004058557552757893
2,121,Столкновение,4,1,9,0,2,0.1361127210503012
2,122,Наезд на пешехода,11,1,10,0,3,0.014938189379689916
2,122,Столкновение,4,2,5,0,0,0.03847809176531725
2,123,Наезд на пешехода,15,0,15,0,1,0.02798811128082462
2,123,Наезд на препятствие,1,0,2,0,0,0.0028079962690620935
2,123,Падение пассажира,1,0,1,0,1,0.04943576530094478
2,123,Столкновение,14,0,17,0,1,0.025710594138287125
2,124,Наезд на пешехода,2,1,2,0,0,0.28925271867291535
2,124,Наезд на препятствие,1,0,1,0,0,0.026454544977340896
2,124,Наезд на стоящее ТС,1,1,0,0,0,0.2520624755213468
2,124,Падение пассажира,1,0,1,0,0,0.02035844893035807
2,124,Столкновение,7,0,8,0,1,0.14085758523239916
2,125,Наезд на пешехода,15,0,16,0,3,0.023808192166316203
2,125,Падение пассажира,4,0,4,0,0,0.03133158582448797
2,125,Столкновение,17,0,20,0,1,0.02487064339270507
2,127,Наезд на пешехода,3,0,3,0,1,0.029265706045147565
2,127,Наезд на препятствие,3,0,3,0,0,0.006075502554011888
2,127,Наезд на стоящее ТС,1,0,2,0,0,0.10376354380019606
2,127,Падение пассажира,4,0,4,0,0,0.028148736788507107
2,127,Столкновение,17,0,21,0,1,0.03241422417615876
2,128,Наезд на пешехода,1,0,1,0,0,0.005569746714868625
2,128,Столкновение,2,0,2,0,0,0.06495205051867271
2,130,Наезд на велосипедиста,1,0,1,0,0,0.006838631666529391
2,130,Наезд на пешехода,15,1,14,0,3,0.035091911898941244
2,130,Наезд на препятствие,2,0,3,0,0,0.004936064033453123
2,130,Падение пассажира,1,0,2,0,0,0.009376401569850928
2,130,Столкновение,10,0,11,0,0,0.13846433448007683
2,131,Наезд на пешехода,2,0,2,0,0,0.028745028855267994
2,131,Столкновение,1,0,2,0,0,0.008442820503845391
2,133,Наезд на пешехода,8,1,7,0,0,0.04575261165904956
2,133,Падение пассажира,1,0,1,0,0,0.0067291612557050596
2,133,Столкновение,4,1,6,0,0,0.013652076788021663
2,134,Наезд на велосипедиста,2,0,2,0,0,0.03826313733929641
2,134,Наезд на пешехода,19,1,19,0,3,0.03482719880313392
2,134,Наезд на препятствие,2,0,2,0,0,0.030327414281105705
2,134,Падение пассажира,4,0,4,0,0,0.02093932101239821
2,134,Столкновение,21,0,24,0,0,0.021928492320854802
2,135,Наезд на пешехода,4,1,3,0,1,0.024060521608358695
2,135,Наезд на стоящее ТС,2,0,3,0,0,0.03304366861120356
2,135,Падение пассажира,1,0,1,0,0,0.06735303930440899
2,135,Столкновение,15,0,17,0,0,0.018315844965979988
2,136,Наезд на велосипедиста,4,0,4,0,0,0.029724794949751783
2,136,Наезд на пешехода,10,0,10,0,0,0.017075610788580116
2,136,Наезд на препятствие,3,0,4,0,1,0.004650176292152957
2,136,Наезд на стоящее ТС,2,0,2,0,0,0.06419848838948058
2,136,Столкновение,15,0,20,0,0,0.0182386533457286
2,137,Наезд на велосипедиста,1,0,1,0,0,0.03015559004447795
2,137,Наезд на пешехода,9,1,9,0,3,0.01232384412707731
2,137,Наезд на стоящее ТС,2,0,2,0,0,0.021418679500267594
2,137,Падение пассажира,2,1,1,0,0,0.009754578757586053
2,137,Столкновение,8,0,13,0,0,0.04773337985713931
2,138,Наезд на пешехода,3,0,3,0,0,0.02434231723836719
2,138,Наезд на препятствие,2,1,3,0,1,0.01721576976936718
2,138,Падение пассажира,1,0,1,0,0,0.0067291612557050596
2,138,Столкновение,7,0,8,0,1,0.02635953645783191
2,139,Наезд на пешехода,6,0,6,0,1,0.018927210183558276
2,139,Наезд на препятствие,1,0,1,0,0,0.04247615350524648
2,139,Падение пассажира,1,0,1,0,0,0.007863692818910431
2,139,Столкновение,4,0,4,0,0,0.027119272358900503
2,140,Наезд на велосипедиста,2,0,2,0,0,0.03649439597413759
2,140,Наезд на пешехода,2,0,2,0,0,0.026834328536819538
2,140,Падение пассажира,1,0,1,0,0,0.009754578757586051
2,140,Столкновение,4,0,4,0,1,0.015454630303217774
2,141,Наезд на велосипедиста,1,0,1,0,0,0.10420669617002994
2,141,Наезд на пешехода,2,0,2,0,0,0.00802789843514693
2,141,Наезд на стоящее ТС,1,0,1,0,0,0.03224410048178497
2,141,Падение пассажира,1,0,1,0,0,0.007107338443440184
2,141,Столкновение,5,0,5,0,0,0.01358653389078684
2,142,Наезд на препятствие,2,0,2,0,0,0.00670579786690376
2,142,Наезд на стоящее ТС,4,1,3,0,0,0.08167679791689117
2,142,Столкновение,5,0,7,0,0,0.17909606017205543
2,143,Наезд на пешехода,9,1,11,0,0,0.018951615005523257
2,143,Наезд на стоящее ТС,1,0,2,0,0,0.009859009447574051
2,143,Столкновение,8,0,11,0,1,0.023949701977126755
2,144,Наезд на пешехода,5,0,5,0,1,0.034501118598015676
2,144,Наезд на препятствие,1,0,1,0,0,0.04636849272458802
2,144,Столкновение,14,0,17,0,2,0.016357748358657314
2,145,Наезд на препятствие,1,0,1,0,0,0.0020516418935918467
2,145,Падение пассажира,2,0,2,0,0,0.04113635711619702
2,145,Столкновение,3,0,5,0,0,0.02508742015612232
2,146,Наезд на велосипедиста,1,0,1,0,0,0.009107694792940135
2,146,Наезд на пешехода,10,1,9,0,0,0.04667188832695616
2,146,Наезд на препятствие,2,0,2,0,0,0.08009076066548715
2,146,Наезд на стоящее ТС,1,0,2,0,1,0.006949621666183488
2,146,Столкновение,14,0,17,0,0,0.01850299297596763
2,147,Наезд на пешехода,5,0,6,0,2,0.016816532692436874
2,147,Наезд на препятствие,6,2,6,0,0,0.02939442714329153
2,147,Наезд на стоящее ТС,2,0,4,0,2,0.015558292636385758
2,147,Прочее,1,0,1,0,0,0.07827154951244074
2,147,Столкновение,11,2,14,0,2,0.03472175261383242
2,148,Наезд на пешехода,6,0,6,0,1,0.04259430758550179
2,148,Столкновение,5,0,7,0,0,0.04076777744979377
2,149,Наезд на препятствие,1,1,0,0,0,0.4493096838457383
2,149,Столкновение,3,0,6,0,0,0.03202142137415661
2,150,Наезд на пешехода,10,2,8,0,0,0.02400398092123761
2,150,Наезд на препятствие,1,0,1,0,0,0.00670579786690376
2,150,Падение пассажира,2,0,2,0,0,0.03800914066882418
2,150,Столкновение,3,0,3,0,0,0.02718127441177635
2,151,Наезд на пешехода,6,0,6,0,3,0.033207177606554734
2,151,Прочее,1,0,1,0,0,0.05636997821329232
2,153,Наезд на пешехода,1,0,1,0,0,0.00897334140448474
2,153,Столкновение,1,0,2,0,0,0.033294739879727746
2,154,Наезд на пешехода,6,0,6,0,1,0.0257374836925775
2,154,Наезд на препятствие,2,0,3,0,1,0.04523047231613302
2,154,Падение пассажира,1,0,1,0,0,0.007650489933815488
2,154,Столкновение,27,0,33,0,2,0.06110351359620498
3,2,Наезд на пешехода,19,2,18,0,6,0.02425995003905594
3,2,Наезд на препятствие,1,0,1,0,0,0.005491279722980018
3,2,Наезд на стоящее ТС,4,0,5,0,1,0.01983489906949804
3,2,Опрокидывание,1,0,1,0,0,0.006679395300442931
3,2,Падение пассажира,1,0,1,0,0,0.0105109331330563
3,2,Столкновение,17,0,22,0,3,0.013098191322332869
3,3,Наезд на велосипедиста,1,0,1,0,0,0.04976707452969919
3,3,Наезд на пешехода,9,1,10,0,4,0.03118476532129494
3,3,Наезд на препятствие,2,0,3,0,0,0.03034090560743188
3,3,Столкновение,10,0,11,0,1,0.024086515096682515
3,4,Наезд на пешехода,5,1,4,0,2,0.022587460157988026
3,4,Столкновение,5,0,7,0,0,0.02720404811301826
3,5,Наезд на пешехода,13,0,13,0,5,0.034285199509767855
3,5,Наезд на стоящее ТС,2,0,3,0,2,0.0406581607961161
3,5,Падение пассажира,3,0,4,0,0,0.023636031134181095
3,5,Столкновение,10,0,11,0,2,0.028598047063327813
3,6,Наезд на велосипедиста,1,0,1,0,0,0.0057041001033240205
3,6,Наезд на пешехода,7,0,8,0,0,0.05109975285972342
3,6,Наезд на препятствие,1,1,0,0,0,0.0016734647058567224
3,6,Столкновение,8,0,11,0,2,0.025383456120059766
3,7,Наезд на пешехода,7,0,7,0,0,0.03896729623524816
3,7,Наезд на препятствие,2,0,2,0,0,0.006826949972128743
3,7,Падение пассажира,1,0,1,0,0,0.006350984067969936
3,7,Столкновение,24,1,31,0,1,0.03443238949429426
3,8,Наезд на велосипедиста,1,0,1,0,1,0.00948587198067526
3,8,Наезд на пешехода,3,0,3,0,1,0.03243477594314523
3,8,Наезд на стоящее ТС,2,1,1,0,0,0.13291494084716013
3,8,Столкновение,5,0,6,0,1,0.046435798048216646
3,9,Наезд на пешехода,8,0,9,0,1,0.019731197836874846
3,9,Наезд на препятствие,1,0,1,0,0,0.0473311112027342
3,9,Столкновение,7,0,9,0,1,0.025496735678650736
3,10,Наезд на пешехода,2,1,1,0,0,0.028150273075249407
3,10,Наезд на препятствие,3,0,3,0,0,0.032626927585133324
3,10,Наезд на стоящее ТС,6,2,10,0,0,0.012421238817966543
3,10,Падение пассажира,1,0,1,0,0,0.0105109331330563
3,10,Столкновение,11,1,13,1,1,0.02994892431937562
3,12,Наезд на велосипедиста,1,0,1,0,1,0.0607569002589726
3,12,Наезд на пешехода,4,0,4,0,0,0.04136225233703272
3,12,Наезд на препятствие,2,0,2,0,0,0.013867877833164436
3,12,Наезд на стоящее ТС,2,0,3,0,0,0.01943082692545245
3,12,Падение пассажира,1,0,1,0,0,0.0105109331330563
3,12,Прочее,1,1,0,0,0,0.07195946520800027
3,12,Столкновение,14,1,17,0,0,0.029736173429205707
3,13,Наезд на велосипедиста,1,0,1,0,0,0.10598529439910973
3,13,Наезд на пешехода,12,0,12,0,2,0.06497204251164491
3,13,Наезд на препятствие,1,0,1,0,0,0.0028079962690620935
3,13,Наезд на стоящее ТС,1,0,1,0,0,0.06314496585878299
3,13,Падение пассажира,3,0,3,0,0,0.04675919629476726
3,13,Столкновение,11,0,15,0,0,0.04250189573600593
3,14,Наезд на велосипедиста,2,0,2,0,0,0.007405897448132077
3,14,Наезд на пешехода,14,1,14,0,3,0.031561475682878495
3,14,Опрокидывание,1,0,1,0,0,0.007193445465463216
3,14,Столкновение,5,0,7,0,1,0.02894573375174216
3,15,Наезд на велосипедиста,3,0,3,0,1,0.026920304862529627
3,15,Наезд на пешехода,3,0,4,0,1,0.02200101577533095
3,15,Падение пассажира,4,0,8,0,4,0.01800479264074291
3,15,Столкновение,8,0,10,0,5,0.029126809447621003
3,16,Наезд на пешехода,10,0,10,0,3,0.02958086982780897
3,16,Падение пассажира,1,0,1,0,0,0.005972806880234812
3,16,Столкновение,5,0,5,0,0,0.04005299518603602
3,17,Наезд на велосипедиста,1,0,1,0,0,0.0436606549170673
3,17,Наезд на пешехода,10,0,10,0,0,0.02870666421715583
3,17,Наезд на препятствие,3,0,4,0,0,0.008954551274337653
3,17,Наезд на стоящее ТС,2,0,3,0,0,0.025292696802809857
3,17,Падение пассажира,2,0,3,0,0,0.008430958600513117
3,17,Столкновение,9,0,9,0,2,0.0260010071242966
3,18,Наезд на велосипедиста,1,0,1,0,0,0.00948587198067526
3,18,Наезд на пешехода,12,1,13,1,2,0.013368944655665611
3,18,Наезд на препятствие,1,0,4,0,2,0.0073262792650888465
3,18,Наезд на стоящее ТС,3,0,5,0,0,0.009508002432883501
3,18,Падение пассажира,1,0,1,0,0,0.010889110320791423
3,18,Столкновение,10,0,13,0,0,0.012726254492960878
3,19,Наезд на пешехода,19,1,18,0,3,0.03027635715210843
3,19,Наезд на препятствие,4,1,3,0,0,0.055497686917860514
3,19,Наезд на стоящее ТС,3,0,5,0,0,0.04133485070499007
3,19,Падение пассажира,2,0,2,0,0,0.03334674105725354
3,19,Столкновение,16,0,18,0,1,0.022776179745077695
3,20,Наезд на велосипедиста,6,0,6,0,0,0.014440609086740148
3,20,Наезд на пешехода,14,1,14,0,2,0.02840980921590863
3,20,Столкновение,9,0,9,0,0,0.013357124051878085
3,21,Наезд на препятствие,2,0,2,0,0,0.1003159669045545
3,21,Наезд на стоящее ТС,1,0,1,0,0,0.036785547190914515
3,21,Столкновение,4,0,4,0,0,0.012839863750839179
3,21,Съезд с дороги,1,0,1,0,0,0.050917780807743895
3,22,Наезд на пешехода,6,0,6,0,2,0.014575882025741602
3,22,Наезд на препятствие,1,0,1,0,0,0.004058557552757893
3,22,Падение пассажира,3,1,2,0,0,0.009376401569850928
3,22,Столкновение,5,0,5,0,0,0.013105563205211907
3,23,Наезд на велосипедиста,1,0,1,0,0,0.01126072819886045
3,23,Наезд на пешехода,8,0,9,0,0,0.028715806513370364
3,23,Наезд на стоящее ТС,1,0,1,0,0,0.049062766066451866
3,23,Падение пассажира,2,0,2,0,1,0.006161895474102374
3,23,Столкновение,12,0,15,0,1,0.020922078363496046
3,24,Наезд на велосипедиста,1,0,1,0,0,0.011018423988410488
3,24,Наезд на пешехода,3,0,3,0,1,0.024461382169665535
3,24,Падение пассажира,3,0,3,0,1,0.019569499625018593
3,24,Столкновение,6,0,8,0,5,0.029100841747599374
3,26,Наезд на пешехода,2,0,2,0,0,0.013421435120674036
3,26,Наезд на препятствие,3,0,5,0,0,0.04641407636182871
3,26,Наезд на стоящее ТС,1,0,1,0,0,0.07415102142623631
3,26,Падение пассажира,1,0,1,0,0,0.07843723058822885
3,26,Столкновение,12,0,15,0,0,0.03929337295950735
3,27,Наезд на велосипедиста,2,0,2,0,0,0.019853777938146522
3,27,Наезд на пешехода,9,1,8,0,0,0.04126091908282781
3,27,Наезд на препятствие,1,0,1,0,0,0.032588012585344564
3,27,Падение пассажира,3,0,3,0,0,0.06887585248207066
3,27,Столкновение,13,0,20,0,0,0.024978271645349825
3,28,Наезд на пешехода,9,0,10,0,0,0.024513575670838155
3,28,Наезд на стоящее ТС,2,0,2,0,0,0.032130392051213486
3,28,Столкновение,7,0,7,0,0,0.027267943427536127
3,29,Наезд на пешехода,6,0,6,0,0,0.014644553458196723
3,29,Столкновение,2,0,2,0,0,0.04875035921384868
3,30,Наезд на пешехода,4,1,3,0,2,0.03875795253233896
3,30,Наезд на препятствие,3,0,3,0,0,0.049125368765674506
3,30,Наезд на стоящее ТС,1,0,1,0,0,0.04125736773275472
3,30,Столкновение,12,0,14,0,1,0.016926189831245983
3,31,Наезд на велосипедиста,1,0,1,0,0,0.007893176649016391
3,31,Наезд на пешехода,9,1,8,0,1,0.013174854136324202
3,31,Наезд на препятствие,2,0,2,0,0,0.08383043395320665
3,31,Столкновение,10,0,16,0,0,0.036117958474198505
3,32,Наезд на пешехода,13,0,13,0,0,0.034121728317049876
3,32,Наезд на препятствие,1,0,1,0,0,0.00999336283602945
3,32,Падение пассажира,3,0,3,0,0,0.027603878624082822
3,32,Столкновение,16,0,17,0,0,0.022537997383339954
3,33,Наезд на пешехода,8,1,7,0,1,0.01216964610553304
3,33,Падение пассажира,2,0,2,0,0,0.013677919107227706
3,33,Столкновение,6,0,7,0,1,0.022464620406600144
3,34,Наезд на велосипедиста,3,0,3,0,0,0.018912426439688254
3,34,Наезд на пешехода,14,0,14,0,6,0.025662114308586798
3,34,Наезд на препятствие,2,0,3,0,0,0.023656479976927134
3,34,Столкновение,12,0,14,0,0,0.019922475096151405
3,35,Наезд на пешехода,1,0,1,0,1,0.010370020434934808
3,35,Наезд на препятствие,1,0,1,0,0,0.004058557552757893
3,35,Столкновение,1,0,2,0,0,0.050532714118656424
3,36,Наезд на пешехода,2,0,2,0,0,0.01926316770776073
3,36,Наезд на препятствие,1,0,1,0,0,0.010371540023764572
3,36,Столкновение,3,0,3,0,1,0.019158681184515008
3,37,Наезд на пешехода,4,0,4,0,0,0.05081712481140681
3,37,Столкновение,5,0,8,0,0,0.012962305738747907
3,38,Наезд на пешехода,9,2,7,0,1,0.03579306336635543
3,38,Наезд на препятствие,3,0,5,0,0,0.02566797097074335
3,38,Наезд на стоящее ТС,1,0,1,0,0,0.017252328016575346
3,38,Падение пассажира,2,0,2,0,0,0.011508392090626735
3,38,Столкновение,13,0,16,0,2,0.010395860381585005
3,39,Наезд на велосипедиста,1,0,1,0,0,0.026216108313267032
3,39,Наезд на пешехода,4,0,4,0,1,0.018250190265686164
3,39,Наезд на препятствие,2,2,3,0,0,0.06926268912522582
3,39,Наезд на стоящее ТС,2,0,2,0,0,0.04007594364535621
3,39,Падение пассажира,1,0,1,0,0,0.05064374607974299
3,39,Столкновение,4,0,5,0,0,0.02028998066813783
3,40,Наезд на велосипедиста,2,0,2,0,0,0.016659424306233475
3,40,Наезд на пешехода,11,1,11,0,3,0.017481572754265005
3,40,Наезд на препятствие,1,0,1,0,0,0.004436734740493017
3,40,Столкновение,8,0,13,0,0,0.009903007701150485
3,41,Наезд на пешехода,11,1,11,0,3,0.029922427343598144
3,41,Наезд на препятствие,2,0,3,0,0,0.02316603496343519
3,41,Наезд на стоящее ТС,1,0,1,0,0,0.020079855900030846
3,41,Столкновение,7,0,9,0,2,0.014548657562901008
3,42,Наезд на велосипедиста,2,0,2,0,0,0.04902858714306574
3,42,Наезд на пешехода,11,2,9,0,2,0.03736659507711017
3,42,Наезд на препятствие,2,0,2,0,0,0.0663077615245438
3,42,Наезд на стоящее ТС,2,0,3,0,0,0.030358792662310875
3,42,Падение пассажира,1,0,1,0,0,0.016008724322328253
3,42,Столкновение,7,0,10,0,1,0.03966427282130156
3,43,Наезд на велосипедиста,1,0,1,0,0,0.08127477135088695
3,43,Наезд на пешехода,7,0,7,0,0,0.03729293207565125
3,43,Наезд на препятствие,3,0,3,0,0,0.04273154147241611
3,43,Наезд на стоящее ТС,2,0,4,0,0,0.05217526264170447
3,43,Падение пассажира,1,0,1,0,0,0.04013644631148972
3,43,Столкновение,21,0,25,0,4,0.033975651466443935
3,44,Наезд на велосипедиста,1,0,1,0,0,0.007216808854264516
3,44,Наезд на пешехода,13,0,13,0,2,0.02928157850291837
3,44,Наезд на стоящее ТС,3,0,4,0,0,0.020905210613735348
3,44,Падение пассажира,1,0,1,0,0,0.007485515631175308
3,44,Столкновение,13,0,13,0,0,0.027471413747384262
3,45,Наезд на препятствие,1,0,1,0,0,0.02185865135265042
3,45,Столкновение,2,0,3,0,0,0.014577470630276437
3,46,Наезд на велосипедиста,2,0,2,0,0,0.06164714399829079
3,46,Наезд на пешехода,7,1,6,0,0,0.0264124506593993
3,46,Наезд на препятствие,2,0,2,0,0,0.05635519142600834
3,46,Падение пассажира,2,0,4,0,0,0.022164358658092027
3,46,Столкновение,7,0,9,0,0,0.04057662482355347
3,47,Наезд на велосипедиста,2,0,2,0,0,0.018203701917979764
3,47,Наезд на пешехода,14,2,13,0,7,0.036819479335003825
3,47,Наезд на препятствие,2,0,4,0,0,0.032940132191908285
3,47,Наезд на стоящее ТС,1,0,1,0,0,0.007625989460935364
3,47,Столкновение,24,1,42,0,7,0.029214694268174468
3,48,Наезд на пешехода,2,0,2,0,1,0.006515189684206433
3,48,Наезд на препятствие,1,0,2,0,0,0.00859668380557938
3,48,Столкновение,3,0,3,0,0,0.028315395145491935
3,49,Наезд на велосипедиста,1,0,1,0,0,0.007973163229734764
3,49,Наезд на пешехода,10,0,10,0,2,0.0237625488794869
3,49,Наезд на препятствие,3,0,4,0,0,0.011422103345436432
3,49,Наезд на стоящее ТС,1,0,1,0,0,0.034850610119648184
3,49,Столкновение,14,0,16,0,0,0.03271346866243624
3,50,Наезд на пешехода,10,0,10,0,0,0.028624925056868256
3,50,Наезд на стоящее ТС,1,0,1,0,0,0.023970350273296026
3,50,Падение пассажира,2,0,2,0,1,0.04887158097523003
3,50,Столкновение,11,0,12,0,0,0.023157871855207058
3,51,Наезд на пешехода,2,1,1,0,1,0.04375667369029006
3,51,Столкновение,8,0,12,0,0,0.030004066935557523
3,52,Наезд на пешехода,12,1,11,0,4,0.03629891680894914
3,52,Наезд на препятствие,1,0,1,0,0,0.02064789244328509
3,52,Падение пассажира,4,0,4,0,0,0.013501558069193176
3,52,Столкновение,10,0,14,0,1,0.014184290269439754
3,53,Наезд на пешехода,9,0,9,0,3,0.029329912457891072
3,53,Наезд на стоящее ТС,2,0,2,0,1,0.00766598275129455
3,53,Падение пассажира,2,0,2,0,0,0.03091119333364773
3,53,Столкновение,12,0,13,0,1,0.04235580516562893
3,54,Наезд на велосипедиста,3,0,3,0,0,0.053609126198477124
3,54,Наезд на пешехода,10,0,10,0,0,0.022346888814263822
3,54,Столкновение,7,0,8,0,0,0.033349035920935355
3,55,Наезд на пешехода,12,0,12,0,2,0.02218077307169627
3,55,Наезд на препятствие,2,0,2,0,0,0.03049346973602349
3,55,Наезд на стоящее ТС,7,0,16,0,3,0.09794506024364139
3,55,Падение пассажира,5,0,5,0,0,0.044367201389770725
3,55,Столкновение,19,0,21,0,1,0.04068699188591199
3,56,Наезд на пешехода,5,0,5,0,1,0.020459742102921792
3,56,Наезд на стоящее ТС,1,0,1,0,0,0.07859139708230797
3,56,Столкновение,6,0,7,0,0,0.020666283288534152
3,57,Наезд на велосипедиста,1,0,1,0,0,0.01126072819886045
3,57,Наезд на пешехода,11,0,11,0,2,0.025145087100761434
3,57,Наезд на препятствие,1,0,1,0,0,0.026188909357660984
3,57,Наезд на стоящее ТС,3,1,3,0,0,0.016287214941977594
3,57,Падение пассажира,4,0,4,0,0,0.034723482264654965
3,57,Прочее,1,0,1,0,0,0.1309794534117303
3,57,Столкновение,19,0,22,0,1,0.021823969139276908
3,58,Наезд на велосипедиста,2,0,2,0,0,0.00759498604199964
3,58,Наезд на пешехода,18,1,17,0,3,0.013811543265343708
3,58,Наезд на препятствие,8,0,9,0,0,0.02996160447968577
3,58,Наезд на стоящее ТС,2,0,2,0,0,0.03780506154050151
3,58,Падение пассажира,1,0,1,0,0,0.012292146719660196
3,58,Столкновение,14,0,17,0,1,0.03280165718917806
3,59,Наезд на велосипедиста,4,0,4,0,0,0.036818432717092016
3,59,Наезд на пешехода,11,0,11,0,3,0.026591624881602403
3,59,Падение пассажира,1,0,1,0,0,0.05588315365144887
3,59,Столкновение,11,0,16,0,2,0.04382812329085129
3,60,Наезд на велосипедиста,2,0,2,0,1,0.04777738047852464
3,60,Наезд на пешехода,7,0,7,0,0,0.02955493330249136
3,60,Наезд на препятствие,1,0,2,0,0,0.020523928359391937
3,60,Падение пассажира,2,0,2,0,0,0.03605535174765052
3,60,Столкновение,12,0,13,0,1,0.03035571718556954
3,61,Наезд на пешехода,1,0,1,0,0,0.04814880628959713
3,61,Столкновение,1,0,1,0,0,0.004574169392593543
3,62,Наезд на велосипедиста,1,0,1,0,0,0.018591029636939253
3,62,Наезд на пешехода,9,0,9,0,1,0.019375034455565227
3,62,Наезд на стоящее ТС,2,0,4,0,0,0.017799871576021146
3,62,Опрокидывание,1,0,1,0,0,0.005302559526787596
3,62,Падение пассажира,1,0,1,0,0,0.00862004719438068
3,62,Столкновение,18,0,23,0,2,0.015074331347824174
3,63,Наезд на велосипедиста,1,0,1,0,0,0.04306592414891163
3,63,Наезд на пешехода,12,1,11,0,2,0.014104411097241566
3,63,Падение пассажира,1,0,1,0,0,0.007863692818910431
3,63,Столкновение,8,0,10,0,1,0.016988699355867488
3,64,Наезд на пешехода,5,0,5,0,0,0.015043595343583169
3,64,Наезд на препятствие,3,0,5,0,0,0.016808948668150876
3,64,Наезд на стоящее ТС,2,0,5,0,0,0.018022256920007747
3,64,Столкновение,10,0,10,0,1,0.018556208492879984
3,65,Наезд на пешехода,9,0,10,0,1,0.030917312737487743
3,65,Наезд на препятствие,1,0,1,0,0,0.010371540023764572
3,65,Наезд на стоящее ТС,1,0,1,0,0,0.06708616450306568
3,65,Столкновение,5,0,5,0,1,0.012514258534368805
3,66,Наезд на велосипедиста,1,0,1,0,0,0.037602950373875975
3,66,Наезд на пешехода,7,0,7,0,0,0.03901128491836008
3,66,Наезд на препятствие,4,0,4,0,0,0.007860469550815409
3,66,Наезд на стоящее ТС,6,0,12,0,2,0.012569620426456972
3,66,Падение пассажира,2,0,2,0,0,0.025428176860782796
3,66,Столкновение,17,0,20,0,2,0.03158171090480209
3,67,Столкновение,1,0,1,0,0,0.026352761667348127
3,68,Наезд на велосипедиста,2,1,1,0,1,0.03597099012690094
3,68,Наезд на пешехода,6,0,6,0,0,0.03526792738295485
3,68,Наезд на препятствие,1,0,1,0,0,0.09644135151949529
3,68,Наезд на стоящее ТС,1,2,2,0,0,0.025921758889740954
3,68,Падение пассажира,4,0,7,0,1,0.02947280447751264
3,68,Столкновение,10,0,13,0,0,0.016903676504288808
3,69,Наезд на пешехода,11,0,11,0,2,0.019654727747188728
3,69,Наезд на препятствие,1,0,1,0,0,0.004436734740493017
3,69,Прочее,1,0,1,0,0,0.052508219755222706
3,69,Столкновение,6,0,7,0,0,0.03236916636384526
3,70,Наезд на пешехода,11,0,12,0,5,0.03525648171105533
3,70,Наезд на препятствие,3,1,8,0,3,0.05743438322961484
3,70,Наезд на стоящее ТС,3,0,3,0,0,0.007117772225415041
3,70,Опрокидывание,1,1,1,0,0,0.009346478871383531
3,70,Падение пассажира,1,0,1,0,0,0.0067291612557050596
3,70,Столкновение,19,0,31,0,3,0.014442552063627823
3,71,Наезд на пешехода,9,0,9,0,3,0.04550806843148182
3,71,Наезд на препятствие,4,0,5,0,0,0.018076919864946785
3,71,Наезд на стоящее ТС,1,0,1,0,0,0.06128425783652592
3,71,Падение пассажира,1,0,1,0,0,0.06834556677404878
3,71,Столкновение,15,0,16,0,2,0.04492595326827831
3,72,Наезд на пешехода,3,0,3,0,1,0.054291540777600684
3,72,Наезд на препятствие,2,0,3,0,1,0.011974611607083486
3,72,Падение пассажира,4,0,4,0,0,0.04586819143599141
3,72,Столкновение,5,0,5,0,0,0.01579267843169336
3,73,Наезд на велосипедиста,3,0,3,0,0,0.019986270301358664
3,73,Наезд на пешехода,10,1,9,0,0,0.014165331847972768
3,73,Наезд на препятствие,1,0,2,0,0,0.09518966402370085
3,73,Падение пассажира,6,0,6,0,1,0.018568328143062588
3,73,Столкновение,15,0,18,0,0,0.014163008628569
3,74,Наезд на велосипедиста,1,0,1,0,0,0.04615315981922906
3,74,Наезд на пешехода,10,0,11,0,3,0.03656796907710796
3,74,Наезд на препятствие,1,0,1,0,0,0.003680380365022769
3,74,Наезд на стоящее ТС,1,0,1,0,0,0.00808415322938886
3,74,Падение пассажира,2,0,2,0,0,0.04857355012924385
3,74,Столкновение,19,0,28,0,3,0.03149459842577333
3,75,Наезд на велосипедиста,1,0,1,0,0,0.006838631666529391
3,75,Наезд на пешехода,5,0,5,0,2,0.017273316761197862
3,75,Наезд на стоящее ТС,2,2,1,0,0,0.015878247362856986
3,75,Падение пассажира,1,0,1,0,0,0.008241870006645556
3,75,Столкновение,14,0,18,0,1,0.03605570130989775
3,76,Наезд на пешехода,2,0,2,0,1,0.05584523247459292
3,76,Наезд на препятствие,3,0,4,0,0,0.13901430347691796
3,76,Наезд на стоящее ТС,1,1,0,0,0,0.004600571959054373
3,76,Столкновение,3,0,8,0,0,0.05079413058772942
3,77,Наезд на пешехода,6,0,6,0,1,0.014934759744875403
3,77,Падение пассажира,2,0,2,0,0,0.02155536175853249
3,77,Столкновение,7,0,10,0,0,0.016738070549351284
3,78,Наезд на препятствие,1,0,5,0,1,0.008974860993314505
3,80,Наезд на пешехода,3,1,3,0,2,0.007433970459971452
3,80,Наезд на препятствие,3,0,3,0,0,0.05342000498724129
3,80,Наезд на стоящее ТС,1,0,1,0,0,0.01989512214221137
3,80,Столкновение,3,0,5,0,2,0.021213195287431662
3,81,Наезд на пешехода,1,0,2,0,0,0.054419652399320735
3,81,Наезд на стоящее ТС,1,0,1,0,0,0.01887319699884739
3,81,Столкновение,1,0,1,0,0,0.004062775900481846
3,82,Наезд на велосипедиста,3,0,3,0,1,0.03568518038167812
3,82,Наезд на пешехода,7,0,7,0,1,0.045537249619369814
3,82,Наезд на препятствие,1,1,0,0,0,0.01265337385900067
3,82,Наезд на стоящее ТС,1,0,1,0,0,0.0043023813520376205
3,82,Столкновение,5,0,6,0,0,0.03987203934447586
3,83,Наезд на пешехода,13,0,14,0,5,0.03830100910278338
3,83,Наезд на препятствие,3,1,3,0,0,0.03133219600090055
3,83,Наезд на стоящее ТС,2,0,2,0,0,0.08906539497064776
3,83,Падение пассажира,4,0,4,0,0,0.03895529297193494
3,83,Столкновение,17,0,20,0,2,0.03561261726253472
3,84,Наезд на велосипедиста,1,0,1,0,0,0.017744131851493913
3,84,Наезд на пешехода,18,1,17,0,2,0.023843529816703773
3,84,Опрокидывание,1,0,1,0,1,0.06462109599988462
3,84,Падение пассажира,5,0,5,0,0,0.036062316458777624
3,84,Столкновение,25,0,33,0,2,0.01862129206752622
3,85,Наезд на велосипедиста,1,0,1,0,0,0.010242226356145506
3,85,Наезд на пешехода,10,1,9,0,3,0.023704224754465368
3,85,Наезд на стоящее ТС,1,1,2,0,0,0.001160934129666202
3,85,Падение пассажира,4,0,4,0,0,0.04567223469067658
3,85,Столкновение,19,1,25,0,1,0.025035762597949523
3,86,Наезд на пешехода,3,0,3,0,1,0.0281159161143328
3,86,Наезд на препятствие,1,0,1,0,0,0.030784766352896734
3,86,Столкновение,2,0,2,0,0,0.014012857332992195
3,87,Наезд на велосипедиста,2,0,2,0,0,0.022241268525842493
3,87,Наезд на пешехода,16,0,16,0,1,0.03093357693178088
3,87,Наезд на препятствие,2,0,2,0,0,0.05008900143582824
3,87,Наезд на стоящее ТС,2,0,3,0,1,0.043528743077363895
3,87,Столкновение,17,0,19,0,0,0.018557108509302988
3,88,Наезд на велосипедиста,2,0,2,0,0,0.00886059133882736
3,88,Наезд на пешехода,15,0,16,0,3,0.02025030375788767
3,88,Наезд на препятствие,1,0,1,0,0,0.0031861734567972177
3,88,Наезд на стоящее ТС,2,0,6,0,1,0.00514981617077103
3,88,Столкновение,11,0,22,0,0,0.04077779342684408
3,89,Наезд на велосипедиста,2,0,2,0,0,0.02474236406884445
3,89,Наезд на пешехода,8,0,8,0,0,0.03329047245613761
3,89,Наезд на препятствие,2,0,2,0,0,0.008367601921352632
3,89,Наезд на стоящее ТС,2,1,2,0,0,0.03824176242218076
3,89,Падение пассажира,3,0,3,0,0,0.024261218470418327
3,89,Столкновение,7,0,8,0,0,0.0315729720889497
3,90,Наезд на велосипедиста,1,0,1,0,0,0.009107694792940135
3,90,Наезд на пешехода,6,0,6,0,1,0.039985436222439746
3,90,Наезд на препятствие,1,0,1,0,0,0.010371540023764572
3,90,Наезд на стоящее ТС,1,1,0,0,0,0.00546601424059801
3,90,Падение пассажира,2,0,2,0,0,0.04400416287718806
3,90,Столкновение,11,0,13,0,1,0.06194722668233988
3,91,Наезд на пешехода,12,1,11,0,2,0.02316046097584783
3,91,Наезд на препятствие,3,0,8,0,1,0.013382132411708955
3,91,Падение пассажира,3,0,3,0,0,0.015376354311172777
3,91,Столкновение,19,0,27,0,0,0.02797242005793611
3,92,Наезд на препятствие,1,0,1,0,0,0.0932048338580933
3,92,Столкновение,11,0,16,0,1,0.02616579500549597
3,93,Наезд на велосипедиста,1,0,1,0,0,0.03291250211158001
3,93,Наезд на пешехода,3,0,3,0,1,0.026896333169739415
3,93,Столкновение,3,0,4,0,0,0.009689971973454252
3,94,Наезд на велосипедиста,1,0,1,0,0,0.014661370143213061
3,94,Наезд на пешехода,4,0,5,0,1,0.013073799236694134
3,94,Наезд на стоящее ТС,2,0,3,0,0,0.05904074995955762
3,94,Падение пассажира,2,0,2,0,0,0.02857594503899405
3,94,Столкновение,7,0,10,0,1,0.024853855682560533
3,95,Наезд на пешехода,3,0,3,0,0,0.039149540438691004
3,95,Падение пассажира,1,0,1,0,0,0.010132755945321176
3,95,Столкновение,6,0,6,0,0,0.03023800551980453
3,96,Наезд на пешехода,3,0,3,0,0,0.04772885367511676
3,96,Наезд на препятствие,1,0,1,0,0,0.07396640142370738
3,96,Наезд на стоящее ТС,1,0,1,0,0,0.02035802085615535
3,96,Столкновение,9,0,9,0,0,0.055320696379317046
3,97,Наезд на пешехода,2,0,2,0,0,0.06765503598728695
3,97,Столкновение,1,0,2,0,0,0.0023850928469011713
3,98,Наезд на пешехода,7,1,6,0,0,0.039297723436530714
3,98,Наезд на препятствие,2,1,4,0,0,0.03422762576016261
3,98,Падение пассажира,1,0,1,0,0,0.04112377232079355
3,98,Столкновение,10,0,13,0,1,0.01543169356562903
3,99,Наезд на пешехода,2,0,2,0,0,0.00897334140448474
3,99,Столкновение,5,0,10,0,0,0.010426828965616463
3,100,Наезд на препятствие,1,0,2,0,1,0.059610009098328254
3,100,Столкновение,4,2,4,0,0,0.07866142947012
3,101,Наезд на велосипедиста,1,0,1,0,1,0.007216808854264516
3,101,Наезд на пешехода,5,0,5,0,0,0.022337646537375723
3,101,Наезд на стоящее ТС,1,0,2,0,0,0.005436912915242992
3,101,Падение пассажира,1,0,1,0,1,0.008998224382115803
3,101,Столкновение,3,0,3,0,0,0.02507193166285603
3,102,Наезд на пешехода,5,0,5,0,0,0.022427182105164725
3,102,Падение пассажира,2,0,2,0,0,0.01137337168002664
3,102,Столкновение,4,0,4,0,1,0.01719907839733417
3,103,Наезд на пешехода,7,0,9,0,0,0.03853818104944651
3,103,Наезд на препятствие,1,0,1,0,0,0.00859668380557938
3,103,Падение пассажира,3,0,3,0,0,0.02392497841523224
3,103,Столкновение,11,0,15,0,0,0.04042696867945657
3,104,Наезд на пешехода,5,0,6,0,0,0.015039117730136786
3,104,Падение пассажира,2,0,2,0,0,0.015215172346227195
3,104,Столкновение,8,0,11,0,2,0.012254404206378643
3,105,Наезд на пешехода,5,0,5,0,2,0.018452282319636353
3,105,Наезд на препятствие,2,0,2,0,0,0.033271014385306635
3,105,Столкновение,11,0,14,0,2,0.02903391165002992
3,106,Наезд на велосипедиста,2,0,2,0,0,0.05023666249191108
3,106,Наезд на пешехода,2,0,2,0,1,0.02414625069861515
3,106,Наезд на препятствие,1,0,1,0,0,0.049740939973348754
3,106,Наезд на стоящее ТС,1,0,1,0,0,0.06302275229497774
3,106,Падение пассажира,3,0,3,0,0,0.02415759963508954
3,106,Столкновение,6,0,7,0,0,0.017042496095008377
3,107,Наезд на велосипедиста,1,0,1,0,1,0.013439451675474764
3,107,Наезд на пешехода,4,1,3,0,0,0.007176999762742901
3,107,Наезд на стоящее ТС,2,0,3,0,0,0.04765883109233461
3,107,Столкновение,8,0,9,0,2,0.04473804787749151
3,108,Наезд на велосипедиста,2,0,2,0,0,0.03739809811217163
3,108,Наезд на пешехода,6,2,5,0,2,0.021749949010359284
3,108,Падение пассажира,3,0,3,0,0,0.008620047194380679
3,108,Столкновение,8,0,13,0,2,0.021178649687297914
3,109,Наезд на велосипедиста,3,0,3,0,0,0.019927240202562344
3,109,Наезд на пешехода,5,0,5,0,0,0.03252112438953272
3,109,Наезд на препятствие,2,0,2,0,0,0.02192173652335669
3,109,Падение пассажира,3,1,2,0,0,0.009754578757586051
3,109,Столкновение,7,0,8,0,1,0.020586809165334737
3,110,Наезд на пешехода,11,0,12,0,2,0.016755629087328642
3,110,Наезд на препятствие,1,0,1,0,0,0.0016734647058567224
3,110,Наезд на стоящее ТС,1,0,1,0,0,0.012734765716075284
3,110,Падение пассажира,3,0,3,0,0,0.02264171171772142
3,110,Столкновение,11,0,15,0,1,0.021860244469244356
3,111,Наезд на пешехода,8,0,8,0,2,0.03642992485018584
3,111,Наезд на препятствие,2,0,2,0,0,0.024591980951949477
3,111,Падение пассажира,2,0,2,0,0,0.026866659874138537
3,111,Столкновение,16,0,19,0,3,0.03079453662316403
3,113,Наезд на пешехода,11,3,8,1,2,0.01933445927453607
3,113,Наезд на стоящее ТС,1,0,1,0,0,0.001539111317401326
3,113,Падение пассажира,3,0,3,0,0,0.032776695957171996
3,113,Столкновение,7,0,13,0,3,0.019513603377418778
3,114,Наезд на велосипедиста,1,0,1,0,0,0.061493099559820734
3,114,Наезд на пешехода,14,2,12,0,1,0.0366518599350439
3,114,Наезд на препятствие,3,0,3,0,0,0.006541062230828576
3,114,Наезд на стоящее ТС,2,0,2,0,0,0.060485526496329683
3,114,Прочее,1,0,1,0,0,0.052588206335941086
3,114,Столкновение,10,0,15,0,1,0.032751184516066
3,115,Наезд на велосипедиста,2,0,2,0,0,0.01394795749932611
3,115,Наезд на пешехода,7,0,8,0,0,0.03342378453865715
3,115,Наезд на препятствие,1,0,1,0,0,0.0024298190813269705
3,115,Наезд на стоящее ТС,1,0,1,0,0,0.02154645051951205
3,115,Падение пассажира,2,0,2,0,0,0.06203753246116725
3,115,Столкновение,7,0,10,0,1,0.026049795783528288
3,116,Наезд на велосипедиста,2,0,2,0,0,0.02821760538838615
3,116,Наезд на пешехода,12,0,13,0,1,0.017388492913919525
3,116,Падение пассажира,2,0,3,0,0,0.024605422333932397
3,116,Столкновение,7,0,8,0,0,0.008110071430301586
3,117,Наезд на пешехода,19,1,19,0,2,0.04345918168652727
3,117,Наезд на препятствие,4,0,6,0,0,0.04098991547797247
3,117,Падение пассажира,2,0,2,0,0,0.03445917415173555
3,117,Столкновение,24,0,31,0,2,0.018189479863448717
3,118,Наезд на велосипедиста,1,0,1,0,0,0.008351340417469886
3,118,Наезд на пешехода,2,0,2,0,0,0.020021683672650028
3,118,Наезд на препятствие,2,0,4,0,0,0.010460130270721577
3,118,Наезд на стоящее ТС,1,0,1,0,0,0.032753251538615254
3,118,Падение пассажира,1,0,1,0,1,0.010132755945321176
3,118,Столкновение,12,0,16,0,1,0.026831976011444932
3,119,Наезд на пешехода,1,0,1,0,1,0.008595164216749615
3,119,Наезд на стоящее ТС,1,1,0,0,0,0.005356926334524621
3,119,Столкновение,12,0,17,0,4,0.026641999952749216
3,120,Наезд на велосипедиста,2,1,1,0,0,0.009107694792940135
3,120,Наезд на пешехода,11,0,11,0,2,0.012702136567190114
3,120,Столкновение,5,0,6,0,0,0.02626463376904265
3,121,Наезд на пешехода,1,0,1,0,1,0.008137000448296119
3,121,Наезд на препятствие,1,0,1,0,0,0.0016734647058567224
3,121,Столкновение,3,0,4,0,0,0.18671677256688304
3,122,Наезд на пешехода,1,0,1,0,0,0.006704278278073995
3,122,Падение пассажира,1,0,1,0,0,0.05327538856349938
3,122,Столкновение,6,0,7,0,1,0.01283608430843196
3,123,Наезд на велосипедиста,1,0,1,0,1,0.008351340417469886
3,123,Наезд на пешехода,16,1,15,1,2,0.029343426164781382
3,123,Опрокидывание,1,0,1,0,0,0.027076389719608553
3,123,Падение пассажира,3,0,3,0,0,0.02184710937550026
3,123,Столкновение,7,0,7,0,1,0.05556205493528749
3,124,Наезд на пешехода,3,0,4,0,1,0.010212239475425213
3,124,Наезд на препятствие,1,0,1,0,0,0.007382165661655636
3,124,Наезд на стоящее ТС,1,0,2,0,0,0.09777175374439849
3,124,Падение пассажира,1,0,1,0,0,0.0105109331330563
3,124,Прочее,1,0,1,0,0,0.05461496525190186
3,124,Столкновение,9,1,10,0,0,0.04620902764915333
3,125,Наезд на велосипедиста,1,0,1,0,0,0.017089797142698624
3,125,Наезд на пешехода,7,0,8,0,2,0.04193997542370698
3,125,Наезд на препятствие,1,0,3,0,0,0.09676849597018926
3,125,Наезд на стоящее ТС,2,0,2,0,0,0.024496161545259857
3,125,Опрокидывание,1,0,1,0,0,0.01960357031115018
3,125,Падение пассажира,7,0,7,0,0,0.04489938091935911
3,125,Столкновение,23,1,32,0,1,0.02787564959542102
3,127,Наезд на велосипедиста,1,0,1,0,0,0.049598935915301984
3,127,Наезд на пешехода,6,0,6,0,1,0.05707236990894258
3,127,Наезд на препятствие,1,0,1,0,0,0.009857489858744288
3,127,Наезд на стоящее ТС,2,0,4,0,0,0.10019177577332644
3,127,Падение пассажира,2,0,2,0,0,0.04220731106791055
3,127,Столкновение,17,0,20,0,1,0.035809099275563694
3,128,Наезд на пешехода,2,0,2,0,0,0.11127670717025781
3,128,Наезд на препятствие,3,1,3,0,0,0.05610141887363582
3,128,Падение пассажира,3,0,3,0,0,0.008115810944067181
3,128,Столкновение,4,1,6,0,1,0.05204917754466329
3,130,Наезд на пешехода,16,1,16,0,5,0.06434835181515002
3,130,Наезд на препятствие,1,0,1,0,0,0.0031861734567972177
3,130,Наезд на стоящее ТС,2,0,3,0,0,0.12932954699735755
3,130,Падение пассажира,2,0,2,0,0,0.008430958600513117
3,130,Столкновение,23,2,28,0,0,0.026982150467459328
3,131,Наезд на пешехода,1,0,1,0,0,0.02397859730289952
3,131,Наезд на стоящее ТС,2,0,3,0,0,0.06758154627617782
3,131,Падение пассажира,1,0,1,0,0,0.028299302322902106
3,131,Столкновение,1,0,1,0,0,0.11016785295579323
3,133,Наезд на пешехода,9,1,8,0,0,0.03910774209920555
3,133,Наезд на препятствие,1,0,1,0,0,0.08336704507445661
3,133,Падение пассажира,1,1,0,0,0,0.007863692818910431
3,133,Столкновение,7,0,9,0,0,0.021756770330774396
3,134,Наезд на велосипедиста,5,0,5,0,0,0.036264973718972374
3,134,Наезд на пешехода,18,1,17,0,1,0.017247334899125496
3,134,Наезд на препятствие,1,0,1,0,0,0.010371540023764572
3,134,Падение пассажира,6,0,6,0,0,0.019091635080329582
3,134,Столкновение,18,0,22,0,0,0.024473737648111806
3,135,Наезд на пешехода,6,0,6,0,1,0.03207206100519045
3,135,Наезд на препятствие,2,0,3,0,0,0.06342103965360843
3,135,Столкновение,7,0,7,0,1,0.02005674014943442
3,136,Наезд на пешехода,6,0,6,0,1,0.022932486638018588
3,136,Наезд на препятствие,1,0,1,0,0,0.0024298190813269705
3,136,Падение пассажира,2,0,2,0,0,0.05572068091781177
3,136,Столкновение,15,0,18,0,1,0.025237690323944715
3,137,Наезд на пешехода,10,0,10,0,2,0.0255599741153694
3,137,Наезд на препятствие,2,0,4,0,0,0.025449080993390036
3,137,Падение пассажира,1,0,1,0,0,0.008241870006645556
3,137,Столкновение,13,0,19,0,1,0.03144305721465573
3,138,Наезд на велосипедиста,2,0,2,0,0,0.05068812731166693
3,138,Наезд на пешехода,6,1,5,0,1,0.028094644490681577
3,138,Наезд на препятствие,1,0,1,0,0,0.030777946968859278
3,138,Столкновение,11,0,17,0,4,0.030653024510850623
3,139,Наезд на пешехода,6,0,6,0,1,0.025945998264836106
3,139,Наезд на стоящее ТС,1,0,1,0,0,0.007327798853918612
3,139,Падение пассажира,1,0,1,0,0,0.03461046027107423
3,139,Столкновение,3,0,3,0,0,0.034121015507815024
3,140,Наезд на пешехода,4,0,4,0,0,0.03409502801583329
3,140,Столкновение,1,0,1,0,0,0.02221772901447102
3,141,Наезд на велосипедиста,1,0,1,0,0,0.00948587198067526
3,141,Наезд на пешехода,9,0,10,0,2,0.014480487406006512
3,141,Наезд на препятствие,1,0,2,0,0,0.037691085267023736
3,141,Наезд на стоящее ТС,1,0,1,0,0,0.03344307072272314
3,141,Столкновение,4,0,4,0,0,0.030418666349044242
3,142,Наезд на пешехода,2,0,2,0,0,0.07718268303081313
3,142,Наезд на стоящее ТС,1,0,1,0,0,0.2806643925350838
3,142,Столкновение,6,0,6,0,0,0.14289623797034004
3,142,Съезд с дороги,1,0,1,0,0,0.10486927910547374
3,143,Наезд на пешехода,7,0,7,0,1,0.02924255713984896
3,143,Наезд на препятствие,1,0,1,0,0,0.004300861763207856
3,143,Наезд на стоящее ТС,2,2,1,0,0,0.0227723934925135
3,143,Падение пассажира,1,0,1,0,0,0.010889110320791423
3,143,Прочее,1,1,0,0,0,0.03121041527999282
3,143,Столкновение,8,0,10,0,0,0.012558132386449452
3,144,Наезд на пешехода,5,1,4,0,0,0.014289713219020872
3,144,Наезд на препятствие,4,1,6,0,1,0.045083696072297494
3,144,Падение пассажира,1,0,1,0,0,0.009376401569850928
3,144,Столкновение,9,0,10,0,0,0.013713958544594111
3,145,Наезд на пешехода,3,1,2,0,0,0.017130851762451937
3,145,Падение пассажира,1,0,1,0,0,0.030832380685791413
3,145,Столкновение,4,0,4,0,0,0.036163961704874556
3,146,Наезд на велосипедиста,1,0,1,0,0,0.07424366203621534
3,146,Наезд на пешехода,4,0,4,0,1,0.07220679328611215
3,146,Наезд на препятствие,3,3,3,0,0,0.010826689121170048
3,146,Падение пассажира,1,0,1,0,0,0.01941946600163715
3,146,Столкновение,12,0,16,0,0,0.03767929939549356
3,147,Наезд на пешехода,8,1,7,0,3,0.043840300991562164
3,147,Наезд на препятствие,5,3,3,0,0,0.01654503558358885
3,147,Наезд на стоящее ТС,2,0,4,0,0,0.0045825503891683455
3,147,Столкновение,13,1,14,0,0,0.02881972676748569
3,148,Наезд на пешехода,6,0,6,0,3,0.05298982533132341
3,148,Столкновение,4,0,5,0,0,0.02140461555888561
3,149,Наезд на пешехода,3,0,3,0,1,0.01749499465729641
3,149,Наезд на препятствие,1,0,1,0,0,0.22559096407103765
3,149,Столкновение,1,0,3,0,1,0.4528335266035688
3,150,Наезд на велосипедиста,1,0,1,0,0,0.033070499780560474
3,150,Наезд на пешехода,14,2,12,0,2,0.027758143608249956
3,150,Падение пассажира,4,0,4,0,0,0.02433676846007035
3,150,Столкновение,13,1,15,0,0,0.01212195233098447
3,151,Наезд на пешехода,5,0,5,0,3,0.011478944383574502
3,151,Наезд на препятствие,1,0,1,0,0,0.05358489744717828
3,151,Столкновение,3,0,6,0,0,0.01731921085823284
3,152,Наезд на велосипедиста,1,0,1,0,0,0.007594986041999639
3,152,Наезд на пешехода,4,1,4,0,1,0.018887765554562286
3,152,Столкновение,1,0,1,0,0,0.016167742672266023
3,153,Наезд на пешехода,3,0,3,0,1,0.025824792886303915
3,153,Наезд на препятствие,1,0,3,0,0,0.0028079962690620935
3,153,Падение пассажира,1,0,1,0,0,0.006350984067969936
3,153,Столкновение,3,1,2,0,1,0.0232794251148814
3,154,Наезд на велосипедиста,1,0,1,0,0,0.008271353836751516
3,154,Наезд на пешехода,4,1,4,0,1,0.09118800993752801
3,154,Наезд на препятствие,2,0,2,0,0,0.0065699248896186
3,154,Наезд на стоящее ТС,1,1,0,0,0,0.0063555849204448315
3,154,Падение пассажира,1,0,1,0,0,0.1015912189335306
3,154,Столкновение,23,2,34,0,2,0.0805131625785888
4,2,Наезд на велосипедиста,4,0,4,0,1,0.020458681851495738
4,2,Наезд на пешехода,20,1,19,0,2,0.02597444754440579
4,2,Наезд на препятствие,1,0,1,0,0,0.005193089115963265
4,2,Наезд на стоящее ТС,3,1,3,0,0,0.014619853335495309
4,2,Опрокидывание,1,0,1,0,0,0.0479273108028562
4,2,Столкновение,24,0,27,0,4,0.032853385101477034
4,3,Наезд на пешехода,6,1,5,0,1,0.035009838936755404
4,3,Столкновение,11,0,14,0,2,0.01972657924680901
4,4,Наезд на велосипедиста,2,0,2,0,1,0.026686219762536954
4,4,Наезд на пешехода,11,0,12,0,5,0.03700319226325489
4,4,Падение пассажира,3,0,3,0,0,0.05664904115898694
4,4,Столкновение,1,1,0,0,0,0.026113293805830398
4,5,Наезд на велосипедиста,2,0,2,0,1,0.04219441449207898
4,5,Наезд на пешехода,11,0,11,0,6,0.024809374936424336
4,5,Наезд на препятствие,2,0,2,0,0,0.01053186181721942
4,5,Наезд на стоящее ТС,1,0,1,0,0,0.001160934129666202
4,5,Опрокидывание,1,0,1,0,1,0.041964124105472
4,5,Падение пассажира,1,0,1,0,0,0.022848425997640066
4,5,Столкновение,10,0,12,0,0,0.0422856606274346
4,6,Наезд на пешехода,8,0,8,0,1,0.04316119383442573
4,6,Опрокидывание,1,0,1,0,0,0.018618745523411726
4,6,Столкновение,5,1,6,0,1,0.044733375680578336
4,7,Наезд на велосипедиста,6,0,6,0,0,0.05238755882515767
4,7,Наезд на пешехода,5,1,4,0,2,0.021653362907551398
4,7,Наезд на препятствие,2,0,2,0,0,0.0065167092730361986
4,7,Наезд на стоящее ТС,2,0,2,0,0,0.03305491959325966
4,7,Падение пассажира,5,0,5,0,1,0.03744268634592216
4,7,Столкновение,18,1,17,0,0,0.027634242758073767
4,8,Наезд на велосипедиста,1,0,1,0,0,0.03690970970687347
4,8,Наезд на пешехода,4,0,4,0,2,0.02295777695915069
4,8,Наезд на стоящее ТС,2,0,2,0,0,0.07240512154133118
4,8,Столкновение,5,0,7,0,2,0.05180559964128408
4,9,Наезд на велосипедиста,2,0,2,0,0,0.03594268396012597
4,9,Наезд на пешехода,7,0,7,0,2,0.03153370305404875
4,9,Падение пассажира,2,0,2,0,0,0.03837877428265912
4,9,Столкновение,6,0,6,0,0,0.029650333147264202
4,10,Наезд на велосипедиста,2,0,2,0,0,0.00948587198067526
4,10,Наезд на пешехода,7,0,7,0,3,0.0311203963723633
4,10,Наезд на препятствие,1,0,1,0,0,0.0020516418935918467
4,10,Наезд на стоящее ТС,2,1,1,0,0,0.023618134001050138
4,10,Падение пассажира,2,0,2,0,0,0.007963369329162313
4,10,Столкновение,12,1,14,0,2,0.027979218747206273
4,12,Наезд на пешехода,11,1,11,0,3,0.02911755532597765
4,12,Наезд на препятствие,3,1,3,0,0,0.055394944020902705
4,12,Наезд на стоящее ТС,5,1,4,0,0,0.012816608152036224
4,12,Падение пассажира,1,0,1,0,0,0.023166467197569728
4,12,Столкновение,9,0,9,0,0,0.027931665428254315
4,13,Наезд на велосипедиста,1,0,1,0,0,0.10612116737639488
4,13,Наезд на пешехода,6,0,6,0,1,0.06931048799583985
4,13,Наезд на препятствие,1,0,1,0,0,0.0030503004795120565
4,13,Наезд на стоящее ТС,2,0,2,0,0,0.006760533072315926
4,13,Опрокидывание,1,0,1,0,1,0.06376696684579783
4,13,Падение пассажира,5,0,6,0,0,0.013496191219770512
4,13,Столкновение,9,2,8,0,0,0.01651269905446144
4,14,Наезд на велосипедиста,1,0,1,0,0,0.006838631666529391
4,14,Наезд на пешехода,4,0,4,0,1,0.020030094928462014
4,14,Падение пассажира,1,0,1,0,0,0.0105109331330563
4,14,Столкновение,10,1,11,0,0,0.02839304829785345
4,15,Наезд на пешехода,4,0,4,0,0,0.02063498312129502
4,15,Падение пассажира,2,0,2,0,0,0.0163497725080095
4,15,Столкновение,7,0,7,0,0,0.03022579379162607
4,16,Наезд на пешехода,6,0,6,0,3,0.03228761337291249
4,16,Опрокидывание,1,0,1,0,0,0.021751684264135138
4,16,Столкновение,9,0,10,0,1,0.029474443744504326
4,17,Наезд на велосипедиста,3,0,3,0,1,0.026771956742630516
4,17,Наезд на пешехода,14,0,14,0,4,0.024919616575297624
4,17,Наезд на препятствие,1,0,1,0,0,0.08371558779264045
4,17,Падение пассажира,2,0,2,0,0,0.026652881631914507
4,17,Столкновение,20,1,25,0,3,0.032974060049774975
4,18,Наезд на велосипедиста,4,1,3,0,0,0.05282431592869728
4,18,Наезд на пешехода,9,1,8,0,2,0.0324451416845974
4,18,Падение пассажира,3,0,3,0,0,0.013177272698530395
4,18,Столкновение,8,0,11,0,0,0.014926545066430102
4,19,Наезд на велосипедиста,5,1,4,0,0,0.023845995452108592
4,19,Наезд на пешехода,15,2,13,0,4,0.04386000062501994
4,19,Падение пассажира,4,0,5,0,2,0.037721387229989356
4,19,Столкновение,17,0,21,0,0,0.02740032532273911
4,20,Наезд на велосипедиста,2,0,2,0,0,0.031988358198342726
4,20,Наезд на пешехода,5,0,5,0,0,0.039793498791457424
4,20,Наезд на препятствие,2,0,2,0,0,0.06273344045212512
4,20,Падение пассажира,2,0,2,0,1,0.04607811181541906
4,20,Столкновение,11,0,12,0,3,0.035471008696305796
4,21,Наезд на пешехода,1,0,1,0,0,0.005947923902603748
4,21,Наезд на препятствие,2,0,6,0,5,0.07125089558407255
4,21,Наезд на стоящее ТС,1,0,1,0,0,0.24936680021758081
4,21,Падение пассажира,1,0,1,0,0,0.007863692818910431
4,21,Столкновение,9,0,11,0,2,0.049091823199363734
4,22,Наезд на велосипедиста,1,0,1,0,1,0.06218455681413974
4,22,Наезд на пешехода,8,1,7,0,1,0.016907469695574825
4,22,Опрокидывание,1,0,1,0,0,0.040839266722366936
4,22,Падение пассажира,4,0,4,0,0,0.009376401569850928
4,22,Столкновение,3,0,3,0,0,0.012934510745987256
4,23,Наезд на велосипедиста,1,0,1,0,0,0.005325922915588897
4,23,Наезд на пешехода,10,0,10,0,2,0.02720160043094193
4,23,Наезд на препятствие,1,0,1,0,0,0.007704456452823971
4,23,Столкновение,13,0,15,0,2,0.03818672431222177
4,24,Наезд на пешехода,4,0,4,0,2,0.050968332758770336
4,24,Столкновение,2,0,2,0,0,0.028852467571290653
4,26,Наезд на пешехода,1,0,1,0,0,0.004435215151663252
4,26,Наезд на стоящее ТС,1,0,1,0,1,0.07482619011567217
4,26,Падение пассажира,1,0,1,0,1,0.009376401569850928
4,26,Столкновение,5,0,9,0,0,0.07095334720642954
4,27,Наезд на пешехода,7,1,6,0,3,0.04538276792735254
4,27,Наезд на препятствие,1,0,1,0,0,0.03062554452479471
4,27,Наезд на стоящее ТС,1,0,1,0,0,0.03086936832407444
4,27,Опрокидывание,2,0,2,0,0,0.006906348720991254
4,27,Падение пассажира,4,0,4,0,0,0.02796801091845394
4,27,Столкновение,11,0,15,0,1,0.036337938733735656
4,28,Наезд на велосипедиста,1,0,1,0,0,0.010242226356145506
4,28,Наезд на пешехода,6,0,6,0,0,0.02158022342218835
4,28,Наезд на препятствие,1,0,4,0,0,0.02154820781409188
4,28,Падение пассажира,3,1,2,0,0,0.04048398518783491
4,28,Столкновение,8,0,8,0,0,0.026245294786634597
4,29,Наезд на пешехода,7,0,7,0,1,0.052229548430864726
4,29,Столкновение,8,0,10,0,0,0.029651420642813654
4,30,Наезд на велосипедиста,1,0,1,0,0,0.03153640923398451
4,30,Наезд на пешехода,7,1,6,0,3,0.028627085559496862
4,30,Наезд на препятствие,3,0,3,0,0,0.03414982663428023
4,30,Падение пассажира,1,0,1,0,0,0.05755991759553786
4,30,Столкновение,4,0,4,0,0,0.026796459886982486
4,31,Наезд на пешехода,3,1,2,0,0,0.028923978083089403
4,31,Наезд на препятствие,2,0,2,0,0,0.05633673334399592
4,31,Падение пассажира,1,0,1,0,0,0.03940483590952987
4,31,Столкновение,9,0,10,0,0,0.05187128941109311
4,32,Наезд на велосипедиста,1,0,1,0,0,0.023157548493124406
4,32,Наезд на пешехода,4,0,4,0,1,0.043526378214707645
4,32,Опрокидывание,1,0,1,0,0,0.00757162265319834
4,32,Падение пассажира,1,0,1,0,0,0.03399927372595187
4,32,Столкновение,9,0,11,0,0,0.023304174835788755
4,33,Наезд на пешехода,5,0,5,0,1,0.044932566934384265
4,33,Опрокидывание,1,0,1,0,0,0.006058913902257845
4,33,Падение пассажира,1,0,1,0,0,0.08555784774118375
4,33,Столкновение,15,0,19,0,0,0.029533058953821766
4,34,Наезд на пешехода,8,1,7,0,1,0.023389954823087852
4,34,Наезд на препятствие,1,0,1,0,0,0.021149817690197723
4,34,Наезд на стоящее ТС,1,0,1,0,0,0.037048410688900454
4,34,Столкновение,10,1,11,0,0,0.029741927626666016
4,35,Наезд на пешехода,1,0,1,0,1,0.06029917673606674
4,35,Столкновение,2,0,3,0,0,0.04260576874763392
4,36,Наезд на пешехода,3,0,3,0,3,0.0350995927644852
4,36,Падение пассажира,1,0,1,0,0,0.010132755945321176
4,36,Столкновение,2,0,2,0,0,0.0477409748139051
4,37,Наезд на велосипедиста,1,0,1,0,0,0.05030130843095359
4,37,Наезд на пешехода,4,0,5,0,2,0.023097864368073623
4,37,Столкновение,3,0,4,0,1,0.05480683793253146
4,38,Наезд на велосипедиста,2,0,2,0,0,0.014527250282841629
4,38,Наезд на пешехода,7,0,7,0,2,0.021882784227568206
4,38,Наезд на стоящее ТС,2,1,1,0,0,0.01649513954460828
4,38,Опрокидывание,1,0,1,0,0,0.022701465321635264
4,38,Столкновение,9,0,12,0,0,0.013758232345938903
4,39,Наезд на пешехода,5,1,4,0,2,0.026060081322615225
4,39,Наезд на препятствие,2,0,2,0,0,0.03616174865493552
4,39,Падение пассажира,1,0,1,0,0,0.008241870006645556
4,39,Прочее,1,0,1,0,0,0.05072680422737142
4,39,Столкновение,3,0,5,0,2,0.02031695986887318
4,40,Наезд на пешехода,4,0,4,0,1,0.015247132780796889
4,40,Столкновение,10,1,11,0,1,0.017800082820361763
4,41,Наезд на пешехода,7,0,7,0,3,0.0325702379367982
4,41,Наезд на препятствие,1,0,1,0,0,0.07595237232456672
4,41,Столкновение,9,1,11,0,0,0.03149306929315965
4,42,Наезд на велосипедиста,4,0,4,0,2,0.04891161402765068
4,42,Наезд на пешехода,14,0,14,0,2,0.038425037027743934
4,42,Наезд на препятствие,1,0,1,0,0,0.0016734647058567224
4,42,Наезд на стоящее ТС,2,3,1,0,0,0.06665818676637102
4,42,Столкновение,10,0,11,0,2,0.03276824380476959
4,43,Наезд на велосипедиста,1,0,1,0,0,0.035363831424425625
4,43,Наезд на пешехода,11,1,10,0,1,0.04843657258009288
4,43,Наезд на препятствие,4,1,4,0,0,0.03427379026663221
4,43,Наезд на стоящее ТС,3,0,4,0,0,0.04105149219620502
4,43,Опрокидывание,1,0,1,0,0,0.03685317678656483
4,43,Столкновение,13,0,13,0,1,0.03971282395822217
4,44,Наезд на велосипедиста,2,0,2,0,0,0.030419039046050898
4,44,Наезд на пешехода,11,0,11,0,2,0.0368717802451067
4,44,Наезд на препятствие,1,0,1,0,0,0.0028079962690620935
4,44,Наезд на стоящее ТС,1,0,1,0,0,0.046633050606110664
4,44,Падение пассажира,1,0,1,0,0,0.057925469875134666
4,44,Прочее,1,0,2,0,0,0.051015354261076944
4,44,Столкновение,16,0,20,0,2,0.04109320019921934
4,45,Наезд на препятствие,2,0,2,0,0,0.009484111914671977
4,45,Столкновение,2,0,2,0,0,0.012235348630488559
4,46,Наезд на велосипедиста,2,0,2,0,0,0.038005063908754015
4,46,Наезд на пешехода,6,0,7,0,1,0.03730380396248705
4,46,Наезд на препятствие,1,0,1,0,0,0.007462152242374008
4,46,Наезд на стоящее ТС,1,0,1,0,1,0.03174521121505348
4,46,Падение пассажира,1,0,1,0,0,0.021633891545568964
4,46,Столкновение,3,0,4,0,0,0.01509599850608028
4,47,Наезд на велосипедиста,6,0,6,0,5,0.040504841815554866
4,47,Наезд на пешехода,9,3,7,0,3,0.0386508357057658
4,47,Наезд на препятствие,1,1,0,0,0,0.06192058478476172
4,47,Наезд на стоящее ТС,2,0,4,0,0,0.04952577435866836
4,47,Падение пассажира,8,0,10,0,1,0.031134930302170724
4,47,Столкновение,14,0,17,0,3,0.045087148142725866
4,48,Наезд на пешехода,1,0,1,0,0,0.012399543867498626
4,48,Наезд на препятствие,1,0,1,0,0,0.006327620679168636
4,48,Наезд на стоящее ТС,1,2,0,0,0,0.10096370051835435
4,48,Падение пассажира,1,1,0,0,0,0.05729839354001552
4,48,Столкновение,2,1,3,0,0,0.03126239227254008
4,49,Наезд на велосипедиста,1,0,1,0,0,0.06471014746056343
4,49,Наезд на пешехода,12,0,12,0,1,0.034822247081216375
4,49,Наезд на стоящее ТС,2,0,2,0,0,0.058896691531649226
4,49,Столкновение,19,0,29,0,2,0.03639425063473311
4,50,Наезд на велосипедиста,4,0,4,0,0,0.04267749870163271
4,50,Наезд на пешехода,7,1,6,0,1,0.030898374986810414
4,50,Наезд на препятствие,3,0,3,0,0,0.03378598632733144
4,50,Падение пассажира,1,0,1,0,0,0.010646806110341462
4,50,Столкновение,15,0,17,0,3,0.016110598557107312
4,51,Наезд на велосипедиста,2,0,2,0,0,0.0687766581218974
4,51,Наезд на пешехода,7,0,7,0,2,0.04849959650932094
4,51,Наезд на препятствие,1,0,1,0,0,0.01735872827167146
4,51,Прочее,1,0,1,0,0,0.10802787566433479
4,51,Столкновение,6,0,9,0,1,0.024309029467204448
4,52,Наезд на велосипедиста,2,0,2,0,1,0.03519146133623335
4,52,Наезд на пешехода,10,0,10,0,1,0.018154782722064215
4,52,Наезд на препятствие,1,0,1,0,0,0.0055712663036983886
4,52,Наезд на стоящее ТС,1,0,1,0,0,0.009779022866855681
4,52,Опрокидывание,1,0,1,0,0,0.07541193012752952
4,52,Падение пассажира,2,0,3,0,1,0.02054794438180632
4,52,Прочее,1,0,3,0,0,0.049124468322401325
4,52,Столкновение,11,0,14,0,1,0.03518329076591248
4,53,Наезд на велосипедиста,2,0,2,0,1,0.03833845390827536
4,53,Наезд на пешехода,11,0,11,0,4,0.041996106924198466
4,53,Наезд на стоящее ТС,2,0,4,0,0,0.038976716399172946
4,53,Падение пассажира,2,0,2,0,0,0.02826467878771679
4,53,Прочее,1,0,1,0,1,0.05458856268544104
4,53,Столкновение,6,0,6,0,0,0.04079960907910785
4,54,Наезд на велосипедиста,1,0,1,0,0,0.006082277291059144
4,54,Наезд на пешехода,6,1,5,0,3,0.04819016583601588
4,54,Наезд на препятствие,3,0,3,0,0,0.0449588836652288
4,54,Падение пассажира,2,0,2,0,0,0.0595161078081515
4,54,Столкновение,6,0,8,0,1,0.026415433942712657
4,55,Наезд на велосипедиста,1,0,1,0,0,0.00948587198067526
4,55,Наезд на пешехода,8,0,8,0,1,0.03102575386271391
4,55,Наезд на препятствие,5,0,8,0,0,0.05411806969463806
4,55,Наезд на стоящее ТС,2,0,2,0,0,0.12280557134923521
4,55,Опрокидывание,1,1,0,0,0,0.004546205151317349
4,55,Падение пассажира,2,0,2,0,0,0.007296427037307746
4,55,Столкновение,19,1,23,0,0,0.050867597969192845
4,56,Наезд на пешехода,4,0,4,0,2,0.035498994015732144
4,56,Столкновение,7,0,8,0,2,0.018932042886131335
4,57,Наезд на велосипедиста,4,0,4,0,2,0.05478314908274966
4,57,Наезд на пешехода,16,0,16,0,5,0.04182966519278285
4,57,Наезд на препятствие,4,0,4,0,0,0.04093276484479186
4,57,Наезд на стоящее ТС,8,1,12,0,0,0.0936512483967461
4,57,Опрокидывание,2,0,2,0,0,0.1039022717849062
4,57,Падение пассажира,2,0,2,0,0,0.007107338443440183
4,57,Столкновение,25,0,34,0,1,0.03498759767638101
4,58,Наезд на велосипедиста,3,0,3,0,0,0.05718320087169365
4,58,Наезд на пешехода,5,1,4,0,1,0.02924386653947057
4,58,Наезд на препятствие,6,0,6,0,0,0.021053606083190655
4,58,Наезд на стоящее ТС,2,0,2,0,0,0.04559017631763097
4,58,Опрокидывание,1,0,1,0,1,0.04925845550333946
4,58,Падение пассажира,3,0,3,0,0,0.008791397249387442
4,58,Столкновение,24,1,33,0,5,0.04357544379240997
4,59,Наезд на велосипедиста,3,0,3,0,0,0.041696667327022825
4,59,Наезд на пешехода,4,0,4,0,0,0.020490824384207927
4,59,Падение пассажира,3,0,3,0,0,0.02216434120723727
4,59,Столкновение,13,0,16,0,3,0.02946806781355738
4,60,Наезд на велосипедиста,2,0,2,0,0,0.023142135935835893
4,60,Наезд на пешехода,5,0,6,0,0,0.04831097590474709
4,60,Наезд на стоящее ТС,1,0,1,0,0,0.03649516956314345
4,60,Падение пассажира,1,0,1,0,0,0.007107338443440184
4,60,Столкновение,12,0,15,0,3,0.02427038924448356
4,61,Столкновение,1,2,2,0,2,0.08401567222513123
4,61,Съезд с дороги,1,0,1,0,1,0.05356502112188976
4,62,Наезд на велосипедиста,1,0,1,0,1,0.00948587198067526
4,62,Наезд на пешехода,8,2,6,0,1,0.029039776673200107
4,62,Наезд на препятствие,3,0,3,0,0,0.050839908373175986
4,62,Наезд на стоящее ТС,4,1,8,0,0,0.0314266764703565
4,62,Опрокидывание,1,0,1,0,0,0.04508838688324845
4,62,Падение пассажира,3,0,3,0,0,0.03010220404718833
4,62,Столкновение,15,0,16,0,2,0.026141419330883466
4,63,Наезд на велосипедиста,2,0,2,0,0,0.02608400190576851
4,63,Наезд на пешехода,3,0,3,0,2,0.045393057384507364
4,63,Наезд на стоящее ТС,2,0,3,0,0,0.04084134634016488
4,63,Падение пассажира,2,0,2,0,0,0.05188514944221051
4,63,Столкновение,8,0,12,0,0,0.03141231648175955
4,64,Наезд на велосипедиста,2,0,2,0,1,0.02357879834906744
4,64,Наезд на пешехода,6,0,6,0,2,0.0307358940474952
4,64,Наезд на препятствие,1,0,1,0,0,0.0034284776672471795
4,64,Наезд на стоящее ТС,1,1,0,0,0,0.08840923267177514
4,64,Падение пассажира,1,0,1,0,0,0.06496401893482112
4,64,Столкновение,9,0,14,0,0,0.03689689855611094
4,65,Наезд на велосипедиста,3,0,3,0,2,0.031906218356576845
4,65,Наезд на пешехода,10,0,10,0,4,0.02598566530431911
4,65,Наезд на препятствие,1,1,1,0,0,0.048493485297641754
4,65,Опрокидывание,1,0,1,0,0,0.048224778520730954
4,65,Падение пассажира,2,0,4,0,0,0.041815269553426
4,65,Столкновение,11,0,13,0,0,0.03975007197599958
4,66,Наезд на велосипедиста,1,0,1,0,0,0.040076713811598504
4,66,Наезд на пешехода,8,0,8,0,3,0.0249596225346655
4,66,Наезд на препятствие,5,1,5,0,0,0.03597255471954701
4,66,Наезд на стоящее ТС,4,2,6,0,0,0.05035455076625726
4,66,Падение пассажира,3,0,3,0,0,0.018270828947111087
4,66,Столкновение,15,0,18,0,1,0.03113822248694593
4,68,Наезд на велосипедиста,1,0,1,0,1,0.05185691021905854
4,68,Наезд на пешехода,4,0,4,0,0,0.056184480398953934
4,68,Наезд на препятствие,2,0,2,0,0,0.0796484099896742
4,68,Опрокидывание,1,1,0,0,0,0.03302365732361627
4,68,Столкновение,18,0,22,0,3,0.026206770035756208
4,69,Наезд на велосипедиста,1,0,1,0,0,0.03091135147106408
4,69,Наезд на пешехода,8,0,8,0,3,0.04297643486886959
4,69,Наезд на препятствие,3,0,3,0,0,0.01891775989630547
4,69,Опрокидывание,1,0,1,0,0,0.0006484035534756818
4,69,Столкновение,7,1,8,0,0,0.018964467174249797
4,70,Наезд на велосипедиста,1,0,1,0,0,0.08291127458351458
4,70,Наезд на пешехода,8,0,8,0,3,0.045434301320100776
4,70,Наезд на препятствие,2,0,2,0,0,0.02368590764494737
4,70,Наезд на стоящее ТС,1,0,1,0,0,0.0017014289471329164
4,70,Падение пассажира,1,0,1,0,0,0.04574155722963406
4,70,Прочее,1,0,1,0,0,0.108159821663197
4,70,Столкновение,13,0,19,0,0,0.04365251210630549
4,71,Наезд на пешехода,4,1,4,0,1,0.03672455975356214
4,71,Наезд на препятствие,2,1,1,0,0,0.007525289487353776
4,71,Падение пассажира,1,0,1,0,0,0.06494197208443266
4,71,Столкновение,9,0,9,0,1,0.04452093946569172
4,72,Наезд на велосипедиста,3,0,3,0,0,0.01821716397894303
4,72,Наезд на пешехода,5,1,5,0,0,0.01847515667761455
4,72,Наезд на препятствие,2,1,1,0,0,0.03624631841007877
4,72,Наезд на стоящее ТС,1,0,1,0,0,0.00808415322938886
4,72,Опрокидывание,1,1,0,0,0,0.027586676636100513
4,72,Падение пассажира,1,0,1,0,0,0.02645907096219791
4,72,Столкновение,10,0,10,0,0,0.021375786542540832
4,73,Наезд на велосипедиста,6,0,6,0,0,0.029402472628819967
4,73,Наезд на пешехода,12,2,10,0,1,0.022793535558248933
4,73,Наезд на препятствие,3,0,11,0,0,0.013502503217883063
4,73,Падение пассажира,1,0,1,0,0,0.01924135456624856
4,73,Столкновение,13,0,14,0,2,0.018969235303368193
4,74,Наезд на пешехода,9,0,9,0,4,0.02862195756976761
4,74,Наезд на препятствие,2,0,2,0,1,0.03450447995381164
4,74,Наезд на стоящее ТС,3,0,3,0,0,0.02276815020587178
4,74,Падение пассажира,3,0,3,0,0,0.03926639589757864
4,74,Столкновение,19,1,21,0,1,0.04018817096436143
4,75,Наезд на пешехода,9,1,9,0,4,0.048278903162113446
4,75,Наезд на препятствие,1,1,0,0,0,0.0031861734567972177
4,75,Падение пассажира,2,0,4,0,1,0.04546456814181908
4,75,Столкновение,11,1,12,0,1,0.02990828267657514
4,76,Наезд на пешехода,1,0,1,0,0,0.04283902960101139
4,76,Наезд на препятствие,1,0,1,0,0,0.060820256842408216
4,76,Наезд на стоящее ТС,1,0,2,0,0,0.08391652549859492
4,76,Опрокидывание,2,0,2,0,0,0.0713218175925913
4,76,Столкновение,5,3,2,0,0,0.07322896150438643
4,77,Наезд на велосипедиста,3,0,3,0,0,0.019471442305291926
4,77,Наезд на пешехода,5,0,5,0,2,0.023754390067504134
4,77,Наезд на препятствие,1,1,0,0,0,0.02756689358374638
4,77,Наезд на стоящее ТС,1,0,1,0,0,0.04028946138213385
4,77,Столкновение,6,0,6,0,0,0.02722274215981163
4,78,Столкновение,1,0,1,0,0,0.18706144125757865
4,80,Наезд на пешехода,4,0,5,0,2,0.051526033444922126
4,80,Столкновение,5,0,7,0,0,0.027092479560179804
4,81,Наезд на велосипедиста,1,0,1,0,0,0.16339074432485098
4,81,Наезд на пешехода,1,0,1,0,0,0.08476532734774446
4,81,Наезд на препятствие,1,0,1,0,0,0.08252688513551851
4,82,Наезд на велосипедиста,2,0,2,0,1,0.02544170706797265
4,82,Наезд на пешехода,9,0,9,0,3,0.03201831614976385
4,82,Наезд на стоящее ТС,1,0,1,0,0,0.016409027559067146
4,82,Падение пассажира,2,0,2,0,0,0.039778712718753176
4,82,Столкновение,6,0,7,0,2,0.018898000668392655
4,83,Наезд на велосипедиста,3,0,3,0,0,0.06284931476008017
4,83,Наезд на пешехода,11,1,10,0,2,0.04156882272666902
4,83,Наезд на стоящее ТС,4,0,4,0,0,0.14970610836547701
4,83,Падение пассажира,3,0,3,0,0,0.04957127781476652
4,83,Столкновение,10,0,12,0,1,0.05247493714424234
4,84,Наезд на велосипедиста,3,0,4,0,0,0.03905814607033518
4,84,Наезд на пешехода,14,0,14,0,1,0.04341434067067512
4,84,Опрокидывание,2,0,2,0,0,0.06230905468570366
4,84,Падение пассажира,5,0,5,0,0,0.0210656320452782
4,84,Столкновение,21,0,27,0,1,0.029867624149092636
4,85,Наезд на велосипедиста,6,0,6,0,0,0.05374225765262968
4,85,Наезд на пешехода,13,0,13,0,7,0.03944999493539085
4,85,Наезд на препятствие,3,0,3,0,0,0.04949245342206756
4,85,Наезд на стоящее ТС,2,0,2,0,0,0.004731645692676721
4,85,Опрокидывание,2,0,2,0,0,0.06332528758486856
4,85,Падение пассажира,2,0,2,0,0,0.024149376872716087
4,85,Прочее,1,0,1,0,0,0.05687594947981674
4,85,Столкновение,18,0,25,0,3,0.04142232717153877
4,86,Наезд на пешехода,4,0,4,0,0,0.02848533986883676
4,86,Наезд на препятствие,1,0,1,0,0,0.05914735523177326
4,86,Столкновение,4,0,4,0,0,0.019275522663566844
4,87,Наезд на велосипедиста,2,0,2,0,0,0.03661338003728122
4,87,Наезд на пешехода,17,1,16,0,3,0.04034235627994559
4,87,Наезд на препятствие,1,0,1,0,0,0.008218506617844255
4,87,Наезд на стоящее ТС,2,0,3,0,1,0.041281651671426306
4,87,Опрокидывание,2,0,2,0,2,0.03496059111565851
4,87,Падение пассажира,1,0,1,0,0,0.06513861760793382
4,87,Столкновение,19,0,20,0,0,0.02735708542621084
4,88,Наезд на велосипедиста,2,0,2,0,0,0.06446576522696135
4,88,Наезд на пешехода,20,2,18,0,8,0.04674918383109825
4,88,Опрокидывание,2,0,3,0,0,0.02370293067143665
4,88,Падение пассажира,1,0,1,0,0,0.03848732561448702
4,88,Столкновение,10,1,10,0,0,0.03286833410618169
4,89,Наезд на велосипедиста,1,0,1,0,1,0.006838631666529391
4,89,Наезд на пешехода,6,0,6,0,3,0.026269348281226162
4,89,Наезд на препятствие,2,0,2,0,0,0.007016038565996303
4,89,Наезд на стоящее ТС,1,0,1,0,0,0.0047096598651277626
4,89,Падение пассажира,2,0,2,0,0,0.027706080128148125
4,89,Столкновение,6,1,5,0,1,0.02196399106284204
4,90,Наезд на велосипедиста,1,0,1,0,1,0.028935267149099105
4,90,Наезд на пешехода,9,0,9,0,2,0.045071418862669466
4,90,Наезд на препятствие,1,1,1,0,0,0.061809876215072085
4,90,Наезд на стоящее ТС,1,0,1,0,0,0.24935261316626187
4,90,Опрокидывание,2,0,2,0,1,0.03075755265304838
4,90,Столкновение,9,0,10,0,1,0.051543196364344485
4,91,Наезд на велосипедиста,5,0,6,0,3,0.018825711850495603
4,91,Наезд на пешехода,12,0,12,0,4,0.04666767809287698
4,91,Наезд на препятствие,1,0,1,0,0,0.07943090750477766
4,91,Наезд на стоящее ТС,1,0,2,0,0,0.07083431139527464
4,91,Столкновение,22,1,28,0,4,0.03266692551795655
4,92,Наезд на велосипедиста,1,0,1,0,0,0.010882551011125327
4,92,Наезд на пешехода,1,0,1,0,0,0.12315172900275857
4,92,Наезд на препятствие,1,0,1,0,0,0.026594267323343707
4,92,Наезд на стоящее ТС,2,1,2,0,0,0.055847414721738424
4,92,Столкновение,4,0,4,0,0,0.04322651666801541
4,93,Наезд на пешехода,5,0,5,0,3,0.025672488695438873
4,93,Опрокидывание,1,0,1,0,0,0.004546205151317349
4,93,Падение пассажира,2,0,2,0,0,0.04949152470706122
4,93,Столкновение,2,0,2,0,0,0.02845896329195179
4,94,Наезд на велосипедиста,1,0,1,0,0,0.026557138846655285
4,94,Наезд на пешехода,7,0,7,0,3,0.01504285774703754
4,94,Наезд на препятствие,3,1,3,0,0,0.03440167874878658
4,94,Опрокидывание,1,0,1,0,0,0.03742237849011295
4,94,Столкновение,17,0,18,0,2,0.031243390463738644
4,95,Наезд на пешехода,7,1,6,0,0,0.04998230795365952
4,95,Наезд на препятствие,1,0,1,0,0,0.0608085835125829
4,95,Падение пассажира,1,0,2,0,0,0.0358954525433095
4,95,Столкновение,8,0,9,0,0,0.030487679977874965
4,96,Наезд на пешехода,3,0,3,0,0,0.031083640273730548
4,96,Наезд на препятствие,1,0,1,0,0,0.0800809534984844
4,96,Наезд на стоящее ТС,1,0,1,0,0,0.12078275239847439
4,96,Падение пассажира,1,0,1,0,0,0.09623981340385335
4,96,Столкновение,5,0,6,0,1,0.042650284294658294
4,97,Столкновение,1,0,2,0,0,0.05661850770260116
4,98,Наезд на велосипедиста,2,0,2,0,0,0.009995122902032732
4,98,Наезд на пешехода,5,0,5,0,1,0.013906068962095402
4,98,Наезд на препятствие,1,0,1,0,0,0.03282625800933079
4,98,Наезд на стоящее ТС,1,0,1,0,0,0.005436912915242992
4,98,Падение пассажира,3,0,4,0,0,0.03275040322259873
4,98,Столкновение,6,1,8,0,2,0.00962497299197333
4,99,Наезд на пешехода,1,1,0,0,0,0.03717608229878939
4,99,Наезд на препятствие,1,1,1,0,1,0.06056091341102547
4,99,Столкновение,1,0,1,0,1,0.04766658726984845
4,101,Наезд на велосипедиста,1,0,1,0,0,0.004947745727853772
4,101,Наезд на пешехода,5,0,5,0,1,0.02819244918577608
4,101,Наезд на препятствие,1,0,2,0,0,0.03499259633126237
4,101,Падение пассажира,2,0,2,0,0,0.031070050314189482
4,101,Столкновение,7,0,8,0,2,0.028539645496268577
4,102,Наезд на пешехода,7,0,7,0,2,0.02328099471387645
4,102,Столкновение,3,0,3,0,1,0.054035906120183275
4,103,Наезд на пешехода,9,0,9,0,1,0.03515036666262257
4,103,Наезд на препятствие,1,0,2,0,0,0.04156466635880015
4,103,Опрокидывание,1,0,1,0,0,0.03522648590347843
4,103,Прочее,1,0,1,0,0,0.07309413026388328
4,103,Столкновение,9,0,10,0,1,0.023363394826520605
4,104,Наезд на велосипедиста,4,0,4,0,0,0.02590587197486486
4,104,Наезд на пешехода,5,0,6,0,3,0.021794731588103963
4,104,Наезд на препятствие,3,0,3,0,1,0.0124084733535351
4,104,Опрокидывание,1,0,1,0,1,0.015637102533721928
4,104,Столкновение,4,0,6,0,4,0.021509456583145674
4,105,Наезд на пешехода,2,0,2,0,2,0.032960256660999186
4,105,Наезд на препятствие,1,0,1,0,0,0.07065107165553644
4,105,Падение пассажира,1,0,1,0,0,0.0105109331330563
4,105,Столкновение,4,0,6,0,0,0.01796565563709212
4,106,Наезд на велосипедиста,3,0,3,0,0,0.040126780383253124
4,106,Наезд на пешехода,5,0,6,0,1,0.03135627168294236
4,106,Падение пассажира,1,0,1,0,0,0.046884697576852284
4,106,Столкновение,9,0,10,0,2,0.03107375319371703
4,107,Наезд на велосипедиста,1,0,1,0,0,0.041120549424859966
4,107,Наезд на пешехода,3,0,3,0,0,0.007926192330360933
4,107,Наезд на препятствие,1,0,2,0,0,0.004436734740493017
4,107,Наезд на стоящее ТС,1,1,1,0,0,0.002295465692871574
4,107,Опрокидывание,1,0,1,0,0,0.06473479822475989
4,107,Падение пассажира,1,0,1,0,0,0.05083133445699669
4,107,Столкновение,10,0,11,0,1,0.03327421301953668
4,108,Наезд на велосипедиста,1,0,1,0,0,0.03719698380759672
4,108,Наезд на пешехода,5,1,4,0,1,0.029391906890915604
4,108,Наезд на препятствие,1,0,1,0,0,0.0055712663036983886
4,108,Столкновение,8,0,13,0,4,0.03772501493685651
4,109,Наезд на велосипедиста,1,0,1,0,0,0.056043502757618366
4,109,Наезд на пешехода,6,0,6,0,1,0.03269656800265566
4,109,Опрокидывание,1,0,1,0,0,0.007949799840933464
4,109,Столкновение,4,0,5,0,1,0.026187558002102266
4,110,Наезд на велосипедиста,2,0,2,0,0,0.03272311203089606
4,110,Наезд на пешехода,12,0,13,0,2,0.012801840283204705
4,110,Столкновение,6,0,8,0,0,0.03252320564215818
4,111,Наезд на велосипедиста,1,0,1,0,1,0.009107694792940135
4,111,Наезд на пешехода,13,1,13,0,3,0.029707733047136014
4,111,Наезд на препятствие,2,0,2,0,0,0.02251234450765722
4,111,Наезд на стоящее ТС,3,0,4,0,0,0.025083910623661793
4,111,Опрокидывание,4,0,4,0,0,0.02076861860711996
4,111,Падение пассажира,1,0,1,0,0,0.04030534904909167
4,111,Столкновение,13,0,16,0,2,0.029444469499002417
4,113,Наезд на велосипедиста,1,0,1,0,0,0.007216808854264516
4,113,Наезд на пешехода,6,2,4,0,0,0.02115856503374866
4,113,Наезд на препятствие,1,0,1,0,0,0.004058557552757893
4,113,Наезд на стоящее ТС,1,0,1,0,0,0.008840507604859106
4,113,Столкновение,12,0,20,0,0,0.03251614097416604
4,114,Наезд на велосипедиста,2,0,2,0,0,0.10367766250226489
4,114,Наезд на пешехода,7,0,7,0,2,0.028307606790931583
4,114,Наезд на препятствие,3,3,2,0,1,0.04653608910436959
4,114,Наезд на стоящее ТС,3,0,4,0,0,0.06981803936387436
4,114,Падение пассажира,1,0,1,0,0,0.008998224382115803
4,114,Столкновение,18,0,26,0,5,0.05526172819116136
4,115,Наезд на велосипедиста,1,0,1,0,0,0.055512882758838415
4,115,Наезд на пешехода,9,1,8,0,1,0.048605996527959015
4,115,Падение пассажира,1,0,2,0,0,0.009134097359400965
4,115,Столкновение,9,0,11,0,3,0.0369889475037837
4,116,Наезд на пешехода,19,1,19,0,2,0.02841729890059993
4,116,Опрокидывание,1,0,1,0,0,0.004168027963582225
4,116,Падение пассажира,4,0,7,0,1,0.023679505045352843
4,116,Столкновение,12,0,15,0,2,0.01574358832831182
4,117,Наезд на велосипедиста,2,0,2,0,0,0.056058725757454034
4,117,Наезд на пешехода,12,2,14,0,6,0.03554360300896284
4,117,Наезд на препятствие,2,0,2,0,0,0.10900912060195167
4,117,Наезд на стоящее ТС,2,0,2,0,0,0.004164379911074035
4,117,Падение пассажира,3,0,3,0,0,0.03198551003108289
4,117,Столкновение,29,0,33,0,2,0.04228343860174855
4,118,Наезд на велосипедиста,2,0,2,0,0,0.019280344061953
4,118,Наезд на пешехода,3,0,3,0,2,0.031504604747641406
4,118,Наезд на препятствие,3,3,2,0,0,0.02583816255953865
4,118,Наезд на стоящее ТС,1,0,1,0,0,0.0022154791121532023
4,118,Падение пассажира,3,1,2,0,0,0.04024510058458857
4,118,Столкновение,9,0,12,0,0,0.03744245339726324
4,119,Наезд на велосипедиста,2,0,2,0,0,0.06220648855103139
4,119,Наезд на пешехода,4,0,4,0,2,0.05077876161398523
4,119,Наезд на препятствие,1,0,1,0,0,0.013277130244750187
4,119,Падение пассажира,1,0,1,0,0,0.007863692818910431
4,119,Столкновение,13,2,12,0,0,0.04499688346461957
4,120,Наезд на велосипедиста,1,0,1,0,0,0.04471844511392619
4,120,Наезд на пешехода,5,0,5,0,1,0.025004431284337443
4,120,Наезд на препятствие,2,0,3,0,0,0.034887979360796455
4,120,Падение пассажира,1,0,1,0,0,0.009754578757586051
4,120,Столкновение,4,0,7,0,1,0.01804357635029654
4,121,Наезд на препятствие,1,0,1,0,0,0.004436734740493017
4,121,Столкновение,4,1,5,0,0,0.04514636945498186
4,122,Наезд на велосипедиста,1,0,1,0,0,0.009864049168410383
4,122,Наезд на пешехода,9,0,9,0,5,0.03635908442802086
4,122,Падение пассажира,2,0,4,0,0,0.03862781006126343
4,122,Столкновение,3,0,3,0,0,0.02287636245009494
4,123,Наезд на велосипедиста,1,0,1,0,0,0.03085686689202866
4,123,Наезд на пешехода,7,0,7,0,4,0.04790864769041159
4,123,Наезд на препятствие,2,0,3,0,0,0.03791683798512452
4,123,Падение пассажира,1,0,1,0,0,0.007863692818910431
4,123,Столкновение,14,0,14,0,1,0.03827180248956107
4,124,Наезд на пешехода,3,0,3,0,0,0.017019338790028527
4,124,Наезд на препятствие,1,0,2,0,0,0.45382509528778175
4,124,Падение пассажира,1,0,1,0,1,0.016692706773497264
4,124,Столкновение,2,0,2,0,0,0.05275245561692447
4,125,Наезд на велосипедиста,3,0,3,0,2,0.03412890214901576
4,125,Наезд на пешехода,14,0,14,0,4,0.03208928320465942
4,125,Наезд на стоящее ТС,1,0,1,0,0,0.003788331187017335
4,125,Падение пассажира,2,0,2,0,0,0.05018266174542131
4,125,Столкновение,17,0,23,0,2,0.02929955828660866
4,127,Наезд на велосипедиста,1,0,1,0,0,0.08073168015080187
4,127,Наезд на пешехода,5,1,4,0,1,0.024520931770660743
4,127,Наезд на препятствие,1,0,1,0,0,0.0317362416978675
4,127,Опрокидывание,1,1,0,0,0,0.09494700758026166
4,127,Падение пассажира,3,0,3,0,0,0.03546986438684883
4,127,Столкновение,27,0,28,0,3,0.03833250120255898
4,128,Наезд на пешехода,7,0,7,0,3,0.05896082093749235
4,128,Падение пассажира,1,0,1,0,1,0.06906453647264814
4,128,Столкновение,3,0,4,0,0,0.06169854851501416
4,130,Наезд на велосипедиста,3,0,3,0,1,0.02438923428773848
4,130,Наезд на пешехода,17,0,17,0,4,0.027267314282835804
4,130,Наезд на препятствие,4,0,4,0,0,0.008672038421012048
4,130,Наезд на стоящее ТС,2,1,2,0,0,0.019369569994911236
4,130,Опрокидывание,1,0,1,0,0,0.00568073671452272
4,130,Падение пассажира,2,0,2,0,0,0.007485515631175308
4,130,Прочее,1,0,1,0,1,0.052319499559030286
4,130,Столкновение,15,0,16,0,0,0.032381121826067914
4,131,Наезд на велосипедиста,1,0,1,0,1,0.014195114234758263
4,131,Наезд на пешехода,5,0,5,0,1,0.024787972996089903
4,131,Наезд на препятствие,1,0,1,0,0,0.01206284637558821
4,131,Падение пассажира,1,0,1,0,1,0.03304601349789537
4,131,Столкновение,2,0,2,0,0,0.05323153940612812
4,133,Наезд на велосипедиста,1,0,1,0,0,0.04912319633278393
4,133,Наезд на пешехода,7,0,7,0,4,0.04417244234431668
4,133,Падение пассажира,3,0,4,0,1,0.034295103928977166
4,133,Столкновение,5,0,5,0,0,0.031225458383823824
4,134,Наезд на велосипедиста,5,0,5,0,0,0.030168438974613205
4,134,Наезд на пешехода,14,1,13,0,1,0.03064738838816407
4,134,Наезд на препятствие,2,0,3,0,0,0.06610086290362988
4,134,Опрокидывание,3,0,4,0,1,0.038966122207344196
4,134,Падение пассажира,6,0,7,0,0,0.026654092575834742
4,134,Столкновение,34,0,36,0,2,0.028419757747908433
4,135,Наезд на препятствие,1,0,1,0,0,0.06337556265772289
4,135,Падение пассажира,1,0,1,0,0,0.06327322051204036
4,135,Столкновение,12,0,14,0,1,0.03144276860442269
4,136,Наезд на пешехода,8,0,9,0,2,0.04723211640109146
4,136,Наезд на стоящее ТС,1,0,2,0,0,0.008840507604859106
4,136,Падение пассажира,2,0,2,0,0,0.022920492457924806
4,136,Столкновение,17,0,18,0,1,0.01529072976081907
4,137,Наезд на велосипедиста,2,0,2,0,2,0.015899383791934892
4,137,Наезд на пешехода,7,0,7,0,3,0.02010930770060016
4,137,Наезд на препятствие,1,0,2,0,0,0.004058557552757893
4,137,Наезд на стоящее ТС,1,0,1,0,0,0.005058735727507868
4,137,Столкновение,6,0,7,0,1,0.018612204771309777
4,138,Наезд на велосипедиста,2,0,2,0,0,0.008032995865085732
4,138,Наезд на пешехода,6,0,6,0,5,0.028521179191989838
4,138,Наезд на препятствие,1,1,1,0,0,0.02150577244080228
4,138,Падение пассажира,2,0,2,0,0,0.024979735958262802
4,138,Столкновение,11,0,13,0,1,0.019038134181294703
4,139,Наезд на велосипедиста,2,0,2,0,0,0.0193170617794326
4,139,Наезд на пешехода,5,0,5,0,2,0.01930788238717503
4,139,Наезд на препятствие,1,0,1,0,0,0.0031861734567972177
4,139,Опрокидывание,1,0,1,0,0,0.005302559526787596
4,139,Столкновение,5,0,5,0,1,0.03542329164100414
4,140,Наезд на велосипедиста,1,0,1,0,0,0.017167428948395572
4,140,Наезд на пешехода,5,0,6,0,1,0.036054043211674235
4,140,Наезд на стоящее ТС,1,0,2,0,0,0.005436912915242992
4,140,Столкновение,3,0,3,0,0,0.022988010423857078
4,141,Наезд на пешехода,10,3,7,0,1,0.028257003894874243
4,141,Наезд на стоящее ТС,1,0,1,0,0,0.005679217125692955
4,141,Опрокидывание,1,0,1,0,1,0.0238577295265237
4,141,Падение пассажира,1,0,1,0,0,0.02819371903683172
4,141,Столкновение,9,0,14,0,2,0.02265937975330516
4,142,Наезд на препятствие,1,1,0,0,0,0.14286754726034878
4,142,Столкновение,2,0,2,0,0,0.03380096009798319
4,143,Наезд на велосипедиста,2,0,2,0,0,0.027446660562937347
4,143,Наезд на пешехода,11,1,10,0,2,0.03831065365624197
4,143,Наезд на препятствие,1,0,1,0,0,0.007003988473920513
4,143,Наезд на стоящее ТС,2,0,3,0,0,0.039099919893180506
4,143,Опрокидывание,4,0,4,0,1,0.06175032632171715
4,143,Падение пассажира,2,0,2,0,0,0.04174162742607722
4,143,Столкновение,12,0,15,0,0,0.030965437305570092
4,144,Наезд на велосипедиста,1,0,1,0,0,0.01126072819886045
4,144,Наезд на пешехода,5,0,5,0,1,0.032355027074461785
4,144,Наезд на препятствие,3,0,3,0,0,0.006381726555745833
4,144,Падение пассажира,3,0,3,0,2,0.009628519695007677
4,144,Столкновение,8,1,10,0,1,0.03006745990477845
4,145,Наезд на пешехода,2,0,2,0,1,0.03256287714125368
4,145,Падение пассажира,1,0,1,0,0,0.0067291612557050596
4,145,Столкновение,2,0,2,0,0,0.00591366854879828
4,146,Наезд на велосипедиста,2,0,2,0,0,0.0777877444026721
4,146,Наезд на пешехода,8,0,9,0,1,0.045964456489160976
4,146,Падение пассажира,2,0,2,0,0,0.03851339652250761
4,146,Столкновение,15,0,15,0,2,0.03807909530281384
4,147,Наезд на велосипедиста,1,0,1,0,0,0.017733076606910866
4,147,Наезд на пешехода,14,0,15,0,6,0.038618010594213416
4,147,Наезд на стоящее ТС,1,0,1,0,0,0.004680558539772744
4,147,Столкновение,12,2,22,0,0,0.01936563023136133
4,148,Наезд на пешехода,3,0,3,0,1,0.016860087907262285
4,148,Наезд на стоящее ТС,1,0,1,0,0,0.001160934129666202
4,148,Столкновение,4,0,5,0,0,0.024058929437750592
4,149,Наезд на пешехода,1,0,2,0,2,0.038306457655708025
4,149,Наезд на стоящее ТС,1,0,1,0,0,0.09034520659366471
4,149,Столкновение,2,0,2,0,0,0.0654722301200144
4,150,Наезд на велосипедиста,2,0,2,0,1,0.05498660688351162
4,150,Наезд на пешехода,22,0,23,0,3,0.030660987049147093
4,150,Наезд на препятствие,1,0,1,0,0,0.04233368267008938
4,150,Наезд на стоящее ТС,3,1,2,0,0,0.021232727739452815
4,150,Падение пассажира,3,0,3,0,0,0.05570744596432634
4,150,Столкновение,13,0,15,0,1,0.03946711955023962
4,151,Наезд на пешехода,8,0,8,0,3,0.03018900882882819
4,151,Наезд на препятствие,1,0,1,0,1,0.12360510761429047
4,151,Столкновение,3,1,5,0,0,0.052718793047458835
4,152,Наезд на пешехода,1,0,1,0,0,0.0051915695271335
4,152,Наезд на препятствие,1,1,1,0,0,0.00999336283602945
4,152,Столкновение,1,0,1,0,0,0.006166864724252411
4,153,Наезд на пешехода,4,1,3,0,1,0.055046093472620204
4,153,Наезд на препятствие,1,0,3,0,0,0.034968204585584466
4,153,Столкновение,1,0,2,0,0,0.005410510348782162
4,154,Наезд на велосипедиста,2,0,2,0,1,0.017285242841790043
4,154,Наезд на пешехода,1,0,1,0,0,0.03099975266302436
4,154,Наезд на препятствие,1,0,1,0,0,0.0031861734567972177
4,154,Наезд на стоящее ТС,2,0,2,0,0,0.0160631532040865
4,154,Падение пассажира,1,0,1,0,0,0.02576502743166244
4,154,Столкновение,24,1,28,0,0,0.04896379700451351
4,154,Съезд с дороги,3,1,4,0,2,0.07567089830349405
5,2,Наезд на велосипедиста,2,0,2,0,1,0.07522311981684782
5,2,Наезд на пешехода,14,0,15,0,3,0.025038908230790826
5,2,Наезд на препятствие,1,1,0,0,0,0.0016734647058567224
5,2,Наезд на стоящее ТС,3,1,3,0,0,0.04474187636461372
5,2,Опрокидывание,2,0,2,0,0,0.06028009162546533
5,2,Падение пассажира,3,0,4,0,0,0.020348269945738785
5,2,Прочее,1,0,1,0,0,0.053185324345324865
5,2,Столкновение,48,4,63,1,5,0.027760989956604653
5,3,Наезд на велосипедиста,3,0,3,0,0,0.022786880434438193
5,3,Наезд на пешехода,6,0,6,0,1,0.03926710246174322
5,3,Наезд на препятствие,1,1,2,0,0,0.030697126646668942
5,3,Падение пассажира,3,0,3,0,0,0.039643750239796556
5,3,Столкновение,7,0,11,0,1,0.021720165534408035
5,4,Наезд на велосипедиста,1,0,1,0,0,0.00948587198067526
5,4,Наезд на пешехода,3,0,3,0,2,0.04294119537859457
5,4,Наезд на стоящее ТС,1,0,1,0,1,0.007327798853918612
5,4,Опрокидывание,1,0,1,0,0,0.006058913902257845
5,4,Падение пассажира,1,0,1,0,0,0.010132755945321176
5,4,Столкновение,3,0,3,0,0,0.04151613360874485
5,5,Наезд на велосипедиста,2,0,2,0,1,0.05070870411692778
5,5,Наезд на пешехода,6,0,7,0,2,0.039227317755414264
5,5,Наезд на стоящее ТС,1,0,1,0,0,0.0026736428806066978
5,5,Столкновение,9,0,9,0,0,0.029298310025215817
5,6,Наезд на велосипедиста,1,0,1,0,0,0.006838631666529391
5,6,Наезд на пешехода,5,0,6,0,2,0.037815080520103406
5,6,Наезд на препятствие,1,0,1,0,1,0.040388206010076644
5,6,Столкновение,6,0,7,0,0,0.015109200846876442
5,7,Наезд на велосипедиста,4,0,4,0,0,0.06279216216171539
5,7,Наезд на пешехода,8,0,8,0,1,0.059798235743762244
5,7,Наезд на препятствие,10,2,13,0,0,0.024409096800373876
5,7,Наезд на стоящее ТС,2,0,2,0,0,0.02091975422304136
5,7,Опрокидывание,1,0,1,0,0,0.09883651481648083
5,7,Падение пассажира,1,0,1,0,0,0.02845240036612027
5,7,Столкновение,18,0,20,0,1,0.03796251182198508
5,8,Наезд на велосипедиста,3,0,3,0,1,0.03042751137354673
5,8,Наезд на пешехода,4,0,4,0,4,0.01909371330820666
5,8,Наезд на препятствие,1,0,2,0,0,0.0028079962690620935
5,8,Наезд на стоящее ТС,1,0,1,0,0,0.1368860630147102
5,8,Падение пассажира,3,0,3,0,0,0.02703509519977522
5,8,Столкновение,4,0,4,0,0,0.046732865359447456
5,9,Наезд на велосипедиста,2,0,2,0,1,0.037366028433465225
5,9,Наезд на пешехода,5,0,5,0,1,0.02944981443386923
5,9,Наезд на препятствие,3,0,3,0,0,0.0029727319051372782
5,9,Опрокидывание,1,0,1,0,0,0.03760220084658833
5,9,Прочее,1,0,1,0,0,0.052628333838918996
5,9,Столкновение,7,0,7,0,1,0.04125832144622567
5,10,Наезд на пешехода,10,3,8,0,1,0.02082742533401124
5,10,Наезд на препятствие,4,0,5,0,1,0.017256810421264916
5,10,Столкновение,14,0,17,0,0,0.025881324345072614
5,12,Наезд на велосипедиста,2,0,2,0,0,0.06517623733323544
5,12,Наезд на пешехода,4,0,5,0,0,0.05596136538351257
5,12,Наезд на препятствие,2,0,2,0,0,0.01613694095957518
5,12,Падение пассажира,1,0,1,0,0,0.023166467197569728
5,12,Столкновение,6,0,7,0,0,0.051903853935818645
5,13,Наезд на велосипедиста,4,0,4,0,0,0.03647487868331014
5,13,Наезд на пешехода,6,0,7,0,1,0.03375928473929459
5,13,Наезд на препятствие,3,0,4,0,0,0.037823132298229784
5,13,Падение пассажира,1,0,1,0,0,0.036026184823210836
5,13,Столкновение,13,1,13,0,1,0.027709499531160017
5,14,Наезд на велосипедиста,2,0,2,0,0,0.00886059133882736
5,14,Наезд на пешехода,10,0,10,0,1,0.014705324422407883
5,14,Опрокидывание,1,0,1,0,0,0.004546205151317349
5,14,Падение пассажира,3,0,3,0,0,0.025755386246234076
5,14,Столкновение,3,0,3,0,0,0.017615923300113686
5,15,Наезд на велосипедиста,1,0,1,0,1,0.03396803952342212
5,15,Наезд на пешехода,6,0,6,0,2,0.020334871247452257
5,15,Наезд на препятствие,2,0,2,0,0,0.011866760173810451
5,15,Наезд на стоящее ТС,1,0,1,0,1,0.1737962242310339
5,15,Падение пассажира,3,0,3,0,0,0.025418717247645856
5,15,Столкновение,8,0,12,0,2,0.021828041206425314
5,16,Наезд на пешехода,7,0,7,0,2,0.03813557782572336
5,16,Наезд на препятствие,1,0,1,0,0,0.0038625412515490933
5,16,Наезд на стоящее ТС,1,0,1,0,0,0.0018373019244180783
5,16,Опрокидывание,3,0,3,0,1,0.035092712435200506
5,16,Столкновение,11,0,12,0,1,0.031814059122427234
5,17,Наезд на велосипедиста,3,0,3,0,0,0.006964690729107766
5,17,Наезд на пешехода,10,1,9,0,2,0.039101597233628306
5,17,Наезд на препятствие,3,0,3,0,0,0.030213805743292122
5,17,Столкновение,9,0,12,0,0,0.029389564800353485
5,18,Наезд на велосипедиста,1,0,1,0,0,0.007973163229734764
5,18,Наезд на пешехода,8,0,8,0,1,0.0234848389243687
5,18,Наезд на препятствие,4,0,6,0,2,0.04045186254011871
5,18,Наезд на стоящее ТС,1,0,2,0,1,0.008840507604859106
5,18,Столкновение,11,0,11,0,2,0.022185368408955977
5,19,Наезд на велосипедиста,8,0,9,0,3,0.03256294317244054
5,19,Наезд на пешехода,15,1,14,0,5,0.03780305443367631
5,19,Наезд на препятствие,3,0,3,0,0,0.008185911488033668
5,19,Наезд на стоящее ТС,3,1,5,0,0,0.004906014471356703
5,19,Опрокидывание,2,0,2,0,0,0.03700676030882674
5,19,Столкновение,22,0,24,0,4,0.04033215557211889
5,20,Наезд на велосипедиста,1,0,1,0,0,0.006460454478794267
5,20,Наезд на пешехода,11,0,12,0,3,0.03394571084591919
5,20,Падение пассажира,2,0,2,0,0,0.04844489645052112
5,20,Столкновение,11,1,10,0,2,0.031668486669118284
5,21,Наезд на пешехода,1,1,0,0,0,0.005947923902603748
5,21,Наезд на препятствие,4,2,3,0,0,0.08086142492505577
5,21,Столкновение,1,0,2,0,1,0.08417130989138505
5,22,Наезд на велосипедиста,1,0,1,0,0,0.06520997431602071
5,22,Наезд на пешехода,8,1,7,0,2,0.019944880616006067
5,22,Наезд на препятствие,2,0,2,0,0,0.0062596841905260565
5,22,Падение пассажира,2,0,2,0,0,0.04659648395637056
5,22,Столкновение,7,0,8,0,0,0.020344682292013222
5,23,Наезд на велосипедиста,2,0,2,0,0,0.02440579643785576
5,23,Наезд на пешехода,11,0,11,0,3,0.025753004735559717
5,23,Наезд на препятствие,3,0,3,0,0,0.03916828547775607
5,23,Опрокидывание,1,0,1,0,0,0.0068152682777280925
5,23,Столкновение,19,0,19,0,3,0.03760606006417875
5,24,Наезд на велосипедиста,4,0,4,0,2,0.031410155271666365
5,24,Наезд на пешехода,1,0,1,0,0,0.05352235626982046
5,24,Наезд на препятствие,2,0,3,0,0,0.029879844154429746
5,24,Столкновение,6,3,5,0,3,0.03203010937914313
5,25,Наезд на пешехода,3,1,2,1,1,0.05805062937331825
5,26,Наезд на пешехода,1,0,1,0,0,0.006326101090338872
5,26,Наезд на препятствие,5,0,6,0,1,0.03741616868562449
5,26,Наезд на стоящее ТС,5,1,7,0,0,0.03871681012728431
5,26,Прочее,1,0,1,0,0,0.05283203013522081
5,26,Столкновение,6,0,7,0,0,0.032595090184033414
5,27,Наезд на велосипедиста,1,0,1,0,0,0.0378992972927715
5,27,Наезд на пешехода,9,0,9,0,1,0.0368833140061533
5,27,Падение пассажира,2,0,2,0,0,0.06858546725914691
5,27,Столкновение,9,0,11,0,0,0.03567751715602146
5,28,Наезд на пешехода,10,2,14,1,6,0.03031709896384685
5,28,Наезд на стоящее ТС,1,0,1,0,0,0.003924204164302497
5,28,Опрокидывание,3,0,3,0,0,0.05588377862546051
5,28,Столкновение,13,0,16,0,3,0.03428274094327168
5,29,Наезд на велосипедиста,1,0,1,0,0,0.014839698872695718
5,29,Наезд на пешехода,9,1,8,0,2,0.033711695700197226
5,29,Опрокидывание,1,1,0,0,0,0.05642779187785846
5,29,Прочее,1,0,1,0,0,0.10560584421451732
5,29,Столкновение,7,0,10,0,1,0.02966062938193362
5,30,Наезд на велосипедиста,1,1,0,1,0,0.04969284411069687
5,30,Наезд на пешехода,10,0,10,0,5,0.02749933125036267
5,30,Наезд на препятствие,2,0,2,0,0,0.020131203353591476
5,30,Падение пассажира,1,0,1,0,0,0.024266402179114268
5,30,Столкновение,19,1,22,0,4,0.03248285326106417
5,31,Наезд на велосипедиста,3,0,3,0,0,0.03772817411853882
5,31,Наезд на пешехода,4,0,4,0,0,0.006560729905838015
5,31,Наезд на препятствие,1,0,1,0,0,0.004300861763207856
5,31,Опрокидывание,1,0,1,0,0,0.07881197492686977
5,31,Столкновение,7,0,7,0,0,0.04384644099166809
5,32,Наезд на велосипедиста,1,0,1,0,0,0.03259603538583571
5,32,Наезд на пешехода,5,0,5,0,2,0.024608219228028284
5,32,Наезд на препятствие,2,1,4,0,0,0.017118106517789222
5,32,Наезд на стоящее ТС,1,1,0,0,0,0.009779022866855681
5,32,Падение пассажира,1,0,1,0,0,0.009754578757586051
5,32,Столкновение,9,0,9,0,0,0.020709067402736467
5,33,Наезд на пешехода,8,0,8,0,1,0.02614611020280421
5,33,Наезд на препятствие,1,0,1,0,0,0.005193089115963265
5,33,Опрокидывание,1,0,1,0,0,0.004168027963582225
5,33,Падение пассажира,1,0,1,0,0,0.0067291612557050596
5,33,Столкновение,9,0,9,0,2,0.036804922516904134
5,34,Наезд на велосипедиста,1,0,1,0,0,0.004569568540118648
5,34,Наезд на пешехода,10,0,11,0,2,0.031564550772457914
5,34,Наезд на препятствие,1,0,1,0,0,0.014339228098991248
5,34,Опрокидывание,2,0,3,0,0,0.026922441623254807
5,34,Столкновение,13,0,14,0,2,0.024756517799621403
5,35,Наезд на пешехода,1,0,1,0,0,0.06469664999142359
5,35,Столкновение,2,0,3,0,0,0.09971789477483096
5,36,Наезд на велосипедиста,1,0,1,0,0,0.007973163229734764
5,36,Наезд на пешехода,3,0,3,0,1,0.041594080129769416
5,36,Столкновение,2,0,6,0,1,0.030267173508374694
5,37,Наезд на пешехода,1,0,1,0,1,0.026006013478640223
5,37,Наезд на препятствие,3,1,3,0,0,0.02850098018006623
5,37,Опрокидывание,1,0,1,0,1,0.04151108187773731
5,37,Прочее,1,0,1,0,0,0.05234590212549112
5,37,Столкновение,3,0,6,0,0,0.018155781081835368
5,38,Наезд на велосипедиста,4,0,4,0,0,0.05570745335614023
5,38,Наезд на пешехода,8,0,9,0,0,0.02082111063424816
5,38,Наезд на препятствие,3,1,4,0,0,0.0024298190813269705
5,38,Наезд на стоящее ТС,1,0,1,0,0,0.0164959736411051
5,38,Опрокидывание,1,0,1,0,0,0.014848911501709207
5,38,Падение пассажира,1,0,1,0,0,0.01816639916930229
5,38,Столкновение,7,1,8,0,0,0.022312740535591256
5,39,Наезд на велосипедиста,1,0,1,0,0,0.04940548204226701
5,39,Наезд на пешехода,8,1,7,0,3,0.022898496715187067
5,39,Опрокидывание,1,0,1,0,0,0.06697773113748741
5,39,Столкновение,9,0,10,0,0,0.020389020880945533
5,40,Наезд на велосипедиста,2,0,2,0,1,0.03466325159377384
5,40,Наезд на пешехода,8,0,8,0,1,0.015685201734182235
5,40,Столкновение,6,0,6,0,0,0.0064497459342139594
5,41,Наезд на велосипедиста,1,0,1,0,0,0.0032390206757044768
5,41,Наезд на пешехода,5,1,4,0,1,0.03138242237083133
5,41,Наезд на препятствие,6,2,8,0,0,0.025653571444964756
5,41,Падение пассажира,1,0,1,0,0,0.04103684310350795
5,41,Столкновение,15,0,16,0,0,0.030150419141974152
5,42,Наезд на велосипедиста,2,0,2,0,1,0.08177761954035884
5,42,Наезд на пешехода,11,0,11,0,1,0.015685808896574057
5,42,Наезд на препятствие,1,0,3,0,0,0.1006315495243634
5,42,Падение пассажира,5,0,5,0,0,0.02555064269127145
5,42,Столкновение,15,0,18,0,1,0.03530161292990666
5,43,Наезд на велосипедиста,3,0,4,0,3,0.048379703255863694
5,43,Наезд на пешехода,9,0,9,0,1,0.046463425502621364
5,43,Наезд на препятствие,5,1,4,0,0,0.019668209930169163
5,43,Наезд на стоящее ТС,2,0,2,0,0,0.012870478077176777
5,43,Опрокидывание,1,0,1,0,1,0.045353811022437955
5,43,Падение пассажира,1,0,1,0,0,0.09434892746517774
5,43,Прочее,1,0,1,0,0,0.09266894166169738
5,43,Столкновение,21,0,24,0,3,0.042812342801963776
5,44,Наезд на велосипедиста,2,0,2,0,0,0.03243678597624419
5,44,Наезд на пешехода,7,0,7,0,1,0.04439058043214988
5,44,Наезд на препятствие,1,0,1,0,0,0.04766813346587563
5,44,Столкновение,13,1,15,0,0,0.03465981397452062
5,45,Наезд на велосипедиста,1,0,1,0,1,0.07973395153058684
5,45,Наезд на пешехода,4,0,4,0,0,0.029290152598754546
5,45,Падение пассажира,1,0,1,0,1,0.02891193883438552
5,46,Наезд на велосипедиста,1,0,1,0,0,0.03236147426551461
5,46,Наезд на пешехода,7,0,7,0,1,0.04412989423925604
5,46,Падение пассажира,2,0,2,0,0,0.0141555871286672
5,46,Столкновение,13,0,13,0,0,0.019561598994479328
5,47,Наезд на велосипедиста,2,0,2,0,0,0.02406448544073706
5,47,Наезд на пешехода,12,1,12,0,5,0.043182781140661625
5,47,Наезд на препятствие,1,0,1,0,0,0.005949443491433512
5,47,Наезд на стоящее ТС,3,1,3,1,0,0.026391013475192408
5,47,Опрокидывание,1,0,1,0,0,0.0049243823390524724
5,47,Столкновение,21,1,24,0,2,0.03337160817820831
5,48,Наезд на велосипедиста,1,0,1,0,1,0.014046606006894518
5,48,Наезд на пешехода,2,0,3,0,1,0.0739245168309087
5,48,Наезд на препятствие,1,1,0,0,0,0.007840329430109132
5,48,Наезд на стоящее ТС,1,0,3,0,0,0.003051820068341822
5,48,Столкновение,2,0,6,0,1,0.10876515543021616
5,48,Съезд с дороги,1,0,1,0,0,0.04626362483443198
5,49,Наезд на велосипедиста,2,0,2,0,1,0.031815972353525075
5,49,Наезд на пешехода,4,0,4,0,0,0.017880199048994887
5,49,Наезд на стоящее ТС,1,0,1,0,0,0.11731671702955837
5,49,Падение пассажира,2,0,2,0,0,0.023750616952300855
5,49,Прочее,1,0,1,0,0,0.05361478707715189
5,49,Столкновение,16,0,17,0,1,0.038531424285058555
5,50,Наезд на пешехода,6,0,7,0,1,0.02888933143791349
5,50,Наезд на стоящее ТС,1,0,1,0,0,0.005735103522259745
5,50,Опрокидывание,1,0,1,0,1,0.024592351260310882
5,50,Столкновение,13,0,13,0,0,0.03265834589963006
5,51,Наезд на велосипедиста,1,0,1,0,0,0.05450961352577107
5,51,Наезд на пешехода,9,0,9,0,4,0.04406637121655759
5,51,Наезд на препятствие,1,0,3,0,0,0.061018017026191224
5,51,Опрокидывание,1,0,1,0,1,0.004026155096796227
5,51,Падение пассажира,1,0,1,0,0,0.014997369469306087
5,51,Столкновение,13,0,20,0,3,0.027635281584659013
5,52,Наезд на велосипедиста,1,0,1,0,0,0.007381783156904696
5,52,Наезд на пешехода,8,0,8,0,3,0.03990513368173357
5,52,Наезд на препятствие,1,0,1,0,0,0.0020516418935918467
5,52,Опрокидывание,2,0,2,0,1,0.0566908778328722
5,52,Падение пассажира,5,0,5,0,1,0.046973183822778763
5,52,Столкновение,9,0,10,0,3,0.03061146532671883
5,53,Наезд на пешехода,5,0,5,0,1,0.01735828081986834
5,53,Опрокидывание,1,0,1,0,0,0.0988755845878848
5,53,Столкновение,13,2,13,0,3,0.049770648687907246
5,54,Наезд на велосипедиста,3,0,3,0,0,0.007640277034428026
5,54,Наезд на пешехода,7,0,7,0,2,0.03276196163376367
5,54,Наезд на препятствие,1,0,1,0,0,0.06327568678511634
5,54,Столкновение,14,0,17,0,4,0.025729180083081362
5,55,Наезд на велосипедиста,2,1,1,0,0,0.021494454270796666
5,55,Наезд на пешехода,16,1,16,0,7,0.023794015410400313
5,55,Наезд на препятствие,6,0,6,0,0,0.029208821356726644
5,55,Наезд на стоящее ТС,4,0,4,0,0,0.07143459698581066
5,55,Опрокидывание,2,0,2,0,0,0.14445568388928198
5,55,Падение пассажира,3,0,3,0,0,0.031139909131056475
5,55,Столкновение,20,1,25,0,0,0.061535965245070656
5,56,Наезд на пешехода,3,0,3,0,2,0.02139087620540542
5,56,Наезд на препятствие,1,0,1,0,0,0.018139743143640336
5,56,Падение пассажира,1,0,1,0,0,0.021188524034322625
5,56,Столкновение,6,1,7,0,0,0.02756645553091186
5,57,Наезд на велосипедиста,1,0,1,0,1,0.04576307157014089
5,57,Наезд на пешехода,8,1,7,0,0,0.03570273413774718
5,57,Наезд на препятствие,4,0,4,0,1,0.0849823222242753
5,57,Наезд на стоящее ТС,2,1,1,0,0,0.06575748787691796
5,57,Опрокидывание,2,0,2,0,0,0.04060577978972875
5,57,Падение пассажира,2,0,2,0,0,0.028588558138665315
5,57,Прочее,1,0,1,0,0,0.1309794534117303
5,57,Столкновение,28,0,33,0,2,0.05771252968600891
5,58,Наезд на велосипедиста,1,0,1,0,0,0.014292503069160148
5,58,Наезд на пешехода,12,0,12,0,3,0.027141760566336742
5,58,Наезд на препятствие,2,0,4,0,0,0.03869712985049383
5,58,Наезд на стоящее ТС,6,0,10,0,0,0.04348460257701776
5,58,Падение пассажира,1,0,1,0,0,0.010843163412557554
5,58,Столкновение,17,1,19,0,3,0.03265154974497228
5,59,Наезд на велосипедиста,1,0,1,0,0,0.010882551011125327
5,59,Наезд на пешехода,4,0,4,0,0,0.024937524883010424
5,59,Наезд на стоящее ТС,1,0,1,0,0,0.00191728850513645
5,59,Опрокидывание,1,0,1,0,0,0.052543490881121854
5,59,Падение пассажира,2,0,2,0,0,0.036999609372795936
5,59,Столкновение,9,0,9,0,1,0.02845050477726903
5,60,Наезд на велосипедиста,4,0,4,0,0,0.04680862090632254
5,60,Наезд на пешехода,4,0,4,0,2,0.038081550081310006
5,60,Падение пассажира,2,0,2,0,0,0.015175765741480777
5,60,Столкновение,11,1,16,0,0,0.03373845636186152
5,61,Наезд на пешехода,1,0,1,0,1,0.008595164216749615
5,61,Столкновение,1,0,2,0,0,0.0031414472223714194
5,62,Наезд на пешехода,7,0,7,0,2,0.025436431100167727
5,62,Наезд на препятствие,3,0,3,0,0,0.053124682493086405
5,62,Наезд на стоящее ТС,3,0,4,0,0,0.0381236769408945
5,62,Опрокидывание,1,0,1,0,0,0.008327977028668587
5,62,Столкновение,21,2,22,0,2,0.02574407033765705
5,63,Наезд на велосипедиста,2,0,2,0,0,0.007784074635867201
5,63,Наезд на пешехода,11,1,10,0,1,0.028292872850374427
5,63,Наезд на препятствие,1,0,1,0,1,0.0593308309171086
5,63,Наезд на стоящее ТС,1,0,1,0,0,0.00357512830192239
5,63,Столкновение,11,0,12,0,1,0.019653189767848574
5,64,Наезд на пешехода,3,0,3,0,1,0.06591640500669967
5,64,Наезд на препятствие,1,0,1,0,0,0.06002435210546323
5,64,Опрокидывание,1,0,1,0,0,0.06531227342408885
5,64,Столкновение,18,0,24,0,0,0.029991663848717827
5,65,Наезд на велосипедиста,2,0,3,0,1,0.0626229225379997
5,65,Наезд на пешехода,8,1,7,0,1,0.020856933786045903
5,65,Опрокидывание,1,0,1,0,0,0.04368665226790947
5,65,Падение пассажира,1,0,1,0,0,0.05740484578629324
5,65,Столкновение,9,0,15,0,3,0.019810892659169806
5,66,Наезд на велосипедиста,1,0,1,0,0,0.037051296309717506
5,66,Наезд на пешехода,6,0,7,0,1,0.024375051601660036
5,66,Наезд на препятствие,2,0,4,0,0,0.05749653685351985
5,66,Наезд на стоящее ТС,3,0,5,0,0,0.020346951568625857
5,66,Столкновение,31,1,34,0,3,0.041458050698319114
5,68,Наезд на велосипедиста,3,0,3,0,1,0.024954850245834104
5,68,Наезд на пешехода,8,1,8,0,1,0.044045862373288815
5,68,Наезд на препятствие,1,0,2,0,0,0.04782627482159125
5,68,Наезд на стоящее ТС,3,1,2,0,0,0.04443640880889856
5,68,Падение пассажира,1,0,2,0,1,0.04986455970157922
5,68,Столкновение,12,0,14,0,0,0.030691842057422137
5,69,Наезд на пешехода,11,1,11,0,8,0.039610699689868904
5,69,Наезд на препятствие,2,1,1,0,0,0.01672879138881621
5,69,Наезд на стоящее ТС,2,0,2,0,0,0.042641640709093966
5,69,Столкновение,10,1,15,0,5,0.01516982987550956
5,70,Наезд на велосипедиста,1,0,1,0,0,0.062223265411640416
5,70,Наезд на пешехода,9,0,9,0,4,0.02315660470844821
5,70,Наезд на препятствие,4,0,5,0,0,0.005602834926188273
5,70,Наезд на стоящее ТС,1,0,3,0,0,0.0025377699033215365
5,70,Опрокидывание,2,0,2,0,0,0.014076072145702431
5,70,Падение пассажира,1,0,1,0,0,0.029956121525802612
5,70,Столкновение,17,0,25,0,1,0.03121489159685636
5,71,Наезд на велосипедиста,2,1,1,0,0,0.06833748001734537
5,71,Наезд на пешехода,9,0,9,0,3,0.052127884673194284
5,71,Наезд на препятствие,2,1,1,0,0,0.025147941531460338
5,71,Наезд на стоящее ТС,1,0,1,0,0,0.0645056916396157
5,71,Опрокидывание,2,0,2,0,0,0.030376486680356623
5,71,Падение пассажира,1,0,1,0,0,0.06494197208443266
5,71,Столкновение,12,0,12,0,1,0.033700302723603554
5,72,Наезд на велосипедиста,1,0,1,0,0,0.009107694792940135
5,72,Наезд на пешехода,2,0,2,0,1,0.06581596859147223
5,72,Наезд на препятствие,1,0,1,0,0,0.040595656668633365
5,72,Опрокидывание,1,0,1,0,0,0.0030334964003768533
5,72,Падение пассажира,2,0,2,0,0,0.024925663247554766
5,72,Столкновение,10,1,10,0,0,0.018933164512172036
5,73,Наезд на велосипедиста,2,0,2,0,0,0.02583251254148498
5,73,Наезд на пешехода,19,1,19,0,3,0.029879681705919814
5,73,Наезд на стоящее ТС,1,0,1,0,0,0.02324321633274676
5,73,Падение пассажира,1,0,1,0,0,0.03489000006047347
5,73,Столкновение,10,0,13,0,0,0.023506366573148023
5,74,Наезд на пешехода,7,1,6,0,1,0.04939116051193055
5,74,Наезд на препятствие,4,1,3,0,0,0.061009449706323444
5,74,Наезд на стоящее ТС,1,1,0,0,0,0.04731869480137015
5,74,Падение пассажира,2,0,3,0,1,0.02714277970752514
5,74,Прочее,1,0,1,0,1,0.09263572547530968
5,74,Столкновение,11,1,16,0,2,0.0455436609521618
5,75,Наезд на велосипедиста,3,0,3,0,0,0.051312491252597625
5,75,Наезд на пешехода,6,0,6,0,0,0.023131217278363068
5,75,Наезд на препятствие,1,0,1,0,0,0.0073262792650888465
5,75,Наезд на стоящее ТС,1,0,2,0,0,0.006142382035349887
5,75,Опрокидывание,1,0,1,0,1,0.04601343539350944
5,75,Падение пассажира,2,0,2,0,0,0.028097978647046367
5,75,Столкновение,10,0,10,0,1,0.03166298290184885
5,76,Наезд на велосипедиста,1,0,1,0,0,0.08936087067500557
5,76,Наезд на пешехода,2,0,2,0,1,0.021635104148253984
5,76,Наезд на препятствие,2,0,5,0,0,0.08445598893866145
5,76,Столкновение,5,0,5,0,0,0.015317045893505521
5,77,Наезд на велосипедиста,1,0,1,0,0,0.02881976566438432
5,77,Наезд на пешехода,4,0,4,0,0,0.03525647634773607
5,77,Наезд на препятствие,1,0,1,0,0,0.02982146342796406
5,77,Падение пассажира,3,0,3,0,0,0.03129341959197327
5,77,Столкновение,3,0,5,0,0,0.01773249840101141
5,78,Наезд на велосипедиста,1,0,1,0,0,0.032664755276578326
5,78,Наезд на пешехода,1,0,1,0,0,0.18260838046806963
5,78,Столкновение,4,3,3,0,0,0.0233412323664844
5,78,Съезд с дороги,1,0,1,0,0,0.05016142643227365
5,80,Наезд на пешехода,1,0,1,0,1,0.03676699996835579
5,80,Наезд на препятствие,1,0,4,0,2,0.0016734647058567224
5,80,Наезд на стоящее ТС,1,0,1,0,1,0.04612041635292362
5,80,Опрокидывание,1,1,0,0,0,0.042008274785908184
5,80,Прочее,1,0,1,0,0,0.05636341890362623
5,80,Столкновение,9,2,10,0,1,0.018220817580957935
5,81,Наезд на велосипедиста,2,0,3,0,0,0.00872951760520501
5,81,Столкновение,2,0,2,0,1,0.08629628685851512
5,82,Наезд на велосипедиста,2,0,2,0,2,0.02487444128636997
5,82,Наезд на пешехода,2,0,2,0,2,0.02004838751154191
5,82,Наезд на стоящее ТС,1,0,1,0,0,0.0033791120007135916
5,82,Столкновение,6,0,8,0,1,0.05329806526308747
5,83,Наезд на велосипедиста,2,1,1,0,0,0.05176988946190963
5,83,Наезд на пешехода,12,1,11,0,2,0.028292042472888385
5,83,Наезд на препятствие,1,0,1,0,0,0.0031861734567972177
5,83,Наезд на стоящее ТС,1,1,2,0,0,0.1790207149117417
5,83,Опрокидывание,1,0,1,0,0,0.1754827668336702
5,83,Столкновение,22,0,27,0,4,0.061580321000424924
5,84,Наезд на велосипедиста,4,0,7,0,2,0.025682508980656972
5,84,Наезд на пешехода,21,0,21,0,2,0.02029007206975613
5,84,Наезд на стоящее ТС,2,0,3,0,0,0.008689866314636457
5,84,Опрокидывание,2,0,2,0,0,0.06097039785615574
5,84,Падение пассажира,4,0,4,0,0,0.035879862152920876
5,84,Столкновение,23,2,26,0,1,0.017934247867489435
5,85,Наезд на велосипедиста,3,0,3,0,2,0.027234349767189952
5,85,Наезд на пешехода,8,0,10,0,0,0.040223362374685656
5,85,Наезд на препятствие,3,0,4,0,0,0.059783725577668013
5,85,Наезд на стоящее ТС,2,0,2,0,0,0.03248542302844561
5,85,Опрокидывание,3,1,2,0,0,0.02762797921064518
5,85,Падение пассажира,3,0,3,0,0,0.05777084573095181
5,85,Столкновение,23,5,24,1,4,0.03758975980868615
5,86,Наезд на пешехода,3,0,3,0,1,0.028455416728571117
5,86,Опрокидывание,1,0,1,0,0,0.03902949235807394
5,86,Падение пассажира,1,0,1,0,0,0.0659926672554119
5,86,Столкновение,6,0,6,0,1,0.013707802419180454
5,87,Наезд на пешехода,12,0,13,0,2,0.03590460120265037
5,87,Наезд на препятствие,3,3,3,0,0,0.02738484940215144
5,87,Наезд на стоящее ТС,3,0,3,0,0,0.03159334636048324
5,87,Опрокидывание,1,1,0,0,0,0.007813926863648303
5,87,Падение пассажира,1,0,1,0,0,0.03528282025000148
5,87,Столкновение,20,0,23,0,1,0.018984397234335697
5,88,Наезд на велосипедиста,4,0,4,0,1,0.023157128326747982
5,88,Наезд на пешехода,14,1,14,0,1,0.04672919408588685
5,88,Наезд на препятствие,1,0,1,0,0,0.0055712663036983886
5,88,Наезд на стоящее ТС,3,0,3,0,0,0.04394958228390847
5,88,Опрокидывание,1,0,1,0,0,0.0728291269511264
5,88,Прочее,1,0,1,0,0,0.052186665759404664
5,88,Столкновение,16,0,18,0,5,0.03408066887181526
5,89,Наезд на пешехода,3,0,3,0,0,0.034103090505982786
5,89,Наезд на препятствие,3,0,5,0,0,0.0068086096590657145
5,89,Наезд на стоящее ТС,1,0,1,0,0,0.036171709518034945
5,89,Опрокидывание,2,0,2,0,0,0.039553227370386156
5,89,Падение пассажира,1,0,1,0,0,0.007863692818910431
5,89,Столкновение,8,0,10,0,1,0.030458418751526793
5,90,Наезд на велосипедиста,2,0,2,0,2,0.05078735128413099
5,90,Наезд на пешехода,5,1,4,0,1,0.03947512817413505
5,90,Наезд на препятствие,2,0,2,0,0,0.09335094913813088
5,90,Опрокидывание,1,0,1,0,0,0.10358226143316954
5,90,Столкновение,8,0,9,0,2,0.08385672331818625
5,91,Наезд на велосипедиста,8,0,8,0,0,0.0338622410003251
5,91,Наезд на пешехода,13,1,16,0,5,0.01835206778238358
5,91,Наезд на препятствие,3,0,3,0,0,0.042317132235868284
5,91,Наезд на стоящее ТС,2,0,2,0,0,0.002295465692871574
5,91,Опрокидывание,4,0,5,0,0,0.038220068350755365
5,91,Падение пассажира,5,0,6,0,0,0.03615637488929676
5,91,Столкновение,27,0,33,0,2,0.029042162064005672
5,92,Наезд на велосипедиста,1,1,0,1,0,0.03723195507894448
5,92,Наезд на пешехода,2,0,2,0,2,0.028735228351461445
5,92,Наезд на стоящее ТС,1,0,1,0,0,0.006949621666183488
5,92,Столкновение,10,0,15,0,4,0.053719731878438835
5,93,Наезд на велосипедиста,1,0,1,0,0,0.03199266637509425
5,93,Наезд на пешехода,3,0,3,0,0,0.07189480065519593
5,93,Наезд на препятствие,1,0,1,0,0,0.007462152242374008
5,93,Столкновение,10,2,12,0,0,0.036763773118607526
5,94,Наезд на велосипедиста,1,0,1,0,0,0.03987977930796517
5,94,Наезд на пешехода,1,0,1,0,0,0.05450244292310207
5,94,Наезд на препятствие,2,0,3,0,1,0.026707078591576134
5,94,Наезд на стоящее ТС,4,0,5,0,0,0.025624881325300435
5,94,Столкновение,7,0,9,0,0,0.05616184843257822
5,95,Наезд на велосипедиста,3,0,3,0,1,0.042808618874345415
5,95,Наезд на пешехода,1,0,1,0,0,0.03256174757176712
5,95,Опрокидывание,1,0,1,0,0,0.08160223444441282
5,95,Падение пассажира,3,0,4,0,0,0.04290302853429403
5,95,Столкновение,6,0,6,0,1,0.03703085553938348
5,96,Наезд на пешехода,4,0,4,0,0,0.014679815825973334
5,96,Наезд на стоящее ТС,1,0,1,0,0,0.11546518043851847
5,96,Опрокидывание,1,0,1,0,0,0.005978927321539473
5,96,Столкновение,12,0,13,0,4,0.05885973259174839
5,97,Наезд на пешехода,1,0,1,0,0,0.21134431901003378
5,97,Столкновение,2,0,2,0,0,0.09278033609465475
5,98,Наезд на велосипедиста,1,0,1,0,0,0.006460454478794267
5,98,Наезд на пешехода,8,0,8,0,2,0.023404611056705826
5,98,Наезд на стоящее ТС,1,0,1,0,0,0.03471866353683617
5,98,Опрокидывание,1,0,1,0,0,0.006058913902257845
5,98,Падение пассажира,1,0,1,0,0,0.007485515631175308
5,98,Столкновение,9,0,11,0,0,0.02461468497423304
5,99,Наезд на пешехода,3,1,2,0,0,0.006978440125242711
5,99,Наезд на стоящее ТС,1,0,1,0,0,0.09947898257552094
5,99,Столкновение,5,1,7,0,3,0.125232753386129
5,100,Опрокидывание,1,0,1,0,0,0.03993358066300213
5,100,Столкновение,1,0,1,0,0,0.006166864724252411
5,101,Наезд на велосипедиста,2,0,2,0,1,0.05262214868476277
5,101,Наезд на пешехода,5,1,4,0,2,0.05309469826800015
5,101,Наезд на препятствие,1,0,1,0,0,0.030295118718642197
5,101,Наезд на стоящее ТС,1,0,1,0,0,0.0022154791121532023
5,101,Падение пассажира,1,0,1,0,0,0.03069665929517862
5,101,Столкновение,10,0,12,0,1,0.029486062979587536
5,102,Наезд на велосипедиста,4,0,4,0,0,0.018858698216152128
5,102,Наезд на пешехода,4,0,4,0,2,0.025552799252653635
5,102,Падение пассажира,2,0,2,0,0,0.010806105898423953
5,102,Столкновение,7,0,9,0,1,0.02982844462120407
5,103,Наезд на велосипедиста,1,0,1,0,0,0.01489836582198483
5,103,Наезд на пешехода,7,0,7,0,3,0.03520252381843462
5,103,Наезд на препятствие,2,0,2,0,0,0.022491449628289112
5,103,Опрокидывание,1,0,1,0,0,0.009526056239008892
5,103,Падение пассажира,3,0,3,0,0,0.05161246387912782
5,103,Столкновение,10,0,12,0,0,0.023003171964983565
5,104,Наезд на велосипедиста,3,0,3,0,0,0.01205088261746993
5,104,Наезд на пешехода,11,0,11,0,3,0.02328721118208288
5,104,Наезд на стоящее ТС,1,0,1,0,0,0.03255653247853521
5,104,Опрокидывание,1,0,1,0,0,0.0211400501446265
5,104,Столкновение,2,0,2,0,0,0.012255599099470839
5,105,Наезд на пешехода,4,0,4,0,0,0.024030698909682475
5,105,Наезд на препятствие,2,0,2,0,1,0.023307738217013027
5,105,Столкновение,8,0,12,0,3,0.03080697925700092
5,106,Наезд на пешехода,9,0,9,0,2,0.013971590072856989
5,106,Опрокидывание,2,0,2,0,0,0.041428401452127825
5,106,Падение пассажира,3,0,3,0,0,0.053101005588069024
5,106,Столкновение,4,0,5,0,0,0.025510295753664924
5,107,Наезд на велосипедиста,4,0,4,0,2,0.03453204961254234
5,107,Наезд на пешехода,8,0,8,0,1,0.031446787228648874
5,107,Наезд на препятствие,2,0,3,0,0,0.025818522291806565
5,107,Падение пассажира,1,0,1,0,0,0.04667151231417022
5,107,Столкновение,13,1,12,0,1,0.02523054064896507
5,108,Наезд на пешехода,3,0,3,0,1,0.035336379353540885
5,108,Наезд на препятствие,1,0,1,0,0,0.0016734647058567224
5,108,Опрокидывание,1,0,1,0,0,0.0828770673219969
5,108,Столкновение,9,0,11,0,0,0.016151966755197353
5,109,Наезд на велосипедиста,1,0,1,0,1,0.005325922915588897
5,109,Наезд на пешехода,6,0,6,0,1,0.01135171899338848
5,109,Столкновение,3,0,3,0,0,0.030000536118386226
5,110,Наезд на велосипедиста,4,0,4,0,1,0.03370060397984998
5,110,Наезд на пешехода,13,0,13,0,4,0.020343647344698346
5,110,Наезд на препятствие,2,0,3,0,0,0.027589712187167117
5,110,Наезд на стоящее ТС,1,2,1,0,0,0.15586353632548042
5,110,Опрокидывание,3,0,4,0,0,0.018329581198002785
5,110,Падение пассажира,1,0,1,0,0,0.013013521368154948
5,110,Столкновение,16,0,21,0,5,0.03662109490120681
5,111,Наезд на велосипедиста,2,0,2,0,2,0.04387997992528356
5,111,Наезд на пешехода,13,1,13,0,4,0.030192290594092976
5,111,Наезд на препятствие,3,0,3,0,0,0.035471059489753626
5,111,Опрокидывание,2,0,2,0,1,0.06346368963957051
5,111,Падение пассажира,1,0,1,0,0,0.07247133044289615
5,111,Столкновение,27,0,33,0,4,0.022339791305261918
5,113,Наезд на велосипедиста,1,0,1,0,0,0.029566448199046365
5,113,Наезд на пешехода,7,2,5,0,1,0.02958034671833806
5,113,Наезд на препятствие,2,0,2,0,0,0.034488509534848624
5,113,Падение пассажира,2,0,2,0,0,0.0309492564215429
5,113,Столкновение,11,1,17,0,2,0.025263931082562897
5,114,Наезд на велосипедиста,2,0,2,0,2,0.03873320152411868
5,114,Наезд на пешехода,10,0,12,0,1,0.040339966187770436
5,114,Наезд на препятствие,1,0,1,0,0,0.010371540023764572
5,114,Опрокидывание,2,0,2,0,0,0.037316014339887356
5,114,Падение пассажира,3,0,4,0,0,0.04718860647858719
5,114,Столкновение,13,1,13,0,2,0.05546381340560188
5,115,Наезд на велосипедиста,3,0,3,0,0,0.04408899192965025
5,115,Наезд на пешехода,12,1,11,0,2,0.03717609827006383
5,115,Столкновение,8,0,8,0,0,0.03624538378923702
5,116,Наезд на велосипедиста,4,0,4,0,0,0.01685390523992037
5,116,Наезд на пешехода,9,0,9,0,0,0.020604375341880192
5,116,Наезд на препятствие,2,0,2,0,1,0.015295745544315542
5,116,Опрокидывание,1,0,1,0,0,0.0037898507758471005
5,116,Столкновение,6,1,5,0,1,0.01826341409917554
5,117,Наезд на велосипедиста,7,0,7,0,1,0.02671957586449387
5,117,Наезд на пешехода,16,0,17,0,5,0.029920161279626527
5,117,Наезд на препятствие,1,0,1,0,0,0.003922684575472732
5,117,Наезд на стоящее ТС,3,0,7,0,1,0.005891239701567279
5,117,Падение пассажира,3,0,3,0,1,0.021811344812334113
5,117,Столкновение,16,0,21,0,1,0.038658959202236866
5,118,Наезд на велосипедиста,1,0,1,0,0,0.007594986041999639
5,118,Наезд на пешехода,8,2,6,0,2,0.028443460900195748
5,118,Наезд на препятствие,2,1,2,0,0,0.03414833184757898
5,118,Наезд на стоящее ТС,4,1,4,0,0,0.02579239208450256
5,118,Опрокидывание,1,0,1,0,0,0.006058913902257845
5,118,Падение пассажира,2,0,2,0,0,0.031225737035755676
5,118,Столкновение,9,0,13,0,3,0.021864470497586958
5,119,Наезд на пешехода,4,0,4,0,1,0.015092265201279579
5,119,Наезд на препятствие,1,0,3,0,1,0.20556405171311254
5,119,Наезд на стоящее ТС,1,1,0,0,0,0.13832324312569397
5,119,Столкновение,10,0,12,0,1,0.03879324284035358
5,120,Наезд на пешехода,7,1,6,0,3,0.02555606549383096
5,120,Наезд на препятствие,1,0,1,0,0,0.023264677555456678
5,120,Опрокидывание,1,0,1,0,1,0.015031907396235744
5,120,Падение пассажира,3,0,3,0,1,0.027998238225976923
5,120,Столкновение,7,0,9,0,2,0.019794629710446852
5,121,Наезд на препятствие,1,1,0,0,0,0.007083975054638884
5,121,Столкновение,11,2,15,0,2,0.1352067872344724
5,122,Наезд на велосипедиста,3,0,3,0,0,0.025877554366233648
5,122,Наезд на пешехода,2,0,2,0,0,0.004337207001058853
5,122,Наезд на препятствие,1,0,1,0,0,0.05716719234403691
5,122,Падение пассажира,1,0,1,0,0,0.008998224382115803
5,122,Столкновение,9,0,12,0,3,0.02919236539750861
5,123,Наезд на велосипедиста,2,0,2,0,0,0.03465938329173245
5,123,Наезд на пешехода,8,0,9,0,2,0.0361232013753148
5,123,Наезд на препятствие,2,0,2,0,0,0.0437656510975889
5,123,Наезд на стоящее ТС,1,2,1,0,0,0.09368423512924816
5,123,Опрокидывание,1,0,1,0,0,0.06194272136311395
5,123,Столкновение,14,0,17,0,1,0.039392488576443514
5,124,Наезд на пешехода,2,0,2,0,0,0.0034317573220802285
5,124,Наезд на стоящее ТС,1,0,1,0,0,0.006491457897729993
5,124,Падение пассажира,1,0,1,0,0,0.018583592712172883
5,124,Столкновение,5,0,8,0,0,0.07998625075768456
5,125,Наезд на велосипедиста,4,0,4,0,0,0.039057441362397555
5,125,Наезд на пешехода,18,1,17,0,4,0.03733952509456951
5,125,Наезд на препятствие,1,0,1,0,0,0.003680380365022769
5,125,Опрокидывание,1,0,1,0,0,0.004546205151317349
5,125,Падение пассажира,4,0,4,0,0,0.021524951488869622
5,125,Столкновение,18,0,23,0,1,0.040346536717942014
5,127,Наезд на велосипедиста,3,0,3,0,0,0.058032806281968774
5,127,Наезд на пешехода,19,0,20,0,5,0.03662891648548263
5,127,Наезд на препятствие,4,1,6,0,0,0.048349417141222845
5,127,Наезд на стоящее ТС,1,0,1,0,0,0.04579228106031968
5,127,Опрокидывание,1,0,1,0,0,0.1303734667706404
5,127,Падение пассажира,2,0,2,0,0,0.06284843476773179
5,127,Столкновение,17,0,19,0,0,0.03650797126522656
5,128,Падение пассажира,2,0,3,0,1,0.035115254140396124
5,128,Столкновение,3,0,3,0,0,0.051840498990774475
5,130,Наезд на велосипедиста,3,0,3,0,2,0.014077126462132349
5,130,Наезд на пешехода,11,0,12,0,5,0.03596604570623313
5,130,Наезд на препятствие,2,0,2,0,0,0.03440488363760476
5,130,Наезд на стоящее ТС,2,0,3,0,1,0.006884185748142624
5,130,Опрокидывание,2,0,2,0,0,0.0245227792099944
5,130,Прочее,1,0,1,0,1,0.05574797722627747
5,130,Столкновение,16,0,26,0,2,0.06223445354536452
5,131,Наезд на велосипедиста,2,0,2,0,1,0.06638755742612505
5,131,Наезд на пешехода,1,0,1,0,0,0.010791133415624224
5,131,Падение пассажира,1,0,1,0,0,0.0344228492715507
5,131,Столкновение,6,0,6,0,0,0.02758778522062867
5,133,Наезд на велосипедиста,1,0,1,0,0,0.08711155099620731
5,133,Наезд на пешехода,5,0,5,0,1,0.04183950750573354
5,133,Опрокидывание,1,0,1,0,0,0.03888926222951379
5,133,Падение пассажира,1,0,1,0,0,0.08775843496085323
5,133,Столкновение,7,0,7,0,0,0.037480813297601605
5,134,Наезд на велосипедиста,7,1,6,0,1,0.040913116077174946
5,134,Наезд на пешехода,14,0,14,0,4,0.026136725518807576
5,134,Наезд на препятствие,1,0,1,0,0,0.040203869542559945
5,134,Наезд на стоящее ТС,1,0,2,0,0,0.007327798853918612
5,134,Опрокидывание,3,0,4,0,0,0.04421009078642363
5,134,Падение пассажира,1,0,1,0,0,0.028867471655505267
5,134,Столкновение,31,0,36,0,7,0.030541077003038184
5,135,Наезд на велосипедиста,1,0,1,0,1,0.008729517605205012
5,135,Наезд на пешехода,11,1,10,0,3,0.03207395651438898
5,135,Наезд на стоящее ТС,1,0,1,0,0,0.018024587660030143
5,135,Столкновение,7,0,8,0,2,0.02691886811206298
5,136,Наезд на велосипедиста,2,0,2,0,0,0.03412230444658863
5,136,Наезд на пешехода,6,0,6,0,1,0.016042523857914104
5,136,Наезд на препятствие,3,0,3,0,0,0.033594869030353545
5,136,Опрокидывание,3,0,3,0,0,0.028440240682308614
5,136,Падение пассажира,1,0,1,0,0,0.03713046573816929
5,136,Столкновение,12,0,12,0,0,0.023853186921996842
5,137,Наезд на велосипедиста,1,0,1,0,1,0.010242226356145506
5,137,Наезд на пешехода,4,0,4,0,3,0.031202254827510337
5,137,Столкновение,11,0,11,0,0,0.02994003722431373
5,138,Наезд на пешехода,11,0,11,0,7,0.04068683377200025
5,138,Наезд на препятствие,1,0,1,0,0,0.0020516418935918467
5,138,Столкновение,12,0,16,0,2,0.021462542144385924
5,139,Наезд на пешехода,8,0,8,0,2,0.034604741577197395
5,139,Падение пассажира,1,0,1,0,0,0.010132755945321176
5,139,Столкновение,3,0,3,0,1,0.033094682673207976
5,140,Наезд на велосипедиста,3,0,3,0,0,0.036620442955892736
5,140,Наезд на пешехода,7,0,7,0,0,0.019449409581984285
5,140,Столкновение,7,0,8,0,1,0.023113370574036167
5,141,Наезд на велосипедиста,1,0,1,0,1,0.004947745727853772
5,141,Наезд на пешехода,7,0,9,0,2,0.019517301600525377
5,141,Столкновение,8,1,9,0,4,0.03400252091846343
5,142,Наезд на велосипедиста,1,0,1,0,0,0.02501363745505798
5,142,Наезд на пешехода,1,0,1,0,0,0.05600162060249195
5,142,Опрокидывание,2,0,2,0,0,0.05506542887292189
5,142,Столкновение,4,0,8,0,4,0.09838816372626308
5,143,Наезд на велосипедиста,2,1,1,0,1,0.014480093559402584
5,143,Наезд на пешехода,7,0,8,0,5,0.0178604108170942
5,143,Наезд на препятствие,1,0,1,0,0,0.010371540023764572
5,143,Наезд на стоящее ТС,2,0,3,0,1,0.022219678373588323
5,143,Опрокидывание,2,0,2,0,0,0.02771589550132532
5,143,Падение пассажира,1,0,1,0,0,0.04418329042796447
5,143,Столкновение,12,1,12,0,0,0.05246556890319645
5,144,Наезд на велосипедиста,2,0,2,0,1,0.008351340417469887
5,144,Наезд на пешехода,6,0,6,0,2,0.03210307576445799
5,144,Наезд на препятствие,1,0,1,0,0,0.0028079962690620935
5,144,Падение пассажира,3,0,3,0,0,0.0534993095101986
5,144,Столкновение,10,0,12,0,2,0.025026632677045725
5,145,Наезд на пешехода,4,0,4,0,2,0.0294877506253153
5,145,Наезд на препятствие,2,0,2,0,1,0.03708411839593171
5,145,Столкновение,3,0,3,0,0,0.05763583281679261
5,146,Наезд на велосипедиста,2,0,2,0,0,0.13833786859083125
5,146,Наезд на пешехода,7,1,6,0,2,0.033677114028627025
5,146,Наезд на препятствие,2,0,2,0,0,0.006926871034863437
5,146,Наезд на стоящее ТС,2,1,1,0,0,0.0797316054807566
5,146,Опрокидывание,3,0,3,0,0,0.03907704121567856
5,146,Падение пассажира,4,0,4,0,0,0.1062140681309794
5,146,Прочее,1,0,1,0,0,0.05458856268544104
5,146,Столкновение,13,0,13,0,2,0.026243524417835156
5,147,Наезд на велосипедиста,4,0,4,0,2,0.04203364278989398
5,147,Наезд на пешехода,3,0,3,0,1,0.03261584281318188
5,147,Наезд на препятствие,4,0,4,0,0,0.07877339515254644
5,147,Наезд на стоящее ТС,3,0,4,0,0,0.029421523541857137
5,147,Столкновение,10,0,11,0,0,0.04470877940274066
5,148,Наезд на пешехода,3,0,3,0,1,0.03210534967171428
5,148,Наезд на препятствие,1,0,1,0,0,0.02636888807881276
5,148,Падение пассажира,1,0,1,0,0,0.07054060779347868
5,148,Столкновение,1,0,4,0,0,0.00869807531790785
5,149,Столкновение,4,2,3,0,0,0.05921919927264085
5,149,Съезд с дороги,1,0,1,0,0,0.20697337128176807
5,150,Наезд на велосипедиста,2,0,2,0,1,0.00759498604199964
5,150,Наезд на пешехода,10,0,10,0,4,0.031371873477117895
5,150,Падение пассажира,2,0,2,0,0,0.03738386002697628
5,150,Столкновение,11,0,14,0,0,0.034882465096011624
5,151,Наезд на пешехода,3,0,3,0,2,0.12341928622490711
5,151,Наезд на препятствие,1,0,2,0,0,0.00925961623395697
5,151,Столкновение,6,0,11,0,2,0.020920933046067056
5,151,Съезд с дороги,1,0,1,0,0,0.0494050720568034
5,152,Наезд на пешехода,1,0,1,0,0,0.006624291697355624
5,152,Столкновение,3,0,3,0,0,0.014083704295106157
5,153,Наезд на пешехода,4,1,3,0,2,0.06859605673372951
5,153,Столкновение,6,0,10,0,1,0.05089302797528376
5,154,Наезд на велосипедиста,2,0,2,0,0,0.047899801783643545
5,154,Наезд на пешехода,5,0,5,0,2,0.042464889208484256
5,154,Наезд на препятствие,4,0,4,0,0,0.1160537772720733
5,154,Опрокидывание,1,0,1,0,0,0.006301218112707807
5,154,Столкновение,21,0,25,0,2,0.0563521648717056
6,2,Наезд на велосипедиста,4,0,4,0,2,0.04832450368492397
6,2,Наезд на пешехода,15,0,18,0,3,0.024990131940532723
6,2,Наезд на препятствие,2,0,2,0,1,0.039217904237183604
6,2,Наезд на стоящее ТС,1,0,1,0,0,0.041652495256609225
6,2,Опрокидывание,1,0,1,0,0,0.026547646171278586
6,2,Падение пассажира,2,0,2,0,0,0.006540072661837498
6,2,Столкновение,31,2,38,0,3,0.027949302172378513
6,3,Наезд на велосипедиста,1,0,1,0,1,0.03512299587403347
6,3,Наезд на пешехода,7,1,6,0,2,0.02835249962586639
6,3,Опрокидывание,1,0,1,0,0,0.04626119282096061
6,3,Падение пассажира,2,0,2,0,0,0.010642006866678648
6,3,Столкновение,15,0,17,0,1,0.018480309041179015
6,4,Наезд на пешехода,6,0,6,0,4,0.02928067143099103
6,4,Опрокидывание,1,0,1,0,0,0.058982521066127176
6,4,Падение пассажира,2,0,2,0,0,0.042378525356165396
6,4,Столкновение,6,1,5,0,0,0.0260105472968966
6,5,Наезд на пешехода,6,1,5,0,2,0.027265183798641776
6,5,Наезд на препятствие,1,0,1,0,0,0.004436734740493017
6,5,Наезд на стоящее ТС,2,1,1,0,0,0.007113267632369373
6,5,Опрокидывание,1,1,0,0,0,0.017310652793714076
6,5,Падение пассажира,2,0,2,0,0,0.01664961157144545
6,5,Столкновение,5,0,6,0,0,0.025042008115965665
6,6,Наезд на велосипедиста,1,0,1,0,0,0.039764685434232026
6,6,Наезд на пешехода,6,0,7,0,1,0.04525154846991759
6,6,Наезд на препятствие,1,0,1,0,0,0.058599223736350306
6,6,Наезд на стоящее ТС,1,0,1,0,0,0.0031678497888322494
6,6,Падение пассажира,2,0,2,0,0,0.08526252123624883
6,6,Столкновение,9,0,11,0,1,0.05443446358791358
6,7,Наезд на велосипедиста,4,0,4,0,0,0.02629963207701475
6,7,Наезд на пешехода,11,1,10,0,0,0.036594490234317496
6,7,Опрокидывание,3,0,3,0,0,0.059121717882694734
6,7,Падение пассажира,4,0,4,0,0,0.0444487321825114
6,7,Прочее,1,0,1,0,0,0.08885074519390339
6,7,Столкновение,15,0,19,0,0,0.04399048596281451
6,8,Наезд на пешехода,2,0,2,0,0,0.03496205255641108
6,8,Падение пассажира,1,0,1,0,0,0.008998224382115803
6,8,Столкновение,3,0,3,0,0,0.017411859305490694
6,9,Наезд на велосипедиста,1,0,1,0,0,0.007594986041999639
6,9,Наезд на пешехода,3,0,3,0,0,0.03217838190411056
6,9,Опрокидывание,2,0,2,0,0,0.03997583049671594
6,9,Падение пассажира,2,0,2,0,0,0.05580628955503105
6,9,Столкновение,8,0,8,0,1,0.023288292788543528
6,10,Наезд на велосипедиста,3,0,3,0,1,0.024110432814615803
6,10,Наезд на пешехода,6,0,6,0,1,0.03915124601396977
6,10,Наезд на препятствие,3,0,6,0,1,0.03703020519338088
6,10,Наезд на стоящее ТС,5,1,4,0,0,0.009962239146829924
6,10,Падение пассажира,2,0,2,0,0,0.03595476184586901
6,10,Столкновение,13,0,19,0,1,0.04997128433372538
6,12,Наезд на велосипедиста,1,0,1,0,0,0.010242226356145506
6,12,Наезд на пешехода,3,0,3,0,1,0.025042592398181365
6,12,Прочее,1,0,1,0,0,0.11536128307320172
6,12,Столкновение,9,0,14,0,0,0.035608630091883
6,13,Наезд на велосипедиста,3,0,3,0,0,0.0667407809475303
6,13,Наезд на пешехода,3,0,3,0,0,0.005278952016215065
6,13,Наезд на препятствие,1,0,1,0,0,0.06852524535128321
6,13,Наезд на стоящее ТС,1,0,1,0,0,0.08126649623590125
6,13,Опрокидывание,2,0,2,0,0,0.020271233638030392
6,13,Падение пассажира,2,0,2,0,0,0.09330526656235218
6,13,Столкновение,22,0,24,0,2,0.04936953097200882
6,14,Наезд на велосипедиста,1,0,1,0,0,0.010882551011125327
6,14,Наезд на пешехода,9,1,9,0,2,0.036692351252652834
6,14,Наезд на препятствие,3,0,3,0,0,0.05248442589848804
6,14,Падение пассажира,4,0,4,0,0,0.02270184765775204
6,14,Столкновение,6,0,8,0,0,0.043239221464322845
6,15,Наезд на велосипедиста,6,0,6,0,1,0.03510842201973192
6,15,Наезд на пешехода,6,1,5,0,3,0.02826874128118541
6,15,Наезд на препятствие,1,0,1,0,0,0.05562142786055563
6,15,Опрокидывание,2,0,2,0,0,0.016861574800464886
6,15,Падение пассажира,1,0,2,0,0,0.027865134781122326
6,15,Столкновение,8,0,9,0,0,0.019830504375071663
6,16,Наезд на велосипедиста,2,0,2,0,0,0.021326683744791883
6,16,Наезд на пешехода,16,3,13,0,2,0.03226962277345053
6,16,Наезд на препятствие,1,0,1,0,0,0.0035643506445323407
6,16,Опрокидывание,1,0,1,0,0,0.023510189240555868
6,16,Падение пассажира,3,0,3,0,1,0.014095959991739982
6,16,Столкновение,7,0,8,0,1,0.04097514454954706
6,17,Наезд на велосипедиста,5,0,5,0,0,0.040700366037863256
6,17,Наезд на пешехода,7,0,7,0,0,0.03410370354136034
6,17,Наезд на препятствие,1,0,1,0,0,0.005949443491433512
6,17,Опрокидывание,2,0,2,0,0,0.023587619803168754
6,17,Падение пассажира,1,0,1,0,0,0.024376428756289426
6,17,Столкновение,10,0,10,0,2,0.03903871867519591
6,18,Наезд на велосипедиста,2,0,2,0,0,0.02275995715195475
6,18,Наезд на пешехода,4,0,4,0,0,0.02989186508240407
6,18,Падение пассажира,2,0,2,0,0,0.05736334236520699
6,18,Столкновение,7,0,9,0,2,0.016389444979428795
6,19,Наезд на велосипедиста,5,0,5,0,0,0.024911701232591517
6,19,Наезд на пешехода,15,0,15,0,3,0.030749625290862878
6,19,Наезд на препятствие,6,1,5,0,0,0.030487924906680845
6,19,Опрокидывание,4,0,4,0,0,0.02933801328704608
6,19,Падение пассажира,4,0,4,0,0,0.04320080549412528
6,19,Столкновение,27,1,30,0,0,0.030373560227519004
6,20,Наезд на велосипедиста,3,0,3,0,0,0.006964690729107766
6,20,Наезд на пешехода,8,0,9,0,1,0.03867322631041002
6,20,Наезд на препятствие,1,0,3,0,0,0.09943905325382671
6,20,Наезд на стоящее ТС,1,0,1,0,0,0.03287082016318616
6,20,Падение пассажира,4,0,5,0,0,0.04805183387224836
6,20,Столкновение,12,0,20,0,2,0.031784561885481184
6,21,Наезд на велосипедиста,1,0,1,0,1,0.13761101076286134
6,21,Наезд на препятствие,2,0,4,0,0,0.180678684526431
6,21,Прочее,1,0,1,0,1,0.1916336329423584
6,21,Столкновение,6,1,7,0,1,0.01777594164941476
6,22,Наезд на велосипедиста,1,0,1,0,0,0.08334878543170317
6,22,Наезд на пешехода,10,0,10,0,2,0.01718681404954985
6,22,Наезд на препятствие,2,0,2,0,0,0.0036223655047775555
6,22,Падение пассажира,3,0,3,0,0,0.017983111581503106
6,22,Столкновение,1,0,1,0,0,0.005788687536517286
6,23,Наезд на велосипедиста,4,0,4,0,0,0.019772802297401096
6,23,Наезд на пешехода,10,0,10,0,4,0.02849342272160067
6,23,Наезд на препятствие,1,0,1,0,0,0.05204530919971338
6,23,Наезд на стоящее ТС,1,0,1,0,0,0.004922862750222707
6,23,Падение пассажира,1,0,2,0,0,0.010132755945321176
6,23,Столкновение,14,1,16,0,0,0.022844097984631367
6,24,Наезд на велосипедиста,1,0,1,0,0,0.010242226356145506
6,24,Наезд на пешехода,3,0,3,0,1,0.06825554073911982
6,24,Наезд на препятствие,2,0,2,0,1,0.034855834652068624
6,24,Падение пассажира,1,0,1,0,0,0.0244210274197658
6,24,Столкновение,7,0,10,0,0,0.043127793708559604
6,25,Наезд на пешехода,1,0,1,0,1,0.10554118871273342
6,25,Прочее,1,0,1,0,0,0.05033898646632507
6,26,Наезд на велосипедиста,1,0,1,0,0,0.005325922915588897
6,26,Наезд на пешехода,2,0,2,0,0,0.006475196393847248
6,26,Наезд на стоящее ТС,2,0,6,0,0,0.08883044739695506
6,26,Столкновение,8,0,9,0,1,0.04832902950821856
6,27,Наезд на велосипедиста,2,0,2,0,0,0.03694667883420559
6,27,Наезд на пешехода,8,0,8,0,0,0.03451354054362585
6,27,Опрокидывание,2,0,2,0,1,0.027419026420028674
6,27,Падение пассажира,1,0,1,0,0,0.08662345298976432
6,27,Столкновение,11,0,11,0,0,0.030644074847111527
6,28,Наезд на велосипедиста,4,0,4,0,0,0.0194642346192803
6,28,Наезд на пешехода,7,0,7,0,1,0.01905576630871036
6,28,Наезд на препятствие,1,0,1,0,0,0.00859668380557938
6,28,Падение пассажира,1,0,1,0,0,0.05641433423101319
6,28,Столкновение,5,0,6,0,0,0.012050542181377027
6,29,Наезд на велосипедиста,1,0,1,0,0,0.002940830068687725
6,29,Наезд на пешехода,7,0,7,0,1,0.03702393922331519
6,29,Наезд на препятствие,2,0,2,0,0,0.0018625532997242845
6,29,Опрокидывание,1,0,1,0,0,0.04106969432885453
6,29,Столкновение,11,1,13,0,0,0.028472594416180406
6,30,Наезд на пешехода,10,0,10,0,3,0.019454169410799027
6,30,Наезд на препятствие,1,0,1,0,0,0.0043567481597746455
6,30,Наезд на стоящее ТС,1,1,0,0,0,0.05968322019033209
6,30,Падение пассажира,1,0,1,0,0,0.0105109331330563
6,30,Столкновение,12,2,12,0,0,0.01359602752627328
6,31,Наезд на велосипедиста,2,0,2,0,1,0.022987380399574237
6,31,Наезд на пешехода,10,0,10,0,3,0.048676488327954584
6,31,Наезд на препятствие,1,0,1,0,0,0.0031861734567972177
6,31,Опрокидывание,2,0,2,0,0,0.03506999448209143
6,31,Падение пассажира,2,0,2,0,0,0.03733543773779924
6,31,Столкновение,7,0,7,0,1,0.03947733390081453
6,32,Наезд на пешехода,2,0,2,0,0,0.019393891543859596
6,32,Опрокидывание,2,1,2,0,1,0.026971088254987022
6,32,Падение пассажира,1,0,1,0,1,0.03296428890625816
6,32,Столкновение,17,0,21,0,3,0.02312025354388235
6,33,Наезд на велосипедиста,1,0,1,0,0,0.010882551011125327
6,33,Наезд на пешехода,5,2,3,0,3,0.015328437072731993
6,33,Наезд на стоящее ТС,1,0,1,0,0,0.006057394313428079
6,33,Падение пассажира,1,0,1,0,0,0.011267287508526548
6,33,Столкновение,13,0,17,0,1,0.020657595572719005
6,34,Наезд на велосипедиста,2,0,2,0,0,0.008540429011337449
6,34,Наезд на пешехода,2,0,2,0,1,0.008406075622882054
6,34,Наезд на стоящее ТС,1,0,1,0,0,0.0035460269765673724
6,34,Опрокидывание,1,0,1,0,0,0.0037898507758471005
6,34,Падение пассажира,1,0,1,0,0,0.022682489617965276
6,34,Столкновение,10,0,11,0,0,0.01520885176187536
6,35,Наезд на пешехода,2,1,1,0,1,0.023932227446061955
6,35,Столкновение,2,0,3,0,2,0.005788687536517286
6,36,Наезд на велосипедиста,1,0,1,0,0,0.0507303844878738
6,36,Наезд на пешехода,4,0,4,0,0,0.047450227032374996
6,36,Опрокидывание,1,0,1,0,1,0.02611633510924796
6,36,Столкновение,5,0,5,0,2,0.0180193904284967
6,37,Наезд на велосипедиста,1,0,2,0,2,0.04318302699476426
6,37,Наезд на пешехода,1,0,1,0,1,0.008216987029014492
6,37,Наезд на стоящее ТС,1,0,2,0,0,0.009859009447574051
6,37,Опрокидывание,1,0,1,0,0,0.044467317094508164
6,37,Столкновение,4,0,5,0,0,0.05665200724657148
6,38,Наезд на велосипедиста,2,0,2,0,0,0.007216808854264515
6,38,Наезд на пешехода,8,0,8,0,1,0.029923538953557784
6,38,Наезд на препятствие,1,0,1,0,0,0.008218506617844255
6,38,Наезд на стоящее ТС,1,0,1,0,0,0.06362293809260729
6,38,Опрокидывание,5,0,5,0,0,0.02850894553239152
6,38,Падение пассажира,3,0,3,0,0,0.018750232115556185
6,38,Прочее,1,0,1,0,0,0.05844796397279669
6,38,Столкновение,7,0,8,0,1,0.023663443408650817
6,39,Наезд на велосипедиста,1,0,1,0,0,0.024325222374591414
6,39,Наезд на пешехода,7,2,6,0,1,0.021924714008991108
6,39,Наезд на препятствие,1,0,2,0,0,0.02259453296851737
6,39,Наезд на стоящее ТС,1,0,1,0,0,0.018758343776815775
6,39,Опрокидывание,1,0,1,0,0,0.029540546667554284
6,39,Столкновение,11,0,12,0,2,0.026308865138213223
6,40,Наезд на велосипедиста,3,0,3,0,0,0.028215949906927763
6,40,Наезд на пешехода,11,0,12,0,2,0.043758067191107086
6,40,Опрокидывание,2,0,2,0,0,0.018795585248749712
6,40,Падение пассажира,1,0,1,0,0,0.01560681394123827
6,40,Столкновение,9,0,10,0,1,0.02765080756268727
6,41,Наезд на велосипедиста,3,0,3,0,0,0.02738258768261224
6,41,Наезд на пешехода,4,1,4,0,1,0.022650654918387775
6,41,Наезд на препятствие,2,0,3,0,0,0.021152326617468173
6,41,Опрокидывание,1,0,1,0,0,0.007193445465463216
6,41,Столкновение,21,1,22,0,1,0.031600051423388155
6,42,Наезд на велосипедиста,2,0,2,0,2,0.048172193890328716
6,42,Наезд на пешехода,6,0,7,0,2,0.02063064399578279
6,42,Наезд на препятствие,1,0,1,0,0,0.008218506617844255
6,42,Наезд на стоящее ТС,2,0,2,0,1,0.043387993677384426
6,42,Опрокидывание,4,0,4,0,0,0.07867600672620423
6,42,Падение пассажира,4,0,4,0,1,0.03184863882595613
6,42,Столкновение,11,1,18,0,1,0.047980955992143096
6,43,Наезд на велосипедиста,3,0,3,0,0,0.018530616019769526
6,43,Наезд на пешехода,12,1,12,0,1,0.05201458281098569
6,43,Наезд на стоящее ТС,2,0,2,0,0,0.05542752981107635
6,43,Опрокидывание,1,0,1,0,0,0.08446640269488552
6,43,Падение пассажира,3,0,3,0,0,0.04650476956185098
6,43,Столкновение,16,0,20,0,1,0.028802203589309038
6,44,Наезд на велосипедиста,7,0,7,0,2,0.024649028035893035
6,44,Наезд на пешехода,9,0,9,0,3,0.02510738394999195
6,44,Наезд на препятствие,1,0,1,0,0,0.008838988016029344
6,44,Падение пассажира,1,0,1,0,0,0.050864558512867086
6,44,Столкновение,16,0,18,0,1,0.02430496253780808
6,45,Наезд на велосипедиста,2,0,2,0,0,0.03503105168223724
6,45,Наезд на препятствие,1,0,1,0,0,0.004814911928228141
6,45,Столкновение,2,0,2,0,0,0.07020336683585314
6,46,Наезд на велосипедиста,1,0,1,0,0,0.02557539954986519
6,46,Наезд на пешехода,7,0,7,0,0,0.018620779338629927
6,46,Наезд на препятствие,1,0,1,0,0,0.0343816738718093
6,46,Наезд на стоящее ТС,2,1,2,0,0,0.025058651517368642
6,46,Опрокидывание,2,0,2,0,0,0.040201972760027335
6,46,Падение пассажира,1,0,1,0,0,0.00862004719438068
6,46,Столкновение,15,0,17,0,1,0.027333090629882813
6,47,Наезд на велосипедиста,4,0,4,0,1,0.04700970001420644
6,47,Наезд на пешехода,12,1,11,0,4,0.043910743890968024
6,47,Наезд на препятствие,3,1,3,0,0,0.03136971467139317
6,47,Опрокидывание,1,0,1,0,0,0.004032154986297064
6,47,Падение пассажира,1,0,1,0,0,0.008241870006645556
6,47,Столкновение,26,2,28,0,5,0.021292907573777973
6,48,Наезд на велосипедиста,1,0,1,0,1,0.341856452636678
6,48,Наезд на препятствие,1,0,2,0,0,0.00670579786690376
6,48,Падение пассажира,1,0,1,0,0,0.0824848628407595
6,48,Столкновение,4,1,6,1,3,0.024906804935821553
6,49,Наезд на пешехода,6,1,5,0,1,0.0465611653192445
6,49,Наезд на препятствие,2,0,2,0,0,0.00804264035019991
6,49,Столкновение,13,0,17,0,1,0.02949035317023163
6,50,Наезд на велосипедиста,3,0,3,0,0,0.006586513541372643
6,50,Наезд на пешехода,9,0,9,0,1,0.03310396027047656
6,50,Опрокидывание,1,0,2,0,0,0.03367939510692834
6,50,Столкновение,18,0,19,0,1,0.01825970781898247
6,51,Наезд на велосипедиста,1,0,1,0,0,0.07767570077863055
6,51,Наезд на пешехода,9,0,11,0,4,0.024931931474758147
6,51,Опрокидывание,2,0,2,0,1,0.03621318061541568
6,51,Падение пассажира,2,0,2,0,0,0.010132755945321176
6,51,Прочее,1,0,1,0,0,0.10916948862163928
6,51,Столкновение,3,0,4,0,1,0.058685024332178454
6,52,Наезд на велосипедиста,2,0,2,0,0,0.023362669967021733
6,52,Наезд на пешехода,7,1,6,0,0,0.04444310790021685
6,52,Наезд на препятствие,2,0,3,0,0,0.04264262317029449
6,52,Наезд на стоящее ТС,1,0,1,0,0,0.004600571959054373
6,52,Падение пассажира,5,0,5,0,0,0.04237863674522774
6,52,Столкновение,16,1,17,0,0,0.02239429472531415
6,53,Наезд на пешехода,6,1,5,0,2,0.03644480730945896
6,53,Наезд на препятствие,1,0,1,0,0,0.017190048575392306
6,53,Наезд на стоящее ТС,3,0,3,0,0,0.012704208158517324
6,53,Столкновение,18,0,21,0,4,0.025096962886324365
6,54,Наезд на велосипедиста,2,0,2,0,0,0.025121874231441084
6,54,Наезд на пешехода,6,2,4,0,2,0.03730866300809022
6,54,Опрокидывание,2,0,2,0,0,0.07430375067950576
6,54,Падение пассажира,2,0,2,0,0,0.03224750619206831
6,54,Столкновение,10,0,11,0,1,0.04219633335273659
6,55,Наезд на велосипедиста,2,0,2,0,0,0.07593583933765302
6,55,Наезд на пешехода,6,0,6,0,0,0.021377847919607815
6,55,Наезд на препятствие,3,0,4,0,0,0.07280391546172141
6,55,Наезд на стоящее ТС,1,0,2,0,0,0.007625989460935364
6,55,Опрокидывание,3,1,2,0,0,0.05941628951545839
6,55,Падение пассажира,1,0,1,0,0,0.03768269291877679
6,55,Столкновение,23,1,31,0,0,0.044020621387198776
6,56,Наезд на пешехода,3,0,3,0,1,0.02330842433765383
6,56,Опрокидывание,1,0,1,0,0,0.04091778239415424
6,56,Падение пассажира,1,0,1,0,0,0.042082236655827
6,56,Столкновение,5,0,5,0,0,0.019309622292130176
6,57,Наезд на велосипедиста,1,0,1,0,0,0.004947745727853772
6,57,Наезд на пешехода,18,2,17,0,3,0.044858296546053264
6,57,Наезд на препятствие,3,0,3,0,1,0.023436018390240218
6,57,Наезд на стоящее ТС,3,1,2,0,0,0.03463956529215953
6,57,Падение пассажира,2,0,2,0,0,0.028082267146186432
6,57,Столкновение,27,1,33,0,5,0.038105071521503366
6,58,Наезд на велосипедиста,3,0,3,0,0,0.039676911566274405
6,58,Наезд на пешехода,6,0,7,0,3,0.023151579218556984
6,58,Наезд на препятствие,4,0,5,0,1,0.012853453032703603
6,58,Наезд на стоящее ТС,5,0,5,0,0,0.08596646459108917
6,58,Опрокидывание,2,0,2,0,0,0.05301916767462134
6,58,Падение пассажира,2,0,3,0,2,0.009754578757586053
6,58,Столкновение,23,0,30,0,1,0.026029042254028283
6,59,Наезд на велосипедиста,2,0,2,0,1,0.03330651380307691
6,59,Наезд на пешехода,7,0,7,0,1,0.03236215340224746
6,59,Наезд на препятствие,1,0,1,0,0,0.013966963176784003
6,59,Наезд на стоящее ТС,2,0,2,0,0,0.05380770770436122
6,59,Опрокидывание,2,0,2,0,0,0.003285722239224182
6,59,Падение пассажира,1,0,1,0,0,0.022555068439648357
6,59,Столкновение,9,0,13,0,3,0.02297474202625456
6,60,Наезд на велосипедиста,2,0,2,0,0,0.05031335338872123
6,60,Наезд на пешехода,9,0,9,0,1,0.02410756195317273
6,60,Наезд на препятствие,1,0,1,0,0,0.0016734647058567224
6,60,Наезд на стоящее ТС,1,0,1,0,0,0.01979891129313899
6,60,Опрокидывание,1,0,1,0,0,0.030105394208939734
6,60,Падение пассажира,2,0,2,0,0,0.030780930495562242
6,60,Столкновение,6,0,6,0,0,0.007649785509056153
6,61,Опрокидывание,1,1,0,0,0,1.0
6,61,Столкновение,1,0,3,0,3,0.17163239183833862
6,62,Наезд на велосипедиста,3,0,3,0,0,0.03856734521210422
6,62,Наезд на пешехода,5,0,5,0,0,0.013055336798264322
6,62,Наезд на препятствие,1,0,2,0,1,0.03741617974450406
6,62,Наезд на стоящее ТС,5,0,5,0,0,0.015501708806721238
6,62,Падение пассажира,1,0,1,0,0,0.049676279091332064
6,62,Столкновение,25,0,32,0,1,0.046564814348788806
6,63,Наезд на велосипедиста,3,0,3,0,0,0.03622287791989408
6,63,Наезд на пешехода,9,0,9,0,0,0.01609488847676151
6,63,Наезд на стоящее ТС,1,0,1,0,0,0.0025936562998883266
6,63,Опрокидывание,1,0,2,0,0,0.008968301683648407
6,63,Падение пассажира,5,0,6,0,0,0.02238468019067901
6,63,Столкновение,12,1,14,0,0,0.024557136043656877
6,64,Наезд на пешехода,8,0,8,0,1,0.04400633287170554
6,64,Наезд на препятствие,1,0,1,0,0,0.0677285195709407
6,64,Падение пассажира,1,0,1,0,0,0.03585585042366501
6,64,Столкновение,11,0,11,0,0,0.03177456482201805
6,65,Наезд на велосипедиста,3,0,3,0,0,0.03760048565968545
6,65,Наезд на пешехода,7,0,7,0,2,0.04330388056442406
6,65,Опрокидывание,2,0,2,0,1,0.07544770127550955
6,65,Столкновение,9,0,10,0,1,0.024901502099398298
6,66,Наезд на велосипедиста,1,0,1,0,0,0.010882551011125327
6,66,Наезд на пешехода,4,0,4,0,0,0.016865287826233546
6,66,Наезд на препятствие,3,1,2,0,0,0.019418499651404245
6,66,Наезд на стоящее ТС,3,0,4,0,0,0.03827428525871129
6,66,Опрокидывание,1,0,1,0,0,0.071288921127414
6,66,Падение пассажира,2,0,4,0,2,0.018000494180610192
6,66,Столкновение,25,3,29,1,2,0.03041272776173252
6,67,Наезд на пешехода,1,0,1,0,0,0.05284617223646891
6,67,Столкновение,1,0,1,0,0,0.006545041911987535
6,68,Наезд на велосипедиста,1,0,1,0,1,0.03549032028482562
6,68,Наезд на пешехода,9,0,10,0,3,0.028193280838288166
6,68,Наезд на стоящее ТС,3,0,5,0,0,0.07550334845432673
6,68,Опрокидывание,2,0,2,0,0,0.05304481293248468
6,68,Столкновение,15,0,19,0,6,0.03473739658041598
6,69,Наезд на велосипедиста,1,0,1,0,0,0.008729517605205012
6,69,Наезд на пешехода,6,0,6,0,1,0.023666994339977068
6,69,Наезд на препятствие,1,0,1,0,0,0.0488030795592544
6,69,Падение пассажира,2,0,2,0,0,0.04862729613289894
6,69,Прочее,1,1,0,0,0,0.05199568917903218
6,69,Столкновение,15,0,22,0,1,0.024683792859417648
6,70,Наезд на велосипедиста,3,0,3,0,2,0.05515716020886808
6,70,Наезд на пешехода,6,0,7,0,2,0.03582753672592203
6,70,Наезд на препятствие,2,2,0,0,0,0.017789940130029287
6,70,Наезд на стоящее ТС,1,0,1,0,0,0.034194182794427895
6,70,Опрокидывание,1,0,1,0,0,0.1115215847654081
6,70,Падение пассажира,1,0,1,0,0,0.007863692818910431
6,70,Столкновение,17,2,20,0,4,0.02662995186651503
6,71,Наезд на пешехода,6,0,8,0,1,0.023504242036383526
6,71,Наезд на стоящее ТС,2,0,3,0,0,0.0353240368374828
6,71,Опрокидывание,2,0,2,0,0,0.007193445465463216
6,71,Падение пассажира,4,0,4,0,0,0.023156946289422088
6,71,Столкновение,12,0,14,0,1,0.03387479892977023
6,72,Наезд на велосипедиста,3,0,3,0,0,0.0234133800126527
6,72,Наезд на пешехода,7,0,7,0,2,0.042843139634339104
6,72,Наезд на препятствие,1,0,1,0,0,0.03476165919974849
6,72,Падение пассажира,3,0,3,0,0,0.026340582107636998
6,72,Прочее,1,0,1,0,0,0.019588592435598674
6,72,Столкновение,13,0,14,0,3,0.014369499202749787
6,73,Наезд на велосипедиста,6,1,5,0,0,0.030588260215006397
6,73,Наезд на пешехода,20,3,19,1,4,0.02583732027671824
6,73,Наезд на препятствие,1,0,1,0,0,0.0028079962690620935
6,73,Наезд на стоящее ТС,1,0,1,0,0,0.03104779449783876
6,73,Опрокидывание,3,0,3,0,0,0.026130178992727186
6,73,Столкновение,15,0,18,0,0,0.024260722570062634
6,74,Наезд на велосипедиста,1,0,1,0,0,0.044523909246531254
6,74,Наезд на пешехода,10,1,11,0,3,0.028822526153884788
6,74,Наезд на препятствие,4,0,5,0,0,0.05971661210739357
6,74,Падение пассажира,1,0,1,0,0,0.05197849469167628
6,74,Столкновение,21,2,23,0,1,0.03728222449242687
6,75,Наезд на велосипедиста,3,0,4,0,0,0.05039365401377368
6,75,Наезд на пешехода,5,0,5,0,3,0.032363495270759254
6,75,Наезд на стоящее ТС,1,2,0,0,0,0.1306942215023965
6,75,Опрокидывание,3,0,3,0,0,0.04596622923754958
6,75,Падение пассажира,2,0,2,0,0,0.02292265556438888
6,75,Столкновение,18,0,21,0,2,0.022827308806024963
6,76,Наезд на пешехода,4,1,3,0,0,0.14812784091343634
6,76,Наезд на препятствие,1,0,1,0,0,0.009857489858744288
6,76,Наезд на стоящее ТС,3,0,5,0,0,0.05091598402573805
6,76,Падение пассажира,1,0,1,0,0,0.008241870006645556
6,76,Столкновение,9,1,10,0,1,0.025335726925268934
6,77,Наезд на велосипедиста,2,0,2,0,1,0.022613729706391916
6,77,Наезд на пешехода,1,0,1,0,0,0.008595164216749615
6,77,Наезд на стоящее ТС,1,0,1,0,0,0.009859009447574051
6,77,Падение пассажира,3,0,4,0,0,0.00862004719438068
6,77,Столкновение,5,0,5,0,0,0.0176746182389968
6,78,Столкновение,2,0,2,0,0,0.09096242458374688
6,80,Наезд на пешехода,4,0,4,0,3,0.04262172589772252
6,80,Наезд на препятствие,1,0,2,0,0,0.009857489858744288
6,80,Опрокидывание,1,1,1,0,0,0.007949799840933464
6,80,Столкновение,1,0,1,0,0,0.005575484651422342
6,81,Наезд на пешехода,1,0,1,0,0,0.009729695779954986
6,81,Наезд на препятствие,3,3,1,0,0,0.10573745796437369
6,81,Столкновение,2,0,3,0,0,0.007154801554551124
6,82,Наезд на пешехода,4,1,3,1,1,0.00888695059895598
6,82,Наезд на препятствие,2,0,2,0,0,0.004460671812720455
6,82,Падение пассажира,1,0,1,0,0,0.007485515631175308
6,82,Столкновение,6,0,7,0,4,0.014917810224705804
6,83,Наезд на велосипедиста,3,0,3,0,1,0.008225281354891511
6,83,Наезд на пешехода,9,0,10,0,2,0.05148643570533431
6,83,Наезд на препятствие,2,0,2,0,0,0.03463119178792897
6,83,Наезд на стоящее ТС,1,0,2,0,0,0.03574522207681733
6,83,Опрокидывание,1,0,1,0,0,0.000890707763925644
6,83,Падение пассажира,1,0,1,0,0,0.06268862377569671
6,83,Столкновение,14,0,17,0,0,0.06578102593763877
6,84,Наезд на велосипедиста,1,0,2,0,0,0.009864049168410383
6,84,Наезд на пешехода,19,1,18,0,4,0.046082180564905637
6,84,Наезд на препятствие,2,0,3,0,0,0.023771021803607236
6,84,Наезд на стоящее ТС,1,0,1,0,0,0.039436864285339865
6,84,Опрокидывание,2,0,2,0,1,0.005957045888768838
6,84,Падение пассажира,3,0,3,0,0,0.010022752439675327
6,84,Прочее,1,0,1,0,0,0.0558574476371018
6,84,Столкновение,15,0,17,0,0,0.022254269419807505
6,85,Наезд на пешехода,15,3,12,0,2,0.02764413536575737
6,85,Опрокидывание,2,0,2,0,0,0.005302559526787596
6,85,Падение пассажира,3,0,3,0,1,0.050970844299758726
6,85,Столкновение,19,0,22,0,2,0.0352969159286763
6,86,Наезд на велосипедиста,2,1,1,0,0,0.03857791123318248
6,86,Наезд на пешехода,3,1,3,0,3,0.02465468860309311
6,86,Опрокидывание,1,0,1,0,0,0.042695234514934746
6,86,Падение пассажира,1,0,2,0,0,0.06939626194502803
6,86,Столкновение,9,0,9,0,1,0.03612562379898359
6,87,Наезд на велосипедиста,3,0,3,0,0,0.052476019578343754
6,87,Наезд на пешехода,12,0,12,0,2,0.02847841016482773
6,87,Наезд на стоящее ТС,1,0,2,0,1,0.02894079034641141
6,87,Опрокидывание,3,0,3,0,1,0.016018537139229554
6,87,Столкновение,21,0,25,0,1,0.027872500451563663
6,88,Наезд на велосипедиста,10,0,12,0,0,0.03678584662786057
6,88,Наезд на пешехода,8,0,10,0,4,0.03723791502919118
6,88,Наезд на препятствие,2,3,7,0,1,0.05590271625253975
6,88,Наезд на стоящее ТС,2,0,2,0,0,0.04311909428044074
6,88,Опрокидывание,2,0,2,0,0,0.018473712594505854
6,88,Падение пассажира,1,0,1,0,0,0.008998224382115803
6,88,Прочее,1,0,1,0,0,0.16490011318776449
6,88,Столкновение,20,0,28,0,1,0.04519298474995233
6,89,Наезд на пешехода,6,0,7,0,2,0.013332844539491942
6,89,Опрокидывание,1,0,1,0,0,0.01462273478818634
6,89,Падение пассажира,1,0,1,0,0,0.0432526453950143
6,89,Столкновение,11,0,11,0,0,0.020535747671566826
6,90,Наезд на велосипедиста,1,0,1,0,0,0.052484469975825766
6,90,Наезд на пешехода,8,1,8,0,3,0.022863537340160705
6,90,Наезд на препятствие,1,0,2,0,0,0.24480370925605033
6,90,Наезд на стоящее ТС,2,0,2,0,0,0.002633649590247512
6,90,Прочее,1,0,1,0,0,0.10195393624078888
6,90,Столкновение,14,0,16,0,2,0.06639940987689806
6,91,Наезд на велосипедиста,4,0,4,0,1,0.014196172061014662
6,91,Наезд на пешехода,10,0,10,0,3,0.03120756375091585
6,91,Наезд на препятствие,6,0,8,0,1,0.0248105329586355
6,91,Наезд на стоящее ТС,1,1,1,0,0,0.11532656059354866
6,91,Опрокидывание,2,0,2,0,0,0.011487196234796304
6,91,Падение пассажира,1,0,1,0,0,0.0350960680164144
6,91,Столкновение,18,1,21,0,2,0.020978920880380628
6,92,Наезд на пешехода,4,1,3,0,1,0.029233183588417706
6,92,Наезд на препятствие,3,0,4,0,1,0.060680802210885
6,92,Наезд на стоящее ТС,1,0,1,0,0,0.006978722991538506
6,92,Опрокидывание,2,0,3,0,0,0.016004251839322556
6,92,Падение пассажира,1,0,1,0,0,0.0105109331330563
6,92,Столкновение,6,0,8,0,0,0.047002776225450675
6,92,Съезд с дороги,1,0,1,0,0,0.07598214968526033
6,93,Наезд на пешехода,2,1,1,0,1,0.019552124906731742
6,93,Опрокидывание,1,0,1,0,0,0.059565105528154874
6,93,Падение пассажира,3,0,3,0,0,0.03275161236237411
6,93,Столкновение,7,0,7,0,2,0.027648955863477213
6,94,Наезд на велосипедиста,2,0,2,0,0,0.0747164150377102
6,94,Наезд на пешехода,5,0,5,0,1,0.04879567734784966
6,94,Наезд на препятствие,2,1,1,0,0,0.016439100108078916
6,94,Наезд на стоящее ТС,2,0,3,0,0,0.020238980179307395
6,94,Опрокидывание,2,0,2,0,1,0.029840087581195072
6,94,Столкновение,7,0,14,0,0,0.030313036443065045
6,95,Наезд на велосипедиста,4,0,4,0,0,0.033290147720311095
6,95,Наезд на пешехода,10,1,9,0,2,0.0327966320943681
6,95,Наезд на препятствие,2,0,2,0,0,0.03849478916842096
6,95,Опрокидывание,2,0,2,0,0,0.04300149267027151
6,95,Столкновение,11,1,10,0,1,0.03294957676960315
6,96,Наезд на велосипедиста,1,0,1,0,0,0.018625023126435762
6,96,Наезд на пешехода,6,2,5,0,1,0.026140318948694317
6,96,Наезд на препятствие,1,0,1,0,0,0.12859667926212268
6,96,Наезд на стоящее ТС,1,0,1,0,0,0.003031976811547088
6,96,Столкновение,14,0,17,0,1,0.05430976080619802
6,97,Наезд на пешехода,4,0,4,0,2,0.028553374581719297
6,97,Столкновение,1,0,1,0,0,0.0692931332836838
6,98,Наезд на пешехода,4,0,5,0,1,0.03682714632779329
6,98,Опрокидывание,1,0,4,0,0,0.010169476033839964
6,98,Падение пассажира,4,0,4,0,0,0.03471224052701803
6,98,Столкновение,10,0,11,0,0,0.030323462846726046
6,99,Наезд на пешехода,2,0,2,0,0,0.03688068029418604
6,99,Опрокидывание,2,0,2,0,0,0.0686277433461297
6,99,Столкновение,7,2,7,1,0,0.05345412239080199
6,99,Съезд с дороги,1,0,1,0,0,0.508626667167189
6,100,Наезд на препятствие,2,0,6,0,3,0.19101215031234675
6,100,Столкновение,6,2,8,0,2,0.10822420672593104
6,100,Съезд с дороги,2,0,2,0,0,0.45691017420993607
6,101,Наезд на велосипедиста,1,0,1,0,0,0.03608143950952053
6,101,Наезд на пешехода,13,0,14,0,2,0.02586033381775325
6,101,Наезд на препятствие,2,0,2,0,0,0.005891428631188299
6,101,Наезд на стоящее ТС,1,0,1,0,0,0.009480832259838928
6,101,Столкновение,11,0,11,0,0,0.026809550286292515
6,102,Наезд на велосипедиста,2,0,2,0,0,0.00759498604199964
6,102,Наезд на пешехода,7,0,7,0,1,0.019531400302024094
6,102,Наезд на препятствие,1,0,1,0,0,0.04981030697154026
6,102,Столкновение,5,0,5,0,0,0.020676108640759076
6,103,Наезд на велосипедиста,4,0,4,0,0,0.02608592461205215
6,103,Наезд на пешехода,6,0,6,0,2,0.02416483772080592
6,103,Опрокидывание,4,0,4,0,0,0.039349390015715364
6,103,Падение пассажира,2,0,2,0,0,0.048524350992591905
6,103,Столкновение,13,0,15,0,2,0.026600224753202558
6,104,Наезд на велосипедиста,2,0,2,0,0,0.009995122902032732
6,104,Наезд на пешехода,7,1,6,0,0,0.01619846542968135
6,104,Наезд на препятствие,1,0,1,0,0,0.010371540023764572
6,104,Наезд на стоящее ТС,1,0,1,0,0,0.009344959282553767
6,104,Падение пассажира,2,0,2,0,0,0.013513375001419138
6,104,Столкновение,6,0,7,0,1,0.01701465312097322
6,105,Наезд на велосипедиста,2,0,2,0,0,0.024712093454750186
6,105,Наезд на пешехода,3,0,3,0,2,0.09633996308078052
6,105,Наезд на препятствие,1,0,2,0,0,0.05732686869407852
6,105,Наезд на стоящее ТС,1,0,1,0,0,0.004978749146789497
6,105,Опрокидывание,2,0,2,0,0,0.022700847542726298
6,105,Падение пассажира,1,0,1,0,0,0.01089079068235754
6,105,Столкновение,10,0,12,0,2,0.008297388902484836
6,106,Наезд на велосипедиста,8,0,8,0,2,0.02568528835734156
6,106,Наезд на пешехода,9,1,9,0,3,0.039975453872846456
6,106,Наезд на препятствие,2,0,2,0,0,0.015396724747058464
6,106,Наезд на стоящее ТС,1,0,1,0,0,0.006222368616068258
6,106,Падение пассажира,1,0,1,0,0,0.041096010040335
6,106,Прочее,1,0,1,0,0,0.0520507927821195
6,106,Столкновение,6,0,8,0,0,0.07130196757811967
6,107,Наезд на велосипедиста,3,0,3,0,1,0.042598757146406756
6,107,Наезд на пешехода,7,0,7,0,0,0.018531638751382615
6,107,Опрокидывание,1,0,1,0,0,0.04966688019532392
6,107,Столкновение,14,0,16,0,0,0.03495513068864631
6,108,Наезд на велосипедиста,3,0,3,0,0,0.06939920568038939
6,108,Наезд на пешехода,4,0,4,0,0,0.03408814256785585
6,108,Наезд на препятствие,1,0,1,0,0,0.06631202200724776
6,108,Опрокидывание,1,0,1,0,0,0.0034116735881119767
6,108,Падение пассажира,1,0,1,0,0,0.02589338422010874
6,108,Столкновение,10,0,11,0,0,0.01997997717678804
6,109,Наезд на велосипедиста,2,0,2,0,0,0.008055650381054854
6,109,Наезд на пешехода,5,0,5,0,1,0.022953338285464663
6,109,Падение пассажира,2,0,2,0,0,0.009754578757586053
6,109,Столкновение,5,0,6,0,0,0.02439940292146864
6,110,Наезд на велосипедиста,2,0,2,0,0,0.026925162848929034
6,110,Наезд на пешехода,17,0,17,0,4,0.03126849230870311
6,110,Наезд на препятствие,2,0,2,0,0,0.0193756851364827
6,110,Наезд на стоящее ТС,1,1,0,0,0,0.0043023813520376205
6,110,Опрокидывание,7,0,7,0,0,0.03944709224476338
6,110,Столкновение,21,0,22,0,1,0.02292767095825661
6,111,Наезд на велосипедиста,1,0,1,0,0,0.04510671324423029
6,111,Наезд на пешехода,12,0,13,0,3,0.028172486434903835
6,111,Наезд на препятствие,7,0,13,0,0,0.027350395063589057
6,111,Наезд на стоящее ТС,2,0,5,0,0,0.01643593904133677
6,111,Опрокидывание,1,0,1,0,0,0.08842680914670194
6,111,Столкновение,21,0,27,0,3,0.016584279380574513
6,113,Наезд на велосипедиста,1,0,1,0,0,0.008729517605205012
6,113,Наезд на пешехода,4,0,4,0,1,0.030116176634852786
6,113,Наезд на стоящее ТС,1,0,1,0,0,0.006520559223085011
6,113,Опрокидывание,3,0,3,0,0,0.010522714076658371
6,113,Падение пассажира,4,0,4,0,0,0.030405450187958434
6,113,Столкновение,13,2,15,0,0,0.04215904639406476
6,114,Наезд на велосипедиста,2,0,2,0,0,0.028556720752524033
6,114,Наезд на пешехода,6,0,7,0,3,0.04142366221255861
6,114,Наезд на препятствие,1,0,1,0,0,0.0628729745111356
6,114,Наезд на стоящее ТС,1,0,2,0,0,0.006949621666183488
6,114,Опрокидывание,2,0,2,0,0,0.19067880643883117
6,114,Падение пассажира,2,0,2,0,0,0.007107338443440184
6,114,Столкновение,8,0,10,0,0,0.09609171474580175
6,115,Наезд на пешехода,9,0,9,0,0,0.026953401099562426
6,115,Падение пассажира,2,0,2,0,0,0.06449558758906197
6,115,Столкновение,10,0,10,0,0,0.05129025492459458
6,116,Наезд на велосипедиста,3,0,3,0,0,0.0246081665049795
6,116,Наезд на пешехода,12,1,12,0,1,0.024731453000120477
6,116,Наезд на препятствие,1,0,1,0,0,0.009857489858744288
6,116,Наезд на стоящее ТС,3,2,2,0,0,0.014432384091768185
6,116,Опрокидывание,1,0,1,0,0,0.05535364639275194
6,116,Падение пассажира,4,0,5,0,0,0.03573077491706687
6,116,Столкновение,15,0,16,0,1,0.01833371107308069
6,117,Наезд на велосипедиста,2,0,2,0,1,0.01562130480674899
6,117,Наезд на пешехода,16,2,16,0,5,0.0193333101834638
6,117,Наезд на препятствие,3,0,3,0,0,0.08844491705663944
6,117,Падение пассажира,3,0,3,0,0,0.03700980096728484
6,117,Столкновение,24,0,27,0,3,0.032497799124140414
6,118,Наезд на велосипедиста,2,1,1,0,1,0.008797454093847593
6,118,Наезд на пешехода,8,1,7,0,1,0.03157208666882097
6,118,Наезд на стоящее ТС,1,1,2,0,1,0.06311591620530323
6,118,Падение пассажира,4,0,4,0,1,0.02356936209890015
6,118,Прочее,1,1,0,0,0,0.07181708776137526
6,118,Столкновение,8,0,11,0,0,0.027329978173769965
6,119,Наезд на велосипедиста,1,1,0,0,0,0.007514999461281268
6,119,Наезд на пешехода,8,1,7,0,2,0.034545424719448437
6,119,Наезд на препятствие,4,0,4,0,0,0.02890343609143923
6,119,Опрокидывание,2,0,2,0,1,0.05043474015757908
6,119,Столкновение,8,0,11,0,1,0.04687810457046354
6,120,Наезд на велосипедиста,1,0,2,0,0,0.022239185815574547
6,120,Наезд на пешехода,5,0,5,0,3,0.03290885425959247
6,120,Наезд на препятствие,1,0,1,0,0,0.01936687595761501
6,120,Наезд на стоящее ТС,1,0,1,0,0,0.04075887722994981
6,120,Падение пассажира,1,0,1,0,0,0.007485515631175308
6,120,Столкновение,4,0,5,0,0,0.02261605188801108
6,121,Наезд на велосипедиста,1,0,1,0,1,0.3503523675107412
6,121,Наезд на пешехода,2,0,2,0,0,0.09524295172484959
6,121,Опрокидывание,1,1,0,0,0,0.0068152682777280925
6,121,Столкновение,11,4,11,0,2,0.028304810310421438
6,122,Наезд на велосипедиста,1,0,1,0,0,0.009864049168410383
6,122,Наезд на пешехода,6,1,6,0,3,0.023286066341903583
6,122,Наезд на препятствие,1,0,1,0,0,0.0024298190813269705
6,122,Падение пассажира,3,0,3,0,0,0.0279249712639357
6,122,Столкновение,5,0,6,0,0,0.013152963407962681
6,123,Наезд на велосипедиста,4,0,4,0,2,0.04182396367718272
6,123,Наезд на пешехода,10,0,10,0,4,0.0440048010861691
6,123,Наезд на препятствие,4,1,3,0,0,0.03621543097690585
6,123,Наезд на стоящее ТС,1,0,1,0,0,0.03841883998181683
6,123,Опрокидывание,1,0,1,0,0,0.029698971940021992
6,123,Падение пассажира,5,0,5,0,0,0.05609368287432973
6,123,Столкновение,15,0,15,0,0,0.045650724143720206
6,124,Наезд на велосипедиста,1,0,1,0,1,0.05803259505050371
6,124,Наезд на пешехода,4,0,4,0,0,0.016433427707087417
6,124,Наезд на стоящее ТС,2,0,2,0,0,0.05731835544585616
6,124,Столкновение,4,0,7,0,0,0.06146575824854096
6,125,Наезд на велосипедиста,8,0,8,0,2,0.02962752519651729
6,125,Наезд на пешехода,10,1,9,0,3,0.029474401106175135
6,125,Наезд на препятствие,2,0,3,0,0,0.0304711855680416
6,125,Наезд на стоящее ТС,1,0,1,0,0,0.029861583700402768
6,125,Опрокидывание,1,0,1,0,0,0.04100310729103702
6,125,Падение пассажира,6,0,6,0,0,0.01587442035874678
6,125,Столкновение,24,0,26,0,2,0.03175651262697962
6,127,Наезд на велосипедиста,7,0,7,0,3,0.05226177864000364
6,127,Наезд на пешехода,12,0,12,0,1,0.04715013956414715
6,127,Наезд на препятствие,2,0,4,0,0,0.009105934726936852
6,127,Опрокидывание,1,0,1,0,0,0.04465926908594408
6,127,Падение пассажира,1,0,1,0,0,0.05820424965754985
6,127,Столкновение,27,0,33,0,5,0.034253581166779075
6,128,Наезд на велосипедиста,2,0,2,0,0,0.029919902503452615
6,128,Наезд на пешехода,3,0,3,0,2,0.011189332927908873
6,128,Падение пассажира,2,0,2,0,0,0.0076746042250428696
6,128,Столкновение,6,0,10,0,0,0.04884296835717694
6,130,Наезд на велосипедиста,3,0,3,0,0,0.02475539709554958
6,130,Наезд на пешехода,11,0,11,0,3,0.0261762039268183
6,130,Наезд на стоящее ТС,2,1,2,0,0,0.008189784335329532
6,130,Опрокидывание,2,0,2,0,0,0.00789178498068825
6,130,Падение пассажира,1,0,2,0,0,0.008406844309285736
6,130,Столкновение,18,0,20,0,3,0.12215505167828293
6,131,Наезд на велосипедиста,1,0,1,0,1,0.0461198591008512
6,131,Наезд на пешехода,6,0,6,0,1,0.02470586696784581
6,131,Наезд на препятствие,1,0,1,0,0,0.009353038181049628
6,131,Наезд на стоящее ТС,2,0,2,0,0,0.11024936931400736
6,131,Столкновение,6,0,8,0,1,0.01490911045408204
6,133,Наезд на велосипедиста,1,0,1,0,0,0.08117674571293576
6,133,Наезд на пешехода,13,0,13,0,1,0.03874534095592534
6,133,Наезд на стоящее ТС,1,0,1,0,0,0.04148146237586649
6,133,Опрокидывание,3,0,3,0,0,0.03641803721690296
6,133,Падение пассажира,3,0,3,0,1,0.044973163298493324
6,133,Столкновение,6,1,6,0,2,0.030892800418406464
6,134,Наезд на велосипедиста,6,0,6,0,1,0.023960112451899013
6,134,Наезд на пешехода,23,1,23,0,4,0.023577973716824227
6,134,Наезд на препятствие,2,0,4,0,1,0.0271077858006226
6,134,Наезд на стоящее ТС,1,0,1,0,0,0.008704634627573945
6,134,Опрокидывание,3,0,3,0,0,0.005768119203604286
6,134,Падение пассажира,1,0,1,0,0,0.003965891221068765
6,134,Столкновение,21,0,24,0,2,0.013593506928872451
6,134,Съезд с дороги,1,0,2,0,0,0.07913242653674353
6,135,Наезд на велосипедиста,6,0,6,0,3,0.045432922303208806
6,135,Наезд на пешехода,5,0,5,0,1,0.01720247980321086
6,135,Наезд на препятствие,1,0,1,0,0,0.057082992398986655
6,135,Падение пассажира,2,0,2,0,0,0.03745934260415101
6,135,Столкновение,18,0,27,0,0,0.019240273222134292
6,136,Наезд на велосипедиста,7,0,7,0,0,0.022343377499710836
6,136,Наезд на пешехода,10,0,13,0,1,0.03206122221407133
6,136,Наезд на препятствие,2,0,2,0,0,0.04735173509015653
6,136,Наезд на стоящее ТС,2,0,2,0,0,0.0049907992388652875
6,136,Столкновение,23,0,28,0,3,0.022477955464755114
6,137,Наезд на велосипедиста,6,0,6,0,1,0.018738921182763425
6,137,Наезд на пешехода,6,1,5,0,2,0.0249324377296964
6,137,Наезд на препятствие,1,0,1,0,0,0.007083975054638884
6,137,Наезд на стоящее ТС,1,0,1,0,0,0.05710244606963765
6,137,Столкновение,11,0,14,0,1,0.02693635818633315
6,138,Наезд на велосипедиста,4,0,4,0,2,0.03449996630028788
6,138,Наезд на пешехода,10,0,14,0,4,0.03156076959902548
6,138,Наезд на стоящее ТС,2,0,2,0,1,0.017982948166206342
6,138,Опрокидывание,2,0,2,0,0,0.06489164049824005
6,138,Столкновение,10,0,12,0,1,0.033341562373659005
6,139,Наезд на велосипедиста,4,0,4,0,1,0.018035722446082546
6,139,Наезд на пешехода,4,0,4,0,1,0.01709888344891046
6,139,Опрокидывание,1,0,1,0,0,0.0034116735881119767
6,139,Столкновение,5,0,6,0,0,0.01646224498468587
6,140,Наезд на велосипедиста,1,0,1,0,0,0.007973163229734764
6,140,Наезд на пешехода,9,1,8,1,1,0.038527885728688524
6,140,Наезд на препятствие,2,0,2,0,1,0.01447659490900292
6,140,Наезд на стоящее ТС,1,0,2,0,0,0.008411445161760631
6,140,Опрокидывание,4,0,4,0,0,0.028231506882220626
6,140,Падение пассажира,2,0,2,0,0,0.062425269408748915
6,140,Столкновение,9,0,9,0,1,0.02019434983429717
6,141,Наезд на велосипедиста,3,0,3,0,0,0.026983176117626174
6,141,Наезд на пешехода,5,0,5,0,3,0.02551398722655953
6,141,Столкновение,14,0,15,0,1,0.022198766618201637
6,142,Наезд на стоящее ТС,1,0,1,0,0,0.009779022866855681
6,142,Столкновение,6,0,9,0,0,0.1510930608875524
6,143,Наезд на велосипедиста,1,0,1,0,0,0.04843286664708043
6,143,Наезд на пешехода,4,0,4,0,0,0.017428007881444225
6,143,Наезд на препятствие,2,0,2,0,0,0.02081346492114636
6,143,Прочее,1,0,1,0,0,0.04958263209085482
6,143,Столкновение,11,0,11,0,1,0.016361304409263575
6,144,Наезд на велосипедиста,1,0,1,0,0,0.008351340417469886
6,144,Наезд на пешехода,3,0,3,0,0,0.04044577910469171
6,144,Наезд на препятствие,1,0,1,0,0,0.04591151803580781
6,144,Опрокидывание,1,0,1,0,0,0.06673437026039859
6,144,Падение пассажира,2,0,2,0,0,0.0418884483834752
6,144,Столкновение,10,0,12,0,1,0.024272622178047442
6,145,Падение пассажира,1,0,1,0,0,0.03385779818767241
6,145,Столкновение,7,0,7,0,2,0.06378210900490708
6,146,Наезд на пешехода,11,1,10,0,4,0.046535342745888574
6,146,Наезд на препятствие,2,0,4,0,0,0.04234877391708013
6,146,Опрокидывание,2,0,2,0,0,0.006164142677594343
6,146,Столкновение,13,0,15,0,0,0.026095434471767924
6,147,Наезд на велосипедиста,1,0,1,0,0,0.006082277291059144
6,147,Наезд на пешехода,11,0,11,0,3,0.04233033129719491
6,147,Наезд на препятствие,4,1,6,0,1,0.01896992182893042
6,147,Наезд на стоящее ТС,4,0,5,0,0,0.03989331631215608
6,147,Столкновение,19,2,27,0,5,0.03381665239603895
6,148,Наезд на пешехода,2,0,4,0,3,0.06922840137758463
6,148,Опрокидывание,1,0,1,0,0,0.016449383778860804
6,148,Падение пассажира,1,0,1,0,0,0.012285789351241493
6,148,Столкновение,2,0,2,0,0,0.060298373024121076
6,149,Наезд на велосипедиста,1,0,1,0,0,0.043779689166607585
6,149,Наезд на пешехода,1,0,1,0,1,0.008216987029014492
6,149,Наезд на препятствие,1,0,1,0,0,0.2281023314078984
6,150,Наезд на пешехода,9,1,8,0,4,0.02309608809570178
6,150,Наезд на препятствие,2,0,2,0,0,0.006458694412790985
6,150,Опрокидывание,1,1,0,0,0,0.051014977618744975
6,150,Падение пассажира,2,0,2,0,0,0.030367704862419367
6,150,Столкновение,13,0,13,0,2,0.018195515580591702
6,151,Наезд на велосипедиста,1,0,1,0,1,0.04659136462411692
6,151,Наезд на пешехода,6,1,5,0,2,0.02966181257306137
6,151,Падение пассажира,1,0,1,0,0,0.008241870006645556
6,151,Столкновение,5,0,7,0,3,0.0815860084171359
6,152,Наезд на пешехода,2,0,2,0,0,0.00708245546580912
6,152,Столкновение,4,0,4,0,0,0.004839780713508858
6,153,Наезд на велосипедиста,1,1,0,0,0,0.08162046016495147
6,153,Наезд на пешехода,4,0,4,0,3,0.020533145615685748
6,153,Наезд на стоящее ТС,1,1,0,0,0,0.0022154791121532023
6,153,Столкновение,2,0,2,0,2,0.05834542224673443
6,154,Наезд на велосипедиста,3,0,3,0,1,0.022320941937115268
6,154,Наезд на пешехода,2,2,0,0,0,0.022474642397782615
6,154,Наезд на препятствие,5,0,20,0,0,0.0801693034941072
6,154,Опрокидывание,3,0,3,0,0,0.038638131248532416
6,154,Столкновение,40,2,50,1,6,0.05010776337502012
7,2,Наезд на велосипедиста,3,0,3,0,1,0.044026689758968396
7,2,Наезд на пешехода,16,2,15,0,3,0.031765280908108325
7,2,Наезд на препятствие,1,0,1,0,0,0.051161291757724346
7,2,Наезд на стоящее ТС,3,0,5,0,0,0.04400122203640012
7,2,Опрокидывание,2,1,1,0,0,0.0241167901541844
7,2,Падение пассажира,2,0,2,0,0,0.05274710278933001
7,2,Столкновение,39,3,55,0,5,0.02188309574272624
7,3,Наезд на велосипедиста,3,0,3,0,1,0.039095925756691546
7,3,Наезд на пешехода,3,0,3,0,1,0.017228254670283914
7,3,Наезд на препятствие,4,0,4,0,0,0.028462871838900235
7,3,Наезд на стоящее ТС,1,0,1,0,0,0.05296927586354393
7,3,Столкновение,15,0,21,0,1,0.021293286214016976
7,4,Наезд на пешехода,9,0,9,0,0,0.027466608906845623
7,4,Наезд на препятствие,2,0,2,0,0,0.10392447538032992
7,4,Опрокидывание,1,0,1,0,0,0.007193445465463216
7,4,Падение пассажира,1,0,1,0,0,0.030457362214634288
7,4,Столкновение,5,0,7,0,1,0.012001497089967322
7,5,Наезд на пешехода,6,0,6,0,2,0.029690781514193455
7,5,Наезд на стоящее ТС,3,0,4,0,0,0.012060960876172644
7,5,Опрокидывание,2,0,2,0,0,0.018518243230296584
7,5,Падение пассажира,2,0,2,0,0,0.03368829555192667
7,5,Прочее,1,0,1,0,0,0.05612111469317626
7,5,Столкновение,12,0,13,0,0,0.01008850611029437
7,6,Наезд на велосипедиста,4,0,4,0,0,0.023860793390545615
7,6,Наезд на пешехода,9,0,10,0,0,0.04607396466125327
7,6,Падение пассажира,1,0,1,0,0,0.04154610096208332
7,6,Столкновение,5,0,7,0,0,0.025502717122013047
7,7,Наезд на велосипедиста,4,0,4,0,0,0.034621866714199756
7,7,Наезд на пешехода,12,0,13,0,1,0.024053311613470577
7,7,Наезд на препятствие,5,0,5,0,0,0.04359813140366033
7,7,Наезд на стоящее ТС,2,0,3,0,0,0.008611425720632358
7,7,Опрокидывание,2,0,2,0,0,0.021391963126677495
7,7,Падение пассажира,1,0,1,0,0,0.007485515631175308
7,7,Столкновение,25,2,33,0,1,0.0356270293337695
7,8,Наезд на пешехода,4,1,3,0,2,0.02430531499626805
7,8,Столкновение,5,0,8,0,0,0.011297470459634746
7,9,Наезд на велосипедиста,4,0,5,0,1,0.02318566199844806
7,9,Наезд на пешехода,11,0,14,0,4,0.03149809178862795
7,9,Наезд на стоящее ТС,1,0,1,0,0,0.006571444478448364
7,9,Падение пассажира,2,1,1,0,0,0.024911789864620736
7,9,Столкновение,11,0,12,0,1,0.032613005779355726
7,10,Наезд на велосипедиста,2,0,2,0,1,0.029030706513914525
7,10,Наезд на пешехода,5,1,4,0,0,0.016991723529378815
7,10,Наезд на препятствие,5,2,3,0,0,0.038824503723633816
7,10,Наезд на стоящее ТС,1,0,1,0,0,0.014433919404040646
7,10,Опрокидывание,1,0,1,0,0,0.07986416842440562
7,10,Падение пассажира,2,0,2,0,0,0.03270735692259618
7,10,Столкновение,12,2,12,0,3,0.02388944930063878
7,12,Наезд на велосипедиста,2,0,2,0,0,0.050232711244648016
7,12,Наезд на пешехода,6,1,5,0,1,0.015190514978188928
7,12,Наезд на препятствие,3,1,2,0,0,0.04855423249120543
7,12,Падение пассажира,1,0,1,0,0,0.00862004719438068
7,12,Столкновение,18,0,29,0,1,0.022572900198653583
7,13,Наезд на велосипедиста,3,0,3,0,0,0.007847104167156388
7,13,Наезд на пешехода,4,0,4,0,0,0.03445124851579992
7,13,Наезд на препятствие,2,0,2,0,0,0.007422158952014823
7,13,Наезд на стоящее ТС,2,0,3,0,0,0.006571444478448364
7,13,Опрокидывание,2,0,2,0,0,0.04886360352341597
7,13,Падение пассажира,2,0,2,0,1,0.037246320118378216
7,13,Столкновение,20,1,19,0,0,0.02715183336811112
7,14,Наезд на велосипедиста,3,0,3,0,0,0.031482490682826936
7,14,Наезд на пешехода,3,1,2,0,0,0.024777476324227016
7,14,Падение пассажира,1,0,1,0,0,0.023146564431720057
7,14,Столкновение,9,0,9,0,0,0.03022345963037439
7,15,Наезд на велосипедиста,4,0,4,0,2,0.03190562941484739
7,15,Наезд на пешехода,5,0,5,0,0,0.021491662235855736
7,15,Опрокидывание,1,0,1,0,0,0.006058913902257845
7,15,Падение пассажира,1,0,1,0,0,0.008755920171665842
7,15,Столкновение,9,1,11,1,1,0.027543477821450415
7,16,Наезд на велосипедиста,1,0,1,0,0,0.00948587198067526
7,16,Наезд на пешехода,3,0,3,0,1,0.03144154816760033
7,16,Наезд на препятствие,1,0,1,0,0,0.0028079962690620935
7,16,Опрокидывание,1,0,1,0,0,0.0034116735881119767
7,16,Падение пассажира,2,0,2,0,1,0.026205449502448727
7,16,Столкновение,8,0,10,0,1,0.0219409500406995
7,17,Наезд на велосипедиста,2,0,2,0,0,0.03592989784309197
7,17,Наезд на пешехода,11,1,10,0,1,0.033998685123359955
7,17,Наезд на препятствие,1,0,1,0,0,0.008082633640559094
7,17,Опрокидывание,1,0,1,0,0,0.20563774996071604
7,17,Падение пассажира,2,0,2,0,0,0.048695665768434725
7,17,Столкновение,10,1,13,0,1,0.03441282033937285
7,18,Наезд на велосипедиста,4,0,4,0,0,0.012916123951505048
7,18,Наезд на пешехода,5,2,3,0,1,0.022781096829720536
7,18,Наезд на препятствие,1,0,1,0,0,0.004058557552757893
7,18,Столкновение,11,0,13,0,0,0.021321479514043902
7,19,Наезд на велосипедиста,5,0,5,0,2,0.03537651947329268
7,19,Наезд на пешехода,13,1,12,0,4,0.021220713600738298
7,19,Наезд на препятствие,3,0,3,0,0,0.0136652088462555
7,19,Наезд на стоящее ТС,7,0,8,0,0,0.018331548021801227
7,19,Опрокидывание,2,0,2,0,0,0.059661962454002675
7,19,Падение пассажира,3,0,3,0,0,0.020334262928744153
7,19,Столкновение,22,0,25,0,0,0.03211867505734975
7,20,Наезд на велосипедиста,2,0,2,0,0,0.025333107863430952
7,20,Наезд на пешехода,10,2,9,0,0,0.026419478726083245
7,20,Наезд на препятствие,1,0,3,0,1,0.006327620679168636
7,20,Наезд на стоящее ТС,1,0,1,0,0,0.041276954136972584
7,20,Прочее,1,0,1,0,0,0.08152556426626445
7,20,Столкновение,2,0,4,0,0,0.04378416212033498
7,21,Наезд на пешехода,1,0,2,0,1,0.008595164216749615
7,21,Наезд на препятствие,1,0,1,0,0,0.007840329430109132
7,21,Столкновение,10,1,17,0,3,0.04212984286083927
7,21,Съезд с дороги,1,0,1,0,0,0.0545835229646047
7,22,Наезд на велосипедиста,1,0,1,0,0,0.05470857880751484
7,22,Наезд на пешехода,12,1,11,0,0,0.020511067641668112
7,22,Падение пассажира,1,0,1,0,0,0.007863692818910431
7,22,Столкновение,4,0,4,0,0,0.005924475409111112
7,23,Наезд на велосипедиста,7,0,7,0,0,0.03495295586932611
7,23,Наезд на пешехода,14,0,14,0,1,0.023519471658939844
7,23,Наезд на препятствие,2,0,2,0,0,0.003433276910909994
7,23,Наезд на стоящее ТС,1,0,1,0,0,0.0079482802521037
7,23,Опрокидывание,1,0,1,0,0,0.05318254161015635
7,23,Падение пассажира,1,0,1,0,0,0.010132755945321176
7,23,Столкновение,17,1,19,0,0,0.0173811549063113
7,24,Наезд на велосипедиста,2,0,2,0,1,0.008041099718377345
7,24,Наезд на пешехода,2,1,1,0,0,0.04868829739699587
7,24,Падение пассажира,1,0,1,0,1,0.041090227298559295
7,24,Столкновение,6,0,7,0,1,0.02267565593552161
7,25,Наезд на велосипедиста,1,0,1,0,0,0.00948587198067526
7,25,Наезд на пешехода,1,0,1,0,0,0.010370020434934808
7,26,Наезд на велосипедиста,2,0,3,0,0,0.049413902552645154
7,26,Наезд на пешехода,4,0,4,0,1,0.014432284607373627
7,26,Наезд на препятствие,1,0,1,0,0,0.010371540023764572
7,26,Наезд на стоящее ТС,4,3,3,0,0,0.05154713700911244
7,26,Опрокидывание,1,0,1,0,0,0.008112117470665054
7,26,Столкновение,9,0,13,0,3,0.062279306676511284
7,27,Наезд на велосипедиста,1,0,1,0,0,0.010242226356145506
7,27,Наезд на пешехода,9,1,8,0,0,0.012943943197904125
7,27,Опрокидывание,1,0,1,0,0,0.004168027963582225
7,27,Падение пассажира,1,0,1,0,0,0.08927069330391019
7,27,Столкновение,14,0,16,0,2,0.037205258059959126
7,28,Наезд на велосипедиста,6,0,6,0,1,0.02524584113913736
7,28,Наезд на пешехода,10,1,10,0,1,0.020302893035888232
7,28,Наезд на препятствие,1,0,1,0,0,0.007083975054638884
7,28,Опрокидывание,2,0,2,0,0,0.057648003097436895
7,28,Столкновение,6,0,7,0,2,0.019445338082520695
7,29,Наезд на пешехода,7,0,7,0,1,0.04770579647409714
7,29,Опрокидывание,2,0,2,0,0,0.0389355831647341
7,29,Падение пассажира,1,0,1,0,0,0.06025932971047182
7,29,Прочее,1,0,2,0,0,0.09441545218793569
7,29,Столкновение,12,0,13,0,3,0.020814926694225286
7,30,Наезд на велосипедиста,2,0,2,0,0,0.00812225853324314
7,30,Наезд на пешехода,3,1,2,0,0,0.04311348360513695
7,30,Наезд на препятствие,1,2,0,0,0,0.0035643506445323407
7,30,Столкновение,10,1,11,0,0,0.023555659393004184
7,31,Наезд на велосипедиста,1,0,1,0,0,0.05992369424178308
7,31,Наезд на пешехода,8,0,8,0,0,0.021129651053488466
7,31,Наезд на препятствие,1,0,1,0,0,0.08823805215466968
7,31,Наезд на стоящее ТС,1,0,2,0,0,0.001539111317401326
7,31,Столкновение,8,0,11,0,0,0.03739548101320277
7,32,Наезд на велосипедиста,3,0,3,0,1,0.027142996714838222
7,32,Наезд на пешехода,4,1,3,0,0,0.017349454048306144
7,32,Опрокидывание,1,0,1,0,0,0.008327977028668587
7,32,Столкновение,12,0,13,0,1,0.02261794131210007
7,33,Наезд на велосипедиста,1,0,1,0,0,0.014307135178077579
7,33,Наезд на пешехода,1,0,1,0,0,0.04490876881080738
7,33,Падение пассажира,1,0,1,0,0,0.0035877140333336406
7,33,Столкновение,8,0,8,0,1,0.008320767220862073
7,34,Наезд на велосипедиста,2,0,2,0,1,0.02130614044597932
7,34,Наезд на пешехода,2,0,2,0,0,0.027744257444763436
7,34,Падение пассажира,1,0,1,0,0,0.005972806880234812
7,34,Столкновение,13,0,16,0,0,0.037340982285613396
7,35,Наезд на велосипедиста,2,0,2,0,1,0.12093067104804177
7,35,Наезд на пешехода,3,0,3,0,3,0.05717733672650774
7,35,Наезд на препятствие,3,0,4,0,0,0.016589713582335994
7,35,Столкновение,4,0,6,0,0,0.06483896695500768
7,36,Наезд на пешехода,2,0,2,0,1,0.020168617386739352
7,36,Наезд на препятствие,2,0,2,0,0,0.02197506485571613
7,36,Опрокидывание,1,0,1,0,0,0.036733320857167746
7,37,Наезд на велосипедиста,2,0,3,0,0,0.02721195596841499
7,37,Наезд на пешехода,1,0,1,0,1,0.006326101090338872
7,37,Наезд на препятствие,2,0,3,0,0,0.009105934726936852
7,37,Столкновение,7,0,7,0,0,0.016325931329884424
7,38,Наезд на велосипедиста,4,0,4,0,0,0.024048083514063456
7,38,Наезд на пешехода,4,1,3,0,1,0.01714185574669828
7,38,Наезд на препятствие,1,0,1,0,0,0.006327620679168636
7,38,Наезд на стоящее ТС,1,0,1,0,0,0.026879738054686592
7,38,Опрокидывание,1,0,1,0,0,0.008968301683648407
7,38,Падение пассажира,3,0,3,0,0,0.00698127938086181
7,38,Столкновение,11,0,11,0,0,0.011238586794739134
7,39,Наезд на пешехода,6,1,5,0,1,0.027750225163139283
7,39,Опрокидывание,1,0,1,0,0,0.017138933450132367
7,39,Столкновение,5,0,5,0,1,0.021522688025166374
7,40,Наезд на велосипедиста,3,0,3,0,1,0.021090352744685802
7,40,Наезд на пешехода,10,0,10,0,3,0.017280446855372267
7,40,Наезд на препятствие,2,1,1,0,0,0.04615724107161811
7,40,Опрокидывание,3,0,3,0,1,0.02081592424486027
7,40,Столкновение,6,0,7,0,1,0.03097040809899017
7,41,Наезд на пешехода,8,1,9,0,0,0.01835947086673194
7,41,Наезд на стоящее ТС,2,1,2,0,0,0.01636740213190549
7,41,Столкновение,20,0,23,0,1,0.02776561949204614
7,42,Наезд на пешехода,9,0,12,0,3,0.04971376134180651
7,42,Наезд на препятствие,4,0,5,0,0,0.035688175949280615
7,42,Наезд на стоящее ТС,1,0,1,0,0,0.005815090102978117
7,42,Опрокидывание,3,0,3,0,0,0.07280588162394602
7,42,Падение пассажира,5,0,6,0,0,0.03474654520253957
7,42,Прочее,1,1,0,0,0,0.04459492471636216
7,42,Столкновение,15,0,16,0,1,0.035348390213684716
7,43,Наезд на велосипедиста,2,0,2,0,0,0.057326979579475315
7,43,Наезд на пешехода,12,2,10,0,2,0.041162302807559996
7,43,Наезд на препятствие,1,1,0,0,0,0.0788728744248506
7,43,Наезд на стоящее ТС,1,0,1,0,0,0.0341678920652088
7,43,Опрокидывание,2,0,2,0,1,0.08307272059156841
7,43,Падение пассажира,1,0,1,0,0,0.0647033355272174
7,43,Столкновение,30,0,36,0,3,0.040575047592603684
7,44,Наезд на велосипедиста,3,0,3,0,0,0.024372436044559062
7,44,Наезд на пешехода,8,0,8,0,0,0.0305096796612091
7,44,Наезд на стоящее ТС,1,0,1,0,0,0.005815090102978117
7,44,Опрокидывание,1,0,1,0,0,0.049406342348130884
7,44,Падение пассажира,3,0,3,0,0,0.04891966545838248
7,44,Столкновение,23,0,26,0,0,0.032730464290951077
7,45,Наезд на велосипедиста,1,0,1,0,0,0.007216808854264516
7,45,Наезд на препятствие,1,0,1,0,0,0.004436734740493017
7,45,Столкновение,5,0,5,0,0,0.03757227356266655
7,46,Наезд на велосипедиста,3,0,3,0,0,0.01774436801018489
7,46,Наезд на пешехода,5,0,5,0,1,0.013482958452269054
7,46,Опрокидывание,4,0,4,0,0,0.04647604374925573
7,46,Столкновение,13,0,14,0,0,0.020205723436381093
7,47,Наезд на велосипедиста,6,0,7,0,4,0.03426725274108402
7,47,Наезд на пешехода,15,1,17,0,6,0.03202649232148576
7,47,Наезд на стоящее ТС,2,0,2,0,0,0.061706998813898406
7,47,Опрокидывание,1,0,1,0,0,0.025903290513417828
7,47,Столкновение,30,2,38,0,3,0.030240953660410182
7,48,Наезд на пешехода,2,0,2,0,1,0.0191030258743778
7,48,Наезд на препятствие,2,0,2,0,1,0.004945985661850489
7,48,Падение пассажира,1,0,1,0,0,0.029445211512699087
7,48,Столкновение,10,0,18,0,1,0.025173824413430506
7,49,Наезд на велосипедиста,2,0,2,0,0,0.03526794861580481
7,49,Наезд на пешехода,6,1,6,0,2,0.03379592394420619
7,49,Наезд на стоящее ТС,1,0,3,0,0,0.001160934129666202
7,49,Падение пассажира,1,0,1,0,0,0.09948376488062348
7,49,Столкновение,13,0,19,0,0,0.0300724896958751
7,50,Наезд на велосипедиста,2,0,2,0,0,0.014379199787713716
7,50,Наезд на пешехода,6,0,7,0,0,0.01967735726383395
7,50,Наезд на стоящее ТС,5,0,5,0,0,0.01420322324806746
7,50,Падение пассажира,2,0,2,0,0,0.02123774137326534
7,50,Столкновение,20,1,24,0,1,0.026011198014993346
7,51,Наезд на велосипедиста,1,0,1,0,0,0.05142137260990073
7,51,Наезд на пешехода,8,0,9,0,5,0.02980697338001248
7,51,Опрокидывание,4,0,4,0,0,0.03493282011134402
7,51,Падение пассажира,3,0,3,0,0,0.02125040335609875
7,51,Столкновение,4,0,5,0,0,0.0505804804181033
7,52,Наезд на велосипедиста,2,0,2,0,0,0.07132670091562998
7,52,Наезд на пешехода,8,0,9,0,1,0.030591334368230062
7,52,Наезд на препятствие,4,0,4,0,0,0.028943532077109455
7,52,Падение пассажира,4,0,4,0,0,0.023631376743932526
7,52,Столкновение,13,0,15,0,0,0.023200168853846466
7,53,Наезд на велосипедиста,1,0,1,0,0,0.09801631911125631
7,53,Наезд на пешехода,6,0,7,0,4,0.02803079728689677
7,53,Наезд на препятствие,1,0,1,0,0,0.04389868531403726
7,53,Наезд на стоящее ТС,1,0,2,0,0,0.00988811077292907
7,53,Опрокидывание,2,0,2,0,0,0.07289144166233393
7,53,Падение пассажира,1,0,1,0,0,0.009890451734871214
7,53,Столкновение,11,2,16,0,1,0.020703231826867504
7,54,Наезд на пешехода,9,0,9,0,2,0.019029777202133183
7,54,Наезд на препятствие,1,1,2,0,2,0.0690643743216336
7,54,Столкновение,11,0,14,0,1,0.027519071211685866
7,55,Наезд на велосипедиста,4,0,4,0,0,0.03929995069259744
7,55,Наезд на пешехода,6,0,6,0,0,0.026802782545761447
7,55,Наезд на препятствие,5,1,5,0,0,0.11009168347895612
7,55,Наезд на стоящее ТС,3,1,3,0,0,0.08546751086560234
7,55,Опрокидывание,2,0,2,0,0,0.015800354591211416
7,55,Падение пассажира,5,0,5,0,1,0.027044469456376563
7,55,Прочее,1,0,1,0,0,0.05533835775124519
7,55,Столкновение,26,0,41,0,6,0.03939428546367012
7,56,Наезд на пешехода,5,0,5,0,1,0.03292787574148981
7,56,Наезд на стоящее ТС,1,0,1,0,0,0.020516757092045642
7,56,Опрокидывание,2,0,2,0,0,0.06125897623304412
7,56,Падение пассажира,2,0,2,0,0,0.024552436257502135
7,56,Столкновение,10,1,13,0,0,0.014113467320486888
7,57,Наезд на велосипедиста,1,0,1,0,1,0.009107694792940135
7,57,Наезд на пешехода,14,0,15,0,5,0.04330965545375304
7,57,Наезд на препятствие,6,0,7,0,0,0.02967441867640552
7,57,Наезд на стоящее ТС,1,0,2,0,0,0.008382343836405612
7,57,Опрокидывание,3,0,3,0,0,0.026144023199625662
7,57,Падение пассажира,1,0,1,0,0,0.008998224382115803
7,57,Столкновение,23,1,26,0,2,0.030724036984775282
7,58,Наезд на велосипедиста,4,0,4,0,0,0.04695031288764958
7,58,Наезд на пешехода,12,0,12,0,3,0.01430990384071862
7,58,Наезд на препятствие,3,0,4,0,0,0.044580849322824335
7,58,Наезд на стоящее ТС,8,1,13,0,0,0.04712378075408303
7,58,Падение пассажира,2,0,2,0,0,0.01458132286171196
7,58,Столкновение,28,1,31,0,1,0.03806873973709479
7,59,Наезд на велосипедиста,2,0,2,0,0,0.01405575307912113
7,59,Наезд на пешехода,4,0,5,0,1,0.012078071188570504
7,59,Наезд на препятствие,4,0,4,0,0,0.01411394372933646
7,59,Опрокидывание,1,0,1,0,0,0.004117142708218871
7,59,Падение пассажира,3,0,3,0,0,0.02430334838503843
7,59,Столкновение,11,1,13,0,1,0.015203899851222873
7,60,Наезд на велосипедиста,6,0,7,0,0,0.03500332783185486
7,60,Наезд на пешехода,8,0,9,0,1,0.029299949996535454
7,60,Наезд на препятствие,2,0,3,0,0,0.045962120591562745
7,60,Прочее,1,0,5,0,0,0.020646172082272436
7,60,Столкновение,11,0,14,0,0,0.02283510488527337
7,61,Наезд на пешехода,1,0,1,0,0,0.07993975738479259
7,61,Опрокидывание,1,0,1,0,0,0.08077871955087532
7,61,Столкновение,2,0,2,0,1,0.0629976173620158
7,62,Наезд на велосипедиста,5,0,5,0,0,0.02168421117454722
7,62,Наезд на пешехода,8,1,7,0,2,0.023352031067348754
7,62,Наезд на препятствие,2,0,3,0,0,0.029906947934507773
7,62,Наезд на стоящее ТС,6,3,8,1,0,0.013314370593623425
7,62,Опрокидывание,4,0,4,0,1,0.03834605044228985
7,62,Падение пассажира,6,0,7,0,2,0.02702267217483
7,62,Столкновение,16,0,21,0,2,0.027372625341922804
7,63,Наезд на велосипедиста,3,0,3,0,0,0.03555597410250424
7,63,Наезд на пешехода,5,1,4,0,0,0.04214298729836592
7,63,Наезд на препятствие,1,0,1,0,0,0.0034284776672471795
7,63,Опрокидывание,3,0,3,0,0,0.02908742048429616
7,63,Прочее,1,0,1,0,0,0.08296083688054272
7,63,Столкновение,21,0,26,0,1,0.02711335342836511
7,64,Наезд на пешехода,3,0,3,0,0,0.027311026784252596
7,64,Наезд на препятствие,2,0,3,0,0,0.007651240836241571
7,64,Наезд на стоящее ТС,2,1,1,0,0,0.09381974302055729
7,64,Опрокидывание,1,0,1,0,0,0.05661419810618103
7,64,Падение пассажира,1,0,1,0,0,0.03396496448498939
7,64,Столкновение,11,0,12,0,1,0.03577580473418591
7,65,Наезд на велосипедиста,2,0,2,0,0,0.01947981197586469
7,65,Наезд на пешехода,6,2,5,0,1,0.014553730084998023
7,65,Наезд на препятствие,1,0,1,0,0,0.01126750230713085
7,65,Опрокидывание,1,0,1,0,0,0.03111108850740936
7,65,Падение пассажира,2,0,2,0,0,0.03416549199402687
7,65,Столкновение,8,0,10,0,1,0.017297241235369947
7,66,Наезд на велосипедиста,3,0,3,0,1,0.022809985204514233
7,66,Наезд на пешехода,1,0,1,0,0,0.02702469684833881
7,66,Наезд на стоящее ТС,5,1,5,1,0,0.013077365041652434
7,66,Опрокидывание,1,0,1,0,0,0.006679395300442931
7,66,Падение пассажира,2,0,2,0,0,0.028181146601464462
7,66,Столкновение,17,0,20,0,4,0.03054628189176914
7,67,Наезд на препятствие,2,0,3,0,0,0.009605264019896958
7,67,Столкновение,2,0,2,0,0,0.005977776130384849
7,68,Наезд на пешехода,3,2,2,0,1,0.038066887538388695
7,68,Наезд на препятствие,2,0,2,0,0,0.007273063648506446
7,68,Наезд на стоящее ТС,3,0,4,0,0,0.0199416850541759
7,68,Опрокидывание,1,0,1,0,0,0.04994266089158163
7,68,Падение пассажира,2,0,2,0,0,0.053894789040411034
7,68,Столкновение,19,0,21,0,2,0.024943130789735465
7,69,Наезд на велосипедиста,2,0,2,0,1,0.009742897063185402
7,69,Наезд на пешехода,4,0,4,0,0,0.04424226822909319
7,69,Наезд на препятствие,2,0,3,0,0,0.004945985661850489
7,69,Наезд на стоящее ТС,1,0,2,0,0,0.004544685562487583
7,69,Падение пассажира,2,0,2,0,0,0.00956549016371849
7,69,Столкновение,11,0,13,0,1,0.018177342971256463
7,70,Наезд на пешехода,8,0,8,0,4,0.043314023572074686
7,70,Наезд на стоящее ТС,3,0,3,0,0,0.03334525512320305
7,70,Опрокидывание,4,0,4,0,0,0.031095119721937285
7,70,Падение пассажира,1,0,1,0,0,0.04160145142134243
7,70,Столкновение,22,1,23,0,0,0.05490020626878706
7,71,Наезд на пешехода,10,0,11,0,1,0.06175217009181475
7,71,Наезд на препятствие,4,2,5,0,0,0.024768146728076486
7,71,Опрокидывание,4,0,4,0,0,0.024102551751752375
7,71,Падение пассажира,2,0,3,0,1,0.040945419574733424
7,71,Прочее,1,0,1,0,0,0.08747427314005522
7,71,Столкновение,14,1,17,0,0,0.03390438609070821
7,72,Наезд на велосипедиста,4,0,4,0,0,0.037393183035783095
7,72,Наезд на пешехода,6,0,6,0,1,0.01686420797215023
7,72,Наезд на стоящее ТС,2,0,4,0,0,0.01687771376440968
7,72,Опрокидывание,3,0,3,0,0,0.010507433632132279
7,72,Падение пассажира,4,0,4,0,0,0.022497710806105197
7,72,Столкновение,8,0,10,0,2,0.015935267112102587
7,73,Наезд на велосипедиста,6,0,6,0,1,0.03159117754073589
7,73,Наезд на пешехода,9,0,9,0,0,0.02035894531625819
7,73,Наезд на препятствие,1,0,2,0,2,0.0022939461040418084
7,73,Падение пассажира,2,0,2,0,0,0.02352993480929662
7,73,Столкновение,16,1,17,0,0,0.03314382778263734
7,74,Наезд на пешехода,1,0,1,0,1,0.05906592256822637
7,74,Наезд на препятствие,7,0,10,0,1,0.0632860875692455
7,74,Наезд на стоящее ТС,1,1,0,0,0,0.0029718334876234504
7,74,Опрокидывание,1,0,1,0,0,0.04726432799363312
7,74,Падение пассажира,2,0,2,0,0,0.009376401569850926
7,74,Столкновение,21,0,27,0,1,0.040346657788397
7,75,Наезд на велосипедиста,1,0,1,0,0,0.05056917954453781
7,75,Наезд на пешехода,15,1,14,0,3,0.021469815509700507
7,75,Наезд на препятствие,2,0,3,0,0,0.014448804847467911
7,75,Опрокидывание,2,0,2,0,1,0.07252394210853785
7,75,Падение пассажира,2,0,2,0,0,0.04271082771614711
7,75,Столкновение,18,0,31,0,1,0.0251155470585688
7,76,Наезд на велосипедиста,3,0,4,0,1,0.05659144784083722
7,76,Наезд на пешехода,4,0,4,0,1,0.0499786760369081
7,76,Наезд на стоящее ТС,2,1,2,0,0,0.11146459357579971
7,76,Столкновение,1,0,1,0,0,0.2876110490342648
7,77,Наезд на велосипедиста,1,0,1,0,0,0.017885022112763754
7,77,Наезд на пешехода,4,1,3,0,1,0.02403570056310591
7,77,Наезд на препятствие,1,0,1,0,0,0.03855339477942938
7,77,Столкновение,9,0,10,0,0,0.022627950076699706
7,78,Столкновение,3,0,5,0,0,0.03527017027370252
7,78,Съезд с дороги,1,0,1,0,0,0.22682188299773953
7,80,Наезд на велосипедиста,1,0,1,0,0,0.008729517605205012
7,80,Наезд на стоящее ТС,1,0,4,0,0,0.0485157539692939
7,80,Столкновение,4,0,5,0,1,0.02749760072698075
7,81,Наезд на велосипедиста,1,0,1,0,0,0.15884305627208928
7,81,Наезд на стоящее ТС,1,0,1,0,0,0.001160934129666202
7,81,Столкновение,1,0,3,0,1,0.004574169392593543
7,81,Съезд с дороги,1,2,0,0,0,0.054961700152339824
7,82,Наезд на велосипедиста,2,0,2,0,1,0.008729517605205012
7,82,Наезд на пешехода,7,0,7,0,3,0.023627817151624337
7,82,Наезд на препятствие,1,0,1,0,0,0.02898216457097764
7,82,Наезд на стоящее ТС,1,0,1,0,0,0.056010364355411506
7,82,Опрокидывание,1,0,1,0,0,0.009346478871383531
7,82,Падение пассажира,2,0,2,0,0,0.05080805097110014
7,82,Столкновение,4,0,4,0,0,0.0389186044359368
7,83,Наезд на велосипедиста,2,0,2,0,1,0.009674960574542821
7,83,Наезд на пешехода,5,0,5,0,2,0.02668236294486819
7,83,Наезд на препятствие,2,0,2,0,0,0.07239225632577373
7,83,Наезд на стоящее ТС,3,0,4,0,0,0.13733570955119137
7,83,Падение пассажира,4,0,5,0,0,0.08212009122470076
7,83,Столкновение,13,0,14,0,0,0.030940110711741832
7,84,Наезд на велосипедиста,3,0,3,0,1,0.021820015455776737
7,84,Наезд на пешехода,20,0,20,0,3,0.03320087872942319
7,84,Наезд на препятствие,1,0,1,0,0,0.00999336283602945
7,84,Опрокидывание,6,0,6,0,0,0.023503264281434313
7,84,Столкновение,25,3,25,0,1,0.01904594099511138
7,85,Наезд на велосипедиста,3,0,3,0,2,0.029296585760872334
7,85,Наезд на пешехода,7,0,7,0,4,0.03571433859307719
7,85,Наезд на препятствие,3,1,2,0,0,0.0471137668748915
7,85,Наезд на стоящее ТС,2,0,2,0,0,0.05535751035575388
7,85,Опрокидывание,1,0,1,0,0,0.0010265807412108059
7,85,Падение пассажира,1,0,1,0,0,0.047632340984597954
7,85,Столкновение,18,1,21,0,2,0.03014446972168315
7,86,Наезд на велосипедиста,1,0,3,0,0,0.04337777911460178
7,86,Наезд на пешехода,2,0,2,0,0,0.02205503594277667
7,86,Наезд на препятствие,1,0,1,0,0,0.027643319130525316
7,86,Столкновение,3,0,4,0,0,0.03248167806535678
7,87,Наезд на велосипедиста,3,1,2,0,0,0.034339613368215643
7,87,Наезд на пешехода,13,1,14,0,2,0.02744576564473166
7,87,Наезд на препятствие,2,0,2,0,0,0.021690711024327913
7,87,Наезд на стоящее ТС,2,0,2,0,0,0.01753575972924362
7,87,Опрокидывание,2,0,2,0,0,0.031475958394634296
7,87,Столкновение,28,0,32,0,0,0.027674358884569705
7,88,Наезд на велосипедиста,3,0,3,0,0,0.05129017102103984
7,88,Наезд на пешехода,13,2,12,0,0,0.030302378426029397
7,88,Наезд на препятствие,3,0,3,0,0,0.02615631133370187
7,88,Наезд на стоящее ТС,2,0,3,0,0,0.004920734286544283
7,88,Опрокидывание,1,0,1,0,0,0.02873547788083355
7,88,Падение пассажира,2,0,2,0,0,0.027398595526764855
7,88,Столкновение,21,1,23,0,1,0.043949285825864846
7,89,Наезд на велосипедиста,3,0,3,0,0,0.02114291326348909
7,89,Наезд на пешехода,5,0,5,0,2,0.03642526173059181
7,89,Наезд на стоящее ТС,1,0,1,0,0,0.002295465692871574
7,89,Опрокидывание,2,0,2,0,0,0.033649241686560916
7,89,Столкновение,10,1,11,0,0,0.011894480534810792
7,90,Наезд на велосипедиста,4,0,4,0,2,0.019021565988986536
7,90,Наезд на пешехода,5,0,5,0,2,0.03501948861362101
7,90,Наезд на препятствие,2,1,1,0,0,0.0077168786518230555
7,90,Наезд на стоящее ТС,1,0,2,0,0,0.2457840441740056
7,90,Опрокидывание,1,0,1,0,0,0.050087323430438827
7,90,Прочее,1,0,2,0,0,0.051752998577986584
7,90,Столкновение,16,0,19,0,3,0.06864609471752871
7,91,Наезд на велосипедиста,3,0,3,0,2,0.04009336427642974
7,91,Наезд на пешехода,13,0,15,0,5,0.026499979483553426
7,91,Наезд на препятствие,4,0,4,0,0,0.06495319180129229
7,91,Наезд на стоящее ТС,3,0,3,0,2,0.020825180414393265
7,91,Опрокидывание,2,0,2,0,0,0.004488190291072135
7,91,Падение пассажира,1,0,1,0,0,0.0072432114207253455
7,91,Столкновение,19,0,27,0,2,0.028285474419700366
7,92,Наезд на пешехода,2,0,2,0,2,0.043215528972557926
7,92,Наезд на препятствие,3,0,4,0,0,0.11284820342209323
7,92,Столкновение,11,4,14,1,3,0.03640967713590197
7,93,Наезд на велосипедиста,1,0,1,0,0,0.009107694792940135
7,93,Наезд на пешехода,1,1,0,0,0,0.007460632653544245
7,93,Опрокидывание,1,0,1,0,0,0.03694291761586776
7,93,Столкновение,5,0,5,0,0,0.017935777760883436
7,94,Наезд на велосипедиста,1,0,1,0,0,0.009107694792940135
7,94,Наезд на пешехода,8,0,11,0,3,0.020018038531164767
7,94,Столкновение,10,1,11,0,1,0.028268760137476524
7,95,Наезд на велосипедиста,1,0,2,0,1,0.0408992169974374
7,95,Наезд на пешехода,6,1,6,0,0,0.03511354789571553
7,95,Наезд на препятствие,1,0,2,0,0,0.04252376670010941
7,95,Опрокидывание,1,0,1,0,0,0.0359719610780069
7,95,Падение пассажира,3,0,3,0,0,0.030007486471859468
7,95,Столкновение,9,0,11,0,0,0.05211021843185269
7,96,Наезд на велосипедиста,2,0,2,0,0,0.00872951760520501
7,96,Наезд на препятствие,1,0,1,0,0,0.0664028576690049
7,96,Наезд на стоящее ТС,1,0,2,0,0,0.008382343836405612
7,96,Опрокидывание,1,0,1,0,0,0.06726324794764844
7,96,Столкновение,15,0,16,0,1,0.053645866253632206
7,97,Наезд на пешехода,2,0,2,0,2,0.007460632653544244
7,97,Столкновение,2,0,3,0,0,0.027607955727265945
7,98,Наезд на велосипедиста,1,0,1,0,0,0.03593876210332614
7,98,Наезд на пешехода,5,0,5,0,1,0.04046552950876861
7,98,Наезд на стоящее ТС,1,1,0,0,0,0.07700498383744071
7,98,Опрокидывание,1,0,1,0,0,0.004546205151317349
7,98,Падение пассажира,2,0,3,0,0,0.02420636547451508
7,98,Столкновение,8,0,12,0,0,0.015275575993064535
7,99,Наезд на пешехода,2,0,2,0,0,0.04702345317378038
7,99,Наезд на препятствие,1,0,1,0,0,0.06705860189912786
7,99,Опрокидывание,1,1,0,0,0,0.00757162265319834
7,99,Столкновение,9,0,10,0,0,0.05504203862120689
7,100,Наезд на пешехода,2,2,1,0,0,0.059557565811521974
7,100,Опрокидывание,1,0,1,0,0,0.0068152682777280925
7,100,Столкновение,3,0,7,0,1,0.04768492167982846
7,101,Наезд на пешехода,10,0,10,0,1,0.030755560199566462
7,101,Наезд на стоящее ТС,2,1,1,0,0,0.017749260419968636
7,101,Падение пассажира,2,0,2,0,1,0.05724523344724029
7,101,Столкновение,11,0,13,0,2,0.031053118358521977
7,102,Наезд на велосипедиста,2,0,2,0,1,0.007095656749039535
7,102,Наезд на пешехода,8,0,9,0,3,0.03040820659196861
7,102,Наезд на препятствие,1,0,1,0,0,0.038791282981810914
7,102,Опрокидывание,2,0,2,0,0,0.05998020530039797
7,102,Падение пассажира,1,0,1,0,0,0.006350984067969936
7,102,Столкновение,11,0,12,0,1,0.016664626303011923
7,103,Наезд на велосипедиста,1,0,1,0,0,0.011440305566485813
7,103,Наезд на пешехода,5,0,5,0,2,0.026197694348408445
7,103,Наезд на стоящее ТС,4,0,6,0,0,0.028943224177840954
7,103,Опрокидывание,4,0,4,0,1,0.029183530412618675
7,103,Падение пассажира,2,0,2,0,0,0.0362053589622922
7,103,Столкновение,15,1,17,0,0,0.03720461297391324
7,104,Наезд на велосипедиста,2,0,2,0,0,0.017052155604913494
7,104,Наезд на пешехода,6,0,6,0,2,0.01294420516694869
7,104,Падение пассажира,1,0,1,0,0,0.02256665187354396
7,104,Столкновение,7,0,7,0,0,0.014736368249646498
7,105,Наезд на пешехода,4,0,5,0,2,0.01177267421872815
7,105,Наезд на препятствие,2,0,3,0,0,0.03259488974405862
7,105,Опрокидывание,4,0,4,0,1,0.04427027716009702
7,105,Столкновение,17,1,18,0,0,0.03288519851344683
7,106,Наезд на велосипедиста,4,0,6,0,0,0.026335745152959094
7,106,Наезд на пешехода,7,0,7,0,3,0.019560378065362753
7,106,Наезд на препятствие,1,0,1,0,0,0.03507478126688395
7,106,Опрокидывание,1,0,1,0,0,0.008192104051383426
7,106,Столкновение,4,0,5,0,0,0.03569020699725313
7,107,Наезд на велосипедиста,2,0,2,0,0,0.034448442551258125
7,107,Наезд на пешехода,6,0,6,0,0,0.040925392399993245
7,107,Наезд на препятствие,3,0,4,0,1,0.024838778510793153
7,107,Наезд на стоящее ТС,2,0,3,0,0,0.017030845968463
7,107,Опрокидывание,2,0,2,0,0,0.04118338902631773
7,107,Падение пассажира,1,0,1,0,0,0.04931875262831608
7,107,Столкновение,7,0,8,0,1,0.05802516537806679
7,108,Наезд на велосипедиста,3,0,3,0,1,0.010814177783250062
7,108,Наезд на пешехода,4,0,4,0,1,0.019368554945243092
7,108,Наезд на препятствие,3,0,4,0,0,0.04792275887906716
7,108,Наезд на стоящее ТС,1,0,1,0,0,0.003350010675358574
7,108,Опрокидывание,1,0,1,0,0,0.03377002572917931
7,108,Падение пассажира,4,0,4,0,0,0.03187266467405476
7,108,Столкновение,17,2,18,0,0,0.03325138400399194
7,109,Наезд на велосипедиста,2,0,2,0,0,0.02678658441333418
7,109,Наезд на пешехода,4,0,4,0,0,0.02452984044218884
7,109,Столкновение,4,0,5,0,0,0.02235783418867117
7,110,Наезд на велосипедиста,3,0,3,0,1,0.02623678741533135
7,110,Наезд на пешехода,16,0,17,0,2,0.0367949690485201
7,110,Наезд на препятствие,1,0,1,0,0,0.029604854019748626
7,110,Опрокидывание,7,0,7,0,1,0.03225883347499946
7,110,Падение пассажира,1,0,1,0,0,0.04914085803783708
7,110,Столкновение,14,0,17,0,0,0.028337500024460897
7,111,Наезд на велосипедиста,1,0,1,0,0,0.020497503334690168
7,111,Наезд на пешехода,5,0,5,0,2,0.05880896323843636
7,111,Наезд на препятствие,2,2,1,0,0,0.006836871600526109
7,111,Наезд на стоящее ТС,2,0,5,0,1,0.022206924095220286
7,111,Опрокидывание,3,0,3,0,0,0.021783103976734792
7,111,Столкновение,27,0,32,0,2,0.03534577822274305
7,113,Наезд на велосипедиста,1,0,1,0,0,0.09999669292775187
7,113,Наезд на пешехода,7,0,7,0,1,0.022922513290673453
7,113,Наезд на стоящее ТС,1,0,1,0,0,0.005058735727507868
7,113,Опрокидывание,2,0,2,0,0,0.04267206423417995
7,113,Падение пассажира,4,0,4,0,0,0.016163879836062937
7,113,Столкновение,13,1,19,0,1,0.020334441671272203
7,114,Наезд на пешехода,12,0,12,0,2,0.03517770778146287
7,114,Наезд на препятствие,3,0,3,0,0,0.040027433228273936
7,114,Наезд на стоящее ТС,2,0,2,0,0,0.005964185406486492
7,114,Падение пассажира,5,0,5,0,0,0.04753858598438414
7,114,Столкновение,10,0,12,0,0,0.019461967110906486
7,115,Наезд на велосипедиста,1,0,1,0,0,0.008351340417469886
7,115,Наезд на пешехода,6,1,5,0,0,0.05707256494322136
7,115,Наезд на препятствие,2,0,2,0,0,0.010731691337574274
7,115,Опрокидывание,2,0,2,0,0,0.04881712760215671
7,115,Столкновение,13,0,15,0,0,0.031093150374689644
7,116,Наезд на велосипедиста,5,0,5,0,0,0.01956948687784436
7,116,Наезд на пешехода,15,0,15,0,3,0.031087492549945472
7,116,Наезд на стоящее ТС,1,0,1,0,0,0.01576190871240451
7,116,Падение пассажира,3,0,3,0,0,0.03160719413063308
7,116,Столкновение,8,0,9,0,0,0.015291550132342915
7,117,Наезд на велосипедиста,5,1,4,0,1,0.020163051405994874
7,117,Наезд на пешехода,14,1,13,0,6,0.016016780001624268
7,117,Наезд на препятствие,3,3,5,0,0,0.02220914712569627
7,117,Наезд на стоящее ТС,1,0,1,0,0,0.009138698211875858
7,117,Опрокидывание,2,1,1,0,0,0.04866439066767696
7,117,Падение пассажира,3,0,3,0,0,0.02409246596682892
7,117,Столкновение,34,2,39,0,4,0.022259612470771663
7,118,Наезд на велосипедиста,2,0,2,0,0,0.07739253735603246
7,118,Наезд на пешехода,4,0,4,0,1,0.04391633667320727
7,118,Наезд на препятствие,1,0,3,0,2,0.037894849025333306
7,118,Опрокидывание,1,1,0,0,0,0.02693333787825815
7,118,Падение пассажира,2,0,2,0,0,0.02870408131789686
7,118,Столкновение,13,0,15,0,2,0.04270846197306291
7,119,Наезд на велосипедиста,4,0,4,0,0,0.04501114405512575
7,119,Наезд на пешехода,4,0,4,0,1,0.02788277091016972
7,119,Наезд на стоящее ТС,3,0,4,0,0,0.0063297568889790585
7,119,Столкновение,16,0,19,0,3,0.028062760553592143
7,120,Наезд на велосипедиста,1,0,1,0,1,0.00948587198067526
7,120,Наезд на пешехода,4,0,4,0,4,0.029822949384623543
7,120,Столкновение,4,0,4,0,0,0.03717899652805872
7,121,Наезд на пешехода,2,1,1,0,0,0.1224033231190243
7,121,Наезд на препятствие,1,0,1,0,0,0.00473492534750977
7,121,Наезд на стоящее ТС,1,0,2,0,0,0.0025936562998883266
7,121,Опрокидывание,1,0,1,0,0,0.06471413906965325
7,121,Столкновение,8,2,7,0,0,0.07786274056852942
7,122,Наезд на велосипедиста,3,0,3,0,1,0.024024087871291167
7,122,Наезд на пешехода,4,0,5,0,1,0.016960684625835318
7,122,Наезд на препятствие,1,0,1,0,1,0.05489100841559811
7,122,Падение пассажира,1,0,1,0,0,0.010912339589608445
7,122,Столкновение,15,0,17,0,0,0.02348036856326623
7,123,Наезд на велосипедиста,4,0,4,0,0,0.07674320165708975
7,123,Наезд на пешехода,8,0,8,0,1,0.0449146090699011
7,123,Наезд на препятствие,1,0,2,0,0,0.0035643506445323407
7,123,Опрокидывание,1,0,1,0,0,0.0005125305761905201
7,123,Падение пассажира,1,0,1,0,0,0.07721526261276457
7,123,Столкновение,15,0,16,0,3,0.04094349566494151
7,124,Наезд на пешехода,1,0,1,0,0,0.022751527988390446
7,124,Наезд на препятствие,2,0,2,0,0,0.034852120916900216
7,124,Наезд на стоящее ТС,5,0,14,0,1,0.1489947321756566
7,124,Столкновение,8,0,9,0,0,0.048083134148378774
7,125,Наезд на велосипедиста,8,0,8,0,0,0.03176359439904368
7,125,Наезд на пешехода,19,0,22,0,6,0.030783742744793837
7,125,Наезд на препятствие,1,0,1,0,0,0.04471978615380545
7,125,Опрокидывание,3,0,3,0,1,0.053812119318821704
7,125,Падение пассажира,2,0,2,0,0,0.02765792236062685
7,125,Столкновение,20,2,24,0,1,0.03742289566808722
7,127,Наезд на велосипедиста,4,0,4,0,0,0.0198855626398679
7,127,Наезд на пешехода,5,0,6,0,2,0.04517487950687164
7,127,Наезд на препятствие,2,0,6,0,0,0.03180813979758089
7,127,Наезд на стоящее ТС,2,0,2,0,0,0.08294680338671434
7,127,Падение пассажира,2,0,2,0,0,0.050884381776837004
7,127,Столкновение,26,1,27,0,0,0.02096651977375471
7,128,Наезд на пешехода,2,0,2,0,0,0.05826118908877184
7,128,Столкновение,3,0,4,0,0,0.04487319119464054
7,130,Наезд на велосипедиста,5,0,5,0,1,0.036837051538590286
7,130,Наезд на пешехода,11,0,12,0,4,0.01277892096588667
7,130,Наезд на препятствие,1,0,1,0,0,0.008138520037125884
7,130,Наезд на стоящее ТС,2,0,2,0,0,0.3622738062439586
7,130,Падение пассажира,2,0,2,0,0,0.007863692818910431
7,130,Столкновение,14,0,20,0,1,0.02074470357403847
7,131,Наезд на пешехода,7,0,7,0,2,0.046728375696636494
7,131,Наезд на препятствие,4,1,3,0,0,0.0736906103550509
7,131,Падение пассажира,1,0,1,0,0,0.0067291612557050596
7,131,Столкновение,5,1,7,0,1,0.005992434611679526
7,133,Наезд на велосипедиста,5,0,5,0,0,0.041329360871159675
7,133,Наезд на пешехода,10,3,7,0,1,0.022680404982746188
7,133,Наезд на препятствие,2,0,2,0,0,0.005977332539912432
7,133,Опрокидывание,6,0,6,0,1,0.03785697112193372
7,133,Падение пассажира,2,0,2,0,0,0.04711272437465679
7,133,Столкновение,6,0,10,0,0,0.050773893790917596
7,134,Наезд на велосипедиста,6,0,6,0,0,0.02661593829571032
7,134,Наезд на пешехода,13,0,14,0,3,0.025214852420801903
7,134,Наезд на препятствие,2,0,2,0,1,0.028633622472179387
7,134,Опрокидывание,3,0,3,0,0,0.05146839802340566
7,134,Падение пассажира,3,0,4,0,1,0.029965325934874446
7,134,Прочее,1,0,1,0,0,0.07816366620490615
7,134,Столкновение,38,0,47,0,4,0.018195825165939213
7,135,Наезд на велосипедиста,2,0,2,0,0,0.006460454478794267
7,135,Наезд на пешехода,7,0,7,0,0,0.04354608597477365
7,135,Наезд на препятствие,1,0,1,0,0,0.007462152242374008
7,135,Опрокидывание,4,0,4,0,1,0.024888563794440745
7,135,Падение пассажира,3,0,3,0,0,0.03386145996349923
7,135,Столкновение,15,0,16,0,0,0.03840124115996424
7,136,Наезд на велосипедиста,2,0,2,0,0,0.02113907693007352
7,136,Наезд на пешехода,8,0,8,0,0,0.012768008918699074
7,136,Наезд на препятствие,4,0,6,0,0,0.010743342968687054
7,136,Столкновение,19,0,21,0,0,0.021746947908919245
7,137,Наезд на велосипедиста,1,0,1,0,1,0.030110193799176243
7,137,Наезд на пешехода,6,0,6,0,3,0.026038582939825205
7,137,Наезд на препятствие,1,0,1,0,0,0.027534273084816437
7,137,Падение пассажира,1,0,1,0,1,0.05536927690821872
7,137,Столкновение,2,0,2,0,0,0.039694286150555314
7,137,Съезд с дороги,1,0,1,0,0,0.04701997920990222
7,138,Наезд на велосипедиста,4,0,4,0,0,0.052443134861846485
7,138,Наезд на пешехода,6,2,7,2,5,0.02980333159475032
7,138,Падение пассажира,1,0,1,0,0,0.027865134781122326
7,138,Столкновение,10,0,14,0,2,0.03237604660754597
7,139,Наезд на велосипедиста,1,0,1,0,1,0.008729517605205012
7,139,Наезд на пешехода,3,0,3,0,1,0.008674460151821268
7,139,Наезд на препятствие,1,0,1,0,1,0.0031861734567972177
7,139,Наезд на стоящее ТС,1,0,1,0,0,0.008840507604859106
7,139,Падение пассажира,1,0,1,0,0,0.011267287508526548
7,139,Столкновение,9,0,10,0,0,0.03374572698287388
7,140,Наезд на велосипедиста,4,0,4,0,0,0.02712349250658943
7,140,Наезд на пешехода,12,2,10,0,0,0.022945871285916273
7,140,Наезд на стоящее ТС,1,0,1,0,0,0.018057703318542045
7,140,Опрокидывание,2,0,2,0,0,0.010574064521561177
7,140,Падение пассажира,3,0,3,0,0,0.017783225685742563
7,140,Столкновение,11,0,12,0,1,0.027267312516697447
7,141,Наезд на пешехода,3,0,3,0,0,0.02305245198043733
7,141,Опрокидывание,1,1,0,0,0,0.024235906714258824
7,141,Столкновение,10,0,13,0,1,0.024867727962625156
7,142,Наезд на стоящее ТС,2,0,5,0,0,0.1612691904552515
7,142,Столкновение,5,0,9,0,0,0.11106818405194607
7,143,Наезд на пешехода,9,2,7,0,0,0.03223388085092334
7,143,Наезд на препятствие,1,0,1,0,0,0.05265981315678029
7,143,Наезд на стоящее ТС,2,0,6,0,0,0.04116070533807879
7,143,Опрокидывание,2,0,2,0,0,0.03932367073379164
7,143,Столкновение,8,0,9,0,1,0.017306641623773364
7,144,Наезд на велосипедиста,3,0,3,0,0,0.023249683090380318
7,144,Наезд на пешехода,10,0,12,0,8,0.02115849409360898
7,144,Наезд на стоящее ТС,1,0,2,0,2,0.0029159470910566604
7,144,Опрокидывание,2,0,2,0,0,0.025705038453975333
7,144,Падение пассажира,4,0,4,0,0,0.01609296852765825
7,144,Столкновение,11,0,12,0,0,0.020997730573044562
7,145,Наезд на велосипедиста,1,0,1,0,0,0.1356163747543422
7,145,Наезд на пешехода,2,0,2,0,0,0.07051934954198423
7,145,Наезд на препятствие,1,0,1,0,0,0.0724947720860067
7,145,Опрокидывание,1,0,1,0,0,0.0286494245814037
7,145,Падение пассажира,2,0,2,0,1,0.04101520501097204
7,145,Столкновение,6,0,10,0,1,0.05196485584375716
7,146,Наезд на велосипедиста,2,0,2,0,1,0.04129750122684261
7,146,Наезд на пешехода,6,1,5,0,0,0.012258292299452635
7,146,Наезд на стоящее ТС,1,0,2,0,0,0.1386379471843529
7,146,Опрокидывание,4,0,4,0,0,0.030412854649499242
7,146,Падение пассажира,4,0,5,0,0,0.027635608574213308
7,146,Столкновение,23,0,27,0,3,0.03236370651754473
7,147,Наезд на велосипедиста,1,0,1,0,0,0.008729517605205012
7,147,Наезд на пешехода,8,1,7,0,1,0.02931620220748084
7,147,Наезд на препятствие,3,2,1,0,0,0.01303930799326762
7,147,Наезд на стоящее ТС,2,0,4,0,0,0.05872765984035188
7,147,Опрокидывание,2,0,2,0,0,0.006707338498726326
7,147,Падение пассажира,1,0,1,0,0,0.011267287508526548
7,147,Прочее,1,0,1,0,0,0.006924738688552424
7,147,Столкновение,17,0,26,0,3,0.029306649553018947
7,148,Наезд на велосипедиста,2,0,2,0,0,0.03217667988315921
7,148,Наезд на пешехода,4,0,4,0,1,0.04322205668184355
7,148,Наезд на препятствие,2,2,4,0,0,0.017006424839629414
7,148,Падение пассажира,1,0,1,0,1,0.008998224382115803
7,148,Прочее,1,0,1,0,0,0.14441565599186718
7,148,Столкновение,1,0,1,0,0,0.0031414472223714194
7,149,Наезд на пешехода,1,1,0,0,0,0.010370020434934808
7,149,Наезд на препятствие,1,0,1,0,0,0.007840329430109132
7,149,Падение пассажира,1,0,1,0,1,0.0920156321218619
7,149,Столкновение,4,0,5,0,0,0.04388011578999715
7,150,Наезд на велосипедиста,2,0,2,0,0,0.021278185880617865
7,150,Наезд на пешехода,14,0,15,0,3,0.03505025213661321
7,150,Падение пассажира,2,0,2,0,0,0.03107548445737079
7,150,Столкновение,12,0,14,0,0,0.03573339206701134
7,151,Наезд на пешехода,6,0,6,0,3,0.01147267004865303
7,151,Наезд на препятствие,2,0,2,0,0,0.013412271846394605
7,151,Столкновение,4,0,5,0,0,0.034031721567261336
7,152,Наезд на пешехода,3,0,4,0,2,0.036052639380433175
7,152,Наезд на препятствие,2,0,2,0,0,0.02175557002857375
7,152,Столкновение,2,0,5,0,0,0.008150500882635362
7,153,Наезд на велосипедиста,1,0,1,0,1,0.007216808854264516
7,153,Наезд на пешехода,2,0,2,0,1,0.036330493159756685
7,153,Наезд на препятствие,1,0,1,0,0,0.0055712663036983886
7,153,Столкновение,5,0,9,0,1,0.03176242343346051
7,154,Наезд на велосипедиста,4,0,4,0,1,0.03709041431126275
7,154,Наезд на пешехода,9,0,9,0,1,0.041787462129422005
7,154,Наезд на препятствие,1,0,1,0,0,0.06221907108764503
7,154,Наезд на стоящее ТС,1,0,1,0,0,0.045199580385501974
7,154,Опрокидывание,1,0,1,0,0,0.04401661921911741
7,154,Столкновение,60,6,77,0,6,0.04861184772256469
8,2,Наезд на велосипедиста,3,0,3,0,1,0.014587989690613602
8,2,Наезд на пешехода,10,1,11,0,2,0.03319887618290072
8,2,Наезд на препятствие,3,0,5,0,0,0.014500800046050312
8,2,Наезд на стоящее ТС,3,1,2,0,0,0.027959327897677615
8,2,Падение пассажира,2,0,2,0,0,0.03269671983809571
8,2,Прочее,2,0,3,0,2,0.09894948317616621
8,2,Столкновение,31,0,32,0,3,0.030735137282848216
8,3,Наезд на велосипедиста,2,0,2,0,1,0.02041494129599506
8,3,Наезд на пешехода,6,0,6,0,2,0.023000954903604254
8,3,Наезд на препятствие,1,0,1,0,0,0.11116870006993065
8,3,Наезд на стоящее ТС,1,0,1,0,0,0.0061932672907132405
8,3,Падение пассажира,1,0,1,0,0,0.05891568017731791
8,3,Столкновение,9,0,10,0,1,0.01912067091871443
8,4,Наезд на пешехода,5,0,5,0,1,0.012039004654092366
8,4,Опрокидывание,1,0,1,0,0,0.007949799840933464
8,4,Столкновение,3,0,3,0,0,0.036455819618140005
8,5,Наезд на велосипедиста,3,0,3,0,2,0.04684260711034827
8,5,Наезд на пешехода,6,0,6,0,0,0.023358629943131804
8,5,Наезд на препятствие,2,1,3,0,0,0.0018625532997242845
8,5,Столкновение,18,1,23,0,1,0.02467909743533223
8,6,Наезд на велосипедиста,5,0,6,0,0,0.0309742196075121
8,6,Наезд на пешехода,8,1,7,0,1,0.04317037204054708
8,6,Наезд на препятствие,2,1,1,0,0,0.0055132514434531755
8,6,Падение пассажира,1,0,1,0,0,0.0105109331330563
8,6,Столкновение,9,0,14,0,1,0.017890100817568214
8,7,Наезд на велосипедиста,2,0,3,0,0,0.0786397565541399
8,7,Наезд на пешехода,8,0,8,0,1,0.02308133329654838
8,7,Наезд на препятствие,1,2,0,0,0,0.0632840020128782
8,7,Наезд на стоящее ТС,2,1,2,0,1,0.01856759559686134
8,7,Опрокидывание,4,0,4,0,0,0.054105753116683475
8,7,Падение пассажира,1,0,1,0,0,0.010132755945321176
8,7,Столкновение,30,1,38,0,0,0.0207467367903482
8,8,Наезд на велосипедиста,1,0,1,0,0,0.010242226356145506
8,8,Наезд на пешехода,2,0,3,0,2,0.006515189684206434
8,8,Наезд на стоящее ТС,2,0,4,0,0,0.006004178696845679
8,8,Падение пассажира,1,0,1,0,0,0.010132755945321176
8,8,Столкновение,8,0,14,0,1,0.029704507790729504
8,9,Наезд на велосипедиста,6,0,6,0,0,0.044695381574854996
8,9,Наезд на пешехода,7,0,7,0,2,0.028020016246915993
8,9,Падение пассажира,1,0,1,0,0,0.007863692818910431
8,9,Столкновение,10,0,11,0,1,0.028681650620307142
8,10,Наезд на велосипедиста,1,0,1,0,0,0.007594986041999639
8,10,Наезд на пешехода,8,1,7,0,2,0.03559545662984771
8,10,Наезд на стоящее ТС,3,0,4,0,0,0.023795588188921236
8,10,Падение пассажира,1,0,1,0,0,0.00862004719438068
8,10,Столкновение,20,0,28,0,0,0.018496349066955915
8,12,Наезд на пешехода,8,0,8,0,3,0.03220261412348717
8,12,Наезд на препятствие,1,0,1,0,0,0.004814911928228141
8,12,Наезд на стоящее ТС,1,0,1,0,0,0.005735103522259745
8,12,Опрокидывание,1,0,1,0,0,0.00757162265319834
8,12,Падение пассажира,4,0,5,0,0,0.0563530721142695
8,12,Столкновение,16,0,22,0,4,0.022822288328375365
8,13,Наезд на велосипедиста,1,0,1,0,0,0.10118502067904353
8,13,Наезд на пешехода,7,0,8,0,3,0.02261244719171846
8,13,Наезд на препятствие,2,0,2,0,0,0.04977109466052309
8,13,Опрокидывание,5,1,4,0,0,0.02339163539564374
8,13,Падение пассажира,1,0,1,0,0,0.007485515631175308
8,13,Столкновение,21,0,23,0,2,0.04362315486664992
8,14,Наезд на велосипедиста,1,0,1,0,0,0.0564988562661175
8,14,Наезд на пешехода,9,0,9,0,1,0.015913700946194757
8,14,Падение пассажира,3,0,5,0,0,0.008665338186809068
8,14,Столкновение,8,1,8,0,1,0.0283568615877828
8,15,Наезд на велосипедиста,1,0,1,0,0,0.032390699642934895
8,15,Наезд на пешехода,2,1,2,1,1,0.04272110854857721
8,15,Наезд на препятствие,1,0,1,0,1,0.0975521176242203
8,15,Наезд на стоящее ТС,1,0,2,0,0,0.033355217182663766
8,15,Падение пассажира,1,0,1,0,0,0.00862004719438068
8,15,Столкновение,16,0,22,0,3,0.019556402980843515
8,16,Наезд на пешехода,18,2,18,0,5,0.019816100186946784
8,16,Опрокидывание,1,0,1,0,0,0.036344551553092984
8,16,Столкновение,11,0,12,0,0,0.028317532207464812
8,17,Наезд на велосипедиста,2,0,2,0,0,0.04473717162002745
8,17,Наезд на пешехода,10,1,9,0,3,0.016213340299517837
8,17,Наезд на препятствие,1,0,1,0,0,0.04109047021069714
8,17,Опрокидывание,2,0,2,0,0,0.0326340134982969
8,17,Падение пассажира,1,0,1,0,1,0.06453351642109507
8,17,Столкновение,10,1,14,1,3,0.01872633163011691
8,18,Наезд на пешехода,9,2,7,0,1,0.029567958071680462
8,18,Наезд на препятствие,1,0,1,0,1,0.009694437650210093
8,18,Падение пассажира,1,0,1,0,0,0.034377450913687005
8,18,Столкновение,11,0,11,0,0,0.026273980826181455
8,19,Наезд на велосипедиста,9,0,9,0,3,0.03405066903848157
8,19,Наезд на пешехода,13,0,13,0,2,0.03861347580869915
8,19,Наезд на препятствие,2,0,3,0,1,0.06564140879615832
8,19,Наезд на стоящее ТС,2,0,3,0,0,0.005018742437148683
8,19,Опрокидывание,1,0,1,0,0,0.01768462133261492
8,19,Падение пассажира,2,0,3,0,0,0.02068298037031237
8,19,Столкновение,23,0,26,0,3,0.02129125744427175
8,20,Наезд на велосипедиста,2,0,2,0,1,0.03173066157433481
8,20,Наезд на пешехода,12,1,11,0,3,0.04766443301428855
8,20,Наезд на препятствие,4,0,5,0,0,0.061954608928966835
8,20,Падение пассажира,1,0,2,0,2,0.031874291414593386
8,20,Столкновение,9,0,14,0,1,0.024535903309636405
8,21,Наезд на препятствие,2,0,4,0,0,0.1965922448432714
8,21,Наезд на стоящее ТС,1,0,5,0,2,0.006113280709994869
8,21,Столкновение,6,1,9,0,0,0.06084141378274236
8,22,Наезд на пешехода,9,1,8,0,1,0.029468235241284987
8,22,Наезд на стоящее ТС,1,0,1,0,0,0.04167908923092922
8,22,Падение пассажира,4,0,4,0,0,0.027135544090706717
8,22,Столкновение,4,0,4,0,1,0.01953062452648609
8,23,Наезд на велосипедиста,5,0,5,0,0,0.016994507410000654
8,23,Наезд на пешехода,11,0,11,0,2,0.01564280499058475
8,23,Наезд на стоящее ТС,1,0,2,0,0,0.006571444478448364
8,23,Опрокидывание,4,0,4,0,0,0.030810778439876663
8,23,Падение пассажира,2,0,2,0,0,0.008241870006645556
8,23,Прочее,1,0,1,0,0,0.054501192517079244
8,23,Столкновение,20,0,22,0,4,0.024049930851084304
8,24,Наезд на велосипедиста,1,0,1,0,0,0.010882551011125327
8,24,Наезд на пешехода,3,0,3,0,2,0.04943347850532124
8,24,Наезд на препятствие,1,0,1,0,0,0.0555265739815593
8,24,Столкновение,4,0,5,0,0,0.003590054415812942
8,25,Наезд на пешехода,2,0,2,0,0,0.0354798745571752
8,25,Наезд на препятствие,1,0,1,0,0,0.0020516418935918467
8,25,Опрокидывание,1,0,1,0,0,0.02980217702031201
8,25,Столкновение,2,0,2,0,1,0.059716930340868404
8,26,Наезд на пешехода,4,0,4,0,0,0.021066254663164002
8,26,Наезд на препятствие,2,0,3,0,0,0.003106186876078846
8,26,Наезд на стоящее ТС,1,0,4,0,1,0.12530785800601899
8,26,Опрокидывание,2,0,2,0,0,0.021325837966989548
8,26,Столкновение,11,0,12,0,0,0.04277095570675666
8,27,Наезд на велосипедиста,1,0,1,0,0,0.00948587198067526
8,27,Наезд на пешехода,9,1,9,0,2,0.0241084556514254
8,27,Наезд на препятствие,1,1,1,0,0,0.032652303440755495
8,27,Наезд на стоящее ТС,2,0,2,0,0,0.030999238473955058
8,27,Падение пассажира,2,0,2,0,0,0.03550599291016568
8,27,Столкновение,13,0,17,0,1,0.030936165306874094
8,28,Наезд на велосипедиста,2,0,2,0,0,0.05433860666203175
8,28,Наезд на пешехода,8,0,8,0,1,0.019145586505967167
8,28,Наезд на стоящее ТС,2,0,3,0,0,0.01625824167124465
8,28,Столкновение,20,0,24,0,1,0.018015520919334636
8,29,Наезд на велосипедиста,3,0,3,0,0,0.03203394680188463
8,29,Наезд на пешехода,7,1,6,0,1,0.02496780112363972
8,29,Наезд на препятствие,2,0,2,0,0,0.007016038565996303
8,29,Падение пассажира,1,0,1,0,0,0.06163616548412716
8,29,Столкновение,15,1,18,0,1,0.029495968739304892
8,30,Наезд на велосипедиста,2,0,2,0,0,0.00872951760520501
8,30,Наезд на пешехода,2,0,2,0,1,0.007649721247411806
8,30,Наезд на препятствие,2,1,1,0,0,0.07897978071111007
8,30,Наезд на стоящее ТС,1,0,1,0,1,0.034556605832144746
8,30,Опрокидывание,2,0,2,0,0,0.061201521615944755
8,30,Падение пассажира,2,0,2,0,0,0.01579397580960288
8,30,Столкновение,19,0,28,0,3,0.0193161089110959
8,31,Наезд на велосипедиста,2,0,2,0,0,0.07892201758483663
8,31,Наезд на пешехода,5,2,5,0,1,0.016858794088568316
8,31,Наезд на препятствие,1,0,3,0,0,0.0775117293070686
8,31,Падение пассажира,1,0,1,0,0,0.11390107566928695
8,31,Столкновение,19,1,25,0,0,0.02941286664196908
8,32,Наезд на велосипедиста,1,0,1,0,0,0.008729517605205012
8,32,Наезд на пешехода,11,2,10,0,3,0.029798421267106467
8,32,Наезд на препятствие,2,0,2,0,0,0.034918228668521414
8,32,Падение пассажира,1,0,1,0,0,0.007863692818910431
8,32,Столкновение,18,0,24,0,0,0.01657407123724813
8,33,Наезд на велосипедиста,1,0,1,0,0,0.0057041001033240205
8,33,Наезд на пешехода,6,0,6,0,3,0.019681079512738283
8,33,Столкновение,10,0,11,0,0,0.02131050070930259
8,34,Наезд на велосипедиста,2,0,2,0,0,0.02312908989601236
8,34,Наезд на пешехода,6,0,6,0,3,0.03854371520429753
8,34,Наезд на препятствие,2,1,1,0,0,0.014265991675926678
8,34,Наезд на стоящее ТС,1,0,1,0,1,0.05308398801425751
8,34,Падение пассажира,1,0,1,0,0,0.021551358266734145
8,34,Столкновение,9,0,9,0,0,0.025187112006803743
8,35,Наезд на велосипедиста,1,0,1,0,0,0.10413520160657161
8,35,Наезд на пешехода,4,0,4,0,1,0.036879813258451216
8,35,Наезд на препятствие,1,0,1,0,0,0.0233569851219822
8,35,Столкновение,4,1,7,0,1,0.06193047954386487
8,36,Наезд на велосипедиста,1,0,1,0,0,0.06368559684110618
8,36,Наезд на пешехода,1,0,1,0,0,0.02600534510959386
8,36,Падение пассажира,1,0,1,0,0,0.03714142074337026
8,36,Столкновение,3,0,3,0,0,0.039104049570808104
8,37,Наезд на пешехода,5,0,5,0,2,0.029556088945387166
8,37,Опрокидывание,2,0,2,0,1,0.0109995971001664
8,37,Падение пассажира,1,0,1,0,0,0.007863692818910431
8,37,Столкновение,6,0,7,0,0,0.018891502906312026
8,38,Наезд на велосипедиста,3,0,3,0,1,0.03733164198640536
8,38,Наезд на пешехода,9,0,9,0,3,0.02087573801933153
8,38,Наезд на препятствие,1,0,1,0,0,0.010371540023764572
8,38,Падение пассажира,1,0,1,0,0,0.007107338443440184
8,38,Столкновение,19,0,20,0,1,0.013791951533525854
8,39,Наезд на велосипедиста,1,0,1,0,1,0.032589327558236576
8,39,Наезд на пешехода,9,0,10,0,4,0.03253313295828108
8,39,Наезд на препятствие,1,0,1,0,0,0.06582024492472106
8,39,Наезд на стоящее ТС,1,0,1,0,0,0.07200581582168938
8,39,Опрокидывание,1,0,1,0,0,0.02916236947981916
8,39,Падение пассажира,2,0,2,0,0,0.011398361242148897
8,39,Столкновение,9,0,15,0,4,0.018224336007129145
8,40,Наезд на велосипедиста,2,0,2,0,0,0.019472206521201674
8,40,Наезд на пешехода,9,0,9,0,1,0.022860427819642905
8,40,Наезд на стоящее ТС,1,0,1,0,0,0.02813680889116007
8,40,Столкновение,10,0,13,0,1,0.017255702356931385
8,41,Наезд на пешехода,8,1,7,0,0,0.017379372284154995
8,41,Наезд на препятствие,4,1,5,0,0,0.03398806829255904
8,41,Наезд на стоящее ТС,3,0,3,0,0,0.05575351617992713
8,41,Опрокидывание,1,0,1,0,0,0.0732979046982732
8,41,Падение пассажира,1,0,1,0,0,0.012583979958258244
8,41,Столкновение,14,0,15,0,0,0.031075855076436693
8,42,Наезд на велосипедиста,2,0,2,0,0,0.06810283191009424
8,42,Наезд на пешехода,12,1,11,0,3,0.05135624342690331
8,42,Наезд на препятствие,2,0,4,0,1,0.05409049130361359
8,42,Наезд на стоящее ТС,1,0,1,0,0,0.012476514180810461
8,42,Опрокидывание,5,0,5,0,1,0.05390478280794756
8,42,Падение пассажира,1,0,1,0,0,0.007863692818910431
8,42,Столкновение,11,0,18,0,4,0.01902335091549481
8,43,Наезд на велосипедиста,1,0,1,0,0,0.023541355411854238
8,43,Наезд на пешехода,13,2,11,1,2,0.036401360249003506
8,43,Наезд на препятствие,3,0,3,0,0,0.03539222234856201
8,43,Наезд на стоящее ТС,2,0,6,0,1,0.002106377099004012
8,43,Опрокидывание,2,0,2,0,0,0.07830941513533352
8,43,Падение пассажира,4,0,4,0,1,0.0385270047084714
8,43,Столкновение,21,0,21,0,0,0.038644100476450324
8,44,Наезд на велосипедиста,4,0,4,0,0,0.027830969110244713
8,44,Наезд на пешехода,11,0,11,0,3,0.05000386547777757
8,44,Наезд на препятствие,1,1,0,0,0,0.00859668380557938
8,44,Наезд на стоящее ТС,1,0,3,0,2,0.04344716360933167
8,44,Столкновение,15,1,21,0,3,0.021208524474337305
8,45,Наезд на пешехода,2,0,2,0,0,0.0179447623709226
8,45,Падение пассажира,1,0,1,0,0,0.02753510306073019
8,45,Столкновение,5,0,6,0,1,0.034542361464820884
8,46,Наезд на велосипедиста,4,1,3,0,0,0.0800957580924398
8,46,Наезд на пешехода,8,0,8,0,1,0.03126302241169936
8,46,Наезд на препятствие,1,0,1,0,0,0.014695312091276164
8,46,Наезд на стоящее ТС,1,0,2,0,0,0.0026736428806066978
8,46,Падение пассажира,3,0,3,0,0,0.016946179353371314
8,46,Столкновение,10,0,12,0,0,0.020696985911338523
8,47,Наезд на велосипедиста,4,0,4,0,0,0.012312265831353152
8,47,Наезд на пешехода,11,0,11,0,6,0.029562364731549398
8,47,Наезд на препятствие,6,1,16,1,5,0.021156436503935866
8,47,Наезд на стоящее ТС,2,1,2,0,1,0.08889544618589464
8,47,Опрокидывание,1,0,1,0,0,0.03579828416858754
8,47,Падение пассажира,1,0,1,0,0,0.06812917406926548
8,47,Столкновение,34,0,36,0,6,0.035175057230328564
8,48,Наезд на пешехода,2,0,2,0,1,0.0921988988169432
8,48,Наезд на препятствие,1,0,4,0,0,0.03387987991088262
8,48,Наезд на стоящее ТС,1,0,1,0,0,0.005815090102978117
8,48,Прочее,1,0,1,0,0,0.05264409273250787
8,48,Столкновение,8,0,11,0,1,0.04003381564726394
8,49,Наезд на велосипедиста,1,0,2,0,1,0.029862751297485914
8,49,Наезд на пешехода,6,1,6,0,2,0.026095295620942635
8,49,Наезд на препятствие,1,0,1,0,0,0.05777574422893731
8,49,Наезд на стоящее ТС,1,0,1,0,0,0.0031678497888322494
8,49,Опрокидывание,2,0,2,0,0,0.020765762504460442
8,49,Падение пассажира,1,0,2,0,1,0.06320961796652078
8,49,Столкновение,17,1,21,0,1,0.027266849925427748
8,50,Наезд на велосипедиста,3,0,3,0,0,0.03337106268419837
8,50,Наезд на пешехода,5,0,6,0,0,0.05974449393126722
8,50,Наезд на препятствие,4,0,5,0,0,0.018530471590753262
8,50,Наезд на стоящее ТС,2,0,2,0,0,0.015096359444682142
8,50,Опрокидывание,2,0,2,0,0,0.05984911254025479
8,50,Прочее,1,0,1,0,0,0.012420142739696886
8,50,Столкновение,17,0,21,0,1,0.029637145620253578
8,51,Наезд на велосипедиста,3,0,3,0,1,0.011320851373663503
8,51,Наезд на пешехода,8,0,8,0,4,0.04477969959406738
8,51,Наезд на стоящее ТС,2,0,2,0,0,0.00893158804812227
8,51,Опрокидывание,1,0,1,0,0,0.0533517185737644
8,51,Столкновение,10,0,11,0,1,0.0282918082526677
8,52,Наезд на велосипедиста,3,0,3,0,0,0.037499501635667794
8,52,Наезд на пешехода,5,0,5,0,1,0.023822663077287275
8,52,Наезд на препятствие,2,0,2,0,0,0.017157326167089263
8,52,Наезд на стоящее ТС,1,0,1,0,0,0.0043023813520376205
8,52,Опрокидывание,2,0,3,0,0,0.005564706994032292
8,52,Падение пассажира,5,0,5,0,0,0.028059330398399963
8,52,Столкновение,14,0,15,0,2,0.02312903524012672
8,53,Наезд на велосипедиста,1,0,1,0,0,0.010882551011125327
8,53,Наезд на пешехода,3,0,3,0,1,0.012371482281326264
8,53,Наезд на препятствие,1,0,1,0,0,0.044034558291322426
8,53,Наезд на стоящее ТС,1,0,2,0,0,0.0026736428806066978
8,53,Падение пассажира,1,0,1,0,0,0.03267686483443589
8,53,Столкновение,8,1,8,0,0,0.017582703857315314
8,54,Наезд на пешехода,5,0,5,0,1,0.0254546858507615
8,54,Наезд на препятствие,2,1,2,0,1,0.03608228287609676
8,54,Падение пассажира,1,0,2,0,0,0.09125431383090528
8,54,Столкновение,8,0,11,0,1,0.01486625792857363
8,55,Наезд на велосипедиста,3,0,3,0,0,0.034651027218299046
8,55,Наезд на пешехода,10,0,11,0,0,0.028576282925838636
8,55,Наезд на препятствие,1,0,1,0,0,0.02827558148469532
8,55,Наезд на стоящее ТС,2,0,2,0,0,0.06992151456591482
8,55,Опрокидывание,3,0,3,0,0,0.14192050205022286
8,55,Падение пассажира,3,0,3,0,0,0.032527275868407
8,55,Столкновение,29,2,33,0,1,0.07257606516718604
8,56,Наезд на велосипедиста,1,0,1,0,0,0.030294882017916712
8,56,Наезд на пешехода,3,1,2,0,0,0.023035780758199523
8,56,Наезд на стоящее ТС,1,0,1,0,0,0.00191728850513645
8,56,Опрокидывание,1,0,1,0,0,0.08605972585592568
8,56,Падение пассажира,1,0,1,0,0,0.008998224382115803
8,56,Столкновение,3,0,4,0,0,0.015384099716392175
8,57,Наезд на пешехода,9,0,10,0,2,0.05132129181526565
8,57,Наезд на препятствие,1,0,1,0,0,0.13170291315654883
8,57,Наезд на стоящее ТС,5,2,5,0,0,0.044535080862427495
8,57,Опрокидывание,1,0,2,0,0,0.0481291259399527
8,57,Падение пассажира,1,0,1,0,0,0.010889110320791423
8,57,Столкновение,29,1,32,0,3,0.03500191091122888
8,58,Наезд на велосипедиста,4,0,4,0,0,0.016873593058674082
8,58,Наезд на пешехода,9,0,9,0,3,0.029868646437849724
8,58,Наезд на препятствие,3,0,4,0,0,0.028915765960679102
8,58,Наезд на стоящее ТС,5,0,5,0,0,0.07261973518793592
8,58,Опрокидывание,2,0,2,0,0,0.03579912134802704
8,58,Падение пассажира,2,0,2,0,0,0.027563396345194585
8,58,Столкновение,28,1,37,0,4,0.029676238662201527
8,59,Наезд на пешехода,8,0,8,0,1,0.030921489715662845
8,59,Наезд на препятствие,1,0,1,0,0,0.05082745710160053
8,59,Падение пассажира,1,0,1,0,0,0.007485515631175308
8,59,Столкновение,15,0,18,0,0,0.018669616637476114
8,60,Наезд на велосипедиста,3,0,3,0,2,0.026312764129908947
8,60,Наезд на пешехода,4,0,4,0,3,0.04279033552702123
8,60,Наезд на препятствие,1,0,1,0,0,0.0016734647058567224
8,60,Падение пассажира,1,0,1,0,0,0.022739741361826715
8,60,Столкновение,8,0,8,0,0,0.031031896378621204
8,61,Опрокидывание,1,1,0,0,0,0.12165044624636999
8,61,Столкновение,2,0,2,0,1,0.04089754880430131
8,61,Съезд с дороги,1,0,1,0,1,0.09264840856620461
8,62,Наезд на велосипедиста,1,0,1,0,0,0.037433223105321364
8,62,Наезд на пешехода,15,0,15,0,1,0.01959178239399378
8,62,Наезд на препятствие,1,0,1,0,0,0.007462152242374008
8,62,Наезд на стоящее ТС,2,0,2,0,0,0.0576319891245442
8,62,Опрокидывание,1,0,1,0,0,0.019788363330323726
8,62,Столкновение,27,1,40,0,1,0.029422268352704492
8,63,Наезд на велосипедиста,6,0,7,0,1,0.026176684553985422
8,63,Наезд на пешехода,11,0,11,0,0,0.021886765459198203
8,63,Наезд на препятствие,1,0,2,0,0,0.04217561623010981
8,63,Падение пассажира,2,0,2,0,0,0.008052781412777994
8,63,Столкновение,17,0,21,0,2,0.02082586772492095
8,64,Наезд на велосипедиста,1,0,1,0,1,0.007594986041999639
8,64,Наезд на пешехода,5,1,6,0,1,0.04842964240930278
8,64,Наезд на препятствие,2,0,2,0,0,0.004585830044001394
8,64,Наезд на стоящее ТС,1,0,1,0,0,0.008840507604859106
8,64,Опрокидывание,1,0,1,0,0,0.0037898507758471005
8,64,Падение пассажира,1,0,1,0,0,0.04479536787160454
8,64,Столкновение,23,1,25,0,1,0.035314961763411375
8,65,Наезд на велосипедиста,1,0,1,0,0,0.05891099522756764
8,65,Наезд на пешехода,8,0,8,0,4,0.033102331103865665
8,65,Опрокидывание,1,0,1,0,0,0.01974691517379953
8,65,Столкновение,5,0,7,0,0,0.011505648325620378
8,66,Наезд на велосипедиста,6,0,6,0,1,0.041551429194135105
8,66,Наезд на пешехода,5,2,3,0,1,0.033860313038036924
8,66,Наезд на препятствие,6,1,6,0,0,0.03426022510554664
8,66,Наезд на стоящее ТС,2,0,3,0,0,0.2025898985094352
8,66,Опрокидывание,1,0,1,0,0,0.07038261434556396
8,66,Падение пассажира,5,0,8,0,0,0.03488499761915404
8,66,Столкновение,27,1,28,0,3,0.036905270481067586
8,67,Столкновение,4,0,5,0,0,0.054436593894448035
8,68,Наезд на велосипедиста,1,0,1,0,1,0.053126191181531196
8,68,Наезд на пешехода,11,2,9,0,3,0.029678771216578158
8,68,Наезд на препятствие,4,0,4,0,0,0.03204843957748851
8,68,Падение пассажира,2,0,2,0,0,0.052827632176839306
8,68,Столкновение,14,0,17,0,1,0.02420322651509797
8,69,Наезд на велосипедиста,1,0,1,0,0,0.010882551011125327
8,69,Наезд на пешехода,8,1,7,0,0,0.03252341926443704
8,69,Наезд на стоящее ТС,1,1,0,0,0,0.0313920618694882
8,69,Опрокидывание,1,0,1,0,0,0.0068152682777280925
8,69,Столкновение,10,0,11,0,0,0.020507637049415044
8,70,Наезд на пешехода,10,1,9,0,4,0.05290213532943411
8,70,Наезд на препятствие,7,1,8,0,0,0.034388700280231714
8,70,Наезд на стоящее ТС,3,0,3,0,0,0.044343408034393066
8,70,Опрокидывание,1,0,1,0,1,0.005923040924972683
8,70,Падение пассажира,1,0,1,0,0,0.005594629692499688
8,70,Столкновение,16,0,22,0,0,0.0404516206383982
8,71,Наезд на пешехода,7,0,7,0,2,0.04571573198512153
8,71,Наезд на препятствие,3,1,4,0,0,0.022623648239764708
8,71,Падение пассажира,7,0,9,0,1,0.04445813986429462
8,71,Столкновение,11,0,13,0,0,0.03449310155454868
8,72,Наезд на велосипедиста,2,0,3,0,1,0.059203531803519706
8,72,Наезд на пешехода,1,0,1,0,0,0.022652416107215606
8,72,Опрокидывание,2,0,2,0,1,0.07705221326119252
8,72,Падение пассажира,2,0,2,0,0,0.015648673139613673
8,72,Столкновение,9,0,9,0,0,0.02410146832511338
8,73,Наезд на велосипедиста,4,0,4,0,0,0.021014264223216967
8,73,Наезд на пешехода,11,0,11,0,0,0.019949467383885765
8,73,Наезд на стоящее ТС,2,0,3,0,0,0.034492946517712036
8,73,Падение пассажира,1,0,1,0,0,0.01140316048581171
8,73,Столкновение,19,0,25,0,5,0.023074325198184795
8,74,Наезд на велосипедиста,7,0,7,0,1,0.027701174741420576
8,74,Наезд на пешехода,7,0,7,0,4,0.034177502231053515
8,74,Наезд на препятствие,5,0,8,0,1,0.04862921146423158
8,74,Наезд на стоящее ТС,1,0,1,0,0,0.1330772522265519
8,74,Падение пассажира,3,0,3,0,0,0.036135614247725927
8,74,Прочее,1,0,1,0,0,0.04693439717233036
8,74,Столкновение,17,2,20,0,1,0.04273092258370156
8,75,Наезд на велосипедиста,3,0,3,0,1,0.04282873140007764
8,75,Наезд на пешехода,7,0,7,0,3,0.04177319143612019
8,75,Наезд на препятствие,3,0,5,0,0,0.011570393403028059
8,75,Опрокидывание,3,0,3,0,0,0.025459507884832918
8,75,Падение пассажира,1,0,1,0,0,0.010889110320791423
8,75,Прочее,2,1,1,0,0,0.05910869206510446
8,75,Столкновение,13,1,14,0,1,0.02737276243424822
8,76,Наезд на стоящее ТС,4,1,11,0,0,0.04624645953613547
8,76,Опрокидывание,1,1,1,1,1,0.006437091089992969
8,76,Столкновение,4,0,6,0,0,0.03286819526461363
8,77,Наезд на велосипедиста,1,0,1,0,0,0.008351340417469886
8,77,Наезд на пешехода,6,0,6,0,0,0.017348965548787204
8,77,Наезд на препятствие,1,0,1,0,0,0.009353038181049628
8,77,Столкновение,10,0,10,0,0,0.024088783221881342
8,78,Наезд на пешехода,2,0,2,0,1,0.02772923951821527
8,78,Опрокидывание,1,0,1,0,1,0.005544863737237559
8,78,Столкновение,3,1,4,0,2,0.12135150302013724
8,80,Наезд на пешехода,4,0,4,0,3,0.029012995435239948
8,80,Наезд на препятствие,1,1,4,1,0,0.0028079962690620935
8,80,Опрокидывание,1,0,1,0,0,0.25007827691574824
8,80,Падение пассажира,1,0,1,0,0,0.005972806880234812
8,80,Столкновение,3,0,5,0,1,0.007976335701706841
8,81,Наезд на велосипедиста,1,0,1,0,0,0.12382068931910574
8,81,Наезд на пешехода,2,0,2,0,1,0.010049858107444897
8,81,Опрокидывание,1,0,1,0,0,0.4579615501385788
8,81,Столкновение,2,1,2,0,2,0.0601441960256343
8,81,Съезд с дороги,1,0,1,0,0,0.05380732533233972
8,82,Наезд на велосипедиста,1,0,1,0,0,0.008729517605205012
8,82,Наезд на пешехода,1,0,1,0,0,0.10655592132568703
8,82,Падение пассажира,1,0,1,0,0,0.009754578757586051
8,82,Столкновение,3,0,3,0,1,0.017626305247341007
8,83,Наезд на велосипедиста,4,0,4,0,0,0.06442475164033082
8,83,Наезд на пешехода,5,0,5,0,2,0.04125377048613602
8,83,Наезд на препятствие,3,0,3,0,0,0.03357459693373851
8,83,Опрокидывание,1,0,1,0,0,0.1708286108603583
8,83,Падение пассажира,4,0,4,0,2,0.024991063869025276
8,83,Столкновение,14,0,15,0,3,0.02383404124837648
8,84,Наезд на велосипедиста,3,0,3,0,0,0.01639247369464876
8,84,Наезд на пешехода,22,1,21,0,5,0.031921328144893554
8,84,Опрокидывание,2,0,2,0,0,0.01128951673889796
8,84,Столкновение,30,0,34,0,0,0.02152254594743227
8,84,Съезд с дороги,1,0,1,0,0,0.06357829395409886
8,85,Наезд на велосипедиста,1,0,1,0,0,0.0495519477459703
8,85,Наезд на пешехода,13,1,13,0,1,0.03443673929668725
8,85,Наезд на препятствие,3,0,4,0,1,0.01026795225600121
8,85,Наезд на стоящее ТС,3,0,4,0,1,0.043307412168188696
8,85,Опрокидывание,3,0,3,0,0,0.05612251506813639
8,85,Падение пассажира,4,0,4,0,0,0.02486227873921391
8,85,Столкновение,28,3,30,0,1,0.021680540674296932
8,86,Наезд на велосипедиста,2,0,2,0,0,0.032953581980296964
8,86,Наезд на пешехода,2,0,3,0,0,0.03494319582915334
8,86,Наезд на стоящее ТС,1,0,1,0,0,0.040918858707919795
8,86,Столкновение,11,0,12,0,3,0.02323475018380566
8,87,Наезд на велосипедиста,3,0,3,0,0,0.023962384314461436
8,87,Наезд на пешехода,13,0,14,0,2,0.03551910801742909
8,87,Наезд на препятствие,3,0,3,0,0,0.006831856929482134
8,87,Наезд на стоящее ТС,3,0,4,0,2,0.015470422483941216
8,87,Опрокидывание,3,0,3,0,0,0.03567878898095872
8,87,Падение пассажира,1,0,1,0,0,0.03290739284400321
8,87,Столкновение,23,0,26,0,1,0.017105751592971567
8,88,Наезд на велосипедиста,6,0,6,0,0,0.03846943917306933
8,88,Наезд на пешехода,9,0,9,0,3,0.05522386643777994
8,88,Наезд на препятствие,2,0,2,0,0,0.055351612460060186
8,88,Наезд на стоящее ТС,3,0,3,0,0,0.022611270074952033
8,88,Опрокидывание,4,0,4,0,0,0.023069865278761915
8,88,Падение пассажира,2,0,2,0,0,0.02299812639767304
8,88,Столкновение,16,0,19,0,2,0.018008996303647752
8,89,Наезд на велосипедиста,4,0,4,0,0,0.01996767793238475
8,89,Наезд на пешехода,6,0,6,0,1,0.03093411019346666
8,89,Наезд на препятствие,1,0,1,0,0,0.041958877465722466
8,89,Опрокидывание,1,0,1,0,0,0.041690170688811666
8,89,Падение пассажира,3,0,3,0,0,0.03940473481112095
8,89,Столкновение,12,0,15,0,0,0.025342007180992613
8,90,Наезд на велосипедиста,2,0,2,0,1,0.048444696823919914
8,90,Наезд на пешехода,6,2,4,0,0,0.03548090054414877
8,90,Наезд на препятствие,1,0,1,0,0,0.054852514084789035
8,90,Опрокидывание,3,0,3,0,0,0.006013622909829458
8,90,Падение пассажира,1,0,1,0,0,0.0657174673266182
8,90,Столкновение,6,0,6,0,0,0.0827067760183987
8,91,Наезд на велосипедиста,3,0,3,0,0,0.007847104167156388
8,91,Наезд на пешехода,13,0,13,0,3,0.02052231113147846
8,91,Наезд на стоящее ТС,3,0,4,0,1,0.03106526581622975
8,91,Опрокидывание,3,0,4,0,2,0.005176500464209222
8,91,Падение пассажира,6,0,6,0,1,0.03936456491289079
8,91,Столкновение,30,0,36,0,2,0.023917558120727326
8,92,Наезд на пешехода,3,2,1,0,0,0.07073862177495187
8,92,Опрокидывание,1,0,1,0,0,0.06677009292272307
8,92,Столкновение,9,1,10,0,1,0.04806352423086682
8,93,Наезд на велосипедиста,1,0,1,0,0,0.03350537512603475
8,93,Наезд на пешехода,3,0,3,0,1,0.02358262232446091
8,93,Опрокидывание,2,0,2,0,0,0.03056129648657519
8,93,Столкновение,1,0,1,0,0,0.054756752909592823
8,94,Наезд на пешехода,6,0,6,0,1,0.017172406674006883
8,94,Наезд на стоящее ТС,3,1,3,0,0,0.0417923965817854
8,94,Столкновение,10,0,14,0,0,0.03160449509021374
8,95,Наезд на велосипедиста,2,0,2,0,0,0.01976736631337596
8,95,Наезд на пешехода,9,0,10,0,2,0.03318534821010439
8,95,Опрокидывание,2,0,2,0,1,0.0386213805415501
8,95,Падение пассажира,2,0,2,0,0,0.027995724079249044
8,95,Столкновение,12,0,14,0,3,0.03999051503130239
8,96,Наезд на пешехода,5,0,5,0,2,0.014664715940729711
8,96,Наезд на препятствие,1,0,1,0,0,0.014952721659908854
8,96,Наезд на стоящее ТС,2,0,3,0,1,0.025942141056369994
8,96,Опрокидывание,1,0,1,0,0,0.016574900821673684
8,96,Столкновение,18,0,20,0,1,0.027560004444200932
8,97,Наезд на велосипедиста,1,0,1,0,0,0.13917239057886505
8,97,Наезд на пешехода,6,0,6,0,3,0.04014801497971287
8,97,Падение пассажира,1,0,1,0,0,0.2139399785082936
8,98,Наезд на велосипедиста,1,0,1,0,0,0.006460454478794267
8,98,Наезд на пешехода,6,0,6,0,1,0.039190807503422874
8,98,Опрокидывание,1,0,1,0,0,0.037858878173086405
8,98,Падение пассажира,3,0,3,0,1,0.007989751881488807
8,98,Столкновение,11,0,12,0,0,0.01801354176515538
8,99,Наезд на пешехода,4,1,3,0,1,0.03024189911611375
8,99,Опрокидывание,1,0,2,0,0,0.16637408870076634
8,99,Столкновение,9,5,13,2,2,0.007135777752760816
8,99,Съезд с дороги,1,0,1,0,0,0.09989030625871385
8,100,Наезд на пешехода,2,1,1,0,1,0.05938869786199302
8,100,Прочее,1,0,1,0,0,0.10484008982627188
8,100,Столкновение,1,0,1,0,1,0.12158737864299482
8,100,Съезд с дороги,1,0,6,0,6,0.1500999119945348
8,101,Наезд на велосипедиста,2,0,3,0,1,0.05621002136257153
8,101,Наезд на пешехода,12,0,12,0,1,0.017344947970732733
8,101,Наезд на препятствие,1,0,2,0,1,0.00467903895094298
8,101,Наезд на стоящее ТС,1,0,1,0,0,0.07029234970237404
8,101,Опрокидывание,2,0,2,0,0,0.021894188850847842
8,101,Столкновение,9,1,11,0,0,0.02161528449161003
8,102,Наезд на велосипедиста,2,0,2,0,0,0.012072011313046386
8,102,Наезд на пешехода,3,0,3,0,0,0.036798177208741296
8,102,Падение пассажира,1,0,1,0,0,0.04426020055238794
8,102,Столкновение,11,0,11,0,0,0.01970736584936769
8,103,Наезд на велосипедиста,3,0,4,0,0,0.03443511236553542
8,103,Наезд на пешехода,15,1,15,0,2,0.022983964260818876
8,103,Наезд на препятствие,1,0,1,0,0,0.08528884548174546
8,103,Опрокидывание,1,0,1,0,0,0.01784595436918162
8,103,Столкновение,15,0,18,0,1,0.02522728117801506
8,104,Наезд на велосипедиста,4,0,4,0,0,0.018340605278448947
8,104,Наезд на пешехода,6,0,6,0,0,0.015138683540920137
8,104,Столкновение,9,0,9,0,1,0.014072855226166981
8,105,Наезд на пешехода,6,0,9,0,3,0.030002573814426493
8,105,Наезд на стоящее ТС,2,0,2,0,0,0.047100602950387635
8,105,Падение пассажира,1,0,1,0,0,0.010134436306887292
8,105,Столкновение,10,0,13,0,1,0.01885452050622129
8,106,Наезд на велосипедиста,4,0,4,0,0,0.019654541492619255
8,106,Наезд на пешехода,4,0,4,0,1,0.017101342900916333
8,106,Наезд на препятствие,1,1,1,0,0,0.1427494139641671
8,106,Наезд на стоящее ТС,4,0,6,0,1,0.08677525093255406
8,106,Падение пассажира,2,0,2,0,0,0.01419486247100199
8,106,Столкновение,14,1,14,0,1,0.02967913716245989
8,107,Наезд на пешехода,8,0,8,0,1,0.0481736900800198
8,107,Опрокидывание,1,0,1,0,0,0.016392684429293786
8,107,Столкновение,9,0,10,0,2,0.03300136823373376
8,108,Наезд на велосипедиста,1,0,1,0,1,0.008729517605205012
8,108,Наезд на пешехода,6,0,6,0,1,0.017775358593612456
8,108,Наезд на препятствие,2,1,3,0,0,0.027672707292052984
8,108,Опрокидывание,1,0,2,0,2,0.015958793336459078
8,108,Падение пассажира,1,0,1,0,0,0.0105109331330563
8,108,Столкновение,10,0,13,0,0,0.01775308211617995
8,109,Наезд на велосипедиста,5,0,5,0,0,0.03353294821301328
8,109,Наезд на пешехода,2,0,2,0,0,0.009311525301860676
8,109,Наезд на стоящее ТС,2,0,2,0,0,0.0064734363278439655
8,109,Опрокидывание,1,0,1,0,0,0.04052446579029052
8,109,Падение пассажира,1,0,1,0,0,0.034406845400814665
8,109,Столкновение,8,0,8,0,0,0.04155431511565218
8,110,Наезд на велосипедиста,4,0,4,0,0,0.03833187830478128
8,110,Наезд на пешехода,19,1,18,0,5,0.024950268780147545
8,110,Наезд на препятствие,1,0,1,0,0,0.007083975054638884
8,110,Падение пассажира,1,0,1,0,0,0.031942661304903405
8,110,Столкновение,22,0,31,0,3,0.016840283793831658
8,111,Наезд на велосипедиста,2,0,2,0,0,0.01964669436139539
8,111,Наезд на пешехода,7,0,7,0,3,0.026898041347802194
8,111,Наезд на препятствие,3,0,3,0,0,0.014885022233152433
8,111,Наезд на стоящее ТС,4,0,4,0,0,0.005576997433808354
8,111,Падение пассажира,1,0,1,0,0,0.007107338443440184
8,111,Столкновение,24,0,28,0,3,0.030057960632961633
8,113,Наезд на велосипедиста,3,0,3,0,1,0.053014008184854945
8,113,Наезд на пешехода,8,1,7,0,1,0.011780741319170496
8,113,Наезд на препятствие,4,0,5,0,0,0.021418774829917057
8,113,Опрокидывание,3,0,3,0,0,0.017080772240870134
8,113,Падение пассажира,3,0,3,0,0,0.03280850913409892
8,113,Прочее,1,0,1,0,0,0.050159906843443874
8,113,Столкновение,16,0,19,0,2,0.027966271634425624
8,114,Наезд на пешехода,7,0,7,0,3,0.04500703260163019
8,114,Наезд на препятствие,1,0,1,0,0,0.0055712663036983886
8,114,Наезд на стоящее ТС,3,0,4,0,0,0.034997835201901493
8,114,Опрокидывание,2,0,2,0,0,0.0329002577718182
8,114,Падение пассажира,2,0,2,0,0,0.050381659246906414
8,114,Столкновение,14,1,14,0,1,0.05632314751246126
8,115,Наезд на велосипедиста,3,0,3,0,0,0.024527879543945457
8,115,Наезд на пешехода,5,1,4,0,0,0.05175647994323126
8,115,Наезд на препятствие,2,0,2,0,0,0.05036035304748988
8,115,Столкновение,6,0,7,0,1,0.04544644137260454
8,116,Наезд на велосипедиста,8,0,8,0,1,0.012941845610702434
8,116,Наезд на пешехода,19,0,21,0,3,0.01989161980652007
8,116,Наезд на препятствие,1,0,1,0,0,0.04995714310909485
8,116,Падение пассажира,1,0,1,0,0,0.0517489032351254
8,116,Столкновение,14,0,16,0,0,0.013369901955331706
8,117,Наезд на велосипедиста,4,0,4,0,0,0.012519620149390832
8,117,Наезд на пешехода,19,1,19,0,5,0.017430232852211697
8,117,Наезд на препятствие,3,0,4,0,1,0.11894481767110095
8,117,Опрокидывание,1,0,1,0,0,0.018213560880450275
8,117,Падение пассажира,2,0,2,0,0,0.015186872824771932
8,117,Прочее,1,0,1,0,0,0.03327170579114268
8,117,Столкновение,25,0,31,0,0,0.043029514497259835
8,118,Наезд на велосипедиста,3,0,3,0,0,0.005929556034907978
8,118,Наезд на пешехода,4,1,3,0,1,0.02328228230544583
8,118,Наезд на препятствие,2,0,2,0,0,0.004378719880247803
8,118,Наезд на стоящее ТС,2,0,2,0,0,0.029126431309051026
8,118,Столкновение,20,0,21,0,3,0.035098237207591254
8,119,Наезд на велосипедиста,3,0,3,0,0,0.009931383882850735
8,119,Наезд на пешехода,6,1,5,0,1,0.030606824505718274
8,119,Наезд на препятствие,1,0,1,0,0,0.08785563128912091
8,119,Падение пассажира,1,0,1,0,0,0.005972806880234812
8,119,Столкновение,16,0,17,0,1,0.042043835334535866
8,120,Наезд на пешехода,4,0,4,0,1,0.01988180948482542
8,120,Падение пассажира,1,0,1,0,0,0.010430946552337927
8,120,Столкновение,2,0,5,0,0,0.00530390890623469
8,121,Наезд на пешехода,3,0,3,0,0,0.08986820416389309
8,121,Наезд на препятствие,1,0,1,0,0,0.05857259223747361
8,121,Наезд на стоящее ТС,1,0,1,0,0,0.08757355515153031
8,121,Столкновение,13,1,17,0,1,0.09250141699023505
8,121,Съезд с дороги,1,3,0,1,0,0.1736669406206579
8,122,Наезд на пешехода,10,0,10,0,5,0.027703702392585645
8,122,Наезд на препятствие,2,0,2,0,0,0.030231848755413106
8,122,Наезд на стоящее ТС,2,0,2,0,0,0.03636990417413096
8,122,Опрокидывание,1,0,1,0,0,0.008968301683648407
8,122,Падение пассажира,2,0,2,0,0,0.023308385650162224
8,122,Столкновение,8,0,11,0,2,0.039111504105915046
8,123,Наезд на велосипедиста,3,0,3,0,1,0.05884926021046664
8,123,Наезд на пешехода,7,0,10,0,2,0.015650507089155687
8,123,Наезд на препятствие,1,0,1,0,0,0.008218506617844255
8,123,Наезд на стоящее ТС,1,0,1,0,0,0.008760521024140737
8,123,Опрокидывание,2,0,2,0,0,0.05773047584957375
8,123,Падение пассажира,2,0,2,0,1,0.009376401569850928
8,123,Столкновение,17,0,19,0,5,0.027874140982017185
8,124,Наезд на пешехода,3,0,3,0,1,0.0481467122222311
8,124,Наезд на стоящее ТС,1,0,3,0,0,0.001160934129666202
8,124,Падение пассажира,1,0,1,0,0,0.010132755945321176
8,124,Столкновение,5,3,5,0,0,0.15146108442793194
8,125,Наезд на велосипедиста,4,0,4,0,1,0.015300178308472464
8,125,Наезд на пешехода,17,1,19,0,2,0.02816802832897797
8,125,Наезд на препятствие,4,3,5,0,1,0.02688080121115511
8,125,Наезд на стоящее ТС,2,0,2,0,0,0.016393564639392528
8,125,Опрокидывание,2,0,2,0,0,0.010882341307783178
8,125,Столкновение,28,0,30,0,2,0.029645785474557207
8,127,Наезд на велосипедиста,4,1,3,0,0,0.03374321835265222
8,127,Наезд на пешехода,6,0,6,0,3,0.05874419481085583
8,127,Наезд на стоящее ТС,1,0,1,0,0,0.005815090102978117
8,127,Опрокидывание,1,0,1,0,0,0.029117832206906256
8,127,Столкновение,30,0,36,0,4,0.03606210796587219
8,128,Наезд на пешехода,3,0,3,0,0,0.007560029522549828
8,128,Наезд на препятствие,2,0,2,0,0,0.01810576391633173
8,128,Падение пассажира,2,0,3,0,0,0.06795917251599116
8,128,Столкновение,4,0,4,0,0,0.03948595546948853
8,130,Наезд на велосипедиста,4,0,4,0,1,0.022806955786348584
8,130,Наезд на пешехода,17,1,16,0,4,0.02032086402303113
8,130,Наезд на препятствие,1,0,2,0,1,0.007083975054638884
8,130,Наезд на стоящее ТС,3,0,4,0,0,0.2425331441854197
8,130,Падение пассажира,4,0,4,0,0,0.01478607216372187
8,130,Столкновение,22,1,26,0,0,0.04351159735464112
8,131,Наезд на пешехода,4,0,4,0,1,0.05217530360681121
8,131,Наезд на стоящее ТС,1,0,1,0,0,0.04358360878635943
8,131,Столкновение,4,0,18,0,2,0.009225908812819332
8,133,Наезд на велосипедиста,3,0,3,0,0,0.045712929022209525
8,133,Наезд на пешехода,9,1,8,0,2,0.023741889645416736
8,133,Наезд на стоящее ТС,1,0,2,0,0,0.0066005458038033826
8,133,Опрокидывание,2,0,2,0,0,0.08033901308841901
8,133,Столкновение,6,0,9,0,1,0.02023328021820764
8,134,Наезд на велосипедиста,10,0,10,0,1,0.013435730329694983
8,134,Наезд на пешехода,21,0,22,0,4,0.019364674531080785
8,134,Наезд на препятствие,4,0,4,0,0,0.020916066117052427
8,134,Наезд на стоящее ТС,1,0,1,0,0,0.02479211002361217
8,134,Опрокидывание,4,0,4,0,0,0.04268083591832982
8,134,Падение пассажира,1,0,1,0,0,0.05227258597745224
8,134,Прочее,1,0,1,0,0,0.054919741814292274
8,134,Столкновение,37,0,46,0,2,0.030166343221366295
8,135,Наезд на велосипедиста,1,0,1,0,0,0.010882551011125327
8,135,Наезд на пешехода,9,0,10,0,2,0.028633920569145987
8,135,Наезд на препятствие,3,1,2,0,0,0.030479401382508698
8,135,Наезд на стоящее ТС,1,0,4,0,1,0.02011148989991456
8,135,Опрокидывание,1,0,1,0,0,0.0892030559401746
8,135,Столкновение,15,0,20,0,2,0.017682899231497653
8,136,Наезд на велосипедиста,2,0,2,0,1,0.009107694792940135
8,136,Наезд на пешехода,12,0,14,0,0,0.02741197892575702
8,136,Наезд на препятствие,1,0,1,0,0,0.10697760112981042
8,136,Наезд на стоящее ТС,1,0,1,0,0,0.03683687598362743
8,136,Столкновение,28,0,29,0,0,0.021372774574502235
8,137,Наезд на пешехода,7,0,7,0,2,0.02336312084809111
8,137,Опрокидывание,3,0,3,0,0,0.03742609625478813
8,137,Падение пассажира,1,0,1,0,0,0.021064029216616858
8,137,Столкновение,9,0,10,0,1,0.023441655405105247
8,138,Наезд на велосипедиста,3,2,2,0,0,0.009990108230988757
8,138,Наезд на пешехода,4,0,4,0,1,0.027852675079992922
8,138,Наезд на препятствие,2,0,2,0,0,0.02600101643987896
8,138,Падение пассажира,1,0,1,0,0,0.04437345102976907
8,138,Столкновение,10,1,9,0,2,0.019567894244632265
8,139,Наезд на велосипедиста,3,0,3,0,1,0.006838631666529392
8,139,Наезд на пешехода,7,0,7,0,4,0.01520163702291467
8,139,Опрокидывание,1,0,1,0,0,0.052664788891171925
8,139,Падение пассажира,2,0,2,0,0,0.023695228265270638
8,139,Столкновение,8,0,10,0,1,0.017182213951582426
8,140,Наезд на велосипедиста,2,0,2,0,1,0.04726457880668257
8,140,Наезд на пешехода,11,0,12,0,1,0.018333212982283763
8,140,Наезд на препятствие,1,0,1,0,0,0.04115982823082165
8,140,Падение пассажира,1,0,1,0,0,0.053591915422304195
8,140,Столкновение,10,0,10,0,0,0.02218658440067012
8,141,Наезд на велосипедиста,2,0,2,0,1,0.02220104787711858
8,141,Наезд на пешехода,3,0,3,0,0,0.007082455465809119
8,141,Наезд на стоящее ТС,1,0,1,0,0,0.10141514713006262
8,141,Столкновение,5,0,7,0,1,0.02079674862795588
8,142,Наезд на пешехода,2,1,3,0,0,0.005768756937133553
8,142,Наезд на препятствие,1,0,2,0,0,0.010371540023764572
8,142,Падение пассажира,1,0,1,0,0,0.00862004719438068
8,142,Столкновение,9,2,10,0,1,0.06546342860847715
8,143,Наезд на велосипедиста,1,0,1,0,0,0.03383277261650763
8,143,Наезд на пешехода,8,2,6,1,0,0.03827086155942671
8,143,Наезд на стоящее ТС,2,0,2,0,0,0.05209719109440762
8,143,Столкновение,16,0,19,0,0,0.0340935390631275
8,144,Наезд на велосипедиста,2,0,2,0,0,0.02083903136374672
8,144,Наезд на пешехода,5,1,5,0,1,0.016347867348934213
8,144,Наезд на препятствие,1,0,1,0,0,0.021645914668890508
8,144,Опрокидывание,2,0,2,0,0,0.017804801135741937
8,144,Падение пассажира,2,0,3,0,1,0.008241870006645556
8,144,Столкновение,14,0,19,0,4,0.03869871480303753
8,145,Наезд на велосипедиста,1,0,1,0,0,0.07187125151016209
8,145,Падение пассажира,1,0,1,0,0,0.03323731678948732
8,145,Столкновение,1,0,2,0,2,0.06893042144147436
8,146,Наезд на велосипедиста,2,0,2,0,1,0.10695257539205975
8,146,Наезд на пешехода,11,0,13,0,3,0.033047078830545334
8,146,Опрокидывание,1,0,1,0,0,0.006058913902257845
8,146,Падение пассажира,1,0,1,0,0,0.019586301523966905
8,146,Столкновение,24,0,26,0,4,0.03336141150569139
8,147,Наезд на велосипедиста,2,0,2,0,0,0.022093384088749203
8,147,Наезд на пешехода,9,0,10,0,2,0.029394395014817474
8,147,Наезд на препятствие,3,0,3,0,0,0.043623851093072735
8,147,Наезд на стоящее ТС,5,1,6,0,1,0.02953642975388323
8,147,Падение пассажира,1,0,1,0,0,0.029606595659857963
8,147,Столкновение,13,2,37,0,6,0.022349772876075927
8,147,Съезд с дороги,1,1,0,0,0,0.07183597801127753
8,148,Наезд на велосипедиста,2,0,2,0,1,0.01644091912403001
8,148,Наезд на пешехода,2,0,2,0,0,0.12096470451868045
8,148,Падение пассажира,4,0,4,0,0,0.0581779623870514
8,148,Столкновение,1,0,1,0,0,0.005788687536517286
8,149,Наезд на пешехода,2,1,2,0,0,0.02838276360531308
8,149,Наезд на препятствие,1,1,0,0,0,0.007840329430109132
8,149,Столкновение,6,1,7,0,0,0.044348959930287674
8,149,Съезд с дороги,1,0,1,0,0,0.05243048955868439
8,150,Наезд на велосипедиста,2,0,2,0,0,0.007405897448132078
8,150,Наезд на пешехода,11,0,11,0,1,0.015150837102345499
8,150,Наезд на препятствие,1,0,1,0,0,0.007083975054638884
8,150,Наезд на стоящее ТС,1,0,1,0,0,0.004544685562487583
8,150,Падение пассажира,3,0,4,0,0,0.04378974948890046
8,150,Столкновение,16,1,16,0,1,0.03149594961308915
8,151,Наезд на велосипедиста,1,0,1,0,0,0.008351340417469886
8,151,Наезд на пешехода,6,0,6,0,3,0.044299816572221186
8,151,Наезд на стоящее ТС,1,0,1,0,0,0.15295471502432467
8,151,Падение пассажира,1,0,1,0,0,0.02243101559789223
8,151,Столкновение,3,0,5,0,1,0.057015836152049415
8,152,Наезд на пешехода,3,0,3,0,0,0.07366458357861111
8,152,Столкновение,1,0,1,0,0,0.031808269375489265
8,153,Наезд на велосипедиста,1,0,1,0,0,0.010242226356145506
8,153,Наезд на пешехода,7,1,7,0,3,0.018422041071294786
8,153,Падение пассажира,1,0,1,0,0,0.007863692818910431
8,153,Столкновение,5,0,7,0,0,0.03064998400839545
8,154,Наезд на велосипедиста,3,0,3,0,0,0.055756429475058294
8,154,Наезд на пешехода,5,0,5,0,0,0.052297287851067666
8,154,Наезд на препятствие,3,1,2,0,0,0.028629373040252166
8,154,Наезд на стоящее ТС,2,0,2,0,0,0.03445531420038012
8,154,Опрокидывание,4,0,6,0,0,0.0608757576425758
8,154,Столкновение,38,1,45,0,3,0.07476314390451803
9,2,Наезд на велосипедиста,5,0,5,0,0,0.008308699840450897
9,2,Наезд на пешехода,15,0,16,0,4,0.02737913964105987
9,2,Наезд на препятствие,1,0,2,0,0,0.010371540023764572
9,2,Наезд на стоящее ТС,2,0,2,0,0,0.03474602536294398
9,2,Опрокидывание,1,0,1,0,0,0.025655418818523172
9,2,Столкновение,30,0,33,0,3,0.020543835868956615
9,2,Съезд с дороги,1,0,1,0,0,0.09443475943656789
9,3,Наезд на велосипедиста,3,0,3,0,1,0.02440507980603225
9,3,Наезд на пешехода,8,0,9,0,2,0.020121808808024746
9,3,Наезд на препятствие,3,0,3,0,0,0.015328584301489872
9,3,Наезд на стоящее ТС,1,1,2,0,0,0.00811325455474388
9,3,Опрокидывание,2,0,2,0,0,0.027123517900833064
9,3,Падение пассажира,3,0,3,0,0,0.048459841210613384
9,3,Столкновение,15,1,15,0,5,0.030189836199630036
9,4,Наезд на велосипедиста,1,0,1,0,1,0.008351340417469886
9,4,Наезд на пешехода,6,0,6,0,1,0.031222228447107137
9,4,Падение пассажира,1,0,1,0,0,0.005100422784274136
9,4,Столкновение,6,0,10,0,0,0.03420080177876706
9,5,Наезд на пешехода,5,0,6,0,3,0.032890448338891175
9,5,Наезд на стоящее ТС,1,1,0,0,0,0.006949621666183488
9,5,Падение пассажира,3,0,3,0,1,0.02945363880081689
9,5,Столкновение,13,0,16,0,0,0.01912606006148642
9,6,Наезд на велосипедиста,3,0,3,0,0,0.0074689269794212644
9,6,Наезд на пешехода,10,0,11,0,0,0.035593835099840695
9,6,Наезд на препятствие,2,0,2,0,0,0.034052267435956705
9,6,Падение пассажира,1,0,1,0,0,0.07557416252724018
9,6,Прочее,1,0,1,0,0,0.048690404738099415
9,6,Столкновение,4,0,5,0,0,0.026383319684853614
9,7,Наезд на велосипедиста,2,0,2,0,0,0.02548590472801407
9,7,Наезд на пешехода,10,0,11,0,1,0.04584271354186941
9,7,Наезд на препятствие,3,0,3,0,0,0.006385968082257629
9,7,Наезд на стоящее ТС,1,0,1,0,0,0.05106498950450326
9,7,Опрокидывание,1,0,1,0,0,0.0017829351166810537
9,7,Падение пассажира,2,0,2,0,0,0.028218957861455014
9,7,Столкновение,21,0,33,0,0,0.02434954686902183
9,8,Наезд на пешехода,6,1,5,0,0,0.050912366771079964
9,8,Падение пассажира,1,0,1,0,0,0.04020383398566525
9,8,Столкновение,7,0,9,0,2,0.05217380556814138
9,9,Наезд на велосипедиста,4,0,4,0,0,0.03241472215158443
9,9,Наезд на пешехода,9,0,9,0,6,0.029477733381312154
9,9,Падение пассажира,1,0,1,0,0,0.00547859997200926
9,9,Столкновение,10,0,11,0,1,0.021521545254114635
9,10,Наезд на велосипедиста,2,1,1,0,0,0.00507881946147612
9,10,Наезд на пешехода,4,1,3,0,1,0.04565988436504316
9,10,Наезд на препятствие,2,0,4,0,0,0.04644219971392483
9,10,Наезд на стоящее ТС,2,0,3,0,0,0.009859009447574051
9,10,Опрокидывание,1,0,1,0,0,0.07552788408533372
9,10,Падение пассажира,2,0,2,0,0,0.02923627604584555
9,10,Столкновение,15,1,20,0,1,0.03563914086006858
9,12,Наезд на пешехода,10,0,11,0,1,0.03178852295748208
9,12,Наезд на стоящее ТС,2,1,2,0,0,0.005338904764638593
9,12,Столкновение,15,0,17,0,0,0.03187385432764454
9,13,Наезд на пешехода,6,0,6,0,1,0.052240135568737744
9,13,Наезд на препятствие,1,0,3,0,0,0.0020516418935918467
9,13,Наезд на стоящее ТС,1,1,2,0,0,0.009509933585193947
9,13,Падение пассажира,2,0,2,0,0,0.0076746042250428696
9,13,Столкновение,23,0,29,0,2,0.02595248111699334
9,14,Наезд на пешехода,13,0,14,0,5,0.015715759923224458
9,14,Наезд на препятствие,2,0,2,0,0,0.004878049173207908
9,14,Падение пассажира,1,0,1,0,0,0.007485515631175308
9,14,Столкновение,6,0,8,0,1,0.005122858409442922
9,15,Наезд на велосипедиста,2,0,2,0,1,0.018044769309852098
9,15,Наезд на пешехода,6,0,8,0,3,0.02835384386244738
9,15,Наезд на препятствие,2,0,2,0,0,0.03870441327948561
9,15,Опрокидывание,2,0,2,0,0,0.02056906080004202
9,15,Падение пассажира,2,0,2,0,0,0.020557239655793095
9,15,Прочее,1,0,1,0,0,0.07848935017472668
9,15,Столкновение,9,0,12,0,1,0.020996549289103026
9,16,Наезд на велосипедиста,2,0,3,0,0,0.020975827262770072
9,16,Наезд на пешехода,11,0,13,0,4,0.02776645356369788
9,16,Наезд на стоящее ТС,2,0,2,0,0,0.028504338792633692
9,16,Падение пассажира,4,0,4,0,1,0.043384413367310554
9,16,Столкновение,10,0,26,0,3,0.018992086409676097
9,17,Наезд на велосипедиста,2,0,2,0,0,0.008104236963357112
9,17,Наезд на пешехода,15,3,14,0,4,0.026262051600775174
9,17,Наезд на стоящее ТС,1,0,2,0,0,0.0061932672907132405
9,17,Прочее,1,0,1,0,0,0.09067255522847364
9,17,Столкновение,9,2,9,0,2,0.015623772261341132
9,18,Наезд на велосипедиста,3,0,3,0,1,0.022866537534137952
9,18,Наезд на пешехода,12,1,12,0,4,0.02498030021827466
9,18,Наезд на препятствие,1,0,1,0,0,0.052414647258205806
9,18,Падение пассажира,2,0,2,0,0,0.018810074432249514
9,18,Столкновение,16,2,16,0,1,0.0289882106431012
9,19,Наезд на велосипедиста,4,0,4,0,1,0.03417542591954206
9,19,Наезд на пешехода,15,0,15,0,4,0.03556319794633276
9,19,Наезд на препятствие,2,0,2,0,0,0.05282293770420356
9,19,Наезд на стоящее ТС,1,0,1,0,0,0.00546601424059801
9,19,Опрокидывание,1,0,1,0,0,0.04017696897930613
9,19,Падение пассажира,4,0,4,0,1,0.031113295692179528
9,19,Столкновение,22,1,26,0,0,0.025971046471923786
9,20,Наезд на велосипедиста,3,0,3,0,1,0.03143249755948652
9,20,Наезд на пешехода,5,1,4,0,2,0.008858502706695954
9,20,Наезд на препятствие,1,0,1,0,0,0.0055712663036983886
9,20,Опрокидывание,1,0,1,0,0,0.02463799761328688
9,20,Падение пассажира,1,0,1,0,0,0.007863692818910431
9,20,Столкновение,12,0,18,0,0,0.023342595320113124
9,21,Наезд на пешехода,2,1,1,0,0,0.048082165430598525
9,21,Наезд на препятствие,2,0,3,0,0,0.10690031632287379
9,21,Опрокидывание,1,0,1,0,0,0.16378691892356506
9,21,Столкновение,4,1,8,0,0,0.015200793118261674
9,21,Съезд с дороги,1,0,1,0,0,0.04701997920990222
9,22,Наезд на пешехода,17,2,15,0,4,0.01935279349083024
9,22,Наезд на препятствие,1,0,2,0,1,0.009353038181049628
9,22,Падение пассажира,2,0,2,0,0,0.02614133132796947
9,22,Столкновение,10,0,17,0,1,0.011255255293696694
9,23,Наезд на велосипедиста,4,0,4,0,0,0.020451754796479357
9,23,Наезд на пешехода,13,0,16,0,3,0.025517236816427084
9,23,Наезд на стоящее ТС,2,0,3,0,0,0.007594575355443451
9,23,Падение пассажира,1,0,1,0,1,0.007485515631175308
9,23,Столкновение,21,0,25,0,3,0.016536285569791483
9,24,Наезд на пешехода,2,0,2,0,1,0.03725745301116954
9,24,Наезд на препятствие,1,0,1,0,0,0.10908611999329863
9,24,Столкновение,4,0,4,0,2,0.042042492088025546
9,25,Наезд на пешехода,2,0,2,0,1,0.007838809841279368
9,26,Наезд на пешехода,2,0,2,0,0,0.009631687629350589
9,26,Наезд на препятствие,3,0,3,0,0,0.007106018776650851
9,26,Наезд на стоящее ТС,1,0,2,0,0,0.0031969511141872672
9,26,Падение пассажира,1,0,1,0,0,0.012285789351241493
9,26,Столкновение,8,0,10,0,0,0.02050223312055826
9,27,Наезд на велосипедиста,4,0,4,0,0,0.04158685830278661
9,27,Наезд на пешехода,7,0,7,0,3,0.05612089956508507
9,27,Наезд на препятствие,1,0,1,0,0,0.0031861734567972177
9,27,Наезд на стоящее ТС,1,0,1,0,0,0.087600267775713
9,27,Опрокидывание,1,0,1,0,0,0.030806597057493276
9,27,Падение пассажира,1,0,1,0,0,0.0105109331330563
9,27,Столкновение,12,0,14,0,1,0.04246304182630314
9,28,Наезд на пешехода,8,0,8,0,1,0.023747441290394983
9,28,Опрокидывание,1,0,1,0,0,0.0037898507758471005
9,28,Столкновение,9,0,9,0,0,0.02776553889185257
9,29,Наезд на велосипедиста,2,0,3,0,0,0.027382985302941535
9,29,Наезд на пешехода,14,0,14,0,1,0.04063975057576262
9,29,Наезд на препятствие,1,0,1,0,0,0.0028079962690620935
9,29,Наезд на стоящее ТС,1,0,1,0,0,0.04272451292558636
9,29,Падение пассажира,3,0,3,0,0,0.026292086624296173
9,29,Прочее,1,0,1,0,0,0.05221002914820595
9,29,Столкновение,12,0,17,0,3,0.020091620905711816
9,30,Наезд на велосипедиста,2,0,2,0,0,0.02600626186146575
9,30,Наезд на пешехода,7,0,7,0,1,0.024734759385572097
9,30,Наезд на препятствие,3,0,3,0,1,0.04636689478199765
9,30,Наезд на стоящее ТС,1,0,4,0,0,0.058955967140216864
9,30,Падение пассажира,2,0,2,0,1,0.028016759273543784
9,30,Столкновение,12,0,18,0,3,0.031181033221450983
9,31,Наезд на пешехода,8,0,9,0,3,0.032912740674278705
9,31,Наезд на препятствие,2,0,3,0,1,0.07113944631998768
9,31,Наезд на стоящее ТС,1,0,1,0,1,0.03508717006718681
9,31,Падение пассажира,3,0,4,0,0,0.04651230604887693
9,31,Столкновение,18,1,18,0,0,0.03907128882261015
9,32,Наезд на велосипедиста,1,0,1,0,0,0.047636183431680995
9,32,Наезд на пешехода,9,1,8,0,2,0.023748954103498063
9,32,Наезд на стоящее ТС,3,0,3,0,0,0.025519275483342763
9,32,Падение пассажира,1,0,1,0,0,0.007107338443440184
9,32,Столкновение,16,1,17,0,2,0.019934096717470155
9,33,Наезд на пешехода,12,0,14,0,6,0.019842981435338657
9,33,Наезд на препятствие,1,0,1,0,0,0.08402177560144194
9,33,Падение пассажира,3,0,3,0,1,0.011991961802945365
9,33,Столкновение,8,0,9,0,0,0.010531395511302555
9,34,Наезд на пешехода,1,0,1,0,0,0.03611847321831835
9,34,Наезд на стоящее ТС,1,0,2,0,1,0.0366620072134446
9,34,Столкновение,12,0,13,0,2,0.022536382285235707
9,35,Наезд на пешехода,5,1,4,0,1,0.015468630177566046
9,35,Столкновение,2,0,4,0,0,0.052377961058946536
9,36,Наезд на пешехода,2,0,2,0,0,0.016354811693833928
9,36,Столкновение,6,0,6,0,0,0.02920856199687666
9,37,Наезд на велосипедиста,6,0,6,0,3,0.016002450249521443
9,37,Наезд на пешехода,2,0,2,0,2,0.03785059390468532
9,37,Наезд на препятствие,1,0,1,0,0,0.03636927830586594
9,37,Падение пассажира,1,0,1,0,0,0.008241870006645556
9,37,Столкновение,11,0,13,0,3,0.04759892878310825
9,38,Наезд на велосипедиста,3,0,3,0,0,0.007973163229734764
9,38,Наезд на пешехода,10,0,10,0,5,0.015279827755816827
9,38,Наезд на препятствие,4,0,4,0,0,0.0035933580746549485
9,38,Наезд на стоящее ТС,2,0,2,0,0,0.007785765018787084
9,38,Опрокидывание,2,0,2,0,0,0.005297760283124783
9,38,Падение пассажира,1,0,2,0,0,0.010889110320791423
9,38,Столкновение,7,0,8,0,0,0.030653852686505934
9,39,Наезд на пешехода,12,3,9,0,0,0.02123761770179201
9,39,Наезд на стоящее ТС,2,0,4,0,0,0.031620342747281
9,39,Падение пассажира,2,0,2,0,0,0.04014232043384205
9,39,Столкновение,6,1,5,0,0,0.016390815995653125
9,40,Наезд на велосипедиста,4,0,4,0,0,0.02364802842083512
9,40,Наезд на пешехода,17,2,16,0,1,0.011622874557915008
9,40,Наезд на препятствие,1,1,0,0,0,0.006868115496635351
9,40,Опрокидывание,1,0,1,0,0,0.014669830157597805
9,40,Падение пассажира,3,0,3,0,0,0.01732774941098533
9,40,Столкновение,10,0,10,0,0,0.021439374984444353
9,41,Наезд на велосипедиста,1,0,1,0,0,0.04390546955107667
9,41,Наезд на пешехода,5,1,4,0,2,0.03175595605556706
9,41,Наезд на стоящее ТС,1,0,1,0,0,0.11299331698013951
9,41,Опрокидывание,1,0,1,0,0,0.0068152682777280925
9,41,Столкновение,26,0,30,0,1,0.028171748901541043
9,42,Наезд на велосипедиста,3,0,3,0,1,0.04425603815174853
9,42,Наезд на пешехода,9,1,8,0,1,0.04724618671592904
9,42,Наезд на препятствие,1,0,1,0,0,0.013083044647148153
9,42,Наезд на стоящее ТС,1,0,1,0,0,0.008869608930214126
9,42,Опрокидывание,1,0,1,0,0,0.04520020559514251
9,42,Падение пассажира,3,0,3,0,0,0.04660560176455856
9,42,Столкновение,10,1,18,0,5,0.03544304350110457
9,43,Наезд на велосипедиста,2,0,2,0,1,0.06932185487226473
9,43,Наезд на пешехода,22,2,22,0,6,0.03887540372824096
9,43,Наезд на препятствие,2,0,5,0,0,0.028272040010367264
9,43,Наезд на стоящее ТС,1,0,1,0,0,0.06669865215588103
9,43,Опрокидывание,1,0,1,0,0,0.018159364474060385
9,43,Падение пассажира,1,0,1,0,1,0.03951365823759243
9,43,Столкновение,33,1,33,0,2,0.044216584248773005
9,44,Наезд на велосипедиста,1,0,1,0,0,0.00948587198067526
9,44,Наезд на пешехода,16,1,15,0,3,0.023342054637768575
9,44,Падение пассажира,3,0,3,0,1,0.06054646513146524
9,44,Столкновение,20,0,22,0,1,0.0323849917958313
9,45,Наезд на пешехода,2,0,2,0,1,0.038749368019549146
9,45,Наезд на препятствие,1,0,1,0,0,0.10713239021600267
9,45,Опрокидывание,1,0,1,0,0,0.0037898507758471005
9,45,Столкновение,5,0,9,0,0,0.005157961003506461
9,46,Наезд на велосипедиста,3,0,3,0,1,0.0382343441672825
9,46,Наезд на пешехода,8,0,8,0,0,0.024896090324908193
9,46,Наезд на препятствие,3,1,3,0,0,0.01286173195079108
9,46,Опрокидывание,3,0,3,0,0,0.0535579716575714
9,46,Падение пассажира,1,0,1,0,0,0.06200143462005577
9,46,Столкновение,10,0,12,0,1,0.028973495315110565
9,47,Наезд на велосипедиста,4,0,4,0,1,0.05741504883292632
9,47,Наезд на пешехода,25,0,25,0,7,0.03100147488668932
9,47,Наезд на препятствие,3,0,5,0,0,0.020384711927740752
9,47,Наезд на стоящее ТС,1,0,2,0,0,0.04712783516741627
9,47,Падение пассажира,3,0,4,0,0,0.014087947410892565
9,47,Столкновение,22,0,25,0,4,0.03204448883343452
9,48,Наезд на пешехода,2,0,2,0,2,0.056394313874405466
9,48,Наезд на препятствие,1,1,1,0,0,0.17812026998661007
9,48,Наезд на стоящее ТС,1,0,1,0,0,0.009779022866855681
9,48,Столкновение,1,0,1,0,0,0.006331839026892589
9,49,Наезд на велосипедиста,2,0,2,0,1,0.020882502385946862
9,49,Наезд на пешехода,10,1,9,0,1,0.03628826529188353
9,49,Наезд на препятствие,3,1,2,0,0,0.038391197648834814
9,49,Опрокидывание,2,0,2,0,0,0.01584555343176298
9,49,Падение пассажира,2,0,2,0,0,0.028481092440979346
9,49,Столкновение,23,1,25,0,1,0.04764014356288971
9,50,Наезд на велосипедиста,2,0,2,0,0,0.019988888679863235
9,50,Наезд на пешехода,8,0,8,0,0,0.038135035541389736
9,50,Наезд на препятствие,3,0,3,0,0,0.014170928316225772
9,50,Наезд на стоящее ТС,1,0,1,0,0,0.020450725863189488
9,50,Столкновение,19,0,23,0,1,0.025890305106168278
9,51,Наезд на велосипедиста,1,0,1,0,0,0.008729517605205012
9,51,Наезд на пешехода,11,2,11,0,4,0.042211209435056914
9,51,Наезд на препятствие,1,0,1,0,0,0.0020516418935918467
9,51,Наезд на стоящее ТС,2,0,2,0,0,0.008026138369143647
9,51,Опрокидывание,4,0,4,0,0,0.0510641979176989
9,51,Падение пассажира,1,0,1,0,0,0.010132755945321176
9,51,Столкновение,7,0,8,0,0,0.025074020152848927
9,52,Наезд на велосипедиста,3,0,3,0,1,0.026489680303170022
9,52,Наезд на пешехода,18,0,19,0,3,0.03308647986097826
9,52,Наезд на препятствие,3,0,3,0,0,0.007252665128972373
9,52,Опрокидывание,2,0,2,0,0,0.033504098906977864
9,52,Падение пассажира,1,0,1,0,0,0.032854018756967085
9,52,Столкновение,9,0,11,0,1,0.021692437504628195
9,53,Наезд на велосипедиста,4,0,4,0,0,0.028824748588532186
9,53,Наезд на пешехода,4,0,4,0,2,0.0438571800485829
9,53,Наезд на стоящее ТС,3,0,3,0,1,0.06842181139868476
9,53,Опрокидывание,2,0,2,0,0,0.005801888819747702
9,53,Падение пассажира,2,0,2,0,0,0.008241870006645556
9,53,Столкновение,12,0,13,0,0,0.032657660968362166
9,54,Наезд на велосипедиста,1,0,1,0,0,0.042270585233147404
9,54,Наезд на пешехода,9,0,9,0,5,0.03792019271017883
9,54,Наезд на препятствие,2,0,2,0,0,0.0357817981154018
9,54,Наезд на стоящее ТС,1,0,1,0,0,0.020097101900155744
9,54,Опрокидывание,1,0,1,0,0,0.003275800610826815
9,54,Столкновение,12,0,13,0,3,0.015998197874815157
9,55,Наезд на велосипедиста,2,1,1,0,0,0.04584025631981964
9,55,Наезд на пешехода,11,1,11,0,2,0.03356512586166186
9,55,Наезд на препятствие,3,1,6,0,1,0.17026142260380392
9,55,Наезд на стоящее ТС,2,1,1,0,0,0.016570139312573257
9,55,Падение пассажира,2,0,2,0,1,0.013293379957168271
9,55,Столкновение,29,2,33,0,1,0.03984919281724256
9,56,Наезд на велосипедиста,1,0,1,0,0,0.02726946451603572
9,56,Наезд на пешехода,7,0,7,0,2,0.03612953653807661
9,56,Столкновение,3,0,3,0,1,0.042415209537081965
9,57,Наезд на велосипедиста,2,0,2,0,0,0.03460618549992598
9,57,Наезд на пешехода,12,1,12,0,5,0.01728168598244052
9,57,Наезд на стоящее ТС,2,0,3,0,0,0.00524782432137543
9,57,Опрокидывание,1,0,1,0,0,0.0014047579289459297
9,57,Падение пассажира,5,0,5,0,0,0.03230548797797861
9,57,Столкновение,27,0,27,0,2,0.02548492939295716
9,58,Наезд на велосипедиста,6,0,6,0,0,0.049429637720933756
9,58,Наезд на пешехода,12,1,11,0,2,0.021093733089449933
9,58,Наезд на препятствие,9,1,8,0,0,0.04539036908288521
9,58,Наезд на стоящее ТС,4,0,4,0,0,0.00688963173064471
9,58,Опрокидывание,1,0,1,0,0,0.07710066994644581
9,58,Падение пассажира,1,0,1,0,0,0.04705142923719378
9,58,Столкновение,18,0,22,0,1,0.03404444735304412
9,59,Наезд на велосипедиста,1,0,1,0,0,0.006838631666529391
9,59,Наезд на пешехода,4,0,5,0,1,0.009115842817269348
9,59,Наезд на препятствие,1,0,2,0,0,0.008974860993314505
9,59,Наезд на стоящее ТС,2,0,4,0,1,0.008363011529126023
9,59,Опрокидывание,1,0,1,0,0,0.003275800610826815
9,59,Падение пассажира,3,0,3,0,0,0.04477231816713375
9,59,Столкновение,18,1,20,0,1,0.028059751348905464
9,60,Наезд на велосипедиста,3,0,3,0,2,0.02386788679685713
9,60,Наезд на пешехода,10,0,10,0,0,0.014622094782300098
9,60,Наезд на препятствие,1,0,1,0,0,0.037877613062634395
9,60,Наезд на стоящее ТС,1,0,1,0,0,0.02178625400138661
9,60,Падение пассажира,2,0,2,0,0,0.014855603413990868
9,60,Столкновение,8,0,9,0,0,0.025329548150250077
9,61,Наезд на пешехода,1,1,0,0,0,0.044253153472363076
9,61,Столкновение,1,1,1,0,0,0.1594000778716595
9,62,Наезд на пешехода,8,0,8,0,4,0.01767746944312993
9,62,Наезд на препятствие,2,0,2,0,0,0.01856048521063377
9,62,Наезд на стоящее ТС,5,2,9,0,1,0.014765971412652294
9,62,Опрокидывание,1,0,1,0,0,0.015618741198216608
9,62,Падение пассажира,1,0,1,0,0,0.012285789351241493
9,62,Столкновение,15,0,18,0,0,0.03674243259814632
9,63,Наезд на велосипедиста,2,0,2,0,0,0.06670563585876334
9,63,Наезд на пешехода,12,2,11,0,2,0.024562936416870292
9,63,Падение пассажира,1,0,1,0,0,0.021189513883112767
9,63,Столкновение,10,0,12,0,1,0.016598388083095376
9,64,Наезд на пешехода,7,1,6,0,2,0.05168615046617982
9,64,Наезд на препятствие,2,0,2,0,0,0.0312270855933951
9,64,Столкновение,17,0,18,0,1,0.023883187150123362
9,65,Наезд на велосипедиста,2,0,2,0,1,0.02925697322654168
9,65,Наезд на пешехода,7,1,6,0,2,0.022525456513122624
9,65,Наезд на препятствие,1,0,1,0,1,0.0028079962690620935
9,65,Опрокидывание,1,0,1,0,0,0.012395474560670127
9,65,Падение пассажира,3,0,4,0,0,0.06057868393180949
9,65,Столкновение,15,0,18,0,2,0.028031868704198732
9,66,Наезд на велосипедиста,3,0,3,0,1,0.04486938186329354
9,66,Наезд на пешехода,13,0,14,0,2,0.02819028079782182
9,66,Наезд на препятствие,2,0,2,0,0,0.0045678084741153655
9,66,Наезд на стоящее ТС,6,0,6,0,0,0.010296864048223234
9,66,Падение пассажира,3,0,3,0,0,0.03118996542614283
9,66,Столкновение,23,0,29,0,3,0.035294648253562745
9,68,Наезд на велосипедиста,1,0,1,0,1,0.03677553443195203
9,68,Наезд на пешехода,7,1,7,0,0,0.03664526090595431
9,68,Наезд на препятствие,1,0,2,0,0,0.009353038181049628
9,68,Наезд на стоящее ТС,2,0,3,0,0,0.03773434117132938
9,68,Падение пассажира,2,0,2,0,0,0.04878399658500017
9,68,Столкновение,20,0,25,0,5,0.0191572571125548
9,69,Наезд на велосипедиста,1,0,1,0,0,0.04942092036857753
9,69,Наезд на пешехода,10,1,9,0,1,0.02330110953721841
9,69,Падение пассажира,3,0,3,0,0,0.01618817640425995
9,69,Столкновение,13,0,15,0,1,0.01785981749233192
9,70,Наезд на велосипедиста,2,0,2,0,1,0.05698362453871621
9,70,Наезд на пешехода,10,0,11,0,4,0.050682282989945406
9,70,Наезд на стоящее ТС,1,0,1,0,0,0.004222394771319249
9,70,Падение пассажира,2,0,2,0,0,0.08842982872152144
9,70,Столкновение,17,2,18,0,1,0.028008525318987166
9,71,Наезд на велосипедиста,2,0,2,0,0,0.08681104281805785
9,71,Наезд на пешехода,7,1,7,0,2,0.0442812182055784
9,71,Наезд на препятствие,5,1,5,0,0,0.0431121704244397
9,71,Наезд на стоящее ТС,1,0,1,0,0,0.05998740864358896
9,71,Опрокидывание,1,0,1,0,0,0.017455044806240026
9,71,Падение пассажира,5,0,5,0,2,0.04122915280836661
9,71,Столкновение,15,1,17,0,2,0.022701580353881246
9,72,Наезд на велосипедиста,5,0,5,0,0,0.022136291531892383
9,72,Наезд на пешехода,9,0,11,0,3,0.02819721416524149
9,72,Наезд на препятствие,2,0,2,0,0,0.016890915047640096
9,72,Наезд на стоящее ТС,1,0,1,0,0,0.0034660403958490012
9,72,Падение пассажира,7,0,7,0,0,0.021436838240130505
9,72,Столкновение,13,0,16,0,0,0.03319668840033195
9,73,Наезд на велосипедиста,4,0,4,0,0,0.024703244624478427
9,73,Наезд на пешехода,15,1,14,0,4,0.028393108027557463
9,73,Наезд на препятствие,1,0,1,0,0,0.03448845948393705
9,73,Наезд на стоящее ТС,1,0,2,0,0,0.009480832259838928
9,73,Падение пассажира,2,0,2,0,1,0.007296427037307747
9,73,Столкновение,16,0,18,0,0,0.017953238634497756
9,74,Наезд на велосипедиста,3,0,3,0,0,0.021882166323145446
9,74,Наезд на пешехода,12,2,10,0,4,0.023208481876380648
9,74,Наезд на препятствие,1,0,1,0,0,0.0024298190813269705
9,74,Падение пассажира,1,0,1,0,0,0.05909080554585743
9,74,Столкновение,19,1,25,0,2,0.02856364595336887
9,75,Наезд на велосипедиста,1,0,1,0,0,0.03347297588715179
9,75,Наезд на пешехода,17,0,17,0,6,0.027215783959014916
9,75,Наезд на препятствие,2,0,3,0,0,0.005847964433620595
9,75,Наезд на стоящее ТС,2,0,3,0,0,0.024428737401171793
9,75,Падение пассажира,2,0,2,0,0,0.007296427037307747
9,75,Столкновение,14,0,17,0,1,0.03065968311638983
9,76,Наезд на пешехода,3,0,4,0,0,0.08580609553724168
9,76,Наезд на препятствие,1,0,1,0,0,0.19165993348743085
9,76,Наезд на стоящее ТС,1,0,1,0,0,0.16356469211610952
9,76,Столкновение,10,0,15,0,1,0.06646624971646681
9,77,Наезд на велосипедиста,1,0,1,0,0,0.00948587198067526
9,77,Наезд на пешехода,6,0,6,0,2,0.02353036737036848
9,77,Наезд на препятствие,1,0,1,0,0,0.037681010683468706
9,77,Наезд на стоящее ТС,1,0,1,0,0,0.03671031633882469
9,77,Столкновение,3,0,5,0,0,0.03315676927426542
9,78,Столкновение,2,0,4,0,0,0.021650241881989173
9,80,Наезд на велосипедиста,1,0,1,0,0,0.02578867923707809
9,80,Наезд на пешехода,2,0,2,0,1,0.01674656784495103
9,80,Наезд на препятствие,1,0,2,0,0,0.05918747261193703
9,80,Наезд на стоящее ТС,1,0,2,0,0,0.008840507604859106
9,80,Опрокидывание,1,0,1,0,0,0.052437077498339604
9,80,Столкновение,6,0,8,0,1,0.019192584349797984
9,80,Съезд с дороги,1,0,1,0,0,0.17855253479748892
9,81,Наезд на велосипедиста,1,1,0,0,0,0.07500961083934057
9,81,Наезд на препятствие,1,1,0,0,0,0.10149243709689115
9,82,Наезд на велосипедиста,1,0,1,0,0,0.008351340417469886
9,82,Наезд на пешехода,7,0,7,0,1,0.02152083331020726
9,82,Наезд на препятствие,1,0,1,0,0,0.04304626402432552
9,82,Наезд на стоящее ТС,1,0,1,0,0,0.016651331769517105
9,82,Опрокидывание,2,0,2,0,0,0.02239292617729036
9,82,Падение пассажира,1,0,1,0,0,0.06279881705686417
9,82,Столкновение,7,0,10,0,2,0.03400314249780538
9,83,Наезд на велосипедиста,2,0,2,0,0,0.04028489234310099
9,83,Наезд на пешехода,9,0,9,0,0,0.0266636923315566
9,83,Наезд на стоящее ТС,3,0,4,0,0,0.013297008469251264
9,83,Опрокидывание,1,0,1,0,0,0.00757162265319834
9,83,Падение пассажира,2,0,2,0,0,0.036411543854520285
9,83,Столкновение,24,3,29,0,0,0.033968768454691
9,84,Наезд на велосипедиста,3,0,3,0,0,0.00923375385551851
9,84,Наезд на пешехода,14,0,15,0,1,0.02876005810683637
9,84,Наезд на препятствие,4,2,6,0,0,0.03149885552990641
9,84,Опрокидывание,1,0,1,0,0,0.015163489821903665
9,84,Падение пассажира,4,0,5,0,1,0.012382198769725737
9,84,Столкновение,28,0,30,0,1,0.023235419456755304
9,85,Наезд на велосипедиста,1,0,1,0,0,0.024007429212517462
9,85,Наезд на пешехода,14,1,14,0,1,0.0280700756951147
9,85,Наезд на препятствие,1,0,1,0,0,0.07017897257772246
9,85,Наезд на стоящее ТС,5,1,9,0,1,0.00844983616697841
9,85,Опрокидывание,3,0,3,0,0,0.025921721610080984
9,85,Падение пассажира,4,0,4,0,0,0.039380344451554444
9,85,Столкновение,23,2,24,0,6,0.03244475435929067
9,86,Наезд на пешехода,7,0,7,0,1,0.0197894284633938
9,86,Наезд на препятствие,1,0,1,0,0,0.02839967350599556
9,86,Опрокидывание,2,0,2,0,0,0.07021552528017576
9,86,Столкновение,3,0,4,0,0,0.027466713981225323
9,87,Наезд на велосипедиста,5,0,6,0,0,0.027321582511140224
9,87,Наезд на пешехода,18,0,18,0,5,0.03626343053206503
9,87,Наезд на препятствие,5,0,6,0,0,0.02579776166884004
9,87,Наезд на стоящее ТС,3,0,4,0,0,0.024746847425275987
9,87,Опрокидывание,2,0,2,0,0,0.0201779238948572
9,87,Падение пассажира,3,0,4,0,0,0.011568111549268054
9,87,Столкновение,29,0,39,0,2,0.023937591870334788
9,88,Наезд на велосипедиста,4,0,4,0,1,0.044261963694765545
9,88,Наезд на пешехода,21,1,20,0,4,0.033266347589150584
9,88,Наезд на препятствие,1,0,1,0,0,0.009684800882444446
9,88,Наезд на стоящее ТС,1,0,1,0,0,0.07515255688527415
9,88,Опрокидывание,2,0,3,0,1,0.07089836818087222
9,88,Падение пассажира,2,0,2,0,1,0.02533523473115263
9,88,Столкновение,23,1,26,0,2,0.03196580124848434
9,89,Наезд на пешехода,10,0,10,0,4,0.027817811715238127
9,89,Наезд на стоящее ТС,1,0,1,0,0,0.008491431742479003
9,89,Столкновение,9,0,10,0,1,0.01429913232038895
9,90,Наезд на велосипедиста,3,0,6,0,2,0.03969246957838401
9,90,Наезд на пешехода,7,0,7,0,3,0.020298266713209386
9,90,Наезд на препятствие,2,0,4,0,1,0.0358058252386517
9,90,Наезд на стоящее ТС,2,1,4,0,0,0.03390895243098328
9,90,Падение пассажира,2,0,2,0,0,0.007296427037307746
9,90,Столкновение,12,0,17,0,3,0.10775737939001669
9,91,Наезд на велосипедиста,6,0,6,0,2,0.022517323666950344
9,91,Наезд на пешехода,23,0,24,0,7,0.02865788495555206
9,91,Наезд на препятствие,3,0,3,0,0,0.052600693925527
9,91,Опрокидывание,3,0,3,0,0,0.03218488863462652
9,91,Падение пассажира,3,0,3,0,0,0.027617485253596325
9,91,Столкновение,22,0,26,0,4,0.03666450555917741
9,92,Наезд на велосипедиста,1,0,1,0,0,0.10378600432603159
9,92,Наезд на пешехода,5,2,3,0,2,0.07362619814771096
9,92,Наезд на препятствие,1,0,1,0,0,0.047742280511797665
9,92,Наезд на стоящее ТС,1,0,1,0,0,0.08412993552595731
9,92,Столкновение,6,1,5,0,1,0.04468613109973185
9,93,Наезд на велосипедиста,2,0,2,0,1,0.024824689152336786
9,93,Наезд на пешехода,9,2,8,0,4,0.02476425723612312
9,93,Наезд на препятствие,1,0,1,0,0,0.0028079962690620935
9,93,Падение пассажира,1,0,1,0,0,0.03053396857434493
9,93,Столкновение,7,0,9,0,0,0.03053412621774934
9,94,Наезд на пешехода,8,1,7,0,3,0.01516957183788491
9,94,Наезд на препятствие,1,0,2,0,0,0.0016734647058567224
9,94,Столкновение,9,2,13,0,1,0.047870994815907814
9,95,Наезд на велосипедиста,2,0,2,0,0,0.020523720688846205
9,95,Наезд на пешехода,6,1,5,0,0,0.017354071044274125
9,95,Падение пассажира,3,0,3,0,0,0.020357342561992495
9,95,Столкновение,10,0,14,0,3,0.019044335222644322
9,96,Наезд на велосипедиста,1,0,1,0,0,0.019507651991865545
9,96,Наезд на пешехода,13,1,12,0,1,0.02612432620099254
9,96,Наезд на препятствие,3,0,3,0,0,0.039129688774336126
9,96,Наезд на стоящее ТС,4,0,6,0,1,0.037459705746012824
9,96,Падение пассажира,1,0,1,0,0,0.02441353923125371
9,96,Столкновение,8,0,11,0,0,0.03580952575574268
9,97,Наезд на пешехода,3,0,3,0,1,0.023047918635445804
9,97,Наезд на препятствие,1,0,2,0,0,0.046282657272879356
9,97,Падение пассажира,1,0,1,0,0,0.06516301881337695
9,97,Столкновение,1,0,2,0,0,0.0432752413516834
9,98,Наезд на пешехода,10,0,10,0,2,0.025689824443723717
9,98,Опрокидывание,1,0,1,0,0,0.08048393926772211
9,98,Падение пассажира,2,0,2,0,0,0.007485515631175308
9,98,Столкновение,10,0,13,0,0,0.020733914764650772
9,99,Наезд на велосипедиста,1,0,1,0,0,0.007893176649016391
9,99,Наезд на пешехода,5,0,5,0,1,0.057102623346974024
9,99,Столкновение,6,0,8,0,1,0.02135474036462218
9,99,Съезд с дороги,1,0,1,0,0,0.17918981850328247
9,100,Столкновение,1,0,2,0,0,0.03370358608680038
9,100,Съезд с дороги,1,0,1,0,1,0.195062903025948
9,101,Наезд на велосипедиста,2,0,2,0,0,0.03908231608379349
9,101,Наезд на пешехода,6,0,7,0,0,0.02751341198214723
9,101,Наезд на препятствие,1,0,1,0,0,0.0073262792650888465
9,101,Падение пассажира,1,0,1,0,0,0.00862004719438068
9,101,Столкновение,6,0,7,0,0,0.02723078490223822
9,102,Наезд на велосипедиста,1,0,1,0,0,0.006838631666529391
9,102,Наезд на пешехода,9,1,8,0,3,0.029871800351960465
9,102,Падение пассажира,1,0,1,0,0,0.009754578757586051
9,102,Столкновение,11,0,13,0,4,0.028352211210724957
9,103,Наезд на велосипедиста,4,0,4,0,0,0.0539077772503756
9,103,Наезд на пешехода,9,0,10,0,1,0.029152279636933287
9,103,Наезд на препятствие,1,0,1,0,0,0.0016734647058567224
9,103,Опрокидывание,7,0,7,0,1,0.037209928887003384
9,103,Падение пассажира,2,0,3,0,0,0.013626139318749972
9,103,Столкновение,13,0,17,0,4,0.04110774973038194
9,104,Наезд на велосипедиста,4,0,4,0,0,0.010453795377575282
9,104,Наезд на пешехода,7,1,6,0,1,0.012215246432078409
9,104,Столкновение,10,0,11,0,2,0.017131408272858265
9,105,Наезд на велосипедиста,1,0,1,0,1,0.02855771667531737
9,105,Наезд на пешехода,3,0,3,0,2,0.033136604009931764
9,105,Наезд на препятствие,1,0,1,0,0,0.0022939461040418084
9,105,Наезд на стоящее ТС,1,0,1,0,0,0.06848995935112026
9,105,Опрокидывание,1,0,1,0,0,0.05365456722755161
9,105,Падение пассажира,1,0,1,0,0,0.058862940833820314
9,105,Столкновение,7,0,7,0,0,0.01822902252937103
9,106,Наезд на велосипедиста,6,0,6,0,2,0.023820708411494213
9,106,Наезд на пешехода,7,1,6,0,3,0.05672579349842309
9,106,Наезд на стоящее ТС,1,0,1,0,0,0.006949621666183488
9,106,Падение пассажира,2,0,2,0,0,0.007296427037307747
9,106,Столкновение,9,0,13,0,0,0.036803434870215826
9,107,Наезд на велосипедиста,1,0,1,0,0,0.038473309110714095
9,107,Наезд на пешехода,7,0,7,0,2,0.018436800748881394
9,107,Наезд на препятствие,1,0,1,0,0,0.025118462215057865
9,107,Наезд на стоящее ТС,1,0,1,0,0,0.024227754451132223
9,107,Опрокидывание,1,0,1,0,0,0.012348765084697847
9,107,Падение пассажира,3,0,4,0,0,0.025627236923812996
9,107,Столкновение,9,0,12,0,1,0.024792768579027652
9,108,Наезд на пешехода,9,0,9,0,0,0.026959571022823637
9,108,Наезд на препятствие,1,0,1,0,0,0.012295007135633316
9,108,Наезд на стоящее ТС,1,0,1,0,1,0.04833239460730031
9,108,Опрокидывание,1,0,1,0,0,0.13109203777474415
9,108,Падение пассажира,2,0,2,0,0,0.01650036133177446
9,108,Столкновение,14,0,20,0,3,0.01302796216374143
9,109,Наезд на пешехода,7,0,7,0,3,0.014747803815379332
9,109,Наезд на препятствие,2,0,2,0,0,0.009416175426029396
9,109,Падение пассажира,1,0,1,0,0,0.047245548147499726
9,109,Столкновение,8,0,8,0,1,0.01769008619002025
9,110,Наезд на велосипедиста,2,0,2,0,0,0.034636143705143896
9,110,Наезд на пешехода,22,0,23,0,7,0.030709363639340216
9,110,Наезд на стоящее ТС,1,0,1,0,0,0.029390514050574856
9,110,Опрокидывание,1,0,1,0,0,0.042493493499533484
9,110,Падение пассажира,2,0,2,0,1,0.019546439536031825
9,110,Столкновение,16,2,21,0,1,0.019264183710641248
9,111,Наезд на велосипедиста,2,0,2,0,0,0.04017154089817249
9,111,Наезд на пешехода,12,3,9,0,3,0.02678770327857517
9,111,Наезд на препятствие,1,0,1,0,0,0.037634745346144506
9,111,Наезд на стоящее ТС,3,0,6,0,0,0.018310088936465827
9,111,Опрокидывание,1,1,0,0,0,0.015484957030173626
9,111,Падение пассажира,2,0,2,0,0,0.008241870006645556
9,111,Столкновение,27,3,31,0,2,0.010964931183007605
9,113,Наезд на велосипедиста,4,0,4,0,1,0.018639811733349367
9,113,Наезд на пешехода,11,2,10,0,3,0.026361499636594923
9,113,Наезд на препятствие,2,0,2,0,0,0.025326294090091878
9,113,Наезд на стоящее ТС,1,0,2,0,0,0.001160934129666202
9,113,Падение пассажира,5,0,5,0,1,0.017985355810289635
9,113,Прочее,2,0,2,0,0,0.07445122761512418
9,113,Столкновение,17,0,20,0,2,0.026611590872699195
9,114,Наезд на велосипедиста,3,0,3,0,0,0.04463804935141997
9,114,Наезд на пешехода,11,1,12,1,4,0.03670368436932465
9,114,Наезд на препятствие,1,0,1,0,0,0.11037401283758003
9,114,Наезд на стоящее ТС,5,1,6,0,0,0.045016854840245785
9,114,Опрокидывание,4,0,4,0,0,0.03788102134016926
9,114,Падение пассажира,3,0,4,0,1,0.04483901836234832
9,114,Столкновение,17,0,21,0,2,0.039818362571973714
9,115,Наезд на велосипедиста,1,0,1,0,0,0.009107694792940135
9,115,Наезд на пешехода,8,0,8,0,1,0.056480389736071154
9,115,Наезд на стоящее ТС,2,1,2,0,0,0.05254416427409578
9,115,Столкновение,9,0,11,0,0,0.020807096517796386
9,116,Наезд на велосипедиста,3,0,3,0,0,0.01695958786762714
9,116,Наезд на пешехода,17,1,16,0,3,0.014893053388269994
9,116,Наезд на препятствие,1,0,1,0,0,0.01140065555408455
9,116,Наезд на стоящее ТС,1,0,1,0,0,0.10070027891260139
9,116,Столкновение,13,0,13,0,0,0.024336723731194165
9,117,Наезд на велосипедиста,3,0,3,0,0,0.05910118059145331
9,117,Наезд на пешехода,22,1,21,0,7,0.02008023825813823
9,117,Наезд на препятствие,4,1,4,0,0,0.011182447146668786
9,117,Наезд на стоящее ТС,1,1,0,0,0,0.009138698211875858
9,117,Опрокидывание,1,0,1,0,0,0.015931902190691953
9,117,Падение пассажира,2,0,4,0,1,0.009376401569850926
9,117,Столкновение,31,2,34,0,2,0.02499759162863654
9,118,Наезд на велосипедиста,2,0,2,0,0,0.02827492812316148
9,118,Наезд на пешехода,9,1,9,0,3,0.019882074617446673
9,118,Наезд на препятствие,6,1,5,0,0,0.007803360318190507
9,118,Наезд на стоящее ТС,4,0,4,0,0,0.0440398143591463
9,118,Падение пассажира,2,0,2,0,1,0.03155587505327515
9,118,Столкновение,12,0,13,0,1,0.029490407133533587
9,119,Наезд на велосипедиста,2,0,2,0,0,0.008671502744959796
9,119,Наезд на пешехода,8,0,9,0,5,0.02973986165839094
9,119,Наезд на препятствие,1,0,2,0,0,0.0449841871652272
9,119,Наезд на стоящее ТС,2,0,3,0,1,0.06574373268479765
9,119,Падение пассажира,2,0,2,0,0,0.04777563427087301
9,119,Столкновение,17,0,24,0,1,0.04764624387355839
9,120,Наезд на велосипедиста,1,0,1,0,0,0.044204394948905906
9,120,Наезд на пешехода,6,0,6,0,3,0.021062714483387673
9,120,Наезд на стоящее ТС,2,0,3,0,0,0.051191089196332556
9,120,Падение пассажира,1,1,0,0,0,0.008241870006645556
9,120,Столкновение,10,0,12,0,0,0.021659272533215968
9,121,Наезд на велосипедиста,1,0,1,0,1,0.34681289984383995
9,121,Наезд на пешехода,2,0,2,0,1,0.04531613355144945
9,121,Наезд на препятствие,3,0,3,0,0,0.030133998814721345
9,121,Наезд на стоящее ТС,1,0,2,0,0,0.0043023813520376205
9,121,Опрокидывание,1,0,1,0,0,0.06320143031871277
9,121,Столкновение,8,3,14,0,2,0.062391163839042994
9,121,Съезд с дороги,1,0,1,0,0,0.04902689486906828
9,122,Наезд на велосипедиста,3,0,3,0,2,0.01247806974618284
9,122,Наезд на пешехода,11,1,11,0,4,0.02089125984921391
9,122,Наезд на препятствие,1,0,2,0,0,0.017317988392304254
9,122,Падение пассажира,1,0,1,0,0,0.010912339589608445
9,122,Столкновение,14,0,15,0,3,0.03162615331126744
9,123,Наезд на пешехода,14,2,12,0,6,0.038554040719201856
9,123,Наезд на препятствие,3,1,2,0,0,0.02873915824862643
9,123,Наезд на стоящее ТС,1,0,1,0,0,0.001160934129666202
9,123,Опрокидывание,3,0,3,0,0,0.04164385381147023
9,123,Падение пассажира,3,0,4,0,1,0.033980594628068524
9,123,Столкновение,19,0,22,0,3,0.045532947628241
9,124,Наезд на пешехода,4,1,3,0,1,0.011595301517555136
9,124,Наезд на препятствие,1,0,1,0,0,0.0031861734567972177
9,124,Наезд на стоящее ТС,2,0,9,0,6,0.06401317280432416
9,124,Столкновение,8,0,10,0,1,0.04272644133849282
9,125,Наезд на велосипедиста,3,0,3,0,3,0.028255606862274962
9,125,Наезд на пешехода,22,0,24,0,9,0.02726908250697513
9,125,Наезд на препятствие,1,0,3,0,0,0.0024298190813269705
9,125,Наезд на стоящее ТС,1,0,1,0,0,0.06488037074938276
9,125,Падение пассажира,1,0,1,0,0,0.019895640476862268
9,125,Столкновение,25,0,32,0,2,0.033136040382781215
9,127,Наезд на пешехода,19,0,19,0,6,0.043853747564290294
9,127,Наезд на препятствие,1,0,1,0,0,0.03030908741096479
9,127,Опрокидывание,2,0,2,0,0,0.037227563264322194
9,127,Падение пассажира,3,0,3,0,0,0.022271436638653913
9,127,Столкновение,24,0,25,0,2,0.04345884317539805
9,128,Наезд на велосипедиста,3,0,3,0,3,0.059008130210422116
9,128,Наезд на пешехода,5,0,5,0,2,0.03951829465892556
9,128,Наезд на стоящее ТС,1,0,1,0,0,0.03370008141041571
9,128,Столкновение,3,0,4,0,0,0.0220202181530704
9,130,Наезд на велосипедиста,2,0,2,0,1,0.014481867764185273
9,130,Наезд на пешехода,16,1,15,0,6,0.02003468240124217
9,130,Наезд на стоящее ТС,6,0,12,0,0,0.05290926743370781
9,130,Падение пассажира,1,0,1,0,0,0.008998224382115803
9,130,Столкновение,17,0,20,0,3,0.04603082421286487
9,131,Наезд на велосипедиста,2,0,2,0,0,0.02441852536320008
9,131,Наезд на пешехода,5,0,5,0,3,0.014882857179078685
9,131,Наезд на препятствие,1,0,1,0,0,0.007083975054638884
9,131,Столкновение,5,0,5,0,1,0.00546050275369456
9,133,Наезд на велосипедиста,1,0,1,0,0,0.08382398602708162
9,133,Наезд на пешехода,8,1,7,0,2,0.022781559917575644
9,133,Опрокидывание,1,0,1,0,0,0.023167327422584746
9,133,Столкновение,7,0,9,0,0,0.015478401689507608
9,134,Наезд на велосипедиста,7,1,6,0,1,0.04474082498412946
9,134,Наезд на пешехода,33,0,33,0,4,0.028303517551805987
9,134,Наезд на препятствие,4,0,10,0,2,0.017106325428860106
9,134,Опрокидывание,2,0,2,0,1,0.023874544814648728
9,134,Падение пассажира,2,0,2,0,0,0.025072450235822063
9,134,Столкновение,30,0,31,0,2,0.022573188210096722
9,135,Наезд на велосипедиста,1,0,1,0,0,0.0583299455495472
9,135,Наезд на пешехода,6,2,5,0,1,0.041111286507016294
9,135,Наезд на препятствие,3,0,3,0,0,0.00906224348239607
9,135,Наезд на стоящее ТС,1,0,1,0,0,0.0061932672907132405
9,135,Опрокидывание,1,0,1,0,0,0.054070024268112776
9,135,Падение пассажира,2,0,2,0,0,0.038175631843262406
9,135,Столкновение,22,0,31,0,5,0.024222618422228323
9,136,Наезд на пешехода,17,0,17,0,6,0.02790771655187039
9,136,Наезд на стоящее ТС,1,0,1,0,0,0.06645376258820992
9,136,Опрокидывание,3,0,3,0,0,0.0054286185893659715
9,136,Столкновение,23,0,25,0,2,0.02113493481471006
9,137,Наезд на велосипедиста,1,0,1,0,1,0.025716490292810645
9,137,Наезд на пешехода,6,0,8,0,2,0.012683773298186521
9,137,Наезд на препятствие,1,0,1,0,0,0.07577972627421017
9,137,Наезд на стоящее ТС,1,0,1,0,0,0.007247812273200242
9,137,Столкновение,7,0,8,0,1,0.03990600675699182
9,138,Наезд на велосипедиста,4,0,4,0,0,0.02884662742046163
9,138,Наезд на пешехода,14,2,13,0,4,0.02025809818707811
9,138,Наезд на препятствие,1,0,1,0,0,0.006327620679168636
9,138,Столкновение,11,0,15,0,2,0.036404868704448694
9,139,Наезд на велосипедиста,1,0,1,0,0,0.006838631666529391
9,139,Наезд на пешехода,7,0,8,0,0,0.03533209937484606
9,139,Наезд на препятствие,1,0,1,0,0,0.0391885885361208
9,139,Наезд на стоящее ТС,2,0,2,0,0,0.021331585606582968
9,139,Опрокидывание,2,0,2,0,0,0.041531078933583813
9,139,Падение пассажира,1,0,1,0,0,0.009376401569850928
9,139,Столкновение,12,0,14,0,2,0.018312274507961666
9,140,Наезд на велосипедиста,3,0,3,0,1,0.025548910045077866
9,140,Наезд на пешехода,8,0,8,0,1,0.024302614405373072
9,140,Наезд на препятствие,1,0,1,0,0,0.0035445073877376078
9,140,Опрокидывание,1,0,1,0,1,0.02151822733236162
9,140,Падение пассажира,2,0,2,0,0,0.03261869005928293
9,140,Столкновение,5,0,6,0,0,0.022220352068733056
9,141,Наезд на пешехода,10,1,9,0,4,0.025810594469078973
9,141,Наезд на препятствие,1,0,1,0,0,0.0016734647058567224
9,141,Столкновение,10,0,12,0,2,0.022481250422871083
9,142,Наезд на стоящее ТС,1,0,1,0,0,0.003410153999282211
9,142,Падение пассажира,1,0,1,0,0,0.019259777473627948
9,142,Столкновение,7,1,11,0,1,0.05422095507853445
9,143,Наезд на велосипедиста,1,0,1,0,1,0.03376405839649466
9,143,Наезд на пешехода,12,0,12,0,5,0.026180123729894377
9,143,Наезд на стоящее ТС,1,0,1,0,0,0.06506717831764842
9,143,Опрокидывание,2,0,2,0,0,0.026351902855910443
9,143,Падение пассажира,1,0,1,0,0,0.03592365111208107
9,143,Прочее,1,0,1,0,0,0.042554372301947134
9,143,Столкновение,11,0,14,0,1,0.03346498683230344
9,144,Наезд на велосипедиста,3,0,3,0,1,0.023249683090380318
9,144,Наезд на пешехода,6,0,6,0,0,0.019179088414588374
9,144,Наезд на препятствие,1,0,1,0,0,0.05395961116957107
9,144,Опрокидывание,1,0,1,0,0,0.06731628338785828
9,144,Падение пассажира,2,0,2,0,1,0.03999756244479958
9,144,Столкновение,14,0,20,0,2,0.03130644059151529
9,145,Наезд на препятствие,1,0,1,0,0,0.007083975054638884
9,145,Столкновение,2,0,4,0,0,0.04150411767535205
9,146,Наезд на велосипедиста,2,0,2,0,0,0.03678993626055009
9,146,Наезд на пешехода,10,1,9,0,2,0.0279104172479741
9,146,Опрокидывание,3,0,3,0,0,0.07798309011421244
9,146,Падение пассажира,1,0,1,0,0,0.06861149073014638
9,146,Столкновение,16,0,21,0,5,0.02737934024990257
9,147,Наезд на велосипедиста,1,0,1,0,0,0.009864049168410383
9,147,Наезд на пешехода,9,1,8,0,2,0.03147305052069441
9,147,Наезд на препятствие,1,0,2,0,0,0.047812640245340064
9,147,Наезд на стоящее ТС,2,1,2,0,0,0.011124484991418245
9,147,Падение пассажира,1,0,1,0,0,0.036258792804707375
9,147,Столкновение,9,0,12,0,0,0.015766107918827342
9,148,Наезд на пешехода,2,0,2,0,0,0.017004905250799646
9,148,Наезд на препятствие,1,1,0,0,0,0.030412807423408694
9,148,Наезд на стоящее ТС,1,0,1,0,0,0.034881675517540615
9,148,Опрокидывание,1,0,1,0,0,0.06873582887682608
9,148,Падение пассажира,2,0,2,0,0,0.049739699634224505
9,148,Столкновение,4,0,4,0,0,0.017152388892554334
9,149,Наезд на пешехода,1,0,1,0,0,0.005947923902603748
9,149,Столкновение,6,0,14,0,0,0.061346305257936745
9,150,Наезд на велосипедиста,1,0,1,0,0,0.03300106793679557
9,150,Наезд на пешехода,19,2,17,0,6,0.02750006830485917
9,150,Наезд на препятствие,2,0,2,0,0,0.06844064717051553
9,150,Опрокидывание,1,0,1,0,0,0.034181667954964544
9,150,Падение пассажира,3,0,3,0,0,0.022236072201691184
9,150,Столкновение,13,0,16,0,1,0.024117784690970596
9,151,Наезд на пешехода,2,0,2,0,2,0.017797530955618118
9,151,Наезд на препятствие,1,0,1,0,0,0.004814911928228141
9,151,Столкновение,3,0,3,0,0,0.005142316029473825
9,152,Наезд на пешехода,2,0,2,0,0,0.007460632653544244
9,152,Столкновение,2,0,3,0,0,0.004425074089085167
9,153,Наезд на пешехода,1,0,1,0,1,0.05586101659822306
9,153,Наезд на стоящее ТС,2,0,3,0,0,0.06677507679316179
9,153,Падение пассажира,1,0,1,0,0,0.05699245418831029
9,153,Столкновение,3,1,3,0,2,0.03315046595643787
9,154,Наезд на велосипедиста,3,0,3,0,1,0.04057809983941907
9,154,Наезд на пешехода,10,3,8,0,2,0.05148820940598914
9,154,Наезд на препятствие,3,0,7,0,3,0.11548380844925592
9,154,Наезд на стоящее ТС,2,0,2,0,0,0.0035025627789996676
9,154,Опрокидывание,1,0,1,0,0,0.07079266709661078
9,154,Столкновение,51,0,59,0,3,0.06562983923366413
9,154,Съезд с дороги,2,0,2,0,0,0.11938989262718194
10,2,Наезд на велосипедиста,2,0,2,0,0,0.008729517605205012
10,2,Наезд на пешехода,24,1,23,0,2,0.01923120430611104
10,2,Наезд на препятствие,1,0,1,0,0,0.0043567481597746455
10,2,Наезд на стоящее ТС,5,1,7,0,1,0.013170131293667875
10,2,Падение пассажира,1,0,1,0,0,0.006350984067969936
10,2,Столкновение,25,0,30,0,2,0.02861884039655437
10,3,Наезд на пешехода,19,2,20,0,4,0.030065695800992193
10,3,Наезд на стоящее ТС,3,0,3,0,0,0.015071861450472714
10,3,Падение пассажира,3,0,3,0,0,0.039941159357381684
10,3,Столкновение,13,0,15,0,0,0.01468013690246449
10,4,Наезд на велосипедиста,4,0,4,0,0,0.02799925007837587
10,4,Наезд на пешехода,14,1,13,0,2,0.01957819348183929
10,4,Опрокидывание,1,0,1,0,0,0.04341007534752624
10,4,Падение пассажира,2,0,2,0,0,0.06675458974869981
10,4,Столкновение,6,0,6,0,0,0.0053394427204171814
10,5,Наезд на велосипедиста,2,0,2,0,0,0.05121795503828526
10,5,Наезд на пешехода,8,1,7,0,2,0.03840023135926253
10,5,Наезд на препятствие,2,0,3,0,0,0.009565270729537771
10,5,Столкновение,6,0,8,0,1,0.011580942456401963
10,6,Наезд на велосипедиста,2,0,2,0,0,0.040504777926826704
10,6,Наезд на пешехода,16,1,15,0,2,0.03628834402393746
10,6,Столкновение,7,0,9,0,1,0.031856983889532765
10,7,Наезд на велосипедиста,2,0,2,0,0,0.028564239757321162
10,7,Наезд на пешехода,13,0,13,0,3,0.030451496817233525
10,7,Наезд на препятствие,1,0,2,0,0,0.06404035638834844
10,7,Наезд на стоящее ТС,4,0,4,0,0,0.04576731343785205
10,7,Опрокидывание,1,0,1,0,0,0.07057883899066987
10,7,Падение пассажира,6,0,7,0,0,0.02371812654679926
10,7,Столкновение,17,1,22,0,3,0.03361753310203362
10,8,Наезд на пешехода,7,1,7,0,2,0.013420874575503226
10,8,Наезд на стоящее ТС,1,0,1,0,0,0.004222394771319249
10,8,Столкновение,4,1,3,0,0,0.03661224410450096
10,9,Наезд на велосипедиста,2,0,2,0,0,0.07057539871670998
10,9,Наезд на пешехода,15,2,13,0,3,0.035522491569251496
10,9,Наезд на стоящее ТС,1,0,1,0,0,0.05640097100928227
10,9,Падение пассажира,1,0,1,0,0,0.0067291612557050596
10,9,Столкновение,8,0,8,0,0,0.029325083467256298
10,10,Наезд на пешехода,12,0,13,0,6,0.03294441770369092
10,10,Наезд на препятствие,2,0,2,0,1,0.04276390311551463
10,10,Наезд на стоящее ТС,5,1,4,0,0,0.02816948197158576
10,10,Столкновение,20,0,22,0,3,0.027137278691535215
10,12,Наезд на велосипедиста,2,0,2,0,1,0.01626977475920081
10,12,Наезд на пешехода,6,1,5,0,1,0.03413870293948393
10,12,Наезд на препятствие,2,1,1,1,0,0.012171202873090932
10,12,Наезд на стоящее ТС,1,0,1,0,0,0.005356926334524621
10,12,Падение пассажира,2,0,2,0,0,0.008241870006645556
10,12,Столкновение,17,0,23,0,1,0.027545908786197046
10,13,Наезд на пешехода,13,2,12,0,2,0.040837286705894024
10,13,Наезд на препятствие,1,0,1,0,0,0.004058557552757893
10,13,Наезд на стоящее ТС,2,0,3,0,0,0.0076625118440860306
10,13,Столкновение,18,0,19,0,0,0.04215846049095212
10,14,Наезд на велосипедиста,3,0,3,0,0,0.041206038692038545
10,14,Наезд на пешехода,15,2,13,0,0,0.034774717432814545
10,14,Падение пассажира,4,0,4,0,0,0.014937951137746321
10,14,Столкновение,12,0,13,0,0,0.021060800360885715
10,15,Наезд на велосипедиста,1,0,1,0,1,0.05664648901293667
10,15,Наезд на пешехода,5,1,4,0,2,0.03554264201440838
10,15,Наезд на препятствие,1,0,3,0,0,0.039013656631597796
10,15,Опрокидывание,1,0,1,0,1,0.019784433205687343
10,15,Падение пассажира,1,0,1,0,0,0.04698788013532909
10,15,Столкновение,12,0,18,0,5,0.02496154107612671
10,16,Наезд на велосипедиста,3,0,3,0,0,0.05389552718319782
10,16,Наезд на пешехода,17,0,17,0,2,0.026577239905417986
10,16,Наезд на препятствие,1,0,1,0,0,0.05770096369132739
10,16,Наезд на стоящее ТС,1,0,1,0,0,0.05351961122050123
10,16,Падение пассажира,3,0,4,0,0,0.021354331521457524
10,16,Столкновение,6,0,10,0,1,0.010689220663412767
10,17,Наезд на велосипедиста,1,0,1,0,1,0.0057041001033240205
10,17,Наезд на пешехода,15,0,15,0,4,0.03684979459125988
10,17,Столкновение,14,0,19,0,1,0.026819402420830005
10,18,Наезд на велосипедиста,3,0,3,0,0,0.03336411035595994
10,18,Наезд на пешехода,24,3,21,0,3,0.02327993433818584
10,18,Наезд на стоящее ТС,1,0,1,0,0,0.034847164708381985
10,18,Падение пассажира,3,0,3,0,0,0.027011582089784648
10,18,Столкновение,6,0,6,0,0,0.0203661051412184
10,19,Наезд на велосипедиста,4,0,4,0,0,0.016540554550327526
10,19,Наезд на пешехода,9,1,9,0,3,0.026040629036579107
10,19,Наезд на препятствие,8,1,10,0,0,0.009414430898924447
10,19,Наезд на стоящее ТС,1,0,2,0,0,0.001160934129666202
10,19,Опрокидывание,1,0,1,0,0,0.031697489005061724
10,19,Падение пассажира,3,0,3,0,0,0.013828381947447196
10,19,Столкновение,14,0,16,0,3,0.023770599127230622
10,20,Наезд на велосипедиста,3,0,3,0,0,0.033255528911530934
10,20,Наезд на пешехода,12,1,11,0,3,0.025270744122241104
10,20,Наезд на препятствие,1,0,1,0,0,0.03462444282989749
10,20,Падение пассажира,1,0,1,0,0,0.031874291414593386
10,20,Столкновение,15,0,19,0,0,0.02375382755805888
10,21,Наезд на пешехода,2,0,3,0,1,0.18544627376606734
10,21,Падение пассажира,2,0,2,0,0,0.0724750943716066
10,21,Столкновение,4,0,5,0,0,0.04355857760379461
10,22,Наезд на велосипедиста,2,0,2,0,0,0.034663599395917004
10,22,Наезд на пешехода,13,3,10,0,1,0.02501351876565506
10,22,Наезд на стоящее ТС,1,0,2,0,0,0.0014591247366829542
10,22,Падение пассажира,3,0,3,0,0,0.03255311094013614
10,22,Столкновение,6,0,6,0,0,0.010376671055650795
10,23,Наезд на велосипедиста,2,0,2,0,0,0.011739014606676045
10,23,Наезд на пешехода,17,0,17,0,3,0.023366640663868177
10,23,Наезд на стоящее ТС,4,1,7,0,0,0.01903026689968613
10,23,Опрокидывание,3,0,3,0,0,0.04765651792602368
10,23,Падение пассажира,4,0,6,0,0,0.009410369814172218
10,23,Столкновение,11,0,16,0,2,0.027225142473509743
10,24,Наезд на велосипедиста,1,0,1,0,0,0.009107694792940135
10,24,Наезд на пешехода,4,1,3,0,0,0.02264174071901913
10,24,Столкновение,1,0,1,0,0,0.005197307463687218
10,25,Наезд на пешехода,2,0,2,0,1,0.09483008402847255
10,26,Наезд на пешехода,4,0,4,0,0,0.044816162589669424
10,26,Наезд на препятствие,3,0,3,0,0,0.058849515816480534
10,26,Наезд на стоящее ТС,2,1,4,0,0,0.052753574226764306
10,26,Столкновение,10,2,11,0,0,0.015457557776985927
10,27,Наезд на велосипедиста,1,0,1,0,0,0.029381542550765007
10,27,Наезд на пешехода,12,1,11,0,2,0.028732909911466747
10,27,Наезд на препятствие,1,0,1,0,0,0.0934749302719927
10,27,Падение пассажира,4,0,4,0,0,0.025968112477289036
10,27,Столкновение,6,0,9,0,2,0.019918640875912982
10,28,Наезд на велосипедиста,3,0,3,0,0,0.016666341331951637
10,28,Наезд на пешехода,10,0,10,0,1,0.019486595116992442
10,28,Наезд на препятствие,2,0,2,0,0,0.07046027668939142
10,28,Наезд на стоящее ТС,1,0,3,0,0,0.02667229191415616
10,28,Прочее,1,0,1,0,0,0.06499115662849099
10,28,Столкновение,13,0,15,0,1,0.029151953313164065
10,29,Наезд на пешехода,12,2,10,0,0,0.03367434310188513
10,29,Наезд на стоящее ТС,1,0,1,0,0,0.005815090102978117
10,29,Падение пассажира,3,0,4,0,0,0.025661791311404298
10,29,Столкновение,7,0,13,0,2,0.035391762160804176
10,30,Наезд на велосипедиста,1,0,1,0,1,0.007973163229734764
10,30,Наезд на пешехода,6,0,6,0,0,0.03496145511163017
10,30,Наезд на препятствие,3,0,3,0,0,0.03555592085098038
10,30,Наезд на стоящее ТС,1,1,5,0,0,0.001539111317401326
10,30,Столкновение,8,0,10,0,2,0.025307301687239672
10,31,Наезд на велосипедиста,1,0,1,0,0,0.008351340417469886
10,31,Наезд на пешехода,10,0,10,0,1,0.045686821938386024
10,31,Наезд на стоящее ТС,1,0,2,0,0,0.08931821691013801
10,31,Столкновение,8,0,8,0,0,0.028390587715371923
10,32,Наезд на пешехода,3,0,3,0,0,0.008307569013871266
10,32,Наезд на препятствие,1,0,1,0,0,0.007083975054638884
10,32,Наезд на стоящее ТС,2,0,2,0,0,0.03194308603977392
10,32,Опрокидывание,1,0,1,0,0,0.007193445465463216
10,32,Падение пассажира,1,0,1,0,0,0.021293065120909616
10,32,Столкновение,16,0,16,0,0,0.022046583677746073
10,33,Наезд на велосипедиста,2,0,2,0,0,0.015252578147415388
10,33,Наезд на пешехода,6,0,6,0,3,0.01058042913695218
10,33,Наезд на препятствие,2,0,2,0,0,0.027131663290343385
10,33,Падение пассажира,1,0,1,0,0,0.007485515631175308
10,33,Столкновение,5,0,6,0,1,0.02095789220890817
10,34,Наезд на велосипедиста,1,0,1,0,0,0.035259599060408965
10,34,Наезд на пешехода,8,2,6,0,3,0.021342559484224023
10,34,Наезд на препятствие,1,0,2,0,0,0.010371540023764572
10,34,Наезд на стоящее ТС,2,0,2,0,0,0.004975278239580979
10,34,Падение пассажира,1,0,1,0,0,0.04018217483082967
10,34,Столкновение,7,0,7,0,0,0.020453822850654217
10,35,Наезд на пешехода,4,0,4,0,2,0.03119436885604772
10,35,Наезд на препятствие,1,0,2,0,0,0.0016734647058567224
10,35,Падение пассажира,1,0,1,0,0,0.053876055111932004
10,35,Столкновение,3,1,3,0,0,0.05489798771884465
10,35,Съезд с дороги,2,0,3,0,1,0.08196908359295173
10,36,Наезд на пешехода,4,0,5,0,1,0.017241723919194644
10,36,Столкновение,3,0,3,0,0,0.005581213512717724
10,37,Наезд на велосипедиста,1,0,1,0,1,0.04140328588177161
10,37,Наезд на пешехода,4,1,3,0,1,0.022727192867238385
10,37,Столкновение,10,0,15,0,2,0.026615919268334176
10,38,Наезд на велосипедиста,1,0,1,0,0,0.00948587198067526
10,38,Наезд на пешехода,15,1,15,0,1,0.020948978598631155
10,38,Наезд на стоящее ТС,2,1,1,0,0,0.003706202035544739
10,38,Опрокидывание,1,0,1,0,0,0.0037898507758471005
10,38,Падение пассажира,3,0,3,0,0,0.009350624933914335
10,38,Столкновение,6,0,7,0,1,0.028837634765579934
10,39,Наезд на велосипедиста,2,0,2,0,0,0.02773760796021659
10,39,Наезд на пешехода,12,1,11,0,1,0.020262652054256522
10,39,Падение пассажира,1,0,1,0,0,0.049509214516537614
10,39,Столкновение,6,0,6,0,2,0.03842193496983457
10,40,Наезд на велосипедиста,1,0,1,0,0,0.0700984408022638
10,40,Наезд на пешехода,11,0,11,0,2,0.023910583822253348
10,40,Падение пассажира,1,0,1,0,0,0.030941765982562628
10,40,Столкновение,9,1,10,0,1,0.008943901382340943
10,41,Наезд на велосипедиста,1,0,1,0,0,0.03362500000124674
10,41,Наезд на пешехода,14,1,13,0,3,0.03548086132743443
10,41,Наезд на препятствие,1,0,2,0,1,0.07136368852411956
10,41,Наезд на стоящее ТС,1,0,1,0,0,0.003844217583584125
10,41,Столкновение,11,1,18,0,2,0.03452386955660619
10,42,Наезд на велосипедиста,1,0,1,0,0,0.003105804371327904
10,42,Наезд на пешехода,20,3,17,0,0,0.029902246803138122
10,42,Наезд на препятствие,2,0,3,0,0,0.002740059780419513
10,42,Наезд на стоящее ТС,1,0,1,0,0,0.009305965633084024
10,42,Падение пассажира,3,0,3,0,1,0.020084381260221714
10,42,Столкновение,16,1,17,0,1,0.03198012497666776
10,43,Наезд на велосипедиста,1,0,2,0,0,0.005839973080609182
10,43,Наезд на пешехода,13,0,14,0,1,0.038504492566577446
10,43,Наезд на препятствие,4,0,6,0,1,0.03889683522170465
10,43,Наезд на стоящее ТС,4,0,6,0,1,0.04579651695353246
10,43,Опрокидывание,2,0,2,0,0,0.017924040304632977
10,43,Падение пассажира,2,0,2,0,0,0.030905505837708482
10,43,Столкновение,31,0,43,0,5,0.03906409662889006
10,44,Наезд на велосипедиста,3,0,3,0,0,0.035287360182701594
10,44,Наезд на пешехода,11,0,12,0,2,0.040645586306354516
10,44,Наезд на препятствие,3,0,4,0,0,0.027801543422017693
10,44,Столкновение,12,0,16,0,0,0.03289727996949083
10,45,Наезд на пешехода,1,0,1,0,0,0.006704278278073995
10,45,Падение пассажира,1,0,1,0,0,0.02891193883438552
10,45,Столкновение,3,0,4,0,0,0.02475082400694839
10,46,Наезд на велосипедиста,2,0,2,0,0,0.015966854884299587
10,46,Наезд на пешехода,9,1,8,0,0,0.053063123199792665
10,46,Наезд на стоящее ТС,2,0,4,0,0,0.023813525180729697
10,46,Опрокидывание,2,0,2,0,0,0.07504674281045559
10,46,Столкновение,17,0,18,0,0,0.016343577180127012
10,47,Наезд на велосипедиста,3,0,3,0,2,0.042624774645134256
10,47,Наезд на пешехода,10,0,11,0,3,0.04235994085990654
10,47,Наезд на препятствие,2,1,1,0,0,0.009163949587182066
10,47,Наезд на стоящее ТС,4,0,6,0,1,0.02701153769963613
10,47,Падение пассажира,3,0,3,0,0,0.019838970060985575
10,47,Столкновение,36,0,46,0,6,0.03395436853021511
10,48,Наезд на пешехода,3,0,3,0,1,0.052500050678686044
10,48,Наезд на препятствие,2,0,2,0,0,0.006390757924148404
10,48,Наезд на стоящее ТС,1,0,2,0,1,0.0034660403958490012
10,48,Столкновение,3,1,3,0,1,0.017411941983786407
10,49,Наезд на велосипедиста,3,1,2,0,0,0.04044477907648406
10,49,Наезд на пешехода,12,0,14,0,4,0.054818448523357204
10,49,Наезд на препятствие,3,0,4,0,2,0.058926926885603685
10,49,Падение пассажира,3,0,4,0,0,0.027658434333901943
10,49,Столкновение,18,0,21,0,4,0.0332524142007638
10,50,Наезд на велосипедиста,1,0,1,0,0,0.007216808854264516
10,50,Наезд на пешехода,13,1,12,0,1,0.03306439642205644
10,50,Наезд на препятствие,3,0,5,0,0,0.03610569246740835
10,50,Наезд на стоящее ТС,2,0,2,0,0,0.012051592036460829
10,50,Столкновение,27,0,32,0,1,0.02302760713400213
10,51,Наезд на велосипедиста,3,0,3,0,1,0.019738335925594774
10,51,Наезд на пешехода,4,0,4,0,2,0.008335139189489055
10,51,Наезд на препятствие,1,0,1,0,0,0.05761159151641305
10,51,Наезд на стоящее ТС,1,0,1,0,0,0.0792898010418995
10,51,Падение пассажира,2,0,2,0,0,0.007863692818910431
10,51,Столкновение,5,0,8,0,2,0.02392112048011265
10,52,Наезд на велосипедиста,2,0,2,0,0,0.00570410010332402
10,52,Наезд на пешехода,19,0,20,0,1,0.03676407825738462
10,52,Наезд на препятствие,3,0,4,0,0,0.05608909317749569
10,52,Наезд на стоящее ТС,2,0,2,0,0,0.0053354338574300745
10,52,Опрокидывание,1,0,1,0,0,0.0037898507758471005
10,52,Падение пассажира,2,0,2,0,0,0.024387731119402775
10,52,Столкновение,12,0,12,0,1,0.035679893733723794
10,53,Наезд на велосипедиста,2,0,2,0,0,0.029025372358887837
10,53,Наезд на пешехода,8,0,10,0,2,0.0178964102501739
10,53,Наезд на стоящее ТС,1,0,2,0,1,0.0790547812825847
10,53,Падение пассажира,1,0,1,0,0,0.04258221578714108
10,53,Столкновение,5,0,5,0,0,0.036392447557138385
10,54,Наезд на велосипедиста,1,0,1,0,0,0.08404748087829327
10,54,Наезд на пешехода,7,1,6,0,1,0.03617140197335017
10,54,Наезд на препятствие,2,0,2,0,0,0.004945985661850489
10,54,Падение пассажира,1,0,1,0,1,0.036504297420985626
10,54,Столкновение,14,0,16,0,0,0.02327300626015493
10,55,Наезд на велосипедиста,2,0,2,0,1,0.007784074635867201
10,55,Наезд на пешехода,22,0,22,0,4,0.03398725561466888
10,55,Наезд на препятствие,5,0,7,0,1,0.031212831696573247
10,55,Наезд на стоящее ТС,3,0,6,0,0,0.028617671170456976
10,55,Падение пассажира,2,0,2,0,0,0.02407138165242639
10,55,Столкновение,35,4,52,0,2,0.05105682069800587
10,56,Наезд на пешехода,3,0,3,0,0,0.018126252388639113
10,56,Падение пассажира,1,0,1,0,0,0.021188524034322625
10,56,Столкновение,5,0,6,0,0,0.006622549162266454
10,57,Наезд на велосипедиста,2,0,2,0,1,0.00872951760520501
10,57,Наезд на пешехода,18,0,18,0,5,0.03680354319091569
10,57,Наезд на препятствие,2,0,4,0,0,0.07389576530373614
10,57,Наезд на стоящее ТС,3,1,5,0,1,0.047818469499323946
10,57,Опрокидывание,1,0,1,0,0,0.0034116735881119767
10,57,Падение пассажира,2,0,2,0,0,0.03488005122716825
10,57,Столкновение,21,0,27,0,1,0.0509827547290644
10,58,Наезд на велосипедиста,2,0,2,0,0,0.030329288405745822
10,58,Наезд на пешехода,7,1,7,0,4,0.03673965721427772
10,58,Наезд на препятствие,4,0,4,0,0,0.05090888685085225
10,58,Наезд на стоящее ТС,8,1,8,0,0,0.029083842135208322
10,58,Опрокидывание,1,0,1,0,0,0.0068152682777280925
10,58,Падение пассажира,1,0,1,0,0,0.010889110320791423
10,58,Столкновение,32,0,41,0,1,0.035314921139168225
10,59,Наезд на пешехода,11,2,11,0,2,0.03630620688048762
10,59,Наезд на препятствие,1,0,3,0,1,0.0050572161386781035
10,59,Падение пассажира,4,0,4,0,0,0.03745081525320443
10,59,Столкновение,14,0,20,0,3,0.022036421235794502
10,60,Наезд на велосипедиста,3,0,3,0,0,0.026893661578139855
10,60,Наезд на пешехода,13,0,14,0,2,0.023264154304761638
10,60,Падение пассажира,5,0,5,0,1,0.03446602027817895
10,60,Столкновение,10,0,11,0,0,0.02642982643133205
10,61,Наезд на пешехода,1,1,0,0,0,0.007082455465809119
10,61,Наезд на препятствие,1,0,2,0,0,0.0055712663036983886
10,61,Наезд на стоящее ТС,1,0,1,0,0,0.006571444478448364
10,61,Опрокидывание,1,0,4,0,0,0.007057572488178055
10,61,Столкновение,1,1,0,0,0,0.0006763677947518764
10,62,Наезд на пешехода,12,1,11,0,1,0.029002288636248846
10,62,Наезд на препятствие,4,2,3,0,0,0.030234751672261525
10,62,Наезд на стоящее ТС,4,3,5,0,0,0.02812663686261718
10,62,Столкновение,23,1,27,0,3,0.030962875658566282
10,63,Наезд на велосипедиста,2,0,2,0,0,0.05224837001788864
10,63,Наезд на пешехода,8,1,7,0,3,0.0532390921472364
10,63,Наезд на препятствие,1,0,2,0,0,0.0028079962690620935
10,63,Падение пассажира,2,0,2,0,0,0.02210167917432978
10,63,Столкновение,16,0,18,0,1,0.03632625115822949
10,64,Наезд на велосипедиста,1,0,1,0,0,0.07297325308571298
10,64,Наезд на пешехода,8,1,8,0,0,0.02852700575613576
10,64,Наезд на препятствие,1,0,1,0,0,0.0192589317515221
10,64,Наезд на стоящее ТС,4,0,5,0,1,0.04369594151332812
10,64,Опрокидывание,1,1,0,0,0,0.06880868003363078
10,64,Падение пассажира,1,0,1,0,0,0.00862004719438068
10,64,Прочее,1,0,1,0,0,0.07858460844367059
10,64,Столкновение,14,0,17,0,2,0.01664595046945506
10,65,Наезд на велосипедиста,1,0,1,0,0,0.05314116424693626
10,65,Наезд на пешехода,6,0,6,0,2,0.024232512278063265
10,65,Наезд на препятствие,2,0,2,0,0,0.0055712663036983886
10,65,Наезд на стоящее ТС,2,0,2,0,0,0.065389359713344
10,65,Опрокидывание,1,0,1,0,1,0.02997655694420399
10,65,Падение пассажира,1,0,1,0,0,0.018988143497915996
10,65,Столкновение,13,0,16,0,2,0.03194277620338505
10,66,Наезд на пешехода,16,3,13,1,4,0.04229912340357379
10,66,Наезд на препятствие,4,0,6,0,0,0.0260825944373878
10,66,Наезд на стоящее ТС,3,2,2,0,0,0.02995712940596143
10,66,Падение пассажира,2,0,2,0,0,0.03743701233197205
10,66,Столкновение,25,0,34,0,1,0.02723902885952512
10,67,Наезд на пешехода,1,0,1,0,1,0.026890175221169713
10,67,Столкновение,1,0,1,0,1,0.007679573475192905
10,68,Наезд на велосипедиста,4,0,4,0,0,0.03538016445017297
10,68,Наезд на пешехода,8,1,8,0,2,0.04159833675177463
10,68,Наезд на стоящее ТС,1,0,1,0,0,0.0022154791121532023
10,68,Падение пассажира,2,0,2,0,0,0.01605500531521359
10,68,Столкновение,13,1,16,0,0,0.02324422447210122
10,69,Наезд на велосипедиста,1,0,1,0,0,0.046539903967928516
10,69,Наезд на пешехода,7,2,5,0,1,0.03391183585748158
10,69,Наезд на препятствие,3,0,9,0,6,0.04664764627549489
10,69,Наезд на стоящее ТС,1,0,1,0,0,0.0098081241922107
10,69,Падение пассажира,1,0,1,0,0,0.04982550012277349
10,69,Столкновение,8,0,11,0,0,0.02345429221188598
10,70,Наезд на пешехода,9,0,9,0,5,0.026957487051367808
10,70,Наезд на препятствие,1,0,2,0,0,0.0645218123681571
10,70,Наезд на стоящее ТС,3,1,7,0,1,0.013900152358356607
10,70,Опрокидывание,1,0,1,0,0,0.03882445857121606
10,70,Столкновение,21,0,23,0,0,0.020099073319832475
10,71,Наезд на велосипедиста,1,0,1,0,0,0.04221021024470205
10,71,Наезд на пешехода,6,2,4,0,1,0.03789264114403953
10,71,Наезд на стоящее ТС,1,0,1,0,0,0.0015682126427563438
10,71,Падение пассажира,2,0,3,0,0,0.05256551864184792
10,71,Столкновение,14,0,15,0,0,0.037949064098234196
10,72,Наезд на велосипедиста,5,0,5,0,1,0.02942900432850683
10,72,Наезд на пешехода,16,0,18,0,7,0.032802944985602496
10,72,Наезд на стоящее ТС,1,1,2,0,0,0.003051820068341822
10,72,Падение пассажира,4,0,4,0,0,0.03903514371877606
10,72,Столкновение,15,0,17,0,2,0.032754288786577095
10,73,Наезд на велосипедиста,2,0,2,0,0,0.0381867172716706
10,73,Наезд на пешехода,11,0,11,0,0,0.030244933972983633
10,73,Наезд на препятствие,1,1,0,0,0,0.004058557552757893
10,73,Опрокидывание,1,0,1,0,0,0.03886822474436772
10,73,Падение пассажира,2,0,2,0,0,0.034175143038966
10,73,Столкновение,13,0,24,0,1,0.014190932340234406
10,74,Наезд на велосипедиста,1,0,1,0,0,0.05455356996717867
10,74,Наезд на пешехода,14,0,15,0,7,0.026192564197585172
10,74,Наезд на препятствие,1,0,1,0,0,0.05226770276163272
10,74,Наезд на стоящее ТС,3,0,4,0,1,0.0387879622781327
10,74,Падение пассажира,2,0,2,0,0,0.03958741911387504
10,74,Столкновение,23,0,34,0,4,0.03947234774257209
10,75,Наезд на велосипедиста,1,0,1,0,0,0.006460454478794267
10,75,Наезд на пешехода,14,1,13,0,2,0.039075291585022286
10,75,Наезд на препятствие,3,0,7,0,0,0.00759824064704033
10,75,Наезд на стоящее ТС,1,0,3,0,0,0.02547170188641863
10,75,Падение пассажира,1,0,1,0,0,0.03382166924478096
10,75,Столкновение,19,0,20,0,1,0.020798531604079212
10,76,Наезд на пешехода,3,0,3,0,0,0.06516436862477117
10,76,Наезд на препятствие,1,0,3,0,0,0.0016734647058567224
10,76,Наезд на стоящее ТС,2,0,2,0,0,0.04010250457250352
10,76,Опрокидывание,1,1,1,1,0,0.008968301683648407
10,76,Столкновение,10,1,12,0,0,0.050433578703774
10,77,Наезд на пешехода,11,0,11,0,5,0.03529677917580834
10,77,Наезд на препятствие,1,0,2,0,0,0.0646903257435034
10,77,Опрокидывание,1,0,1,0,0,0.0006484035534756818
10,77,Столкновение,5,0,5,0,0,0.020224843988029113
10,78,Наезд на препятствие,1,0,1,0,0,0.17578286742087243
10,78,Столкновение,3,1,3,0,0,0.0195832065258298
10,80,Наезд на пешехода,2,0,2,0,1,0.007649721247411805
10,80,Падение пассажира,2,0,2,0,0,0.039958948529629924
10,80,Столкновение,6,1,8,0,2,0.08561656237707882
10,81,Наезд на стоящее ТС,1,0,1,0,0,0.0834470767295501
10,81,Столкновение,1,0,1,0,0,0.09243013027785797
10,82,Наезд на велосипедиста,3,0,3,0,0,0.04485114540951316
10,82,Наезд на пешехода,8,1,7,0,1,0.019228139776361224
10,82,Столкновение,6,0,9,0,2,0.03001689761308697
10,83,Наезд на велосипедиста,3,0,3,0,0,0.04703293858210409
10,83,Наезд на пешехода,12,3,10,0,3,0.03189334485024393
10,83,Наезд на препятствие,1,0,1,0,1,0.00859668380557938
10,83,Наезд на стоящее ТС,2,1,3,0,0,0.03401073143273669
10,83,Опрокидывание,1,0,1,0,0,0.027885923529813627
10,83,Падение пассажира,1,0,1,0,0,0.04081688596978368
10,83,Столкновение,23,0,25,0,3,0.06376006319060598
10,84,Наезд на велосипедиста,1,0,1,0,0,0.039955954171196476
10,84,Наезд на пешехода,21,0,21,0,0,0.03364765262396198
10,84,Наезд на стоящее ТС,2,0,2,0,0,0.0617586223880615
10,84,Падение пассажира,3,0,3,0,0,0.014388003472814057
10,84,Столкновение,20,0,26,0,1,0.022560206890009267
10,85,Наезд на велосипедиста,4,0,4,0,1,0.03546568741934778
10,85,Наезд на пешехода,11,0,11,0,0,0.01793864571315827
10,85,Наезд на препятствие,2,0,2,0,0,0.002807996269062094
10,85,Наезд на стоящее ТС,3,0,3,0,0,0.029532701744905947
10,85,Падение пассажира,7,0,7,0,1,0.03986798704384558
10,85,Столкновение,14,0,17,0,1,0.03377086501988717
10,86,Наезд на велосипедиста,1,0,1,0,0,0.01250589381589981
10,86,Наезд на пешехода,1,0,1,0,0,0.02904828178250455
10,86,Наезд на препятствие,1,0,1,0,0,0.03494471541798311
10,86,Опрокидывание,1,0,1,0,0,0.017144065559594274
10,86,Столкновение,5,0,7,0,0,0.013631810890600194
10,87,Наезд на велосипедиста,4,0,4,0,0,0.035240935290044226
10,87,Наезд на пешехода,26,0,27,0,3,0.034541108799566574
10,87,Наезд на препятствие,3,2,3,0,0,0.014594945726904977
10,87,Наезд на стоящее ТС,2,0,2,0,0,0.03632217321458756
10,87,Опрокидывание,2,0,2,0,0,0.04798300630921041
10,87,Прочее,1,0,1,0,0,0.08192770353581369
10,87,Столкновение,21,0,24,0,0,0.025163904566357156
10,88,Наезд на велосипедиста,3,0,5,0,0,0.03536272462693602
10,88,Наезд на пешехода,17,0,18,0,2,0.045462092694630946
10,88,Наезд на препятствие,1,0,1,0,0,0.02166117319862244
10,88,Наезд на стоящее ТС,4,0,5,0,0,0.02227906672481212
10,88,Падение пассажира,1,0,1,0,0,0.010132755945321176
10,88,Столкновение,15,1,17,0,2,0.02595736680575188
10,89,Наезд на велосипедиста,1,0,1,0,0,0.007594986041999639
10,89,Наезд на пешехода,9,0,9,0,1,0.030583898542006795
10,89,Падение пассажира,2,0,2,0,0,0.053216433379908015
10,89,Столкновение,6,0,6,0,1,0.0277092216917855
10,90,Наезд на велосипедиста,1,0,1,0,0,0.03309555628605314
10,90,Наезд на пешехода,11,0,11,0,5,0.04163441928905089
10,90,Опрокидывание,1,0,1,0,1,0.09815414166744257
10,90,Падение пассажира,2,0,3,0,0,0.05506447515414918
10,90,Столкновение,12,0,13,0,1,0.03898299682403803
10,91,Наезд на велосипедиста,1,0,1,0,0,0.045115606617447845
10,91,Наезд на пешехода,28,0,29,0,5,0.022886261804350296
10,91,Наезд на стоящее ТС,1,0,2,0,0,0.03309808947757715
10,91,Опрокидывание,1,0,1,0,0,0.061931552262960994
10,91,Падение пассажира,6,0,7,0,1,0.013393155980260625
10,91,Столкновение,24,0,26,0,3,0.01836132175743204
10,92,Наезд на велосипедиста,1,0,1,0,0,0.007136822273546144
10,92,Наезд на пешехода,3,0,3,0,1,0.04883121546174168
10,92,Наезд на препятствие,2,0,2,0,0,0.08965719847215564
10,92,Опрокидывание,1,0,1,0,0,0.025244120656280372
10,92,Падение пассажира,1,0,1,0,0,0.03166980712998678
10,92,Столкновение,7,0,8,0,1,0.06103359909862139
10,93,Наезд на велосипедиста,2,0,2,0,1,0.06034482329242642
10,93,Наезд на пешехода,3,0,3,0,1,0.022538759766501475
10,93,Столкновение,3,0,3,0,0,0.01713804712201999
10,94,Наезд на пешехода,5,0,5,0,1,0.020705249425392258
10,94,Наезд на препятствие,3,0,3,0,0,0.03098184112709153
10,94,Наезд на стоящее ТС,1,0,2,0,0,0.03701191996276578
10,94,Падение пассажира,1,0,1,0,0,0.05855316438546823
10,94,Столкновение,12,0,14,0,2,0.039152650939314186
10,95,Наезд на велосипедиста,4,0,4,0,0,0.03047220318605396
10,95,Наезд на пешехода,5,0,5,0,0,0.024978313927541674
10,95,Наезд на препятствие,1,0,1,0,0,0.0035643506445323407
10,95,Падение пассажира,2,0,2,0,1,0.03469298449146155
10,95,Столкновение,5,0,5,0,0,0.01762824469840228
10,96,Наезд на велосипедиста,1,0,1,0,0,0.007973163229734764
10,96,Наезд на пешехода,14,3,12,0,1,0.033632297908221434
10,96,Наезд на препятствие,2,2,3,0,0,0.12120582750549544
10,96,Столкновение,18,0,19,0,2,0.048074371675755935
10,97,Наезд на пешехода,1,1,0,0,0,0.07134325558844588
10,97,Наезд на препятствие,1,1,1,0,1,0.07236327701999061
10,97,Столкновение,2,0,3,0,0,0.03782107944723127
10,98,Наезд на велосипедиста,1,0,1,0,0,0.007216808854264516
10,98,Наезд на пешехода,16,1,15,0,4,0.039843559314055824
10,98,Наезд на стоящее ТС,1,0,1,0,0,0.039011733404256746
10,98,Падение пассажира,2,0,2,0,0,0.024198042533436957
10,98,Столкновение,7,0,9,0,3,0.014763647908650911
10,99,Наезд на пешехода,1,0,1,0,0,0.006704278278073995
10,99,Опрокидывание,1,0,1,0,1,0.03690889511070837
10,99,Столкновение,5,1,7,0,0,0.04493251432968606
10,99,Съезд с дороги,1,0,1,0,0,0.05705574090728174
10,100,Наезд на пешехода,2,2,0,0,0,0.042509369279686654
10,101,Наезд на пешехода,9,1,9,0,1,0.018265967290775866
10,101,Наезд на препятствие,1,0,1,0,0,0.028879268863417972
10,101,Опрокидывание,1,0,1,0,0,0.028232384898772056
10,101,Падение пассажира,2,0,2,0,0,0.02343053970974381
10,101,Столкновение,16,0,18,0,0,0.026799944281961086
10,102,Наезд на велосипедиста,1,0,1,0,0,0.04385562079819198
10,102,Наезд на пешехода,8,1,8,0,1,0.01896218618514921
10,102,Наезд на препятствие,2,0,2,0,1,0.014348108621218526
10,102,Падение пассажира,1,0,2,0,0,0.015639404916613097
10,102,Столкновение,6,0,6,0,0,0.027145125102177443
10,103,Наезд на велосипедиста,2,0,2,0,0,0.008540429011337449
10,103,Наезд на пешехода,12,0,13,0,1,0.020845922532605744
10,103,Наезд на стоящее ТС,1,0,1,0,0,0.060855910836206964
10,103,Опрокидывание,1,0,1,0,0,0.055347687660077735
10,103,Столкновение,12,0,17,0,4,0.024660471747618682
10,104,Наезд на велосипедиста,2,0,2,0,0,0.015324642757051527
10,104,Наезд на пешехода,14,0,14,0,1,0.01466738344578358
10,104,Падение пассажира,1,0,1,0,0,0.009376401569850928
10,104,Столкновение,9,0,10,0,1,0.011695752789301654
10,105,Наезд на пешехода,4,0,5,0,2,0.03645239363745338
10,105,Наезд на препятствие,4,3,3,0,0,0.0023642822145157963
10,105,Столкновение,12,1,12,0,2,0.011053273362456996
10,106,Наезд на велосипедиста,2,0,2,0,0,0.027187975572290655
10,106,Наезд на пешехода,6,0,6,0,1,0.03935451129298118
10,106,Наезд на препятствие,1,0,1,0,0,0.004058557552757893
10,106,Наезд на стоящее ТС,1,0,1,0,0,0.007735077367008755
10,106,Столкновение,7,0,8,0,0,0.021901631385252803
10,107,Наезд на велосипедиста,1,0,1,0,0,0.08795288987502654
10,107,Наезд на пешехода,7,0,7,0,3,0.01696545959196259
10,107,Столкновение,12,0,13,0,1,0.03224159854133602
10,108,Наезд на велосипедиста,2,0,2,0,0,0.015097122991658298
10,108,Наезд на пешехода,5,0,5,0,2,0.024451371277387418
10,108,Наезд на препятствие,1,0,1,0,0,0.0031861734567972177
10,108,Наезд на стоящее ТС,1,0,1,0,0,0.04340333636783151
10,108,Падение пассажира,2,0,2,0,0,0.011900758795482348
10,108,Прочее,1,0,1,0,0,0.054076032109250514
10,108,Столкновение,6,0,7,0,1,0.04562202340413473
10,108,Съезд с дороги,1,0,1,0,0,0.07545200472490651
10,109,Наезд на велосипедиста,2,0,2,0,1,0.01701418665930571
10,109,Наезд на пешехода,1,0,1,0,0,0.04306071610478229
10,109,Наезд на препятствие,1,0,1,0,0,0.018106929836772964
10,109,Падение пассажира,2,0,2,0,0,0.02325350426526016
10,109,Столкновение,6,0,10,0,0,0.02549550982175001
10,110,Наезд на велосипедиста,3,0,3,0,0,0.020924101760032187
10,110,Наезд на пешехода,21,0,21,0,7,0.0223036164248843
10,110,Наезд на стоящее ТС,1,0,1,0,0,0.03757344990466411
10,110,Опрокидывание,1,0,1,0,0,0.025179470549492464
10,110,Падение пассажира,1,0,1,0,0,0.006350984067969936
10,110,Прочее,1,0,1,0,0,0.05137368819201734
10,110,Столкновение,17,0,18,0,2,0.020942077989189588
10,111,Наезд на велосипедиста,1,0,1,0,1,0.007594986041999639
10,111,Наезд на пешехода,20,1,19,0,3,0.034339047304816406
10,111,Наезд на препятствие,1,1,0,0,0,0.09474635092737471
10,111,Наезд на стоящее ТС,2,0,3,0,0,0.0034880121163221593
10,111,Опрокидывание,1,0,1,0,0,0.012760463798041742
10,111,Падение пассажира,2,0,3,0,0,0.016605589714332337
10,111,Столкновение,25,0,28,0,2,0.02082296605517534
10,113,Наезд на пешехода,20,2,20,0,5,0.026578640533283137
10,113,Наезд на препятствие,2,0,3,0,0,0.0038114540986451174
10,113,Наезд на стоящее ТС,1,0,1,0,0,0.03547707042919886
10,113,Падение пассажира,4,0,4,0,0,0.01540770044172069
10,113,Столкновение,14,0,16,0,1,0.024420842906545857
10,114,Наезд на пешехода,19,0,19,0,4,0.04356313007426121
10,114,Наезд на препятствие,1,0,1,0,0,0.09418790199763802
10,114,Наезд на стоящее ТС,1,0,1,0,0,0.007705976041653737
10,114,Опрокидывание,1,0,1,0,0,0.0068152682777280925
10,114,Падение пассажира,3,0,4,0,0,0.042352586729200864
10,114,Столкновение,18,2,21,0,3,0.041817212207052
10,115,Наезд на пешехода,8,0,8,0,0,0.026774393527957567
10,115,Опрокидывание,1,0,1,0,0,0.04894447745804957
10,115,Падение пассажира,1,0,1,0,0,0.059129278074680616
10,115,Столкновение,6,0,7,0,0,0.03554488779134321
10,116,Наезд на велосипедиста,2,1,1,0,0,0.02506421690739312
10,116,Наезд на пешехода,18,3,16,0,0,0.02495818994252688
10,116,Наезд на препятствие,2,0,2,0,0,0.010255694762342109
10,116,Наезд на стоящее ТС,1,0,1,0,0,0.008869608930214126
10,116,Падение пассажира,2,0,2,0,0,0.018778869140007638
10,116,Столкновение,6,0,6,0,0,0.022186288346205455
10,117,Наезд на велосипедиста,4,0,4,0,0,0.029978426880701535
10,117,Наезд на пешехода,16,0,17,0,4,0.03623528094209909
10,117,Наезд на препятствие,1,0,1,0,0,0.065997466198646
10,117,Наезд на стоящее ТС,1,0,1,0,0,0.18077580919221384
10,117,Опрокидывание,1,0,1,0,0,0.02595908933818706
10,117,Падение пассажира,7,0,7,0,0,0.04145998047544496
10,117,Столкновение,38,1,49,0,2,0.031938626557006244
10,118,Наезд на велосипедиста,1,0,1,0,0,0.05431907447569012
10,118,Наезд на пешехода,7,1,6,0,0,0.029152417757997772
10,118,Наезд на препятствие,1,0,2,0,0,0.0016734647058567224
10,118,Наезд на стоящее ТС,3,1,3,0,0,0.030547824135695522
10,118,Опрокидывание,1,0,1,0,0,0.007949799840933464
10,118,Падение пассажира,1,0,1,0,0,0.006108679857519973
10,118,Столкновение,10,3,10,0,1,0.020784146752236665
10,119,Наезд на пешехода,7,1,6,0,2,0.03649510115625161
10,119,Наезд на стоящее ТС,3,0,3,0,0,0.01868076643798028
10,119,Столкновение,18,0,26,0,5,0.05462587663539444
10,120,Наезд на велосипедиста,2,0,2,0,0,0.01120397630829336
10,120,Наезд на пешехода,5,0,5,0,1,0.021141884675899243
10,120,Падение пассажира,1,0,1,0,0,0.034930088473581394
10,120,Столкновение,7,0,9,0,0,0.02776788798125814
10,121,Наезд на велосипедиста,1,0,1,0,0,0.00948587198067526
10,121,Наезд на пешехода,2,1,1,0,0,0.006078997636226095
10,121,Столкновение,10,1,13,0,1,0.12977661999575504
10,122,Наезд на велосипедиста,1,0,1,0,0,0.007973163229734764
10,122,Наезд на пешехода,12,0,14,0,4,0.03493408768508866
10,122,Наезд на стоящее ТС,1,1,2,0,0,0.002295465692871574
10,122,Столкновение,10,1,9,0,1,0.026192084526115135
10,123,Наезд на велосипедиста,2,0,2,0,0,0.03485455063791041
10,123,Наезд на пешехода,10,0,10,0,0,0.04495798347658944
10,123,Наезд на стоящее ТС,2,0,3,0,0,0.04432075669943802
10,123,Опрокидывание,1,0,1,0,0,0.006437091089992969
10,123,Столкновение,14,1,18,0,2,0.03745957063311691
10,124,Наезд на пешехода,4,2,2,0,0,0.012886119466986642
10,124,Наезд на стоящее ТС,1,1,0,0,0,0.24620765681879364
10,124,Падение пассажира,1,0,1,0,0,0.007107338443440184
10,124,Прочее,1,1,0,0,0,0.08159395898942337
10,124,Столкновение,7,0,9,0,0,0.04755218710111376
10,125,Наезд на велосипедиста,2,1,1,0,0,0.03814100582318235
10,125,Наезд на пешехода,23,3,21,0,4,0.03135832347750507
10,125,Наезд на препятствие,1,0,2,0,0,0.0055712663036983886
10,125,Наезд на стоящее ТС,1,0,1,0,0,0.007625989460935364
10,125,Опрокидывание,1,0,1,0,0,0.005302559526787596
10,125,Падение пассажира,6,0,6,0,0,0.02174799757314222
10,125,Столкновение,22,1,27,0,3,0.030409943014264185
10,127,Наезд на велосипедиста,3,0,3,0,0,0.05654058565374218
10,127,Наезд на пешехода,8,1,7,0,2,0.04275264867966189
10,127,Наезд на препятствие,2,1,1,0,0,0.07469355689312533
10,127,Наезд на стоящее ТС,2,0,3,0,0,0.008367500950728936
10,127,Опрокидывание,1,0,1,0,0,0.03604105130662892
10,127,Падение пассажира,2,0,2,0,0,0.025103227182696183
10,127,Столкновение,22,0,25,0,2,0.029308983489230597
10,128,Наезд на велосипедиста,1,0,1,0,0,0.08465102442787645
10,128,Наезд на пешехода,3,0,3,0,0,0.042846993446901384
10,128,Опрокидывание,1,0,1,0,0,0.007193445465463216
10,128,Столкновение,4,2,7,0,1,0.037302128625329195
10,130,Наезд на велосипедиста,3,0,3,0,0,0.02974161507309002
10,130,Наезд на пешехода,14,0,14,0,2,0.026209067102848264
10,130,Наезд на стоящее ТС,10,2,15,0,0,0.3338475535029458
10,130,Столкновение,15,2,19,0,1,0.09285211870112779
10,131,Наезд на велосипедиста,1,0,1,0,0,0.007973163229734764
10,131,Наезд на пешехода,5,0,5,0,2,0.0350009020977791
10,131,Наезд на препятствие,1,0,1,0,0,0.029745725583351545
10,131,Наезд на стоящее ТС,1,1,0,0,0,0.0079482802521037
10,131,Столкновение,6,0,6,0,1,0.030079712732823765
10,133,Наезд на пешехода,12,0,13,0,1,0.06035692069764406
10,133,Опрокидывание,1,0,1,0,0,0.047756150999853565
10,133,Падение пассажира,3,0,3,0,0,0.04446892704817982
10,133,Столкновение,10,2,11,0,1,0.02637992759180475
10,134,Наезд на велосипедиста,1,0,1,0,0,0.027924272379180763
10,134,Наезд на пешехода,36,1,35,0,9,0.02593307659496218
10,134,Наезд на препятствие,4,0,4,0,0,0.005802392734935183
10,134,Наезд на стоящее ТС,2,0,2,0,0,0.050958776949225675
10,134,Падение пассажира,6,0,6,0,0,0.029065441248899686
10,134,Столкновение,25,0,31,0,3,0.02126693813602245
10,135,Наезд на пешехода,10,2,8,0,2,0.03578508242589843
10,135,Наезд на препятствие,2,0,3,0,0,0.0074041373821287955
10,135,Опрокидывание,1,0,1,0,0,0.028166440370486795
10,135,Падение пассажира,1,0,1,0,0,0.006350984067969936
10,135,Столкновение,20,0,22,0,0,0.02399509500696939
10,136,Наезд на велосипедиста,2,0,2,0,0,0.03380690766611924
10,136,Наезд на пешехода,13,0,13,0,2,0.028153448366234804
10,136,Наезд на препятствие,4,0,5,0,0,0.030833973708793556
10,136,Падение пассажира,2,0,3,0,0,0.03531433559219052
10,136,Столкновение,15,0,18,0,0,0.028882183167080487
10,137,Наезд на велосипедиста,1,0,1,0,0,0.014854234909179868
10,137,Наезд на пешехода,9,0,9,0,4,0.021300230960650535
10,137,Наезд на препятствие,1,0,1,0,0,0.06783800533177257
10,137,Наезд на стоящее ТС,1,0,1,0,0,0.001539111317401326
10,137,Падение пассажира,1,0,1,0,0,0.021820383592087104
10,137,Столкновение,9,0,15,0,2,0.012955393238704111
10,138,Наезд на пешехода,14,3,13,1,4,0.021694078999946884
10,138,Наезд на препятствие,2,0,2,0,0,0.07553457158699803
10,138,Столкновение,15,1,15,0,1,0.02039275361175243
10,139,Наезд на пешехода,8,0,8,0,5,0.031391582173347275
10,139,Наезд на препятствие,1,0,2,0,0,0.05341616753225054
10,139,Прочее,1,0,1,0,0,0.03980446908183099
10,139,Столкновение,10,0,11,0,1,0.020109715778115687
10,140,Наезд на велосипедиста,1,0,1,0,0,0.026772884662854254
10,140,Наезд на пешехода,12,0,12,0,1,0.018862033486438175
10,140,Столкновение,4,0,4,0,1,0.018118559739891266
10,141,Наезд на пешехода,7,0,8,0,0,0.025715983685383217
10,141,Наезд на препятствие,1,0,1,0,0,0.043783987500391815
10,141,Падение пассажира,4,0,4,0,0,0.02960082926312079
10,141,Столкновение,11,0,13,0,1,0.025773038026978782
10,142,Наезд на стоящее ТС,2,0,3,0,0,0.14475245006997145
10,142,Опрокидывание,1,1,11,0,1,0.027746846934965822
10,142,Столкновение,6,1,9,0,3,0.06940633874345
10,143,Наезд на велосипедиста,4,0,4,0,0,0.023767629625171538
10,143,Наезд на пешехода,10,0,10,0,3,0.023017938832703953
10,143,Наезд на препятствие,1,0,1,0,1,0.00670579786690376
10,143,Наезд на стоящее ТС,2,1,1,0,0,0.05154620353745243
10,143,Падение пассажира,2,0,2,0,0,0.008998224382115803
10,143,Столкновение,8,0,8,0,1,0.03746923552535805
10,144,Наезд на велосипедиста,2,0,2,0,0,0.04982393362198409
10,144,Наезд на пешехода,14,1,15,0,3,0.017333822210975958
10,144,Наезд на препятствие,1,0,1,0,1,0.0020516418935918467
10,144,Опрокидывание,1,0,1,0,0,0.0739828829668925
10,144,Падение пассажира,2,0,2,0,0,0.009754578757586051
10,144,Прочее,1,0,1,0,0,0.0492044549031197
10,144,Столкновение,9,0,10,0,1,0.01706556710353062
10,145,Наезд на велосипедиста,1,0,1,0,0,0.004947745727853772
10,145,Наезд на пешехода,1,0,1,0,0,0.008216987029014492
10,145,Столкновение,6,0,6,0,0,0.020519877988577424
10,146,Наезд на велосипедиста,3,0,3,0,0,0.03326736431400267
10,146,Наезд на пешехода,14,2,12,0,1,0.037194439737914704
10,146,Падение пассажира,2,0,2,0,0,0.01715190710744487
10,146,Столкновение,21,1,24,0,3,0.022214788207263157
10,147,Наезд на пешехода,4,0,4,0,3,0.04299583435652157
10,147,Наезд на препятствие,1,0,1,0,0,0.0311832529980643
10,147,Наезд на стоящее ТС,3,0,4,0,1,0.01710215987246134
10,147,Падение пассажира,1,0,1,0,0,0.03498838826421684
10,147,Столкновение,10,0,20,0,2,0.02000623009908211
10,148,Наезд на пешехода,7,0,7,0,1,0.03404643081707437
10,148,Наезд на препятствие,1,0,2,0,0,0.023641309655494255
10,148,Наезд на стоящее ТС,1,0,1,0,0,0.023814748481767865
10,148,Падение пассажира,3,0,3,0,0,0.02399937058786007
10,148,Столкновение,7,3,12,0,0,0.023538804391401342
10,149,Наезд на пешехода,3,0,3,0,0,0.09065471924157191
10,149,Наезд на препятствие,1,1,0,0,0,0.20478211884493053
10,149,Столкновение,2,0,2,0,0,0.002976830919578733
10,150,Наезд на велосипедиста,1,0,1,0,0,0.0057041001033240205
10,150,Наезд на пешехода,23,0,24,0,6,0.029840210434389943
10,150,Наезд на препятствие,1,0,1,0,0,0.009217165203764466
10,150,Наезд на стоящее ТС,3,0,4,0,0,0.07675727864647704
10,150,Падение пассажира,1,0,1,0,0,0.007863692818910431
10,150,Столкновение,17,0,22,0,1,0.017512618717031848
10,151,Наезд на пешехода,5,0,5,0,2,0.02598240394098314
10,151,Наезд на препятствие,2,0,2,0,0,0.06194094664484856
10,151,Наезд на стоящее ТС,1,0,1,0,0,0.007276913598555259
10,151,Столкновение,4,0,6,0,1,0.08877863247063845
10,152,Наезд на пешехода,3,0,3,0,0,0.005405011078793441
10,152,Падение пассажира,1,0,1,0,0,0.031325217692908386
10,152,Столкновение,1,0,1,0,0,0.029548403017531994
10,153,Наезд на пешехода,1,0,2,0,0,0.06866068390455175
10,153,Столкновение,2,0,15,0,1,0.03159294253491969
10,154,Наезд на велосипедиста,2,0,2,0,1,0.02318212922619508
10,154,Наезд на пешехода,21,1,21,0,0,0.04135499914082497
10,154,Наезд на препятствие,5,0,6,0,0,0.10988666799593813
10,154,Наезд на стоящее ТС,2,0,2,0,0,0.0032480382670912436
10,154,Опрокидывание,2,0,2,0,1,0.007755912003403089
10,154,Столкновение,37,0,46,0,2,0.032787103714053266
11,2,Наезд на пешехода,20,1,20,0,1,0.022543645385605687
11,2,Наезд на препятствие,3,0,3,0,0,0.04372687519035282
11,2,Наезд на стоящее ТС,2,0,2,0,0,0.03379315232763962
11,2,Падение пассажира,2,0,2,0,0,0.014739317203720351
11,2,Столкновение,27,1,37,0,1,0.03278333389680869
11,3,Наезд на велосипедиста,1,0,1,0,0,0.009864049168410383
11,3,Наезд на пешехода,5,0,5,0,1,0.01744135272964817
11,3,Падение пассажира,1,0,1,0,0,0.008755920171665842
11,3,Столкновение,8,0,9,0,1,0.024201314663940744
11,4,Наезд на велосипедиста,1,0,1,0,0,0.005325922915588897
11,4,Наезд на пешехода,11,0,15,0,1,0.039259649435937044
11,4,Наезд на препятствие,1,0,1,0,0,0.041652023208476247
11,4,Наезд на стоящее ТС,1,0,1,0,0,0.1053129555358447
11,4,Падение пассажира,3,0,3,0,1,0.034400030034074595
11,4,Столкновение,5,0,7,0,0,0.01462948755394482
11,5,Наезд на пешехода,12,2,10,0,2,0.015275474472042605
11,5,Наезд на препятствие,2,0,2,0,0,0.005419872327128918
11,5,Наезд на стоящее ТС,2,0,2,0,0,0.020915845297287454
11,5,Падение пассажира,3,0,3,0,1,0.02550259358487862
11,5,Столкновение,5,0,6,0,0,0.04694920394761197
11,6,Наезд на велосипедиста,1,0,1,0,0,0.010242226356145506
11,6,Наезд на пешехода,3,1,2,0,0,0.019318397347493747
11,6,Наезд на стоящее ТС,1,0,1,0,0,0.04163068839527658
11,6,Столкновение,3,0,3,0,0,0.05963211045468055
11,7,Наезд на велосипедиста,3,0,3,0,0,0.05296812863972843
11,7,Наезд на пешехода,13,0,13,0,2,0.042681596251006274
11,7,Наезд на препятствие,2,0,2,0,0,0.022606112872926097
11,7,Падение пассажира,1,0,1,0,0,0.00862004719438068
11,7,Столкновение,15,2,18,0,0,0.02099338569753548
11,8,Наезд на пешехода,6,0,7,0,0,0.027941485461576418
11,8,Столкновение,4,0,7,0,1,0.1097233840825326
11,9,Наезд на велосипедиста,3,0,3,0,0,0.03580669256506581
11,9,Наезд на пешехода,9,0,9,0,1,0.02608615123192217
11,9,Наезд на препятствие,1,0,1,0,0,0.03425695004633683
11,9,Наезд на стоящее ТС,1,0,2,0,0,0.09055485452746574
11,9,Столкновение,8,0,8,0,2,0.028686182999139193
11,10,Наезд на пешехода,8,0,8,0,1,0.04246266412549206
11,10,Наезд на препятствие,5,0,6,0,0,0.025932571797849295
11,10,Наезд на стоящее ТС,1,0,1,0,0,0.009779022866855681
11,10,Падение пассажира,1,0,1,0,0,0.009376401569850928
11,10,Столкновение,17,1,17,0,0,0.02619033559563491
11,12,Наезд на пешехода,8,0,8,0,2,0.020993703981905063
11,12,Наезд на препятствие,2,2,3,1,0,0.06784458894719078
11,12,Наезд на стоящее ТС,3,1,2,0,0,0.025052958174445614
11,12,Падение пассажира,3,0,3,0,0,0.03920123132677058
11,12,Столкновение,3,0,3,0,1,0.01799908778271729
11,13,Наезд на велосипедиста,2,0,2,0,0,0.07151222923980584
11,13,Наезд на пешехода,11,0,12,0,3,0.038526336928277
11,13,Наезд на препятствие,4,0,4,0,1,0.04917117904299857
11,13,Наезд на стоящее ТС,2,0,5,0,0,0.09559421940708178
11,13,Падение пассажира,5,0,5,0,0,0.05721809231449158
11,13,Столкновение,10,0,12,0,0,0.05277655954212387
11,14,Наезд на велосипедиста,3,0,3,0,1,0.008351340417469887
11,14,Наезд на пешехода,7,1,6,0,1,0.01808885064008365
11,14,Наезд на препятствие,1,0,1,0,0,0.00999336283602945
11,14,Наезд на стоящее ТС,2,0,2,0,0,0.017510577405106146
11,14,Падение пассажира,2,0,2,0,1,0.020295059079977733
11,14,Столкновение,6,0,6,0,0,0.005866324466944873
11,15,Наезд на велосипедиста,1,0,1,0,0,0.006082277291059144
11,15,Наезд на пешехода,10,0,10,0,2,0.017239350674524416
11,15,Наезд на стоящее ТС,1,0,6,0,0,0.004600571959054373
11,15,Падение пассажира,2,0,2,0,0,0.06074851445090845
11,15,Столкновение,9,0,11,0,2,0.028830722962533844
11,16,Наезд на пешехода,14,0,14,0,4,0.022640898088643727
11,16,Наезд на стоящее ТС,1,0,1,0,0,0.019884971703146303
11,16,Падение пассажира,1,0,1,0,0,0.025583222096748508
11,16,Столкновение,6,0,8,0,0,0.035355586583332696
11,17,Наезд на пешехода,9,0,9,0,2,0.02235375871737237
11,17,Столкновение,6,1,8,0,1,0.021133820107883106
11,18,Наезд на велосипедиста,2,0,2,0,0,0.02116558037536376
11,18,Наезд на пешехода,5,1,4,0,1,0.022087402909068264
11,18,Наезд на стоящее ТС,1,0,1,0,0,0.007705976041653737
11,18,Падение пассажира,2,0,2,0,0,0.032586909783767506
11,18,Столкновение,5,0,6,0,1,0.0265293732876
11,19,Наезд на велосипедиста,2,0,2,0,0,0.025410367955994027
11,19,Наезд на пешехода,15,1,15,0,4,0.03411349714550848
11,19,Наезд на препятствие,6,0,6,0,0,0.02234196619395055
11,19,Наезд на стоящее ТС,1,0,1,0,0,0.007705976041653737
11,19,Опрокидывание,1,0,1,0,0,0.04486730326220907
11,19,Падение пассажира,1,0,3,0,0,0.009754578757586051
11,19,Столкновение,11,0,12,0,0,0.021236824730570706
11,20,Наезд на велосипедиста,1,0,1,0,0,0.00948587198067526
11,20,Наезд на пешехода,16,0,17,0,4,0.021235880201069608
11,20,Наезд на препятствие,4,0,6,0,1,0.026607683910937024
11,20,Наезд на стоящее ТС,3,0,5,0,0,0.035224943830965534
11,20,Падение пассажира,2,0,2,0,0,0.033954265947136575
11,20,Столкновение,24,0,31,0,4,0.01810473555690999
11,21,Наезд на пешехода,3,1,3,0,0,0.06275538920724866
11,21,Наезд на препятствие,1,1,0,0,0,0.004814911928228141
11,21,Наезд на стоящее ТС,1,0,1,0,0,0.04820483928546523
11,21,Столкновение,4,0,6,0,0,0.014821365645225692
11,22,Наезд на пешехода,7,0,7,0,1,0.017093246615384767
11,22,Наезд на стоящее ТС,1,0,1,0,0,0.04172044397879075
11,22,Падение пассажира,3,0,3,0,0,0.020384848189423804
11,22,Столкновение,4,0,5,0,0,0.0191048981894858
11,23,Наезд на велосипедиста,3,0,3,0,0,0.02423056637510948
11,23,Наезд на пешехода,14,0,14,0,3,0.025004910749011074
11,23,Наезд на препятствие,1,0,1,0,0,0.04619838758488896
11,23,Наезд на стоящее ТС,1,0,1,0,0,0.05002006987258237
11,23,Падение пассажира,2,0,2,0,0,0.03950273919147226
11,23,Столкновение,13,1,13,0,1,0.01882075004448556
11,24,Наезд на пешехода,3,0,3,0,2,0.040200757007313744
11,24,Падение пассажира,1,0,1,0,0,0.037672539886153725
11,24,Столкновение,1,0,1,0,0,0.050715879589588134
11,26,Наезд на пешехода,6,1,5,0,1,0.011124281079929214
11,26,Наезд на препятствие,1,0,1,0,0,0.0020516418935918467
11,26,Наезд на стоящее ТС,5,0,8,0,0,0.025258254556406658
11,26,Столкновение,17,1,27,0,2,0.034926110095868566
11,27,Наезд на велосипедиста,1,0,1,0,0,0.009864049168410383
11,27,Наезд на пешехода,5,1,5,0,0,0.041055830930461945
11,27,Наезд на препятствие,2,0,3,0,0,0.05476375908933174
11,27,Опрокидывание,1,0,1,0,1,0.036818958643896636
11,27,Падение пассажира,3,0,3,0,0,0.05495776174148991
11,27,Столкновение,11,1,11,0,1,0.02827101381809943
11,28,Наезд на велосипедиста,3,0,3,0,0,0.02731480135049329
11,28,Наезд на пешехода,10,0,10,0,1,0.013640662764336753
11,28,Наезд на стоящее ТС,1,1,0,0,0,0.02697048252117291
11,28,Столкновение,8,0,8,0,0,0.01803129943603344
11,29,Наезд на пешехода,9,1,8,0,2,0.0365799415968624
11,29,Наезд на стоящее ТС,1,0,1,0,0,0.061720752917320425
11,29,Падение пассажира,1,0,1,0,0,0.010889110320791423
11,29,Столкновение,4,0,4,0,2,0.03714455953390129
11,30,Наезд на пешехода,13,1,14,0,4,0.01627557400785685
11,30,Наезд на препятствие,1,1,0,0,0,0.010371540023764572
11,30,Наезд на стоящее ТС,3,1,2,0,0,0.023985228884826293
11,30,Падение пассажира,2,0,3,0,0,0.030154645802086252
11,30,Столкновение,12,0,16,0,2,0.031243319174525528
11,31,Наезд на велосипедиста,1,0,1,0,0,0.03638487025785155
11,31,Наезд на пешехода,12,1,11,0,3,0.03182447374321189
11,31,Наезд на препятствие,1,1,0,0,0,0.004058557552757893
11,31,Наезд на стоящее ТС,1,0,3,0,0,0.08544951663765137
11,31,Падение пассажира,1,0,1,0,0,0.007485515631175308
11,31,Столкновение,3,0,3,0,0,0.05502833471313832
11,32,Наезд на пешехода,9,1,8,0,1,0.03738922998923587
11,32,Наезд на стоящее ТС,1,0,1,0,0,0.003924204164302497
11,32,Столкновение,13,0,15,0,2,0.022560487282261683
11,33,Наезд на велосипедиста,2,0,2,0,0,0.027831762871571703
11,33,Наезд на пешехода,4,0,4,0,0,0.01575367199646583
11,33,Падение пассажира,1,0,1,0,0,0.008998224382115803
11,33,Столкновение,10,0,11,0,2,0.019570212155069017
11,34,Наезд на пешехода,8,0,8,0,2,0.02403879934577978
11,34,Падение пассажира,2,0,2,0,0,0.0478233424830528
11,34,Столкновение,11,0,15,0,0,0.024457538115872056
11,35,Наезд на пешехода,2,1,1,0,0,0.0781206281767862
11,35,Наезд на препятствие,1,0,3,0,0,0.0022939461040418084
11,35,Наезд на стоящее ТС,1,0,1,0,0,0.00972313647028889
11,35,Столкновение,1,0,1,0,0,0.0023850928469011713
11,36,Наезд на велосипедиста,2,0,2,0,0,0.021477495628759304
11,36,Наезд на пешехода,2,1,1,0,0,0.02317601331873432
11,36,Наезд на препятствие,2,0,4,0,0,0.02058830745366343
11,36,Опрокидывание,1,0,1,0,0,0.059481329389271094
11,36,Столкновение,4,0,4,0,0,0.022095627487358944
11,37,Наезд на велосипедиста,1,0,1,0,0,0.11440464823504733
11,37,Наезд на пешехода,6,1,6,0,0,0.0486118301899397
11,37,Наезд на препятствие,1,0,1,0,0,0.02185380516515461
11,37,Падение пассажира,1,0,1,0,0,0.031209347364072597
11,37,Столкновение,3,0,3,0,0,0.023427259714884022
11,38,Наезд на велосипедиста,1,0,1,0,0,0.009272669095580315
11,38,Наезд на пешехода,15,0,15,0,3,0.012064549179733586
11,38,Наезд на стоящее ТС,1,0,1,0,0,0.009480832259838928
11,38,Падение пассажира,1,0,1,0,0,0.010646806110341462
11,38,Столкновение,8,0,8,0,0,0.011547588378573632
11,39,Наезд на велосипедиста,1,0,1,0,0,0.024703399562326537
11,39,Наезд на пешехода,12,1,14,0,2,0.025496739047151936
11,39,Наезд на препятствие,2,0,2,0,1,0.010796236134880293
11,39,Наезд на стоящее ТС,1,0,2,0,0,0.024184150542883812
11,39,Столкновение,13,0,13,0,0,0.016398953892781513
11,40,Наезд на велосипедиста,1,0,1,0,0,0.0670730233003828
11,40,Наезд на пешехода,7,0,7,0,1,0.02748685534322719
11,40,Наезд на препятствие,1,0,1,0,0,0.020969528681475846
11,40,Наезд на стоящее ТС,1,0,1,0,0,0.0043023813520376205
11,40,Падение пассажира,1,0,1,0,0,0.00862004719438068
11,40,Прочее,1,0,1,0,0,0.05396656169842618
11,40,Столкновение,9,0,9,0,0,0.013212862357911902
11,41,Наезд на пешехода,9,2,7,0,1,0.036511463087360745
11,41,Падение пассажира,2,0,2,0,0,0.028666174887594816
11,41,Столкновение,14,0,19,0,2,0.0328768978865731
11,42,Наезд на велосипедиста,1,0,1,0,0,0.04491217578669416
11,42,Наезд на пешехода,13,1,13,0,2,0.03354994858777476
11,42,Наезд на препятствие,3,0,3,0,0,0.0662105844460022
11,42,Наезд на стоящее ТС,1,0,1,0,0,0.008491431742479003
11,42,Падение пассажира,1,0,1,0,0,0.009754578757586051
11,42,Столкновение,10,0,13,0,1,0.040194632950756294
11,43,Наезд на велосипедиста,1,0,1,0,0,0.0980526521574742
11,43,Наезд на пешехода,16,1,16,0,3,0.030469518762149095
11,43,Наезд на препятствие,2,0,2,0,0,0.032420364046666164
11,43,Наезд на стоящее ТС,1,0,2,0,1,0.09956032118757838
11,43,Падение пассажира,2,0,2,0,1,0.06224862793669334
11,43,Столкновение,12,0,12,0,0,0.04502516573472364
11,44,Наезд на велосипедиста,1,0,1,0,0,0.04811475593811543
11,44,Наезд на пешехода,20,1,19,0,2,0.03552143809974949
11,44,Наезд на препятствие,2,0,3,0,0,0.04032885013927458
11,44,Падение пассажира,2,0,2,0,0,0.03220616346019488
11,44,Столкновение,9,0,10,0,0,0.010600618076554193
11,45,Наезд на пешехода,1,0,2,0,2,0.028508878669019334
11,45,Наезд на препятствие,2,2,2,0,1,0.002807996269062094
11,45,Столкновение,2,0,3,0,0,0.014504411756899302
11,46,Наезд на велосипедиста,1,0,1,0,0,0.03160511989004436
11,46,Наезд на пешехода,15,0,16,0,2,0.017338378775376865
11,46,Наезд на препятствие,3,0,3,0,0,0.015312808935571085
11,46,Наезд на стоящее ТС,2,0,2,0,0,0.007866151100631102
11,46,Падение пассажира,1,0,1,0,0,0.02617201779839045
11,46,Столкновение,10,0,12,0,1,0.013374036303028197
11,47,Наезд на велосипедиста,1,0,1,0,0,0.09212681002878431
11,47,Наезд на пешехода,26,2,24,0,3,0.03173486334174009
11,47,Наезд на препятствие,3,0,3,0,0,0.07054348661827799
11,47,Наезд на стоящее ТС,1,0,1,0,0,0.02744453114400745
11,47,Опрокидывание,1,0,1,0,1,0.04972527259459429
11,47,Столкновение,17,0,21,0,1,0.024307894811580872
11,48,Наезд на пешехода,6,0,6,0,0,0.09424737791084382
11,48,Столкновение,8,2,13,0,3,0.07487525958636475
11,49,Наезд на велосипедиста,1,0,1,0,0,0.007216808854264516
11,49,Наезд на пешехода,13,0,15,0,2,0.021563541163617923
11,49,Наезд на препятствие,3,0,3,0,0,0.03100041938281377
11,49,Наезд на стоящее ТС,1,0,1,0,0,0.008004166648670489
11,49,Падение пассажира,1,0,1,0,0,0.04703104528899733
11,49,Столкновение,18,0,19,0,1,0.03447979964278701
11,50,Наезд на велосипедиста,1,0,1,0,0,0.007594986041999639
11,50,Наезд на пешехода,9,0,9,0,0,0.015219723694564829
11,50,Наезд на препятствие,1,0,1,0,0,0.003680380365022769
11,50,Наезд на стоящее ТС,3,0,4,0,0,0.006263688028007021
11,50,Столкновение,16,0,19,0,1,0.03332264498977143
11,51,Наезд на пешехода,10,0,10,0,1,0.03363403674216947
11,51,Наезд на препятствие,1,0,1,0,0,0.008807141356252378
11,51,Падение пассажира,1,0,1,0,0,0.014997369469306087
11,51,Столкновение,5,0,7,0,2,0.019415927178151285
11,52,Наезд на велосипедиста,2,0,2,0,0,0.03002968777441604
11,52,Наезд на пешехода,17,1,16,0,3,0.0338941499446039
11,52,Наезд на препятствие,4,0,5,0,1,0.03899646543664603
11,52,Наезд на стоящее ТС,2,0,2,0,0,0.011420620703015296
11,52,Падение пассажира,2,0,2,0,0,0.015402005888703782
11,52,Прочее,1,0,1,0,0,0.05091626121891413
11,52,Столкновение,13,1,17,0,1,0.0345282640149431
11,53,Наезд на пешехода,11,1,10,0,3,0.04659813354707356
11,53,Наезд на препятствие,2,0,5,0,0,0.023686882163283962
11,53,Падение пассажира,1,0,1,0,0,0.00862004719438068
11,53,Столкновение,4,2,3,0,0,0.013082146685738816
11,54,Наезд на велосипедиста,4,0,4,0,0,0.03227970860512837
11,54,Наезд на пешехода,8,0,8,0,2,0.022394721795000183
11,54,Наезд на препятствие,1,0,1,0,0,0.03525863964492978
11,54,Падение пассажира,1,0,1,0,0,0.008998224382115803
11,54,Столкновение,8,0,8,0,0,0.023175963567201766
11,55,Наезд на велосипедиста,1,0,1,0,0,0.012403525314753333
11,55,Наезд на пешехода,12,0,13,0,2,0.01897676759400384
11,55,Наезд на препятствие,6,0,8,0,0,0.026193596978457467
11,55,Наезд на стоящее ТС,1,1,3,0,2,0.001160934129666202
11,55,Падение пассажира,4,0,5,0,0,0.02593548141983987
11,55,Столкновение,22,1,27,0,0,0.03602313814830285
11,56,Наезд на пешехода,3,0,3,0,0,0.026111266929272358
11,56,Наезд на препятствие,1,0,1,0,0,0.0024298190813269705
11,56,Наезд на стоящее ТС,2,0,2,0,0,0.006978722991538506
11,56,Падение пассажира,3,0,3,0,1,0.051786654219878124
11,56,Столкновение,3,0,3,0,0,0.01982891395680525
11,57,Наезд на велосипедиста,3,0,3,0,0,0.02799757453627298
11,57,Наезд на пешехода,15,1,14,0,4,0.01992679169590802
11,57,Наезд на препятствие,3,0,5,0,0,0.00759824064704033
11,57,Наезд на стоящее ТС,5,1,4,0,0,0.023477844615291822
11,57,Падение пассажира,2,0,2,0,0,0.05663683073475559
11,57,Столкновение,21,0,25,0,2,0.022106464597800503
11,58,Наезд на велосипедиста,1,0,1,0,1,0.00948587198067526
11,58,Наезд на пешехода,20,0,20,0,3,0.02879445602461399
11,58,Наезд на препятствие,6,1,7,0,0,0.03864822147761902
11,58,Наезд на стоящее ТС,5,0,6,0,0,0.048331334081304654
11,58,Падение пассажира,3,0,3,0,0,0.03815533130693729
11,58,Прочее,1,0,1,0,0,0.04997044985190117
11,58,Столкновение,25,0,31,0,0,0.04300438858767703
11,59,Наезд на велосипедиста,1,0,1,0,0,0.020266661700662044
11,59,Наезд на пешехода,9,0,9,0,2,0.029145699634313224
11,59,Наезд на стоящее ТС,2,0,2,0,0,0.0163209745780188
11,59,Падение пассажира,3,0,3,0,0,0.05015285837109268
11,59,Столкновение,10,0,11,0,2,0.026518237000632293
11,60,Наезд на велосипедиста,2,0,2,0,0,0.04545359181259426
11,60,Наезд на пешехода,13,0,13,0,2,0.026836587153631457
11,60,Наезд на препятствие,1,0,3,0,0,0.05480138146770365
11,60,Падение пассажира,2,0,2,0,0,0.02036696856877839
11,60,Столкновение,10,0,12,0,0,0.03216580219988733
11,61,Наезд на пешехода,2,0,2,0,0,0.030280892761735023
11,61,Наезд на препятствие,1,0,2,0,1,0.006948102077353723
11,61,Столкновение,3,2,3,0,0,0.030454299077648045
11,62,Наезд на велосипедиста,1,0,1,0,0,0.049271699337136106
11,62,Наезд на пешехода,10,3,7,0,1,0.012647934256467852
11,62,Наезд на препятствие,2,0,3,0,0,0.0518450700148806
11,62,Наезд на стоящее ТС,4,0,7,0,0,0.05062491391964807
11,62,Столкновение,8,0,9,0,1,0.028541613612778377
11,63,Наезд на пешехода,15,0,15,0,4,0.028350405304506592
11,63,Наезд на препятствие,1,0,1,0,0,0.013472937969320338
11,63,Наезд на стоящее ТС,1,0,1,0,0,0.00988811077292907
11,63,Падение пассажира,1,0,1,0,0,0.03058997149980132
11,63,Столкновение,7,0,9,0,0,0.03695938680198739
11,64,Наезд на велосипедиста,1,0,1,0,0,0.007216808854264516
11,64,Наезд на пешехода,8,0,8,0,2,0.03747438514670849
11,64,Наезд на стоящее ТС,2,0,2,0,0,0.004055277897924845
11,64,Столкновение,7,0,7,0,0,0.033325066585848474
11,65,Наезд на велосипедиста,1,0,1,0,0,0.00962174495796042
11,65,Наезд на пешехода,16,0,17,0,1,0.02784182341998691
11,65,Столкновение,15,0,20,0,2,0.010922589130143047
11,66,Наезд на велосипедиста,3,1,2,0,0,0.02575776336440881
11,66,Наезд на пешехода,18,2,17,0,2,0.014949507219172363
11,66,Наезд на препятствие,6,0,7,0,0,0.04120034307198425
11,66,Наезд на стоящее ТС,4,0,7,0,2,0.03202272803557081
11,66,Падение пассажира,1,0,1,0,0,0.04762710833955598
11,66,Столкновение,14,0,15,0,2,0.03399643206001618
11,67,Наезд на пешехода,2,1,1,0,0,0.008595164216749615
11,67,Столкновение,1,0,1,0,0,0.004360966507498599
11,68,Наезд на велосипедиста,1,0,1,0,0,0.006838631666529391
11,68,Наезд на пешехода,12,0,12,0,1,0.02825090202566309
11,68,Наезд на препятствие,1,0,1,0,0,0.07242592787372162
11,68,Наезд на стоящее ТС,2,0,7,0,0,0.00961653502774142
11,68,Столкновение,28,0,35,0,2,0.026720784925543327
11,69,Наезд на велосипедиста,1,0,1,0,0,0.052068160682723394
11,69,Наезд на пешехода,13,1,14,0,3,0.015080676464879456
11,69,Наезд на препятствие,2,0,3,0,0,0.02157425828270199
11,69,Наезд на стоящее ТС,2,0,2,0,0,0.004393461795300783
11,69,Падение пассажира,4,1,3,0,0,0.01839024492018419
11,69,Столкновение,11,0,16,0,3,0.01859192760873844
11,70,Наезд на пешехода,8,2,10,0,1,0.02221936993328498
11,70,Наезд на препятствие,2,0,3,0,0,0.0366480487032827
11,70,Наезд на стоящее ТС,3,0,6,0,0,0.006623236416886548
11,70,Столкновение,15,1,27,0,1,0.036216380241852766
11,71,Наезд на велосипедиста,2,0,2,0,0,0.00717681556390533
11,71,Наезд на пешехода,7,0,7,0,2,0.041201865651605295
11,71,Наезд на препятствие,3,1,4,1,0,0.006747889363556939
11,71,Падение пассажира,1,0,1,0,0,0.015478051845541373
11,71,Столкновение,15,0,16,0,0,0.018684696267910042
11,72,Наезд на велосипедиста,1,0,1,0,0,0.03982804096061269
11,72,Наезд на пешехода,12,1,13,0,2,0.014106422488108597
11,72,Наезд на препятствие,2,1,2,0,0,0.013666487323494176
11,72,Столкновение,16,0,19,0,0,0.015387111835846366
11,73,Наезд на велосипедиста,1,0,1,0,0,0.010242226356145506
11,73,Наезд на пешехода,19,2,17,0,1,0.022992579035419628
11,73,Падение пассажира,2,0,2,0,0,0.01719251776111711
11,73,Столкновение,12,1,18,0,1,0.023944750385012037
11,74,Наезд на пешехода,13,0,15,0,7,0.033121567464336796
11,74,Наезд на стоящее ТС,1,0,1,0,0,0.0061932672907132405
11,74,Падение пассажира,1,0,1,0,0,0.008755920171665842
11,74,Столкновение,9,0,11,0,0,0.03211739626208976
11,75,Наезд на велосипедиста,2,0,2,0,0,0.030972968731944342
11,75,Наезд на пешехода,10,2,8,0,1,0.03725695336627685
11,75,Наезд на препятствие,2,1,2,0,0,0.014665836639618866
11,75,Опрокидывание,1,0,1,0,0,0.0020811257236978058
11,75,Столкновение,21,0,22,0,0,0.037014820904373726
11,76,Наезд на пешехода,3,1,2,0,0,0.037305205347640584
11,76,Наезд на препятствие,2,0,2,0,0,0.08526343046703569
11,76,Наезд на стоящее ТС,1,1,0,0,0,0.008760521024140737
11,76,Столкновение,3,0,5,0,0,0.06587991627809893
11,77,Наезд на велосипедиста,1,0,1,0,0,0.03951645017406525
11,77,Наезд на пешехода,6,1,5,0,1,0.017390739441598104
11,77,Падение пассажира,1,0,2,0,0,0.010132755945321176
11,77,Столкновение,7,0,9,0,0,0.014398082976843918
11,78,Наезд на пешехода,1,1,0,0,0,0.002050122304762081
11,78,Наезд на стоящее ТС,1,1,1,0,0,0.003844217583584125
11,78,Съезд с дороги,1,1,1,0,0,0.09183317172482106
11,80,Наезд на пешехода,2,0,2,0,1,0.037213113644733495
11,80,Наезд на препятствие,2,0,3,0,0,0.04726223310340523
11,80,Столкновение,6,2,9,0,1,0.024144005135278087
11,81,Столкновение,1,0,1,0,0,0.07806104906967046
11,82,Наезд на велосипедиста,2,0,2,0,0,0.03193626879274608
11,82,Наезд на пешехода,6,1,5,0,1,0.02438030109963758
11,82,Наезд на препятствие,1,0,2,0,0,0.02460113161045057
11,82,Падение пассажира,1,0,1,0,0,0.03719915159999214
11,82,Столкновение,5,0,5,0,0,0.03810625822143267
11,83,Наезд на велосипедиста,1,0,1,0,0,0.06885063717830571
11,83,Наезд на пешехода,14,1,15,0,3,0.0517153787328105
11,83,Наезд на препятствие,3,1,2,0,0,0.005991534988086691
11,83,Наезд на стоящее ТС,2,1,2,0,0,0.03581776279957441
11,83,Падение пассажира,2,0,2,0,0,0.018020843257218075
11,83,Столкновение,15,0,16,0,2,0.042398689064311386
11,84,Наезд на велосипедиста,1,0,1,0,0,0.007594986041999639
11,84,Наезд на пешехода,20,3,19,0,1,0.03117407456908246
11,84,Наезд на препятствие,3,0,6,0,3,0.02777668908652477
11,84,Падение пассажира,3,0,3,0,0,0.05264519762694048
11,84,Столкновение,15,0,15,0,0,0.03084086327280706
11,85,Наезд на велосипедиста,2,0,2,0,0,0.020806165250853353
11,85,Наезд на пешехода,17,1,17,0,3,0.023965251103984796
11,85,Наезд на препятствие,3,0,4,0,1,0.04816087795807957
11,85,Наезд на стоящее ТС,5,0,7,0,0,0.030435468966248845
11,85,Падение пассажира,3,0,3,0,1,0.006816543744786625
11,85,Столкновение,23,0,30,0,4,0.02314770746470717
11,86,Наезд на пешехода,6,0,7,0,2,0.019796308304859896
11,86,Столкновение,5,0,5,0,0,0.016008007756986603
11,87,Наезд на велосипедиста,3,0,3,0,0,0.007216808854264515
11,87,Наезд на пешехода,20,2,19,0,1,0.03422542557766141
11,87,Наезд на препятствие,1,0,1,0,0,0.05670833779767469
11,87,Наезд на стоящее ТС,1,0,1,0,0,0.001539111317401326
11,87,Падение пассажира,4,0,4,0,0,0.029806177195333232
11,87,Столкновение,22,0,24,0,3,0.018215739937123877
11,88,Наезд на велосипедиста,2,0,2,0,1,0.012546097099631313
11,88,Наезд на пешехода,11,0,11,0,1,0.02367877344424767
11,88,Наезд на препятствие,1,1,0,0,0,0.005869456910715141
11,88,Опрокидывание,1,0,1,0,1,0.03754533230646948
11,88,Падение пассажира,2,0,2,0,0,0.008998224382115803
11,88,Столкновение,16,0,21,0,1,0.025345910270451917
11,89,Наезд на пешехода,4,0,4,0,0,0.017243400881926208
11,89,Наезд на препятствие,1,0,1,0,0,0.008218506617844255
11,89,Наезд на стоящее ТС,1,0,1,0,0,0.04449160764820767
11,89,Опрокидывание,1,0,1,0,0,0.06250997401135454
11,89,Падение пассажира,2,0,2,0,1,0.027327902940413002
11,89,Столкновение,9,0,11,0,3,0.018412281671346085
11,90,Наезд на велосипедиста,1,0,1,0,1,0.007973163229734764
11,90,Наезд на пешехода,16,3,13,0,2,0.03852036350460628
11,90,Наезд на стоящее ТС,1,0,1,0,0,0.009167799537230877
11,90,Опрокидывание,1,0,1,0,0,0.006058913902257845
11,90,Падение пассажира,2,0,2,0,0,0.00956549016371849
11,90,Столкновение,10,0,11,0,0,0.060376379439757225
11,91,Наезд на велосипедиста,1,0,1,0,0,0.007973163229734764
11,91,Наезд на пешехода,27,0,28,0,8,0.027213978331614482
11,91,Наезд на препятствие,1,0,1,0,0,0.1295090034284871
11,91,Наезд на стоящее ТС,2,0,2,0,0,0.017462259529106763
11,91,Падение пассажира,5,0,5,0,1,0.02214867436790313
11,91,Столкновение,15,1,18,0,2,0.023795036201448645
11,92,Наезд на пешехода,4,1,3,0,0,0.04792848718813236
11,92,Столкновение,11,1,16,0,1,0.02738182377733752
11,93,Наезд на велосипедиста,2,0,2,0,0,0.10012503039279019
11,93,Наезд на пешехода,7,1,6,0,2,0.03257199906691107
11,93,Падение пассажира,1,0,1,0,0,0.005594629692499688
11,93,Столкновение,6,0,7,0,3,0.017780236276283473
11,94,Наезд на пешехода,5,1,4,0,2,0.011803236372197884
11,94,Наезд на стоящее ТС,3,0,3,0,0,0.030271920360329326
11,94,Столкновение,3,0,3,0,0,0.04955420475804682
11,95,Наезд на велосипедиста,1,0,1,0,0,0.03738175872778917
11,95,Наезд на пешехода,1,0,1,0,0,0.033696279134972494
11,95,Падение пассажира,1,0,2,0,0,0.051118930916859026
11,95,Столкновение,1,0,1,0,0,0.08728566991782974
11,96,Наезд на пешехода,3,0,4,0,1,0.01371493622435122
11,96,Наезд на препятствие,2,0,2,0,0,0.09113013095849369
11,96,Столкновение,14,1,14,0,0,0.02431776884698761
11,97,Наезд на пешехода,4,0,4,0,2,0.07579710939183001
11,97,Столкновение,2,2,2,0,0,0.038248365231203105
11,98,Наезд на пешехода,12,0,12,0,2,0.02339946073363175
11,98,Наезд на препятствие,2,1,2,0,0,0.020590318802230105
11,98,Наезд на стоящее ТС,1,0,1,0,0,0.007327798853918612
11,98,Опрокидывание,1,0,1,0,0,0.004168027963582225
11,98,Падение пассажира,4,0,4,0,0,0.025202659272681227
11,98,Столкновение,9,0,12,0,1,0.02102944678224036
11,99,Прочее,2,0,2,0,0,0.15517612565640537
11,99,Столкновение,3,0,3,0,0,0.003619021279112127
11,100,Столкновение,2,2,0,0,0,0.12929653460577822
11,101,Наезд на пешехода,7,0,7,0,1,0.023899306568594608
11,101,Наезд на препятствие,2,0,2,0,0,0.04513006535989694
11,101,Падение пассажира,2,0,2,0,0,0.01739921174676627
11,101,Столкновение,15,1,16,0,2,0.027093296134919256
11,102,Наезд на велосипедиста,1,0,1,0,0,0.010242226356145506
11,102,Наезд на пешехода,6,0,6,0,0,0.018035792311979423
11,102,Наезд на препятствие,2,0,3,0,0,0.04659580087579171
11,102,Столкновение,2,0,2,0,0,0.013133106906422321
11,103,Наезд на велосипедиста,1,0,1,0,0,0.010882551011125327
11,103,Наезд на пешехода,13,1,13,0,1,0.03164391982436289
11,103,Наезд на препятствие,1,0,1,0,0,0.004300861763207856
11,103,Наезд на стоящее ТС,1,0,1,0,0,0.06656970062354957
11,103,Падение пассажира,4,1,3,0,0,0.04365946770439238
11,103,Столкновение,21,0,25,0,0,0.01970334743691888
11,104,Наезд на пешехода,9,0,9,0,2,0.01480824333891479
11,104,Падение пассажира,3,0,3,0,0,0.041183333440769195
11,104,Столкновение,4,1,3,0,0,0.011444029340541803
11,105,Наезд на пешехода,9,3,8,0,2,0.04359322607451444
11,105,Наезд на препятствие,2,0,2,0,0,0.06860208429074666
11,105,Падение пассажира,1,0,1,0,0,0.007107338443440184
11,105,Столкновение,18,1,19,0,1,0.025767911757045785
11,106,Наезд на велосипедиста,1,0,1,0,0,0.009864049168410383
11,106,Наезд на пешехода,4,0,4,0,0,0.04011025609442989
11,106,Столкновение,7,0,10,0,2,0.03290706540937164
11,107,Наезд на велосипедиста,1,0,1,0,1,0.023874460241028163
11,107,Наезд на пешехода,4,0,4,0,1,0.029045638413542976
11,107,Наезд на стоящее ТС,2,0,2,0,1,0.04652594354501521
11,107,Столкновение,11,0,17,0,2,0.03455665536629452
11,108,Наезд на велосипедиста,1,0,1,0,0,0.0204025490551756
11,108,Наезд на пешехода,6,0,6,0,1,0.02859409758599128
11,108,Наезд на препятствие,2,0,3,0,0,0.009105934726936852
11,108,Наезд на стоящее ТС,1,0,1,0,0,0.044159690743301755
11,108,Падение пассажира,2,0,2,0,0,0.010388050044541852
11,108,Столкновение,11,2,13,1,3,0.017714822846745533
11,109,Наезд на пешехода,8,0,8,0,4,0.01866596668709581
11,109,Наезд на стоящее ТС,1,0,1,0,0,0.048773109889096306
11,109,Падение пассажира,3,0,3,0,0,0.007334008832963279
11,109,Столкновение,2,0,2,0,1,0.04277006768920802
11,110,Наезд на велосипедиста,2,0,2,0,0,0.022934843359523345
11,110,Наезд на пешехода,13,1,12,0,3,0.021581189050631756
11,110,Наезд на препятствие,1,0,1,0,0,0.005813570514148351
11,110,Наезд на стоящее ТС,2,0,2,0,0,0.009412895771196347
11,110,Падение пассажира,2,0,2,0,0,0.00610388061385716
11,110,Столкновение,21,0,31,0,6,0.02164065597845125
11,111,Наезд на велосипедиста,2,0,2,0,0,0.03128229056279495
11,111,Наезд на пешехода,17,1,19,0,8,0.012480070990128931
11,111,Наезд на препятствие,4,0,8,0,0,0.00274245940225092
11,111,Наезд на стоящее ТС,3,1,3,0,0,0.01355282629318339
11,111,Падение пассажира,1,0,2,0,1,0.006350984067969936
11,111,Столкновение,17,0,17,0,0,0.011907515101669723
11,113,Наезд на велосипедиста,1,0,1,0,0,0.007216808854264516
11,113,Наезд на пешехода,15,2,13,0,4,0.023205207948462134
11,113,Падение пассажира,1,0,1,0,0,0.06670643635445674
11,113,Столкновение,10,0,14,0,0,0.03283479161371761
11,114,Наезд на пешехода,10,0,11,0,3,0.04874752150392643
11,114,Наезд на препятствие,5,0,9,0,0,0.0611053921873709
11,114,Наезд на стоящее ТС,2,1,1,0,0,0.0027316577408519117
11,114,Падение пассажира,5,0,5,0,0,0.02560625765019973
11,114,Столкновение,16,0,26,0,3,0.047515132162429335
11,115,Наезд на пешехода,10,1,9,0,0,0.01961534205118771
11,115,Прочее,1,0,1,0,0,0.10023739627586904
11,115,Столкновение,3,0,3,0,0,0.020352308374321195
11,116,Наезд на велосипедиста,3,1,2,0,0,0.023402440471105762
11,116,Наезд на пешехода,10,0,10,0,3,0.011803425115728367
11,116,Наезд на стоящее ТС,1,0,1,0,0,0.021776768627936875
11,116,Падение пассажира,1,0,1,0,0,0.029694045461104848
11,116,Прочее,1,0,1,0,0,0.03050476664431212
11,116,Столкновение,7,0,10,0,0,0.01935831334506744
11,117,Наезд на велосипедиста,3,0,3,0,0,0.027930412196449247
11,117,Наезд на пешехода,15,1,15,0,1,0.01655246092541422
11,117,Наезд на препятствие,2,0,3,0,0,0.09297287363085022
11,117,Наезд на стоящее ТС,4,1,4,0,0,0.09381396566823462
11,117,Падение пассажира,3,0,3,0,1,0.05552628787920778
11,117,Столкновение,26,0,35,0,1,0.03850730785332165
11,118,Наезд на велосипедиста,1,1,1,0,0,0.010882551011125327
11,118,Наезд на пешехода,9,0,10,0,1,0.02299408369952617
11,118,Наезд на препятствие,2,0,4,0,0,0.0652396691086421
11,118,Наезд на стоящее ТС,1,0,1,0,0,0.01972865650232955
11,118,Падение пассажира,1,0,1,0,0,0.04916629262914817
11,118,Столкновение,6,0,7,0,0,0.021914382843877523
11,119,Наезд на велосипедиста,1,0,1,0,0,0.007973163229734764
11,119,Наезд на пешехода,4,0,4,0,0,0.050124193300464574
11,119,Наезд на препятствие,2,1,2,0,0,0.17638530440026656
11,119,Наезд на стоящее ТС,1,0,1,0,0,0.009859009447574051
11,119,Падение пассажира,2,0,2,0,1,0.013661692265964375
11,119,Столкновение,10,0,13,0,0,0.020161515422139162
11,120,Наезд на пешехода,6,0,6,0,0,0.019231096456727676
11,120,Наезд на препятствие,1,0,1,0,0,0.02388515895364176
11,120,Столкновение,7,0,12,0,0,0.026195032399535807
11,121,Наезд на препятствие,1,0,2,0,0,0.0922081467117213
11,121,Наезд на стоящее ТС,1,0,1,0,0,0.0800933697285664
11,121,Столкновение,12,1,21,0,1,0.09183626745411526
11,122,Наезд на велосипедиста,1,0,1,0,0,0.06435911822067035
11,122,Наезд на пешехода,9,0,9,0,1,0.027110429415646606
11,122,Наезд на препятствие,1,0,1,0,0,0.05812629350390393
11,122,Опрокидывание,1,0,1,0,0,0.00568073671452272
11,122,Столкновение,1,0,1,0,1,0.035543541635815495
11,123,Наезд на велосипедиста,1,0,1,0,0,0.028612461859350343
11,123,Наезд на пешехода,9,0,9,0,0,0.03229758498781878
11,123,Наезд на препятствие,2,0,4,0,0,0.03579397324465748
11,123,Наезд на стоящее ТС,2,1,1,0,1,0.0582070637070997
11,123,Падение пассажира,1,0,1,0,0,0.06276099919846709
11,123,Столкновение,12,0,13,0,1,0.04780981813599804
11,124,Наезд на пешехода,2,0,2,0,2,0.013215194382291722
11,124,Наезд на препятствие,1,0,1,0,0,0.13472613570938508
11,124,Наезд на стоящее ТС,3,1,4,0,1,0.03810699313673669
11,124,Столкновение,5,0,6,0,1,0.12716766728737705
11,125,Наезд на пешехода,22,2,22,0,3,0.03386396908757064
11,125,Наезд на препятствие,2,0,3,0,0,0.010205605115356158
11,125,Падение пассажира,6,0,6,0,0,0.033320575800330786
11,125,Столкновение,22,1,27,0,1,0.022403968922451323
11,127,Наезд на велосипедиста,3,0,3,0,0,0.04251266405492832
11,127,Наезд на пешехода,13,3,10,0,3,0.029203311243303207
11,127,Падение пассажира,1,0,1,0,0,0.03156199417161368
11,127,Столкновение,22,2,25,0,1,0.017966531521575
11,128,Наезд на пешехода,3,0,3,0,0,0.016125334443131568
11,128,Наезд на препятствие,1,0,1,0,0,0.007083975054638884
11,128,Падение пассажира,1,0,1,0,0,0.0683081820971779
11,128,Столкновение,3,0,5,0,0,0.03318049370271717
11,130,Наезд на велосипедиста,1,0,1,0,0,0.005325922915588897
11,130,Наезд на пешехода,19,2,19,0,3,0.023187414632202197
11,130,Наезд на препятствие,6,0,8,0,1,0.009330371911709628
11,130,Наезд на стоящее ТС,4,1,6,0,0,0.007372996702698126
11,130,Падение пассажира,4,0,4,0,0,0.04992149298165973
11,130,Столкновение,7,0,8,0,0,0.015485465392476971
11,131,Наезд на пешехода,7,0,7,0,2,0.03629597524328898
11,131,Наезд на препятствие,2,1,2,0,0,0.06682942485921596
11,131,Наезд на стоящее ТС,1,0,1,0,0,0.05888677749127097
11,131,Столкновение,2,0,2,0,0,0.005599598942649725
11,133,Наезд на велосипедиста,1,0,1,0,0,0.03884134346329262
11,133,Наезд на пешехода,8,2,8,0,1,0.02682584075553701
11,133,Опрокидывание,1,0,1,0,0,0.017000462698332334
11,133,Падение пассажира,4,0,4,0,1,0.04659687513871404
11,133,Столкновение,5,0,7,0,0,0.019058320440820085
11,134,Наезд на велосипедиста,1,0,1,0,0,0.0397661040753166
11,134,Наезд на пешехода,27,2,26,0,3,0.023109183929058984
11,134,Наезд на препятствие,2,0,2,0,0,0.04433455889280811
11,134,Наезд на стоящее ТС,1,0,1,0,0,0.006057394313428079
11,134,Опрокидывание,1,0,1,0,0,0.09524701152022273
11,134,Падение пассажира,1,0,1,0,0,0.00895122632323192
11,134,Столкновение,26,2,30,0,2,0.01709576466127604
11,135,Наезд на пешехода,11,0,11,0,4,0.027983725354799885
11,135,Столкновение,11,0,13,0,0,0.03353012615209107
11,136,Наезд на пешехода,13,0,13,0,1,0.025384099267494933
11,136,Наезд на препятствие,2,0,2,0,0,0.05980910213999286
11,136,Падение пассажира,1,0,2,0,1,0.03902135167684491
11,136,Столкновение,23,0,26,0,1,0.02054261054700579
11,137,Наезд на велосипедиста,1,0,1,0,0,0.030488370986911366
11,137,Наезд на пешехода,7,0,7,0,3,0.016474799181471655
11,137,Наезд на препятствие,1,0,4,0,0,0.03585417121498917
11,137,Столкновение,9,0,12,0,3,0.015323458676115096
11,138,Наезд на велосипедиста,1,0,1,0,0,0.05034537225303639
11,138,Наезд на пешехода,13,2,12,1,1,0.021820857906589056
11,138,Наезд на препятствие,1,0,2,0,0,0.015717084904284993
11,138,Падение пассажира,1,0,1,0,0,0.031200750359446673
11,138,Столкновение,10,0,11,0,1,0.03104531338916718
11,139,Наезд на велосипедиста,1,0,1,0,0,0.010242226356145506
11,139,Наезд на пешехода,10,1,9,0,2,0.0379075464828036
11,139,Наезд на препятствие,1,0,1,0,0,0.04741419850074839
11,139,Опрокидывание,1,0,2,0,2,0.007813926863648303
11,139,Столкновение,11,1,12,0,1,0.014321396924215484
11,140,Наезд на велосипедиста,1,0,1,0,0,0.04818677980481492
11,140,Наезд на пешехода,12,1,11,0,4,0.02331473321110655
11,140,Наезд на препятствие,1,0,1,0,0,0.004058557552757893
11,140,Наезд на стоящее ТС,1,0,1,0,0,0.007356900179273631
11,140,Опрокидывание,1,0,1,0,0,0.046959339074728754
11,140,Падение пассажира,1,0,1,0,0,0.015167072598895623
11,140,Столкновение,13,0,18,0,1,0.008789851986824816
11,141,Наезд на велосипедиста,1,0,1,0,0,0.031890806271680915
11,141,Наезд на пешехода,12,0,12,0,2,0.01973956612037949
11,141,Наезд на препятствие,1,0,1,0,0,0.00999336283602945
11,141,Наезд на стоящее ТС,1,0,1,0,0,0.008840507604859106
11,141,Падение пассажира,2,0,2,0,0,0.06525804428892608
11,141,Столкновение,4,0,7,0,0,0.012862746276785766
11,142,Наезд на пешехода,3,0,4,0,3,0.031584398775196025
11,142,Наезд на стоящее ТС,1,0,1,0,0,0.1333077881748223
11,142,Столкновение,3,1,5,0,1,0.09960524232168207
11,143,Наезд на пешехода,16,1,16,0,2,0.024225657837933966
11,143,Наезд на препятствие,1,0,1,0,0,0.10473139545390829
11,143,Наезд на стоящее ТС,1,0,1,0,0,0.007705976041653737
11,143,Столкновение,9,0,9,0,0,0.02724815485457946
11,144,Наезд на пешехода,11,0,11,0,5,0.03349122261204553
11,144,Падение пассажира,1,0,1,0,0,0.009376401569850928
11,144,Столкновение,7,0,10,0,2,0.02126409277877332
11,145,Наезд на пешехода,2,0,2,0,0,0.00802789843514693
11,146,Наезд на пешехода,11,2,10,0,1,0.042293530743579374
11,146,Наезд на препятствие,3,0,8,0,0,0.039149566605739226
11,146,Падение пассажира,3,0,3,0,0,0.0315957711200849
11,146,Столкновение,15,1,19,0,1,0.056826102826426673
11,147,Наезд на велосипедиста,1,0,1,0,0,0.011047525313765507
11,147,Наезд на пешехода,13,1,16,1,5,0.03869877222299901
11,147,Наезд на препятствие,4,0,6,0,3,0.014548966588245223
11,147,Наезд на стоящее ТС,1,0,2,0,0,0.03190149344484398
11,147,Столкновение,9,0,12,0,0,0.018664138584146617
11,148,Наезд на пешехода,4,0,4,0,0,0.04314077364390022
11,148,Столкновение,2,0,2,0,0,0.06048746161798864
11,149,Столкновение,1,0,1,0,0,0.004819130275952093
11,150,Наезд на велосипедиста,1,0,1,0,0,0.05615175946804594
11,150,Наезд на пешехода,14,0,15,0,4,0.04448515708095491
11,150,Наезд на препятствие,1,0,1,0,0,0.00999336283602945
11,150,Наезд на стоящее ТС,1,0,1,0,0,0.005815090102978117
11,150,Столкновение,9,0,12,0,1,0.03152533237779124
11,151,Наезд на пешехода,6,0,6,0,1,0.021124214269160013
11,151,Наезд на стоящее ТС,1,0,1,0,0,0.04557380629534978
11,151,Столкновение,1,0,1,0,0,0.0066300296339093425
11,152,Наезд на пешехода,3,0,3,0,0,0.016110229995779938
11,152,Столкновение,1,0,3,0,0,0.061479816199361235
11,153,Наезд на пешехода,5,0,5,0,1,0.05739395611824194
11,153,Наезд на препятствие,1,0,1,0,0,0.06104192418971254
11,153,Наезд на стоящее ТС,1,1,1,0,0,0.0018373019244180783
11,153,Столкновение,1,0,1,0,0,0.06547603003658431
11,154,Наезд на пешехода,14,4,10,0,1,0.0519969553591655
11,154,Наезд на препятствие,2,0,2,0,0,0.06472948548852898
11,154,Опрокидывание,1,0,1,0,0,0.03380230087480004
11,154,Прочее,1,0,1,0,0,0.09580645893275058
11,154,Столкновение,21,1,24,0,2,0.05817107877839095
11,154,Съезд с дороги,1,0,1,0,0,0.1225497362376432
12,2,Наезд на велосипедиста,1,0,1,0,0,0.037009924838504675
12,2,Наезд на пешехода,13,1,13,0,2,0.018430964062982138
12,2,Наезд на препятствие,3,0,4,0,0,0.03589494765751437
12,2,Наезд на стоящее ТС,4,0,4,0,0,0.054042923294863376
12,2,Падение пассажира,1,0,1,0,1,0.09214611844884797
12,2,Прочее,1,0,1,0,0,0.06253028873423919
12,2,Столкновение,27,2,38,1,4,0.0368689175207723
12,3,Наезд на велосипедиста,1,0,1,0,0,0.0063804678980758965
12,3,Наезд на пешехода,6,0,6,0,3,0.013970077059305558
12,3,Падение пассажира,2,0,2,0,0,0.04462794041092483
12,3,Столкновение,8,0,8,0,0,0.034057048372800984
12,4,Наезд на велосипедиста,1,0,1,0,0,0.04267708436085729
12,4,Наезд на пешехода,8,0,10,0,2,0.022823815715827315
12,4,Наезд на препятствие,2,0,3,0,1,0.0043107833916052225
12,4,Падение пассажира,1,0,1,0,0,0.010889110320791423
12,4,Столкновение,4,0,4,0,0,0.03185795713590422
12,5,Наезд на пешехода,5,1,4,0,1,0.01995399910950797
12,5,Столкновение,7,0,7,0,1,0.041123532073276285
12,6,Наезд на пешехода,13,0,14,0,0,0.029927212203812472
12,6,Падение пассажира,1,0,1,0,0,0.009376401569850928
12,6,Столкновение,7,0,8,0,0,0.03555412314215116
12,7,Наезд на пешехода,6,0,6,0,1,0.03972556440328421
12,7,Наезд на препятствие,6,0,6,0,0,0.05549140073233194
12,7,Наезд на стоящее ТС,1,0,1,0,0,0.10753307054555891
12,7,Падение пассажира,1,0,1,0,0,0.10502669081530311
12,7,Столкновение,12,1,20,0,1,0.029651778835674963
12,8,Наезд на пешехода,9,1,8,0,0,0.024510881348016766
12,8,Наезд на стоящее ТС,2,0,2,0,0,0.08596421249738209
12,8,Столкновение,3,1,4,0,0,0.00456304057030572
12,9,Наезд на велосипедиста,1,0,1,0,0,0.010882551011125327
12,9,Наезд на пешехода,13,1,12,0,2,0.03062871736752822
12,9,Наезд на препятствие,1,0,2,0,0,0.0016734647058567224
12,9,Столкновение,7,0,8,0,1,0.02261121224215062
12,10,Наезд на пешехода,7,0,7,0,0,0.04496610379565624
12,10,Наезд на препятствие,1,0,2,0,0,0.0016734647058567224
12,10,Наезд на стоящее ТС,1,0,1,0,0,0.0014591247366829542
12,10,Столкновение,11,0,14,0,0,0.019242381952948792
12,12,Наезд на велосипедиста,1,0,1,0,0,0.01126072819886045
12,12,Наезд на пешехода,7,1,6,0,0,0.015424975347089993
12,12,Наезд на стоящее ТС,2,0,3,0,0,0.012879161918634393
12,12,Столкновение,11,0,14,0,1,0.022350402599635402
12,13,Наезд на пешехода,12,0,12,0,1,0.061253184008225804
12,13,Наезд на препятствие,1,0,1,0,0,0.09821989436622773
12,13,Падение пассажира,5,0,5,0,1,0.02394517203632427
12,13,Столкновение,15,1,15,0,1,0.04391544045242925
12,14,Наезд на пешехода,14,0,14,0,2,0.016266053647358836
12,14,Наезд на препятствие,1,0,2,0,1,0.0055712663036983886
12,14,Падение пассажира,3,0,3,0,0,0.008872165319537429
12,14,Столкновение,5,0,8,0,2,0.033316402553944816
12,15,Наезд на велосипедиста,2,0,2,0,0,0.024835112522404813
12,15,Наезд на пешехода,5,0,5,0,0,0.024298288747485148
12,15,Столкновение,4,0,7,0,0,0.026012668880938488
12,16,Наезд на велосипедиста,1,0,1,0,0,0.009107694792940135
12,16,Наезд на пешехода,10,0,10,0,1,0.023305406220397694
12,16,Наезд на препятствие,1,0,3,0,0,0.07064924740905537
12,16,Падение пассажира,1,0,1,0,0,0.009754578757586051
12,16,Столкновение,9,0,9,0,0,0.022164446540170527
12,17,Наезд на велосипедиста,1,0,1,0,0,0.04441700929253754
12,17,Наезд на пешехода,13,0,13,0,1,0.025765148133160172
12,17,Падение пассажира,1,0,1,0,0,0.007107338443440184
12,17,Прочее,1,0,1,0,0,0.052508219755222706
12,17,Столкновение,10,0,11,0,1,0.024557453440137027
12,18,Наезд на велосипедиста,1,0,1,0,1,0.01126072819886045
12,18,Наезд на пешехода,8,0,8,0,0,0.016194790444610665
12,18,Падение пассажира,2,0,2,0,0,0.04577585234251322
12,18,Столкновение,6,0,7,0,0,0.026408575089677862
12,19,Наезд на пешехода,18,0,18,0,4,0.03576494126939188
12,19,Наезд на препятствие,5,1,4,0,0,0.03673297453723401
12,19,Падение пассажира,3,0,3,0,0,0.009628519695007677
12,19,Столкновение,18,0,19,0,1,0.021318695982220137
12,20,Наезд на пешехода,15,0,16,0,2,0.028447259408984963
12,20,Наезд на стоящее ТС,2,0,2,0,0,0.007040702109446649
12,20,Столкновение,13,0,13,0,0,0.027596871195684568
12,21,Наезд на препятствие,2,2,1,0,1,0.008029418023976694
12,21,Падение пассажира,1,0,1,0,0,0.007485515631175308
12,21,Столкновение,1,0,1,0,0,0.05699659258681224
12,22,Наезд на велосипедиста,1,0,1,0,0,0.008729517605205012
12,22,Наезд на пешехода,14,0,14,0,2,0.02297552559844518
12,22,Падение пассажира,2,1,1,0,0,0.029965795310972747
12,22,Столкновение,1,0,2,0,0,0.058035028305676396
12,23,Наезд на велосипедиста,1,0,1,0,0,0.049152725497458014
12,23,Наезд на пешехода,12,0,12,0,2,0.033239471352860546
12,23,Наезд на препятствие,1,0,1,0,0,0.04119043808291656
12,23,Наезд на стоящее ТС,2,1,1,0,0,0.02926859825793831
12,23,Падение пассажира,1,0,1,0,0,0.06929463120598227
12,23,Столкновение,15,1,16,0,0,0.021818402078922397
12,24,Наезд на пешехода,5,1,4,0,0,0.03250224235011629
12,24,Наезд на препятствие,1,0,2,0,0,0.03102989824128042
12,24,Столкновение,2,0,2,0,0,0.03647978427931064
12,25,Наезд на пешехода,1,0,1,0,0,0.008595164216749615
12,26,Наезд на пешехода,2,0,2,0,0,0.03364544312405372
12,26,Наезд на препятствие,1,0,1,0,0,0.008218506617844255
12,26,Столкновение,11,1,13,0,0,0.028696880493179658
12,27,Наезд на велосипедиста,1,0,1,0,0,0.03722049922043306
12,27,Наезд на пешехода,13,0,15,0,1,0.023115950471354292
12,27,Наезд на препятствие,1,0,1,0,0,0.03180015644109362
12,27,Столкновение,11,0,14,0,0,0.02937043869780381
12,28,Наезд на пешехода,11,0,12,0,0,0.01684048515074831
12,28,Наезд на препятствие,1,0,1,0,0,0.008974860993314505
12,28,Столкновение,3,0,3,0,0,0.009935397708650887
12,29,Наезд на пешехода,8,0,8,0,0,0.04047058849700019
12,29,Столкновение,8,1,20,0,2,0.022426505727196937
12,30,Наезд на пешехода,8,0,8,0,1,0.014640708529801608
12,30,Наезд на препятствие,6,0,6,0,0,0.033754929895427555
12,30,Падение пассажира,2,0,2,0,0,0.036205819136204756
12,30,Столкновение,6,0,7,0,0,0.02962251271140835
12,31,Наезд на пешехода,6,1,5,0,0,0.02669100180149597
12,31,Наезд на препятствие,2,1,1,0,0,0.007772392941466552
12,31,Столкновение,7,0,8,0,2,0.01968003106039478
12,32,Наезд на пешехода,5,0,5,0,0,0.012497274699616723
12,32,Падение пассажира,1,0,1,0,0,0.008998224382115803
12,32,Столкновение,13,0,15,0,0,0.02465658424905382
12,33,Наезд на пешехода,8,0,8,0,3,0.021348535247705344
12,33,Столкновение,8,0,8,0,1,0.012103523056285505
12,34,Наезд на велосипедиста,1,0,1,0,0,0.021657428465584237
12,34,Наезд на пешехода,12,0,12,0,0,0.01566409025564536
12,34,Столкновение,4,0,5,0,0,0.026456705904001534
12,35,Наезд на пешехода,2,0,2,0,0,0.07366219427524405
12,35,Наезд на препятствие,1,0,1,0,0,0.04854043666765234
12,35,Столкновение,3,0,5,0,0,0.039730136622071074
12,36,Наезд на пешехода,6,1,5,0,1,0.052767149703746574
12,36,Падение пассажира,1,0,1,0,0,0.09284969772578809
12,36,Столкновение,4,0,4,0,0,0.005315966051848382
12,37,Наезд на пешехода,4,0,4,0,3,0.015928201888401453
12,37,Столкновение,3,0,4,0,0,0.031104105518364036
12,38,Наезд на пешехода,12,1,11,0,1,0.021421388986277476
12,38,Наезд на стоящее ТС,1,0,1,0,0,0.009167799537230877
12,38,Столкновение,12,0,19,0,1,0.01846686433090803
12,39,Наезд на пешехода,7,0,7,0,1,0.031886116313200825
12,39,Наезд на препятствие,1,0,1,0,0,0.0028370975944171117
12,39,Наезд на стоящее ТС,4,0,4,0,0,0.0054247706649379656
12,39,Столкновение,11,0,12,0,1,0.02124194634360432
12,40,Наезд на пешехода,7,0,7,0,0,0.015449747221928154
12,40,Наезд на стоящее ТС,1,0,1,0,0,0.016675226227934083
12,40,Падение пассажира,1,0,1,0,0,0.024635417645042283
12,40,Столкновение,8,0,9,0,0,0.005263379973186949
12,41,Наезд на велосипедиста,1,0,1,0,0,0.08062333237701384
12,41,Наезд на пешехода,9,0,9,0,1,0.03615226146693509
12,41,Наезд на препятствие,2,0,2,0,0,0.039641674001613884
12,41,Наезд на стоящее ТС,1,0,1,0,0,0.05341434553637827
12,41,Столкновение,13,0,15,0,1,0.025136066419632175
12,42,Наезд на пешехода,21,1,22,0,6,0.026171369847081006
12,42,Наезд на препятствие,3,0,3,0,0,0.02856834724970657
12,42,Наезд на стоящее ТС,1,0,1,0,0,0.009800172541309576
12,42,Столкновение,9,0,12,0,2,0.016136771278516135
12,43,Наезд на пешехода,15,2,14,0,1,0.03461408930795044
12,43,Наезд на препятствие,2,0,2,0,0,0.03198417199868583
12,43,Наезд на стоящее ТС,1,0,3,0,0,0.00191728850513645
12,43,Падение пассажира,1,0,3,0,0,0.007485515631175308
12,43,Столкновение,16,0,20,0,1,0.033375366367442184
12,44,Наезд на пешехода,16,1,15,0,4,0.028892701556804436
12,44,Наезд на препятствие,1,0,1,0,0,0.004058557552757893
12,44,Наезд на стоящее ТС,3,0,4,0,0,0.01573510385277087
12,44,Столкновение,11,0,12,0,0,0.029264868340949934
12,45,Столкновение,2,0,2,0,0,0.012046260036620998
12,46,Наезд на велосипедиста,2,0,2,0,0,0.010930021790745585
12,46,Наезд на пешехода,8,1,7,0,0,0.019328596736249398
12,46,Наезд на стоящее ТС,1,0,1,0,0,0.015539680427706015
12,46,Опрокидывание,1,0,1,0,0,0.02075176244099771
12,46,Падение пассажира,2,0,2,0,0,0.008052781412777994
12,46,Столкновение,14,0,20,0,2,0.008703054531995913
12,47,Наезд на велосипедиста,1,0,1,0,0,0.06861682166782493
12,47,Наезд на пешехода,24,1,24,0,6,0.0396273539060746
12,47,Наезд на препятствие,1,0,3,0,1,0.0016734647058567224
12,47,Наезд на стоящее ТС,3,1,2,0,0,0.020963180844144187
12,47,Падение пассажира,3,0,4,0,0,0.03676313288515628
12,47,Столкновение,26,1,32,0,3,0.03343051063098229
12,48,Наезд на препятствие,2,1,2,0,0,0.31109853730801507
12,48,Столкновение,2,1,5,0,2,0.050559091457314465
12,49,Наезд на пешехода,14,1,13,0,2,0.034947374889450336
12,49,Наезд на стоящее ТС,2,0,3,0,0,0.02202217656385845
12,49,Падение пассажира,2,0,2,0,0,0.007296427037307746
12,49,Столкновение,12,1,15,0,1,0.020603205126505656
12,50,Наезд на пешехода,5,0,5,0,1,0.02190582453803554
12,50,Наезд на стоящее ТС,2,0,2,0,1,0.006004178696845678
12,50,Столкновение,12,0,13,0,0,0.01819453665661438
12,51,Наезд на велосипедиста,1,0,1,0,0,0.006838631666529391
12,51,Наезд на пешехода,13,1,12,0,5,0.02975060403321992
12,51,Наезд на препятствие,1,0,1,0,0,0.0034224777777463436
12,51,Столкновение,5,0,5,0,1,0.012620335774507833
12,52,Наезд на пешехода,16,1,16,0,1,0.029146328772053857
12,52,Наезд на стоящее ТС,2,0,2,0,0,0.005207831031016245
12,52,Падение пассажира,1,0,1,0,0,0.021581205524848393
12,52,Столкновение,10,1,13,0,0,0.03985052841497087
12,53,Наезд на пешехода,6,0,8,0,2,0.03677709338251216
12,53,Наезд на препятствие,1,0,1,0,0,0.017568225763127433
12,53,Наезд на стоящее ТС,1,0,1,0,0,0.0066005458038033826
12,53,Падение пассажира,1,0,1,0,0,0.007863692818910431
12,53,Столкновение,12,0,12,0,1,0.016913336451922223
12,54,Наезд на пешехода,7,1,6,0,0,0.03607587335056152
12,54,Столкновение,12,1,15,0,0,0.02508185189189074
12,55,Наезд на велосипедиста,3,0,3,0,0,0.028867219296781838
12,55,Наезд на пешехода,21,2,19,0,3,0.02338807534173492
12,55,Наезд на препятствие,1,0,1,0,0,0.189234376280288
12,55,Наезд на стоящее ТС,3,0,5,0,0,0.012934431955954048
12,55,Падение пассажира,1,0,1,0,0,0.037168642753756496
12,55,Столкновение,13,1,18,0,2,0.0182261881568603
12,56,Наезд на пешехода,3,0,4,0,1,0.017325870986821628
12,56,Столкновение,6,0,6,0,0,0.02091289066037018
12,57,Наезд на пешехода,14,0,15,0,1,0.040503430063990674
12,57,Наезд на стоящее ТС,3,0,4,0,0,0.02427346827143026
12,57,Опрокидывание,1,0,1,0,0,0.015211875432851369
12,57,Падение пассажира,4,0,4,0,0,0.019455201338927027
12,57,Столкновение,23,0,29,0,5,0.025316765492989914
12,58,Наезд на велосипедиста,1,0,1,0,0,0.032975747868663405
12,58,Наезд на пешехода,13,0,13,0,3,0.022300320712636972
12,58,Наезд на препятствие,9,1,12,0,0,0.028466563018966877
12,58,Наезд на стоящее ТС,5,0,7,0,0,0.02711164231496288
12,58,Падение пассажира,4,0,4,0,0,0.01918973921437529
12,58,Столкновение,22,3,25,0,3,0.03393271224498131
12,59,Наезд на пешехода,10,1,11,0,3,0.02457062691003368
12,59,Наезд на препятствие,1,0,2,0,2,0.04734407557212997
12,59,Наезд на стоящее ТС,1,0,1,0,1,0.008326457439838822
12,59,Столкновение,9,0,10,0,0,0.022797514988266612
12,60,Наезд на велосипедиста,2,0,2,0,0,0.024866837465666747
12,60,Наезд на пешехода,14,1,13,0,2,0.02024764094001118
12,60,Наезд на препятствие,2,0,2,0,0,0.004436734740493017
12,60,Падение пассажира,2,0,3,0,0,0.04222140696602857
12,60,Столкновение,3,0,3,0,0,0.02432565379419982
12,61,Наезд на пешехода,1,0,1,0,0,0.08152766827707181
12,61,Столкновение,3,0,7,0,0,0.028787202023488574
12,61,Съезд с дороги,1,0,1,0,0,0.052808666746419514
12,62,Наезд на пешехода,4,0,4,0,0,0.019763314148332156
12,62,Наезд на препятствие,4,0,5,0,0,0.03605865210732778
12,62,Наезд на стоящее ТС,3,0,3,0,0,0.05619820237440933
12,62,Падение пассажира,1,0,1,0,0,0.03770192988223215
12,62,Столкновение,15,0,19,0,1,0.028936641655768817
12,63,Наезд на пешехода,12,1,12,0,0,0.022685736253126896
12,63,Наезд на препятствие,1,0,3,0,0,0.05694573807020743
12,63,Падение пассажира,2,0,2,0,1,0.026564614490641146
12,63,Столкновение,7,0,7,0,0,0.02249414958639767
12,64,Наезд на пешехода,3,1,2,0,0,0.05101111697400296
12,64,Наезд на препятствие,1,0,1,0,0,0.035076132659393466
12,64,Наезд на стоящее ТС,2,1,2,0,0,0.03661333768615917
12,64,Столкновение,9,1,8,0,1,0.042229818085283664
12,65,Наезд на велосипедиста,1,0,1,0,0,0.04673543315859176
12,65,Наезд на пешехода,9,0,10,0,1,0.031204526402932895
12,65,Наезд на препятствие,1,0,1,0,0,0.009353038181049628
12,65,Столкновение,8,0,9,0,1,0.026051924005701936
12,66,Наезд на пешехода,8,0,8,0,3,0.02273191868430255
12,66,Наезд на препятствие,2,0,4,0,0,0.0022407304874594086
12,66,Наезд на стоящее ТС,5,1,8,0,0,0.029320926773900656
12,66,Падение пассажира,1,0,1,0,0,0.009754578757586051
12,66,Столкновение,15,0,18,0,2,0.02246832286579827
12,68,Наезд на пешехода,5,0,5,0,1,0.032702976373923734
12,68,Наезд на препятствие,3,0,3,0,0,0.007006621907645266
12,68,Наезд на стоящее ТС,2,2,1,0,0,0.01868028111329809
12,68,Столкновение,21,1,24,0,1,0.021412178691078084
12,69,Наезд на пешехода,13,0,14,0,1,0.019086291319616457
12,69,Наезд на стоящее ТС,3,1,3,0,0,0.00720913569970343
12,69,Падение пассажира,1,0,1,0,0,0.027784967157117216
12,69,Столкновение,9,0,10,0,1,0.015993223107549862
12,70,Наезд на пешехода,5,0,6,0,0,0.05971992326902216
12,70,Наезд на препятствие,3,0,3,0,0,0.034209524148727494
12,70,Наезд на стоящее ТС,4,0,4,0,0,0.07842978619669164
12,70,Падение пассажира,1,0,1,0,0,0.02538427340429367
12,70,Столкновение,13,0,18,0,2,0.06573609123815348
12,71,Наезд на пешехода,9,1,8,0,0,0.041972154639779866
12,71,Наезд на препятствие,4,0,4,0,0,0.04632758506302753
12,71,Наезд на стоящее ТС,4,0,6,0,0,0.02241070466406301
12,71,Столкновение,25,2,28,0,3,0.02558394022657254
12,72,Наезд на велосипедиста,1,0,1,0,0,0.016916469143821743
12,72,Наезд на пешехода,17,0,17,0,2,0.023565004771805648
12,72,Наезд на препятствие,1,0,4,0,0,0.039317029973251934
12,72,Наезд на стоящее ТС,1,0,1,0,0,0.06982203311721037
12,72,Падение пассажира,3,0,3,0,0,0.01942348913548185
12,72,Прочее,1,0,1,0,0,0.029021357263513837
12,72,Столкновение,2,0,3,0,1,0.01934046183299803
12,73,Наезд на пешехода,14,1,13,0,3,0.021805973216627427
12,73,Наезд на стоящее ТС,1,0,1,0,0,0.001539111317401326
12,73,Опрокидывание,1,0,1,0,0,0.06583638550208921
12,73,Столкновение,10,0,11,0,0,0.01727103942362549
12,74,Наезд на пешехода,18,3,15,0,0,0.026836904013601066
12,74,Наезд на препятствие,1,0,1,0,0,0.0043567481597746455
12,74,Прочее,1,0,1,0,0,0.05056296700881007
12,74,Столкновение,21,0,22,0,2,0.033627414913090674
12,75,Наезд на пешехода,6,1,5,0,1,0.038060292171636825
12,75,Наезд на препятствие,2,0,2,0,0,0.02479837227175306
12,75,Наезд на стоящее ТС,1,1,0,0,0,0.12826319969202662
12,75,Падение пассажира,1,0,1,0,0,0.05121606350918373
12,75,Столкновение,20,0,25,0,0,0.012103043652472762
12,76,Наезд на пешехода,4,0,4,0,1,0.07428339769169374
12,76,Наезд на препятствие,5,4,3,0,0,0.042033320534703114
12,76,Столкновение,4,1,8,0,1,0.040090513988106716
12,77,Наезд на велосипедиста,1,0,1,0,0,0.009107694792940135
12,77,Наезд на пешехода,10,1,10,0,0,0.022175363413676277
12,77,Падение пассажира,1,0,1,0,0,0.04273670723331704
12,77,Столкновение,4,0,4,0,0,0.029726335101814386
12,78,Наезд на пешехода,1,0,1,0,0,0.047997846382886296
12,78,Столкновение,1,0,1,0,0,0.17816292054693728
12,80,Наезд на пешехода,3,0,3,0,1,0.022088002422285608
12,80,Наезд на препятствие,2,0,2,0,0,0.0677957356140473
12,80,Опрокидывание,1,0,2,0,0,0.007193445465463216
12,80,Столкновение,9,0,11,0,0,0.014837941622968373
12,81,Столкновение,2,1,1,0,0,0.006398447179080877
12,82,Наезд на пешехода,6,0,6,0,1,0.018525731667313753
12,82,Падение пассажира,2,0,2,0,0,0.026976019141711164
12,82,Столкновение,3,0,4,0,0,0.029454127563823745
12,83,Наезд на велосипедиста,4,0,4,0,0,0.03869553309482158
12,83,Наезд на пешехода,9,0,10,0,3,0.03161961988450996
12,83,Наезд на препятствие,4,1,4,0,0,0.05920832807120341
12,83,Наезд на стоящее ТС,3,0,3,0,0,0.015507925889831126
12,83,Падение пассажира,4,0,4,0,0,0.0391443815658025
12,83,Столкновение,14,0,16,0,0,0.033762789778823486
12,84,Наезд на пешехода,22,0,23,0,1,0.01817633754556674
12,84,Наезд на препятствие,1,0,1,0,0,0.060333108094313914
12,84,Наезд на стоящее ТС,2,0,2,0,0,0.07641417227797737
12,84,Падение пассажира,3,1,2,0,0,0.030930005030958788
12,84,Столкновение,9,1,8,0,0,0.0335116643564954
12,85,Наезд на велосипедиста,1,0,1,0,0,0.051200529474195955
12,85,Наезд на пешехода,16,1,15,0,1,0.03754266318838528
12,85,Наезд на препятствие,5,1,5,0,0,0.024797465856511103
12,85,Наезд на стоящее ТС,4,0,8,0,0,0.03317233641392847
12,85,Падение пассажира,3,0,3,0,0,0.024776123417329807
12,85,Столкновение,22,1,25,0,2,0.038637021747508486
12,86,Наезд на препятствие,1,0,1,0,0,0.008838988016029344
12,86,Наезд на стоящее ТС,1,0,1,0,0,0.00972313647028889
12,86,Падение пассажира,1,0,1,0,0,0.0404560940869914
12,86,Столкновение,11,0,13,0,0,0.008579837398421023
12,87,Наезд на велосипедиста,3,0,3,0,0,0.03383068746997763
12,87,Наезд на пешехода,15,2,13,0,1,0.029530806566100343
12,87,Наезд на препятствие,4,1,5,0,1,0.013991823677052848
12,87,Падение пассажира,2,0,2,0,0,0.04679186393721995
12,87,Столкновение,20,0,22,0,0,0.01395454845227025
12,88,Наезд на велосипедиста,2,0,2,0,0,0.09843406093908055
12,88,Наезд на пешехода,9,0,9,0,3,0.02709818699673276
12,88,Наезд на стоящее ТС,2,0,2,0,0,0.009135227304667343
12,88,Падение пассажира,1,0,1,0,0,0.009754578757586051
12,88,Столкновение,18,2,24,0,0,0.030978084321289717
12,89,Наезд на велосипедиста,2,0,2,0,0,0.026444161413652502
12,89,Наезд на пешехода,3,0,3,0,1,0.028754082464150843
12,89,Наезд на препятствие,1,0,1,0,0,0.004436734740493017
12,89,Наезд на стоящее ТС,1,0,1,0,0,0.044818899580579434
12,89,Падение пассажира,2,0,2,0,0,0.034644450611160865
12,89,Столкновение,6,0,8,0,0,0.02110552806018108
12,90,Наезд на пешехода,9,0,11,0,3,0.025470403734114216
12,90,Наезд на стоящее ТС,1,0,1,0,0,0.028289902773282957
12,90,Падение пассажира,1,0,1,0,0,0.03702520915051117
12,90,Столкновение,12,0,14,0,0,0.055500383258795416
12,91,Наезд на пешехода,17,0,18,0,2,0.02346392247851694
12,91,Падение пассажира,3,0,3,0,0,0.016689033092921673
12,91,Столкновение,18,0,18,0,2,0.022512996790653536
12,92,Наезд на пешехода,1,0,1,0,0,0.12542079212916932
12,92,Наезд на препятствие,2,0,3,0,0,0.06221434642645761
12,92,Наезд на стоящее ТС,1,0,2,0,1,0.0066005458038033826
12,92,Падение пассажира,1,0,1,0,0,0.050034707027009705
12,92,Столкновение,7,0,8,0,0,0.02614276708472943
12,93,Наезд на пешехода,8,1,7,0,1,0.03636922814973944
12,93,Падение пассажира,1,0,1,0,0,0.00862004719438068
12,93,Столкновение,6,0,6,0,0,0.003925297314948364
12,94,Наезд на пешехода,3,0,3,0,0,0.010068212145772132
12,94,Столкновение,7,0,8,0,0,0.030506301612114033
12,95,Наезд на велосипедиста,2,0,2,0,0,0.03812966374026393
12,95,Наезд на пешехода,7,0,7,0,0,0.024197780437875925
12,95,Падение пассажира,2,0,2,0,0,0.009696563897340837
12,95,Столкновение,9,0,14,0,0,0.03505859451396012
12,96,Наезд на пешехода,1,1,0,0,0,0.009649709199236614
12,96,Наезд на препятствие,5,0,6,0,0,0.0898687507899055
12,96,Наезд на стоящее ТС,2,4,1,0,0,0.006564516771107127
12,96,Падение пассажира,1,0,1,0,0,0.007107338443440184
12,96,Столкновение,8,0,9,0,1,0.049350292046842575
12,97,Наезд на пешехода,4,0,5,0,3,0.04410565026991642
12,97,Столкновение,3,0,7,0,3,0.023426176029387766
12,98,Наезд на пешехода,10,1,9,0,1,0.023801998469769513
12,98,Наезд на препятствие,1,0,1,0,0,0.002213959523323437
12,98,Падение пассажира,1,0,1,0,0,0.03890730271426874
12,98,Столкновение,8,0,14,0,0,0.015386989115849518
12,99,Наезд на пешехода,3,0,3,0,0,0.023199803483404082
12,99,Наезд на препятствие,2,0,4,0,0,0.04171704534905496
12,99,Столкновение,7,0,12,0,0,0.07850771729995912
12,100,Наезд на пешехода,2,1,1,0,0,0.053081841191430015
12,101,Наезд на пешехода,11,1,10,0,2,0.027353028741155794
12,101,Наезд на препятствие,2,0,2,0,0,0.0026769225354397455
12,101,Наезд на стоящее ТС,2,0,2,0,0,0.002920746334719473
12,101,Столкновение,1,0,1,0,0,0.04436902129031819
12,102,Наезд на велосипедиста,1,0,1,0,0,0.006460454478794267
12,102,Наезд на пешехода,16,0,16,0,1,0.02498144626941408
12,102,Наезд на препятствие,1,0,2,0,2,0.007083975054638884
12,102,Наезд на стоящее ТС,1,0,2,0,0,0.009509933585193947
12,102,Столкновение,8,0,10,0,1,0.010335805305802116
12,103,Наезд на пешехода,10,2,8,0,1,0.032026764369673874
12,103,Наезд на стоящее ТС,2,0,2,0,0,0.008757050116932218
12,103,Столкновение,24,0,27,0,2,0.018031666885515593
12,104,Наезд на велосипедиста,1,0,1,0,0,0.007759960344639818
12,104,Наезд на пешехода,10,0,10,0,0,0.015533847247690562
12,104,Наезд на препятствие,3,0,3,0,0,0.011006678236353843
12,104,Падение пассажира,1,0,1,0,0,0.04687256942395312
12,104,Столкновение,6,0,8,0,0,0.010363259545129263
12,105,Наезд на пешехода,5,1,4,0,0,0.024944191893110913
12,105,Наезд на препятствие,5,0,5,0,0,0.02303778621544105
12,105,Наезд на стоящее ТС,4,0,4,0,0,0.00829927519020465
12,105,Столкновение,10,0,14,0,2,0.01858067086287491
12,106,Наезд на пешехода,6,0,6,0,2,0.015078875106738394
12,106,Наезд на стоящее ТС,1,0,1,0,0,0.006571444478448364
12,106,Столкновение,7,0,8,0,0,0.015370959736701401
12,107,Наезд на велосипедиста,1,0,1,0,0,0.04867174174141027
12,107,Наезд на пешехода,2,0,2,0,0,0.04419452641307704
12,107,Наезд на препятствие,1,0,1,0,0,0.009353038181049628
12,107,Наезд на стоящее ТС,2,0,2,0,0,0.05078981438061386
12,107,Столкновение,15,0,15,0,2,0.015978567426157383
12,108,Наезд на велосипедиста,1,0,1,0,0,0.03568427505665623
12,108,Наезд на пешехода,6,0,7,0,1,0.045806637736194276
12,108,Наезд на стоящее ТС,1,0,2,0,0,0.13250707503009002
12,108,Падение пассажира,1,0,1,0,0,0.009754578757586051
12,108,Столкновение,4,0,4,0,0,0.03931545899932167
12,109,Наезд на велосипедиста,1,0,1,0,0,0.0057041001033240205
12,109,Наезд на пешехода,10,0,10,0,2,0.019154327176883527
12,109,Наезд на стоящее ТС,1,0,1,0,0,0.001160934129666202
12,109,Столкновение,3,0,4,0,1,0.0144744858965633
12,110,Наезд на пешехода,16,0,16,0,5,0.04209709707852112
12,110,Наезд на препятствие,1,0,1,0,0,0.04181609836157801
12,110,Наезд на стоящее ТС,1,0,1,0,0,0.015503044905044124
12,110,Столкновение,18,0,18,0,1,0.020333831869620685
12,111,Наезд на пешехода,14,0,14,0,1,0.03733730641947846
12,111,Наезд на препятствие,3,0,4,0,2,0.009404296288070964
12,111,Наезд на стоящее ТС,4,0,6,0,1,0.042408796898555826
12,111,Столкновение,15,0,16,0,1,0.026322519098109568
12,113,Наезд на велосипедиста,1,0,1,0,0,0.05300975887179433
12,113,Наезд на пешехода,11,1,10,0,2,0.022577122984166805
12,113,Наезд на препятствие,1,0,1,0,0,0.004814911928228141
12,113,Падение пассажира,2,0,2,0,0,0.0446659317447001
12,113,Столкновение,7,0,8,0,1,0.01309459844639939
12,114,Наезд на пешехода,8,0,8,0,2,0.033198021158871216
12,114,Наезд на препятствие,3,0,3,0,0,0.06752417526012007
12,114,Наезд на стоящее ТС,2,0,2,0,0,0.050610687150832244
12,114,Падение пассажира,2,0,2,0,0,0.028522255603638073
12,114,Столкновение,21,0,31,0,3,0.032621418955210486
12,115,Наезд на велосипедиста,2,0,2,0,0,0.0494120411098752
12,115,Наезд на пешехода,2,0,2,0,0,0.009631687629350589
12,115,Наезд на препятствие,1,0,1,0,0,0.004465836065848035
12,115,Столкновение,5,0,7,0,0,0.013440229915282226
12,116,Наезд на велосипедиста,1,0,1,0,0,0.04984767269827051
12,116,Наезд на пешехода,22,1,21,1,2,0.02319792840437523
12,116,Наезд на препятствие,1,1,0,0,0,0.004436734740493017
12,116,Падение пассажира,1,0,1,0,0,0.049479840108714646
12,116,Столкновение,10,0,11,0,0,0.025665191260395237
12,117,Наезд на пешехода,10,1,10,0,2,0.018633260315736467
12,117,Наезд на препятствие,3,0,20,0,6,0.014920324432992474
12,117,Наезд на стоящее ТС,2,0,2,0,0,0.04200730866661595
12,117,Столкновение,24,2,29,0,1,0.015412061185076304
12,118,Наезд на пешехода,13,2,11,0,1,0.026739740114353587
12,118,Наезд на препятствие,4,0,4,0,0,0.017225496715167297
12,118,Наезд на стоящее ТС,3,2,4,0,0,0.03310568696380004
12,118,Столкновение,9,2,10,0,1,0.020275055521685542
12,119,Наезд на пешехода,4,0,5,0,1,0.031727889378653465
12,119,Наезд на стоящее ТС,4,0,8,0,0,0.043615761397274674
12,119,Столкновение,3,0,3,0,0,0.03635393291979204
12,120,Наезд на велосипедиста,1,0,1,0,0,0.05665572873122765
12,120,Наезд на пешехода,6,1,5,0,0,0.03234661505393983
12,120,Наезд на препятствие,1,0,1,0,0,0.003922684575472732
12,120,Падение пассажира,1,0,1,0,0,0.019860652278339472
12,120,Столкновение,4,0,4,0,0,0.00865598111410426
12,121,Наезд на пешехода,3,1,2,0,0,0.0794928411411896
12,121,Столкновение,4,2,5,0,1,0.15860033090171496
12,122,Наезд на велосипедиста,1,0,1,0,0,0.009864049168410383
12,122,Наезд на пешехода,12,0,13,0,1,0.01769017500881203
12,122,Наезд на препятствие,1,0,1,0,0,0.010371540023764572
12,122,Столкновение,7,0,9,0,1,0.02657316093594814
12,123,Наезд на пешехода,14,0,15,0,2,0.03361097670168641
12,123,Наезд на препятствие,1,0,1,0,0,0.0035643506445323407
12,123,Наезд на стоящее ТС,1,0,1,0,0,0.001539111317401326
12,123,Падение пассажира,1,0,1,0,0,0.007485515631175308
12,123,Столкновение,14,0,18,0,1,0.045226466573855095
12,124,Наезд на пешехода,5,0,5,0,1,0.012432293332010156
12,124,Наезд на препятствие,2,1,2,0,0,0.05336444763295295
12,124,Наезд на стоящее ТС,2,0,3,0,0,0.2300910998985282
12,124,Столкновение,7,0,7,0,0,0.009812326194549364
12,125,Наезд на велосипедиста,1,0,1,0,0,0.06793067122889482
12,125,Наезд на пешехода,18,1,17,0,4,0.03702954953444686
12,125,Наезд на стоящее ТС,1,2,1,0,0,0.0022154791121532023
12,125,Падение пассажира,1,0,1,0,0,0.007863692818910431
12,125,Столкновение,16,0,24,0,1,0.016793835337839128
12,127,Наезд на велосипедиста,1,0,1,0,0,0.04703644562387884
12,127,Наезд на пешехода,13,0,13,0,0,0.034040038785648756
12,127,Наезд на препятствие,1,0,1,0,0,0.006948102077353723
12,127,Наезд на стоящее ТС,2,0,3,0,0,0.05388676938913632
12,127,Столкновение,23,0,29,0,2,0.03168727733337283
12,128,Наезд на пешехода,4,0,4,0,0,0.04565394995620328
12,128,Наезд на стоящее ТС,1,0,1,0,0,0.001160934129666202
12,128,Падение пассажира,1,0,1,0,0,0.0067291612557050596
12,128,Столкновение,4,0,5,0,0,0.011964251865774397
12,130,Наезд на велосипедиста,1,0,1,0,0,0.007216808854264516
12,130,Наезд на пешехода,17,0,18,0,2,0.015659674683387158
12,130,Наезд на препятствие,3,0,3,0,0,0.1287167299721299
12,130,Наезд на стоящее ТС,3,0,4,0,0,0.005080779449519834
12,130,Столкновение,15,1,21,0,1,0.026683107579291602
12,131,Наезд на пешехода,6,0,6,0,3,0.014931343267669416
12,131,Наезд на препятствие,1,0,1,0,0,0.09617528185056495
12,131,Столкновение,4,1,5,0,0,0.008381058164264196
12,133,Наезд на пешехода,10,0,10,0,2,0.032975283544820634
12,133,Наезд на препятствие,1,1,1,0,0,0.03781628231091158
12,133,Наезд на стоящее ТС,1,0,1,0,0,0.0031969511141872672
12,133,Падение пассажира,2,0,2,0,1,0.06689474784889188
12,133,Столкновение,14,1,16,0,1,0.006433354536497906
12,134,Наезд на велосипедиста,1,0,1,0,0,0.009107694792940135
12,134,Наезд на пешехода,24,1,24,0,2,0.022463211444231912
12,134,Наезд на препятствие,1,0,1,0,0,0.03314893295514512
12,134,Падение пассажира,3,0,3,0,0,0.01527041691086268
12,134,Столкновение,15,0,21,0,1,0.017115730160132566
12,135,Наезд на пешехода,10,4,6,0,0,0.028661149454136975
12,135,Наезд на препятствие,1,0,1,0,0,0.01899528200467416
12,135,Наезд на стоящее ТС,1,0,2,0,0,0.04611920089043386
12,135,Падение пассажира,1,0,1,0,1,0.05935500670192824
12,135,Столкновение,11,0,12,0,0,0.029338200600568076
12,136,Наезд на пешехода,12,2,13,0,0,0.033501368314166564
12,136,Падение пассажира,1,0,1,0,0,0.026637347742745107
12,136,Столкновение,13,0,13,0,1,0.016374432522066322
12,137,Наезд на велосипедиста,2,0,2,0,0,0.04460019491362149
12,137,Наезд на пешехода,4,0,4,0,1,0.01876976289426863
12,137,Падение пассажира,1,0,1,0,0,0.060710185590125886
12,137,Столкновение,7,0,9,0,0,0.01251084642394952
12,138,Наезд на пешехода,9,0,9,0,4,0.03178545981238137
12,138,Наезд на препятствие,1,0,1,0,0,0.008138520037125884
12,138,Падение пассажира,2,0,2,0,0,0.05261348539924791
12,138,Столкновение,9,0,11,0,2,0.011460124892042454
12,139,Наезд на пешехода,8,0,8,0,3,0.03726921162550578
12,139,Наезд на препятствие,1,0,1,0,0,0.0024298190813269705
12,139,Столкновение,6,0,11,0,2,0.011123284971033917
12,140,Наезд на велосипедиста,1,0,1,0,0,0.04055369027203294
12,140,Наезд на пешехода,10,1,9,0,0,0.025828800433662296
12,140,Столкновение,12,0,13,0,0,0.014237810732944277
12,141,Наезд на велосипедиста,2,0,2,0,0,0.02194186976249829
12,141,Наезд на пешехода,6,0,6,0,2,0.024620049678784648
12,141,Наезд на препятствие,1,0,3,0,0,0.04416216468812694
12,141,Наезд на стоящее ТС,1,0,1,0,0,0.02358121657136388
12,141,Падение пассажира,1,0,1,0,0,0.008998224382115803
12,141,Столкновение,4,0,6,0,0,0.020261294684725997
12,142,Наезд на пешехода,3,0,3,0,1,0.048304720189708966
12,142,Столкновение,6,1,11,0,3,0.11243404197837287
12,143,Наезд на пешехода,11,1,10,0,2,0.026749072120799442
12,143,Наезд на стоящее ТС,3,0,4,0,0,0.02607883330662195
12,143,Столкновение,7,0,8,0,0,0.04040423076118126
12,144,Наезд на пешехода,12,1,11,0,0,0.027952014026730383
12,144,Наезд на препятствие,1,0,1,0,0,0.007462152242374008
12,144,Столкновение,12,0,18,0,2,0.021404162317840956
12,145,Наезд на пешехода,1,0,1,0,0,0.03091466188473089
12,145,Падение пассажира,1,0,1,0,0,0.03196691224899679
12,145,Столкновение,4,0,4,0,0,0.02807290327034337
12,146,Наезд на пешехода,12,1,12,0,2,0.03866689022136347
12,146,Наезд на препятствие,2,0,2,0,0,0.01412897117504843
12,146,Наезд на стоящее ТС,1,0,1,0,0,0.014235000521107126
12,146,Падение пассажира,3,0,3,0,0,0.05432066663400056
12,146,Столкновение,12,0,15,0,0,0.03842287731338709
12,147,Наезд на пешехода,10,1,12,1,0,0.025160035732369152
12,147,Наезд на препятствие,2,2,0,0,0,0.0058914286311882984
12,147,Наезд на стоящее ТС,1,0,2,0,0,0.007327798853918612
12,147,Опрокидывание,1,0,1,0,0,0.026228724375471718
12,147,Столкновение,8,1,10,0,0,0.026205931276057123
12,148,Наезд на пешехода,4,1,3,0,0,0.0657457851422324
12,148,Столкновение,1,0,1,0,0,0.007679573475192905
12,150,Наезд на велосипедиста,1,0,1,0,0,0.05109030137807702
12,150,Наезд на пешехода,18,1,17,0,3,0.01315600930725154
12,150,Наезд на стоящее ТС,1,2,0,0,0,0.005735103522259745
12,150,Столкновение,14,0,18,0,4,0.031194813914744202
12,151,Наезд на пешехода,4,1,4,0,1,0.010326112327639851
12,151,Падение пассажира,1,0,1,0,0,0.007485515631175308
12,151,Столкновение,3,0,3,0,1,0.018675430126163402
12,152,Наезд на пешехода,5,0,5,0,0,0.031533895512332544
12,152,Падение пассажира,1,0,1,0,0,0.009754578757586051
12,153,Наезд на пешехода,4,0,4,0,0,0.04802363880178326
12,153,Наезд на стоящее ТС,1,0,1,0,0,0.0022154791121532023
12,153,Столкновение,2,0,2,0,0,0.06766185331895566
12,154,Наезд на пешехода,13,1,12,0,1,0.053995721508033195
12,154,Наезд на препятствие,3,1,4,0,1,0.005991534988086691
12,154,Наезд на стоящее ТС,1,0,2,0,0,0.06477654781478036
12,154,Опрокидывание,2,0,2,0,0,0.06060187846306557
12,154,Столкновение,28,1,40,0,0,0.07281704632630394
12,154,Съезд с дороги,1,0,1,0,0,0.12880337357021326
