cell_id,year,dtp_count,fatal_count,fatal_rate,avg_risk_score,night_share,truck_share
88118180d3fffff,2023,1,0,0.0,0.4579615501385788,1.0,0.0
8811818443fffff,2023,1,0,0.0,0.09913624444565616,0.0,0.0
881181844dfffff,2023,1,0,0.0,0.12382068931910574,0.0,0.0
881181846dfffff,2022,1,0,0.0,0.054419652399320735,0.0,0.0
8811818551fffff,2023,1,0,0.0,0.16339074432485098,0.0,0.0
881181860bfffff,2023,1,0,0.0,0.09243013027785797,0.0,0.0
8811818611fffff,2023,1,1,1.0,0.10149243709689115,0.0,0.0
8811818617fffff,2022,5,1,0.2,0.08390117862781736,0.2,0.4
8811818617fffff,2023,1,0,0.0,0.07806104906967046,1.0,0.0
8811818617fffff,2024,1,0,0.0,0.08252688513551851,0.0,0.0
8811818627fffff,2022,2,3,1.0,0.10903806472373245,0.0,0.0
8811818631fffff,2023,1,0,0.0,0.19002921685584326,0.0,1.0
8811818635fffff,2023,1,0,0.0,0.06201554277662222,0.0,0.0
8811818635fffff,2024,1,0,0.0,0.06390642871529784,0.0,0.0
8811818645fffff,2024,1,1,1.0,0.05638196333597075,0.0,0.0
8811818647fffff,2024,1,0,0.0,0.11057703094040801,0.0,0.0
8811818681fffff,2023,1,0,0.0,0.07850123890947253,1.0,0.0
8811818681fffff,2024,2,0,0.0,0.09657575252411217,0.0,0.0
8811818683fffff,2022,1,0,0.0,0.08656098291251159,0.0,1.0
881181868bfffff,2022,5,3,0.4,0.05844443033317952,0.0,0.4
881181868bfffff,2023,4,0,0.0,0.05851763054434283,0.5,0.5
881181868bfffff,2024,4,2,0.5,0.05707345404402685,0.25,0.75
881181868dfffff,2023,1,0,0.0,0.06676734975907546,0.0,1.0
8811818691fffff,2022,3,0,0.0,0.07738412226865445,0.0,0.6666666666666666
8811818691fffff,2023,2,0,0.0,0.07617609327160514,0.0,0.0
8811818691fffff,2024,3,1,0.3333333333333333,0.07972221287632862,0.0,0.3333333333333333
8811818693fffff,2022,2,0,0.0,0.1322097315839033,0.0,0.5
8811818697fffff,2024,1,0,0.0,0.11133063480697829,0.0,0.0
881181869dfffff,2022,1,0,0.0,0.18130244042376464,0.0,1.0
881181869dfffff,2024,2,1,0.5,0.1836340704999394,0.0,0.0
88118186b1fffff,2024,3,0,0.0,0.08749094639005066,0.0,0.3333333333333333
88118186b9fffff,2023,1,0,0.0,0.2604508730139587,0.0,1.0
88118186b9fffff,2024,1,0,0.0,0.25855998707528305,0.0,1.0
88118186c3fffff,2023,1,0,0.0,0.17542345619928834,0.0,0.0
88118186d5fffff,2022,2,1,0.5,0.22672399994557263,0.0,0.5
88118186d7fffff,2022,1,1,1.0,0.25488368711554305,0.0,1.0
88118186d7fffff,2023,1,0,0.0,0.25647638244720194,0.0,0.0
88118186ebfffff,2022,1,0,0.0,0.09183418787171012,0.0,0.0
88118186ebfffff,2024,2,0,0.0,0.09258556410504154,0.0,0.0
8811818721fffff,2023,1,0,0.0,0.15884305627208928,0.0,0.0
8811818755fffff,2022,1,1,1.0,0.07500961083934057,0.0,0.0
8811819029fffff,2024,1,0,0.0,0.03993358066300213,1.0,0.0
8811819051fffff,2022,1,0,0.0,0.10578305949534524,0.0,1.0
8811819051fffff,2023,3,0,0.0,0.13704613662392542,0.0,0.0
8811819053fffff,2022,1,2,1.0,0.002683283453917924,0.0,1.0
8811819057fffff,2024,1,0,0.0,0.12158737864299482,0.0,0.0
881181905dfffff,2023,1,1,1.0,0.29325057804192345,0.0,1.0
881181905dfffff,2024,1,2,1.0,0.29765283131745984,0.0,1.0
8811819099fffff,2022,1,2,1.0,0.056607112061275694,0.0,1.0
8811819099fffff,2023,1,0,0.0,0.10484008982627188,0.0,0.0
88118190a5fffff,2024,1,0,0.0,0.37418397119458435,0.0,0.0
88118190c1fffff,2023,1,1,1.0,0.07612538373560694,0.0,0.0
88118190c3fffff,2024,1,0,0.0,0.059610009098328254,1.0,0.0
88118190cdfffff,2022,1,0,0.0,0.09681216379064017,0.0,0.0
88118190d5fffff,2024,1,1,1.0,0.03881222492159324,0.0,0.0
88118190d7fffff,2024,1,0,0.0,0.03370358608680038,0.0,0.0
88118190e5fffff,2024,1,0,0.0,0.195062903025948,0.0,0.0
881181928dfffff,2022,1,0,0.0,0.7618295504866618,0.0,0.0
88118192a7fffff,2022,2,0,0.0,0.13328910079272402,0.0,0.5
8811819405fffff,2022,1,0,0.0,0.06705860189912786,0.0,0.0
8811819405fffff,2023,1,0,0.0,0.06576331438100626,0.0,0.0
8811819405fffff,2024,3,0,0.0,0.067058994955816,0.0,0.0
8811819407fffff,2022,1,0,0.0,0.008479247506272434,0.0,0.0
8811819407fffff,2024,1,1,1.0,0.010370133444948054,0.0,0.0
881181940dfffff,2024,1,0,0.0,0.1491123489168094,0.0,0.0
8811819411fffff,2022,1,0,0.0,0.06311834125718217,0.0,0.0
8811819411fffff,2024,1,1,1.0,0.064412109186474,0.0,0.0
8811819415fffff,2023,1,0,0.0,0.059451055072199374,0.0,0.0
8811819423fffff,2022,1,0,0.0,0.02547711528632216,0.0,0.0
8811819423fffff,2023,2,0,0.0,0.028054659045822165,0.5,0.0
8811819429fffff,2022,2,0,0.0,0.09187748530033767,0.0,0.0
881181942bfffff,2024,1,0,0.0,0.13308991811670423,0.0,0.0
8811819433fffff,2024,1,0,0.0,0.17918981850328247,1.0,0.0
8811819435fffff,2022,1,0,0.0,0.10915736739103593,0.0,0.0
8811819441fffff,2022,1,1,1.0,0.06056091341102547,0.0,0.0
8811819453fffff,2023,1,0,0.0,0.508626667167189,0.0,0.0
88118194c1fffff,2022,1,0,0.0,0.09947898257552094,0.0,0.0
88118194c1fffff,2024,1,0,0.0,0.0993695121646966,0.0,0.0
88118194c5fffff,2022,2,0,0.0,0.10924751046582905,0.0,0.0
88118194cbfffff,2023,1,0,0.0,0.16637408870076634,1.0,0.0
88118194d1fffff,2023,1,1,1.0,0.13232649740084407,0.0,0.0
88118194d3fffff,2022,2,0,0.0,0.02686502332112622,0.0,0.5
88118194ddfffff,2022,1,0,0.0,0.08100427161678295,0.0,0.0
88118194ddfffff,2023,1,0,0.0,0.07743992097225061,0.0,0.0
8811819511fffff,2024,1,0,0.0,0.16265005177651856,0.0,0.0
8811819513fffff,2022,2,0,0.0,0.030745776594560174,0.0,0.0
881181951dfffff,2024,1,0,0.0,0.1460069887835126,0.0,0.0
8811819521fffff,2022,1,0,0.0,0.10844692058109238,0.0,0.0
8811819527fffff,2022,1,0,0.0,0.09989030625871385,0.0,0.0
8811819527fffff,2023,1,0,0.0,0.058459917020475,0.0,0.0
8811819529fffff,2024,1,0,0.0,0.12661004012279745,0.0,0.0
881181952bfffff,2023,1,0,0.0,0.128287185008611,0.0,0.0
8811819543fffff,2024,3,0,0.0,0.027250126092261354,0.0,0.3333333333333333
8811819547fffff,2022,1,0,0.0,0.2011948839217748,0.0,0.0
881181954dfffff,2022,1,1,1.0,0.12914743930226985,0.0,0.0
881181954dfffff,2023,1,0,0.0,0.13109421163751225,0.0,1.0
881181954dfffff,2024,2,2,1.0,0.12990629424834182,0.0,1.0
881181955bfffff,2024,1,0,0.0,0.10428584544703513,0.0,0.0
881181958bfffff,2024,1,0,0.0,0.028777414310746596,1.0,0.0
8811819591fffff,2024,1,0,0.0,0.022221691404499196,0.0,0.0
8811819593fffff,2023,1,0,0.0,0.01887319699884739,0.0,0.0
88118195c5fffff,2022,1,0,0.0,0.08919950898930036,0.0,0.0
88118195c7fffff,2022,1,0,0.0,0.03944514542520014,0.0,0.0
88118195c7fffff,2023,3,1,0.3333333333333333,0.035333427085941775,0.0,0.3333333333333333
88118195c7fffff,2024,3,0,0.0,0.035342094511852544,0.0,0.0
88118195c9fffff,2022,1,0,0.0,0.04818063743486874,0.0,0.0
88118195c9fffff,2024,1,0,0.0,0.04766658726984845,0.0,0.0
88118195e3fffff,2023,1,0,0.0,0.2633082982014942,0.0,0.0
881181961bfffff,2022,1,1,1.0,1.0,0.0,0.0
881181962dfffff,2023,1,0,0.0,0.1308824226230153,0.0,0.0
8811819693fffff,2023,1,0,0.0,0.07411552413340972,0.0,1.0
8811819693fffff,2024,1,0,0.0,0.08077871955087532,1.0,0.0
88118196adfffff,2024,1,0,0.0,0.5979587810399476,0.0,0.0
8811819737fffff,2024,1,1,1.0,0.0773127833676337,0.0,1.0
881181b043fffff,2022,1,0,0.0,0.1317169032965008,0.0,0.0
881181b04bfffff,2022,2,1,0.5,0.021029147340911356,0.5,0.0
881181b053fffff,2022,1,0,0.0,0.05408725617738967,0.0,0.0
881181b055fffff,2023,1,0,0.0,0.02938025757105898,0.0,0.0
881181b05dfffff,2023,2,1,0.5,0.11121468206380847,0.0,0.0
881181b20bfffff,2022,2,0,0.0,0.10323205235383043,0.0,0.0
881181b213fffff,2023,1,0,0.0,0.053876055111932004,0.0,0.0
881181b219fffff,2022,1,1,1.0,0.04807455491522453,1.0,0.0
881181b21dfffff,2024,1,0,0.0,0.07980102714648568,0.0,0.0
881181b255fffff,2023,1,0,0.0,0.11026027510732452,0.0,0.0
881181b257fffff,2023,1,0,0.0,0.10018175272529953,0.0,0.0
881181b283fffff,2022,1,0,0.0,0.05734574839841435,0.0,0.0
881181b283fffff,2023,1,0,0.0,0.05543149907093743,0.0,0.0
881181b283fffff,2024,5,0,0.0,0.05737245480148295,0.2,0.0
881181b287fffff,2024,1,0,0.0,0.03588694618059937,0.0,0.0
881181b289fffff,2022,2,0,0.0,0.0989948517422189,0.0,0.0
881181b289fffff,2023,3,0,0.0,0.1031538444845463,0.0,0.0
881181b289fffff,2024,2,1,0.5,0.09929341074691078,0.0,0.0
881181b28bfffff,2023,3,0,0.0,0.06358093251001637,0.0,0.0
881181b291fffff,2023,1,0,0.0,0.09708608688121216,0.0,0.0
881181b291fffff,2024,1,1,1.0,0.09435885998634791,0.0,1.0
881181b293fffff,2024,1,0,0.0,0.04030515491886006,0.0,0.0
881181b295fffff,2022,2,0,0.0,0.06349855632116107,0.0,0.0
881181b295fffff,2023,2,0,0.0,0.0638767335088962,0.0,0.0
881181b295fffff,2024,10,0,0.0,0.06162504374577303,0.0,0.0
881181b297fffff,2022,2,0,0.0,0.03159294253491969,0.0,0.0
881181b297fffff,2023,4,1,0.25,0.03349052918739265,0.0,0.25
881181b297fffff,2024,1,0,0.0,0.02909801087951904,1.0,1.0
881181b29dfffff,2022,3,0,0.0,0.036843512742607026,0.0,0.0
881181b29dfffff,2023,5,1,0.2,0.03642898388133614,0.2,0.0
881181b29dfffff,2024,2,0,0.0,0.034340064101907805,0.0,0.0
881181b2abfffff,2023,1,0,0.0,0.04176805536198262,1.0,0.0
881181b2adfffff,2023,1,0,0.0,0.04427021991429368,0.0,0.0
881181b2b1fffff,2022,1,0,0.0,0.1357733967417238,0.0,1.0
881181b2b1fffff,2023,2,0,0.0,0.13732379835678604,0.0,0.0
881181b2b1fffff,2024,2,0,0.0,0.13841985621846198,0.0,0.5
881181b2b3fffff,2022,2,0,0.0,0.03282499002431072,0.0,0.0
881181b2b3fffff,2023,1,0,0.0,0.026928351665798867,1.0,0.0
881181b2b3fffff,2024,1,0,0.0,0.025903290513417828,1.0,0.0
881181b2b9fffff,2023,1,0,0.0,0.055930138447082445,0.0,0.0
881181b2b9fffff,2024,1,0,0.0,0.051949269004877285,1.0,0.0
881181b2bbfffff,2022,4,1,0.25,0.062118746246920806,0.0,0.0
881181b2bbfffff,2023,8,0,0.0,0.05973737956305024,0.125,0.0
881181b2bbfffff,2024,1,0,0.0,0.06144201005449378,0.0,0.0
881181b2bdfffff,2022,2,1,0.5,0.07819255103974371,0.0,0.5
881181b2bdfffff,2023,2,0,0.0,0.07897567813252629,0.5,1.0
881181b2bdfffff,2024,1,0,0.0,0.07375368608239592,1.0,0.0
881181b2c1fffff,2022,1,0,0.0,0.050532714118656424,1.0,0.0
881181b2c1fffff,2024,1,0,0.0,0.04854043666765234,0.0,0.0
881181b2c3fffff,2024,1,0,0.0,0.029163145332283397,0.0,0.0
881181b2c5fffff,2024,1,0,0.0,0.05923834694595782,0.0,0.0
881181b2c7fffff,2022,1,0,0.0,0.060059953789261905,0.0,1.0
881181b2c7fffff,2024,3,0,0.0,0.06177640840928563,0.0,0.0
881181b2d1fffff,2022,2,0,0.0,0.05542558434465761,0.5,0.0
881181b2d1fffff,2023,3,1,0.3333333333333333,0.058373903523913535,0.0,0.0
881181b2d5fffff,2022,9,1,0.1111111111111111,0.06563866818915493,0.0,0.2222222222222222
881181b2d5fffff,2023,1,0,0.0,0.06866068390455175,0.0,0.0
881181b2d5fffff,2024,1,0,0.0,0.06914177219344511,1.0,0.0
881181b2d7fffff,2023,4,1,0.25,0.044395911367854424,0.25,0.0
881181b2d7fffff,2024,1,0,0.0,0.04170398625267959,0.0,0.0
881181b2d9fffff,2022,1,0,0.0,0.0692931332836838,0.0,0.0
881181b2d9fffff,2023,5,3,0.6,0.07088306673203201,0.4,0.2
881181b2dbfffff,2023,1,1,1.0,0.1464420897144818,0.0,0.0
881181b2e1fffff,2022,2,0,0.0,0.049198230562840645,0.0,0.0
881181b2e3fffff,2024,1,0,0.0,0.06469664999142359,0.0,0.0
881181b2e5fffff,2022,1,0,0.0,0.15890159502132736,0.0,0.0
881181b2e7fffff,2023,1,0,0.0,0.04469414359342092,0.0,0.0
881181b2e7fffff,2024,3,0,0.0,0.04484559216324029,0.0,0.0
881181b2e9fffff,2022,1,0,0.0,0.16486235419621045,0.0,0.0
881181b2ebfffff,2022,1,0,0.0,0.11767454235147148,0.0,0.0
881181b2ebfffff,2024,1,0,0.0,0.07699898789987308,0.0,0.0
881181b301fffff,2023,1,0,0.0,0.16485533798328578,0.0,1.0
881181b301fffff,2024,1,0,0.0,0.1651485274490991,0.0,0.0
881181b345fffff,2022,3,0,0.0,0.063200662857943,0.0,0.3333333333333333
881181b345fffff,2023,4,0,0.0,0.06527880953105465,0.25,0.5
881181b345fffff,2024,1,0,0.0,0.0633893677214257,0.0,0.0
881181b347fffff,2023,1,2,1.0,0.06837581127881599,0.0,1.0
881181b347fffff,2024,3,1,0.3333333333333333,0.06643296863227284,0.3333333333333333,0.3333333333333333
881181b34dfffff,2023,1,0,0.0,0.1297884086331271,0.0,0.0
881181b34dfffff,2024,1,3,1.0,0.1736669406206579,1.0,0.0
881181b413fffff,2023,2,0,0.0,0.02896636084281793,0.5,0.0
881181b413fffff,2024,1,0,0.0,0.02890246380342328,0.0,0.0
881181b419fffff,2022,6,0,0.0,0.0037477400756929726,0.3333333333333333,0.16666666666666666
881181b419fffff,2023,5,0,0.0,0.0031532365952827443,0.2,0.8
881181b419fffff,2024,5,0,0.0,0.005425659836249988,0.2,0.2
881181b41bfffff,2022,8,1,0.125,0.03457751156880393,0.0,0.5
881181b41bfffff,2023,3,0,0.0,0.03631043213100255,0.0,0.3333333333333333
881181b41bfffff,2024,6,0,0.0,0.035522297979968365,0.16666666666666666,0.3333333333333333
881181b443fffff,2022,9,0,0.0,0.004466839792270501,0.3333333333333333,0.3333333333333333
881181b443fffff,2023,5,0,0.0,0.005796784954726597,0.4,0.4
881181b443fffff,2024,7,0,0.0,0.0056584373955972725,0.0,0.2857142857142857
881181b449fffff,2022,6,0,0.0,0.12179578199141732,0.3333333333333333,0.16666666666666666
881181b449fffff,2023,4,2,0.25,0.11875121423480292,0.5,0.0
881181b449fffff,2024,6,0,0.0,0.12114322837863867,0.16666666666666666,0.16666666666666666
881181b44bfffff,2022,10,0,0.0,0.023368455439083422,0.3,0.1
881181b44bfffff,2023,5,0,0.0,0.022911830859332318,0.0,0.4
881181b44bfffff,2024,4,0,0.0,0.02554307275911284,0.25,0.0
881181b451fffff,2022,3,0,0.0,0.04119076560773064,0.0,0.0
881181b451fffff,2023,4,0,0.0,0.041023364705320184,0.0,0.0
881181b451fffff,2024,9,0,0.0,0.04170839283242505,0.1111111111111111,0.0
881181b455fffff,2022,5,1,0.2,0.09208777747649013,0.2,0.0
881181b455fffff,2023,15,0,0.0,0.09077924959459108,0.06666666666666667,0.26666666666666666
881181b455fffff,2024,17,1,0.058823529411764705,0.09083351514115279,0.11764705882352941,0.058823529411764705
881181b457fffff,2022,9,0,0.0,0.004032379688931937,0.5555555555555556,0.2222222222222222
881181b457fffff,2023,7,0,0.0,0.006223444577918263,0.42857142857142855,0.42857142857142855
881181b457fffff,2024,8,1,0.125,0.005870483423214779,0.375,0.125
881181b459fffff,2022,7,1,0.14285714285714285,0.047501521180452595,0.14285714285714285,0.2857142857142857
881181b459fffff,2023,7,0,0.0,0.0487292298002935,0.14285714285714285,0.14285714285714285
881181b459fffff,2024,9,1,0.1111111111111111,0.04953862209755514,0.0,0.1111111111111111
881181b45dfffff,2022,8,0,0.0,0.0169333751079049,0.125,0.125
881181b45dfffff,2023,9,0,0.0,0.018149451743665904,0.1111111111111111,0.0
881181b45dfffff,2024,9,0,0.0,0.016824424292826864,0.2222222222222222,0.1111111111111111
881181b499fffff,2022,5,0,0.0,0.08212983362108081,0.6,0.4
881181b499fffff,2023,7,0,0.0,0.08207249937368064,0.42857142857142855,0.2857142857142857
881181b499fffff,2024,9,2,0.2222222222222222,0.08311699110699937,0.5555555555555556,0.4444444444444444
881181b49bfffff,2022,4,0,0.0,0.07315021964029991,0.25,0.5
881181b49bfffff,2023,3,0,0.0,0.07255262661456705,0.6666666666666666,0.6666666666666666
881181b49bfffff,2024,3,0,0.0,0.07195220701968504,0.3333333333333333,0.6666666666666666
881181b4c1fffff,2022,4,0,0.0,0.03376157537350748,0.25,0.0
881181b4c1fffff,2023,1,0,0.0,0.0376600035437838,0.0,0.0
881181b4c1fffff,2024,6,0,0.0,0.03342835043953473,0.16666666666666666,0.16666666666666666
881181b4c3fffff,2022,6,1,0.16666666666666666,0.06223545818514726,0.3333333333333333,0.6666666666666666
881181b4c3fffff,2023,9,0,0.0,0.06133537286940601,0.2222222222222222,0.0
881181b4c3fffff,2024,8,0,0.0,0.06224112807692257,0.5,0.375
881181b4c9fffff,2022,7,0,0.0,0.018857031875601244,0.14285714285714285,0.0
881181b4c9fffff,2023,10,0,0.0,0.02271240450855687,0.0,0.0
881181b4c9fffff,2024,13,0,0.0,0.018325271049341885,0.15384615384615385,0.07692307692307693
881181b4cbfffff,2022,4,0,0.0,0.02000606835986238,0.0,0.0
881181b4cbfffff,2023,9,0,0.0,0.017321351670633717,0.1111111111111111,0.1111111111111111
881181b4cbfffff,2024,9,0,0.0,0.017189251851640122,0.1111111111111111,0.0
881181b4cdfffff,2022,7,0,0.0,0.10314508612392538,0.14285714285714285,0.42857142857142855
881181b4cdfffff,2023,11,3,0.2727272727272727,0.10385226825009018,0.09090909090909091,0.18181818181818182
881181b4cdfffff,2024,4,0,0.0,0.10269601118107945,0.0,0.5
881181b4d1fffff,2022,5,0,0.0,0.0985736421661966,0.6,0.2
881181b4d1fffff,2023,2,0,0.0,0.09818366674579619,0.0,0.0
881181b4d1fffff,2024,2,0,0.0,0.09766498754649575,0.5,0.0
881181b4d3fffff,2022,5,0,0.0,0.05477833013969276,0.2,0.2
881181b4d3fffff,2023,2,0,0.0,0.05343814827477673,0.0,0.5
881181b4d3fffff,2024,3,0,0.0,0.05318877350862283,0.0,0.0
881181b4d5fffff,2022,3,0,0.0,0.04777604896725061,0.3333333333333333,0.6666666666666666
881181b4d5fffff,2023,3,0,0.0,0.04918055999369858,0.3333333333333333,0.3333333333333333
881181b4d5fffff,2024,7,2,0.2857142857142857,0.049321256498545414,0.2857142857142857,0.42857142857142855
881181b4d7fffff,2022,3,1,0.3333333333333333,0.10832728972060178,0.0,0.3333333333333333
881181b4d7fffff,2023,6,0,0.0,0.10955016305964393,0.3333333333333333,0.3333333333333333
881181b4d7fffff,2024,4,0,0.0,0.1096263532249754,0.5,0.25
881181b4d9fffff,2022,6,1,0.16666666666666666,0.04253059791457559,0.3333333333333333,0.0
881181b4d9fffff,2023,8,1,0.125,0.04464106962560614,0.0,0.125
881181b4d9fffff,2024,5,0,0.0,0.04270427323933076,0.0,0.0
881181b4dbfffff,2022,1,0,0.0,0.10961916950199126,1.0,1.0
881181b4dbfffff,2023,1,0,0.0,0.11032619679056081,0.0,0.0
881181b4ddfffff,2022,4,0,0.0,0.04403113221842521,0.0,0.0
881181b4ddfffff,2023,6,0,0.0,0.04316792017160626,0.0,0.0
881181b4ddfffff,2024,7,0,0.0,0.04322157223564333,0.0,0.0
881181b601fffff,2022,2,0,0.0,0.031529069355670444,0.0,0.5
881181b601fffff,2023,3,0,0.0,0.031064826395716134,0.0,0.0
881181b601fffff,2024,2,0,0.0,0.028925642346950976,0.0,0.5
881181b603fffff,2023,2,0,0.0,0.13153201715900437,0.5,0.0
881181b603fffff,2024,4,0,0.0,0.131380566882995,0.0,0.25
881181b605fffff,2022,1,0,0.0,0.1010447768552976,0.0,0.0
881181b605fffff,2023,1,0,0.0,0.0968890461379352,0.0,0.0
881181b607fffff,2024,1,0,0.0,0.055447898750663756,0.0,1.0
881181b609fffff,2022,13,1,0.07692307692307693,0.03480219201840623,0.23076923076923078,0.23076923076923078
881181b609fffff,2023,11,0,0.0,0.03646179827212684,0.09090909090909091,0.09090909090909091
881181b609fffff,2024,17,1,0.058823529411764705,0.035854238070833315,0.11764705882352941,0.058823529411764705
881181b60bfffff,2022,6,0,0.0,0.08327200357499544,0.0,0.16666666666666666
881181b60bfffff,2023,7,0,0.0,0.08147309904557055,0.0,0.0
881181b60bfffff,2024,11,1,0.09090909090909091,0.08135636772950089,0.0,0.09090909090909091
881181b60dfffff,2022,5,0,0.0,0.09404372191918713,0.4,0.2
881181b60dfffff,2023,8,0,0.0,0.09551783509617233,0.25,0.125
881181b60dfffff,2024,10,0,0.0,0.0972905708024604,0.4,0.0
881181b611fffff,2022,1,0,0.0,0.09623981340385335,0.0,0.0
881181b611fffff,2023,3,0,0.0,0.09384800404829759,0.0,0.0
881181b611fffff,2024,5,0,0.0,0.0921607028214905,0.0,0.2
881181b615fffff,2022,1,0,0.0,0.04692765110124561,0.0,0.0
881181b615fffff,2023,2,0,0.0,0.046239254257410746,0.0,0.5
881181b615fffff,2024,3,0,0.0,0.0456486784438406,0.3333333333333333,0.0
881181b617fffff,2022,2,0,0.0,0.1128627537013874,0.5,0.0
881181b617fffff,2023,2,0,0.0,0.11262220955694073,0.0,0.0
881181b617fffff,2024,4,0,0.0,0.11439661375662062,0.5,0.0
881181b619fffff,2022,6,1,0.16666666666666666,0.07342617523917416,0.0,0.5
881181b619fffff,2023,6,0,0.0,0.07152448450813843,0.3333333333333333,0.16666666666666666
881181b619fffff,2024,7,0,0.0,0.07557609075105658,0.0,0.0
881181b61dfffff,2022,4,0,0.0,0.05703839523269231,0.0,0.25
881181b61dfffff,2023,5,0,0.0,0.04409296798156161,0.2,0.2
881181b61dfffff,2024,7,0,0.0,0.04485589083987658,0.0,0.14285714285714285
881181b623fffff,2022,8,0,0.0,0.06875799496128362,0.25,0.25
881181b623fffff,2023,7,0,0.0,0.06842255219432247,0.42857142857142855,0.0
881181b623fffff,2024,6,0,0.0,0.07023042509438367,0.16666666666666666,0.3333333333333333
881181b629fffff,2022,3,0,0.0,0.08262859671368962,0.3333333333333333,1.0
881181b629fffff,2023,6,0,0.0,0.0816373761782232,0.8333333333333334,0.3333333333333333
881181b629fffff,2024,7,0,0.0,0.08304084863367037,0.42857142857142855,0.42857142857142855
881181b62bfffff,2022,3,0,0.0,0.1278469533342459,0.3333333333333333,0.3333333333333333
881181b62bfffff,2023,5,0,0.0,0.12454304910620802,0.4,0.2
881181b62bfffff,2024,8,0,0.0,0.12599202485763264,0.125,0.25
881181b631fffff,2022,2,0,0.0,0.01585665175005771,0.0,0.5
881181b631fffff,2023,3,0,0.0,0.016069651512140338,0.0,0.0
881181b631fffff,2024,8,0,0.0,0.01631854398791421,0.125,0.0
881181b633fffff,2022,6,0,0.0,0.02396522087323776,0.3333333333333333,0.16666666666666666
881181b633fffff,2023,6,0,0.0,0.021934063170798226,0.0,0.0
881181b633fffff,2024,8,1,0.125,0.02048996613290891,0.25,0.125
881181b635fffff,2022,1,0,0.0,0.04812969168318546,0.0,0.0
881181b635fffff,2023,5,0,0.0,0.04806439341220252,0.0,0.2
881181b635fffff,2024,3,0,0.0,0.04783292252478643,0.0,0.3333333333333333
881181b637fffff,2022,7,0,0.0,0.03756654941470718,0.2857142857142857,0.14285714285714285
881181b637fffff,2023,11,0,0.0,0.037817439279039744,0.2727272727272727,0.09090909090909091
881181b637fffff,2024,3,0,0.0,0.03717231005301719,0.0,0.0
881181b639fffff,2022,5,1,0.2,0.02469893511082189,0.0,0.6
881181b639fffff,2023,5,0,0.0,0.023845034300087338,0.2,0.2
881181b639fffff,2024,10,0,0.0,0.02474102643526844,0.1,0.0
881181b63bfffff,2022,3,0,0.0,0.06745069415346121,0.0,0.3333333333333333
881181b63bfffff,2023,2,0,0.0,0.06734134654186191,0.0,0.0
881181b63bfffff,2024,3,0,0.0,0.06748666373213084,0.0,0.0
881181b63dfffff,2022,4,0,0.0,0.04034785434148946,0.25,0.25
881181b63dfffff,2023,3,1,0.3333333333333333,0.03833277460739571,0.0,0.3333333333333333
881181b63dfffff,2024,5,0,0.0,0.039834992848280876,0.0,0.0
881181b643fffff,2022,2,0,0.0,0.02594553172113526,0.0,0.0
881181b643fffff,2023,5,0,0.0,0.02234312930221428,0.0,0.0
881181b643fffff,2024,8,0,0.0,0.02168572253165922,0.125,0.0
881181b645fffff,2022,4,0,0.0,0.03939365539034682,0.0,0.25
881181b645fffff,2023,11,2,0.18181818181818182,0.04131615834970113,0.2727272727272727,0.18181818181818182
881181b645fffff,2024,4,0,0.0,0.0415334356595912,0.0,0.0
881181b647fffff,2022,1,0,0.0,0.10653948926253402,0.0,0.0
881181b647fffff,2024,3,1,0.3333333333333333,0.10366933969351566,0.0,0.0
881181b64dfffff,2022,2,0,0.0,0.14168076220143722,0.0,0.0
881181b64dfffff,2023,4,1,0.25,0.14009234594071557,0.25,0.0
881181b64dfffff,2024,3,0,0.0,0.1440165827475556,0.6666666666666666,0.0
881181b651fffff,2022,10,0,0.0,0.03644191560606508,0.1,0.0
881181b651fffff,2023,20,0,0.0,0.03665128252268788,0.25,0.0
881181b651fffff,2024,14,0,0.0,0.03560134132183916,0.07142857142857142,0.0
881181b653fffff,2022,7,1,0.14285714285714285,0.03020318229002657,0.0,0.14285714285714285
881181b653fffff,2023,9,0,0.0,0.029314033129472245,0.2222222222222222,0.1111111111111111
881181b653fffff,2024,11,0,0.0,0.02870193847364286,0.18181818181818182,0.2727272727272727
881181b655fffff,2022,9,0,0.0,0.0346044489292433,0.1111111111111111,0.1111111111111111
881181b655fffff,2023,16,0,0.0,0.034600560193785525,0.0,0.0
881181b655fffff,2024,11,0,0.0,0.035836055766554756,0.09090909090909091,0.0
881181b657fffff,2022,9,0,0.0,0.09890445114787987,0.0,0.1111111111111111
881181b657fffff,2023,12,0,0.0,0.09678740612900262,0.16666666666666666,0.25
881181b657fffff,2024,8,0,0.0,0.0971998074844192,0.125,0.0
881181b659fffff,2022,3,1,0.3333333333333333,0.02915183828041828,0.0,0.0
881181b659fffff,2023,5,0,0.0,0.029714433832719434,0.0,0.0
881181b659fffff,2024,11,1,0.09090909090909091,0.02823700146572219,0.2727272727272727,0.0
881181b65bfffff,2022,2,0,0.0,0.08672048191177312,0.0,0.0
881181b65bfffff,2023,9,0,0.0,0.08803595365604992,0.1111111111111111,0.1111111111111111
881181b65bfffff,2024,7,0,0.0,0.08817405036766333,0.0,0.0
881181b65dfffff,2022,4,0,0.0,0.03825884665928813,0.25,0.0
881181b65dfffff,2023,8,0,0.0,0.035665533389291106,0.125,0.125
881181b65dfffff,2024,14,2,0.14285714285714285,0.03860636379046855,0.14285714285714285,0.0
881181b661fffff,2022,7,0,0.0,0.013841498641243151,0.14285714285714285,0.42857142857142855
881181b661fffff,2023,9,0,0.0,0.014769731444820307,0.1111111111111111,0.0
881181b661fffff,2024,9,0,0.0,0.015101762530354371,0.1111111111111111,0.1111111111111111
881181b663fffff,2022,4,0,0.0,0.07450179192863446,0.0,0.25
881181b663fffff,2023,8,0,0.0,0.07311050384451727,0.25,0.25
881181b663fffff,2024,5,0,0.0,0.07452850854753881,0.0,0.2
881181b665fffff,2022,3,0,0.0,0.0844151392419497,0.3333333333333333,0.6666666666666666
881181b665fffff,2023,8,1,0.125,0.08542763771455611,0.375,0.25
881181b665fffff,2024,7,0,0.0,0.08703555060024162,0.14285714285714285,0.2857142857142857
881181b667fffff,2022,4,1,0.25,0.09454496848273626,0.0,0.5
881181b667fffff,2023,3,0,0.0,0.09674303828852975,0.3333333333333333,0.0
881181b667fffff,2024,1,0,0.0,0.09208002042247289,0.0,0.0
881181b669fffff,2022,5,0,0.0,0.04047807147113442,0.2,0.2
881181b669fffff,2023,2,0,0.0,0.03810655488370728,0.5,0.0
881181b669fffff,2024,7,0,0.0,0.04154478700528415,0.14285714285714285,0.0
881181b66bfffff,2022,9,0,0.0,0.06415788544377289,0.0,0.2222222222222222
881181b66bfffff,2023,23,0,0.0,0.06247956314319559,0.13043478260869565,0.34782608695652173
881181b66bfffff,2024,9,0,0.0,0.06374443505542787,0.2222222222222222,0.1111111111111111
881181b66dfffff,2022,6,0,0.0,0.06944572832328723,0.0,0.0
881181b66dfffff,2023,6,1,0.16666666666666666,0.06891220304363162,0.16666666666666666,0.0
881181b66dfffff,2024,4,0,0.0,0.0688215256404025,0.0,0.0
881181b681fffff,2022,1,0,0.0,0.06919773374403798,0.0,1.0
881181b681fffff,2023,2,0,0.0,0.06908289379433505,0.0,0.0
881181b681fffff,2024,1,0,0.0,0.0679782144589108,0.0,0.0
881181b683fffff,2022,10,0,0.0,0.055847753820269186,0.3,0.0
881181b683fffff,2023,7,0,0.0,0.05455904537940707,0.14285714285714285,0.0
881181b683fffff,2024,6,0,0.0,0.054213110144008946,0.0,0.0
881181b685fffff,2022,7,0,0.0,0.023457773112377404,0.0,0.0
881181b685fffff,2023,5,0,0.0,0.024581357844659802,0.2,0.0
881181b685fffff,2024,6,0,0.0,0.02253461832528604,0.16666666666666666,0.0
881181b687fffff,2022,6,1,0.16666666666666666,0.04771237914845978,0.16666666666666666,0.0
881181b687fffff,2023,7,0,0.0,0.04706537923586256,0.0,0.0
881181b687fffff,2024,13,0,0.0,0.045677740794701466,0.07692307692307693,0.0
881181b689fffff,2022,2,0,0.0,0.056054473983204935,0.0,0.0
881181b689fffff,2024,3,0,0.0,0.05481404107140982,0.0,0.0
881181b68dfffff,2022,1,0,0.0,0.06708616450306568,0.0,0.0
881181b68dfffff,2023,1,0,0.0,0.06609020467603965,0.0,0.0
881181b68dfffff,2024,1,0,0.0,0.0688660604420872,0.0,0.0
881181b691fffff,2024,3,0,0.0,0.048782035530856326,0.3333333333333333,0.3333333333333333
881181b693fffff,2022,7,0,0.0,0.029696829941037887,0.0,0.14285714285714285
881181b693fffff,2023,7,0,0.0,0.029258056094476355,0.14285714285714285,0.0
881181b693fffff,2024,4,0,0.0,0.03116241717176086,0.25,0.0
881181b695fffff,2022,2,0,0.0,0.08764310998637892,0.5,0.0
881181b695fffff,2023,3,0,0.0,0.08828904579656704,0.3333333333333333,0.3333333333333333
881181b695fffff,2024,4,2,0.25,0.08747872537021868,0.25,0.0
881181b697fffff,2023,2,0,0.0,0.05759527992731489,0.0,0.0
881181b697fffff,2024,5,1,0.2,0.058550315133145514,0.2,0.0
881181b699fffff,2022,2,0,0.0,0.06421806014858303,0.0,0.0
881181b699fffff,2023,2,0,0.0,0.06614837083557842,0.0,0.0
881181b699fffff,2024,4,1,0.25,0.06243500479331523,0.25,0.0
881181b69bfffff,2022,5,0,0.0,0.03598860338744126,0.0,0.0
881181b69bfffff,2023,10,1,0.1,0.035891107869026814,0.1,0.0
881181b69bfffff,2024,12,1,0.08333333333333333,0.03554210061521144,0.0,0.0
881181b69dfffff,2022,10,0,0.0,0.006742731193415369,0.2,0.1
881181b69dfffff,2023,5,0,0.0,0.006315586720726729,0.4,0.0
881181b69dfffff,2024,6,0,0.0,0.00662629793828251,0.16666666666666666,0.3333333333333333
881181b6a1fffff,2022,2,0,0.0,0.018566146659308187,0.0,0.0
881181b6a1fffff,2023,3,0,0.0,0.019312427492959687,0.0,0.3333333333333333
881181b6a1fffff,2024,8,0,0.0,0.01886781181822829,0.125,0.0
881181b6a3fffff,2022,17,1,0.058823529411764705,0.02920027133303618,0.058823529411764705,0.0625
881181b6a3fffff,2023,17,0,0.0,0.029152156770055462,0.0,0.11764705882352941
881181b6a3fffff,2024,12,0,0.0,0.029775185547797664,0.08333333333333333,0.08333333333333333
881181b6a7fffff,2022,7,1,0.14285714285714285,0.0465202872993461,0.0,0.0
881181b6a7fffff,2023,19,0,0.0,0.04654665041133832,0.0,0.05263157894736842
881181b6a7fffff,2024,13,0,0.0,0.0463131312383244,0.3076923076923077,0.15384615384615385
881181b6a9fffff,2022,1,0,0.0,0.06946126850659469,0.0,0.0
881181b6a9fffff,2023,4,0,0.0,0.0737116374161233,0.25,0.0
881181b6a9fffff,2024,4,0,0.0,0.07353058394800936,0.25,0.0
881181b6abfffff,2022,7,0,0.0,0.0286106494172578,0.14285714285714285,0.0
881181b6abfffff,2023,1,0,0.0,0.0304739301458041,0.0,0.0
881181b6abfffff,2024,9,0,0.0,0.02870348245544302,0.1111111111111111,0.0
881181b6b1fffff,2022,9,0,0.0,0.03126224652248274,0.1111111111111111,0.2222222222222222
881181b6b1fffff,2023,8,0,0.0,0.03132932543596084,0.0,0.0
881181b6b1fffff,2024,13,0,0.0,0.031765250513247675,0.07692307692307693,0.0
881181b6b3fffff,2022,10,0,0.0,0.02329889734714367,0.0,0.0
881181b6b3fffff,2023,11,0,0.0,0.023336751882819015,0.09090909090909091,0.0
881181b6b3fffff,2024,11,1,0.09090909090909091,0.0226272674849715,0.09090909090909091,0.0
881181b6b5fffff,2022,16,1,0.0625,0.029419074324937258,0.0625,0.0
881181b6b5fffff,2023,6,0,0.0,0.027735420285187717,0.0,0.0
881181b6b5fffff,2024,4,0,0.0,0.02736092739214204,0.25,0.0
881181b6b7fffff,2022,6,0,0.0,0.012072990445209486,0.0,0.16666666666666666
881181b6b7fffff,2023,6,0,0.0,0.012925934733837949,0.0,0.0
881181b6b7fffff,2024,7,0,0.0,0.012127769383290207,0.14285714285714285,0.0
881181b6b9fffff,2022,5,0,0.0,0.05066469875532122,0.0,0.0
881181b6b9fffff,2023,12,0,0.0,0.05126893405947419,0.0,0.0
881181b6b9fffff,2024,3,0,0.0,0.05357732811602708,0.0,0.0
881181b6bbfffff,2022,1,0,0.0,0.1046112759242259,0.0,0.0
881181b6bbfffff,2024,4,0,0.0,0.10400554598455428,0.0,0.0
881181b6bdfffff,2022,5,0,0.0,0.008843887466386546,0.0,0.2
881181b6bdfffff,2023,6,0,0.0,0.01122131462476885,0.16666666666666666,0.0
881181b6bdfffff,2024,7,0,0.0,0.010312874822542728,0.14285714285714285,0.14285714285714285
881181b6c1fffff,2022,6,1,0.16666666666666666,0.05235987981801532,0.0,0.0
881181b6c1fffff,2023,11,0,0.0,0.052064036672907266,0.09090909090909091,0.36363636363636365
881181b6c1fffff,2024,11,0,0.0,0.05231652277660959,0.09090909090909091,0.0
881181b6c3fffff,2022,3,0,0.0,0.040977012661350266,0.3333333333333333,0.0
881181b6c3fffff,2023,2,0,0.0,0.03899970055635204,0.0,0.0
881181b6c3fffff,2024,6,0,0.0,0.042672163509034154,0.5,0.0
881181b6c5fffff,2022,2,0,0.0,0.022750542994419615,0.0,0.5
881181b6c5fffff,2023,10,1,0.1,0.022135026579613585,0.3,0.1
881181b6c5fffff,2024,11,0,0.0,0.023085997849971326,0.0,0.09090909090909091
881181b6c7fffff,2022,8,0,0.0,0.019719614895755178,0.0,0.0
881181b6c7fffff,2023,9,0,0.0,0.019464900838509394,0.0,0.0
881181b6c7fffff,2024,11,1,0.09090909090909091,0.020819763207381638,0.09090909090909091,0.18181818181818182
881181b6c9fffff,2022,7,0,0.0,0.028088094417196,0.0,0.0
881181b6c9fffff,2023,8,0,0.0,0.028594660062809814,0.0,0.25
881181b6c9fffff,2024,4,1,0.25,0.028865117209533272,0.25,0.0
881181b6cbfffff,2022,6,0,0.0,0.024225651238733544,0.16666666666666666,0.3333333333333333
881181b6cbfffff,2023,4,0,0.0,0.025165006852016853,0.0,0.25
881181b6cbfffff,2024,2,0,0.0,0.025321461613519416,0.0,0.0
881181b6cdfffff,2023,2,0,0.0,0.061750808389492526,0.5,0.0
881181b6cdfffff,2024,2,0,0.0,0.06381643240372246,0.5,0.5
881181b6d1fffff,2022,4,1,0.25,0.021458158385420343,0.5,0.25
881181b6d1fffff,2023,4,1,0.25,0.021346591682679786,0.25,0.25
881181b6d1fffff,2024,8,0,0.0,0.020951235163432096,0.25,0.125
881181b6d3fffff,2023,5,0,0.0,0.11105509820034402,0.4,0.2
881181b6d3fffff,2024,2,0,0.0,0.11247731549674046,0.5,0.5
881181b6d5fffff,2022,4,0,0.0,0.05209170137717254,0.25,0.0
881181b6d5fffff,2023,2,0,0.0,0.048451276309045097,0.0,0.0
881181b6d5fffff,2024,10,1,0.1,0.05021706939547619,0.1,0.1
881181b6d7fffff,2022,7,0,0.0,0.06915443495751894,0.14285714285714285,0.14285714285714285
881181b6d7fffff,2023,11,1,0.09090909090909091,0.061879250243439946,0.36363636363636365,0.0
881181b6d7fffff,2024,16,1,0.0625,0.06197071478575614,0.0625,0.0
881181b6d9fffff,2022,7,0,0.0,0.023231704384243552,0.0,0.14285714285714285
881181b6d9fffff,2023,5,1,0.2,0.02378236689335249,0.0,0.0
881181b6d9fffff,2024,11,1,0.09090909090909091,0.02200992173940366,0.09090909090909091,0.18181818181818182
881181b6dbfffff,2022,1,0,0.0,0.054807046838885626,0.0,0.0
881181b6dbfffff,2023,1,0,0.0,0.05458810601723696,0.0,0.0
881181b6dbfffff,2024,1,0,0.0,0.052537983712474874,0.0,0.0
881181b6ddfffff,2022,5,0,0.0,0.025402752212764466,0.2,0.0
881181b6ddfffff,2023,3,0,0.0,0.025903532213603263,0.0,0.3333333333333333
881181b6ddfffff,2024,7,0,0.0,0.023964680669860145,0.42857142857142855,0.0
881181b6e1fffff,2022,4,1,0.25,0.07228452113082551,0.25,0.0
881181b6e1fffff,2023,7,0,0.0,0.07096287807841921,0.14285714285714285,0.2857142857142857
881181b6e1fffff,2024,5,0,0.0,0.0733302531086323,0.2,0.2
881181b6e5fffff,2023,4,0,0.0,0.04317311859626048,0.5,0.25
881181b6e5fffff,2024,4,0,0.0,0.045706412853686734,0.0,0.0
881181b6e9fffff,2022,7,0,0.0,0.035169316719028634,0.2857142857142857,0.14285714285714285
881181b6e9fffff,2023,13,0,0.0,0.03522134520886547,0.23076923076923078,0.07692307692307693
881181b6e9fffff,2024,11,0,0.0,0.03634244171519601,0.18181818181818182,0.0
881181b6ebfffff,2024,2,0,0.0,0.08012726041803164,0.0,0.0
881181b6edfffff,2022,2,0,0.0,0.017034922994788766,0.0,0.0
881181b6edfffff,2023,4,0,0.0,0.016545430225534695,0.5,0.0
881181b6edfffff,2024,9,0,0.0,0.01650851602967356,0.2222222222222222,0.1111111111111111
881181b741fffff,2022,2,0,0.0,0.03976003543595043,0.5,0.5
881181b741fffff,2023,2,0,0.0,0.04107506230108029,0.0,0.0
881181b741fffff,2024,6,1,0.16666666666666666,0.04462217221313428,0.5,0.0
881181b749fffff,2023,2,0,0.0,0.05191011470960773,0.0,0.0
881181b749fffff,2024,5,0,0.0,0.04953797119072075,0.0,0.2
881181b74bfffff,2022,4,0,0.0,0.026787881045998038,0.25,0.75
881181b74bfffff,2023,4,0,0.0,0.03486741408911222,0.25,0.0
881181b74bfffff,2024,2,0,0.0,0.023841324293194743,0.0,0.5
881181b74dfffff,2022,3,0,0.0,0.08419381780873748,0.3333333333333333,0.3333333333333333
881181b74dfffff,2024,1,0,0.0,0.0787848539373246,1.0,0.0
881181b765fffff,2022,4,0,0.0,0.02483810891136904,0.0,0.0
881181b765fffff,2023,2,0,0.0,0.02417533379658732,0.0,0.0
881181b765fffff,2024,3,0,0.0,0.026790874494227093,0.0,0.0
881181b76dfffff,2022,3,0,0.0,0.0658376471403515,0.0,0.0
881181b76dfffff,2023,3,0,0.0,0.06740292815037756,0.0,0.0
881181b76dfffff,2024,5,0,0.0,0.06613776971541177,0.0,0.0
88118524b7fffff,2022,1,0,0.0,0.1423256616490081,0.0,0.0
8811852515fffff,2024,1,0,0.0,0.18706144125757865,0.0,0.0
8811852531fffff,2022,1,0,0.0,0.032664755276578326,0.0,0.0
8811852531fffff,2023,2,0,0.0,0.0307943491895094,0.0,0.5
8811852587fffff,2022,2,0,0.0,0.09198911637303912,0.5,0.5
8811852591fffff,2024,1,0,0.0,0.2529989730730313,0.0,0.0
88118525bbfffff,2024,1,1,1.0,0.05395905053039383,0.0,1.0
88118525e3fffff,2022,1,1,1.0,0.31706942658368664,1.0,1.0
88118525e5fffff,2022,3,0,0.0,0.04432693817238973,0.3333333333333333,0.6666666666666666
88118525e5fffff,2023,3,2,0.3333333333333333,0.04440667915465801,0.3333333333333333,0.3333333333333333
88118525e5fffff,2024,3,1,0.3333333333333333,0.061350943516598706,0.0,0.0
88118525e7fffff,2022,1,0,0.0,0.18260838046806963,1.0,0.0
88118525e7fffff,2023,2,0,0.0,0.201302375209306,0.5,0.0
88118525e7fffff,2024,2,0,0.0,0.17790589546442714,0.0,0.0
8811852ebbfffff,2024,1,1,1.0,0.20478211884493053,0.0,0.0
8811aa0001fffff,2022,1,0,0.0,0.08465102442787645,0.0,0.0
8811aa0003fffff,2022,1,0,0.0,0.08163978868091441,0.0,0.0
8811aa0003fffff,2023,3,0,0.0,0.08137593937158831,0.0,1.0
8811aa0003fffff,2024,2,0,0.0,0.07899254836676856,0.0,0.0
8811aa0005fffff,2022,2,0,0.0,0.04596200084722254,0.0,0.0
8811aa0005fffff,2023,1,0,0.0,0.04823106397363328,0.0,0.0
8811aa0005fffff,2024,3,0,0.0,0.04490044955790005,0.0,0.0
8811aa0017fffff,2023,1,0,0.0,0.07352078012011166,0.0,0.0
8811aa0017fffff,2024,1,0,0.0,0.07543654903641833,0.0,0.0
8811aa001dfffff,2022,1,0,0.0,0.05093493596043815,0.0,0.0
8811aa0021fffff,2022,21,0,0.0,0.006427166964334112,0.047619047619047616,0.047619047619047616
8811aa0021fffff,2023,7,0,0.0,0.007090581542848122,0.2857142857142857,0.0
8811aa0021fffff,2024,6,0,0.0,0.0055749636058560524,0.16666666666666666,0.0
8811aa0023fffff,2022,9,0,0.0,0.03206629879356434,0.0,0.0
8811aa0023fffff,2023,8,0,0.0,0.030832369509092718,0.125,0.0
8811aa0023fffff,2024,13,0,0.0,0.030752746240282118,0.23076923076923078,0.0
8811aa0025fffff,2022,3,0,0.0,0.048510922351402856,0.0,0.0
8811aa0025fffff,2023,3,0,0.0,0.04770060362960093,0.0,0.3333333333333333
8811aa0025fffff,2024,2,0,0.0,0.04492344730331095,0.5,0.0
8811aa0027fffff,2022,5,0,0.0,0.05061094037349527,0.2,0.0
8811aa0027fffff,2023,3,0,0.0,0.05073084094002653,0.3333333333333333,0.0
8811aa0027fffff,2024,3,0,0.0,0.051167089656835946,0.0,0.0
8811aa0029fffff,2022,8,0,0.0,0.03368145100426604,0.0,0.0
8811aa0029fffff,2023,10,0,0.0,0.03442618023397068,0.2,0.0
8811aa0029fffff,2024,9,1,0.1111111111111111,0.033376182217654746,0.0,0.0
8811aa002bfffff,2022,8,0,0.0,0.0052010399517793664,0.0,0.125
8811aa002bfffff,2023,1,0,0.0,0.005466396745348953,0.0,1.0
8811aa002bfffff,2024,1,0,0.0,0.0067291612557050596,0.0,0.0
8811aa002dfffff,2022,3,0,0.0,0.06465530770623933,0.3333333333333333,0.0
8811aa002dfffff,2023,8,0,0.0,0.06527015066299593,0.0,0.0
8811aa002dfffff,2024,8,0,0.0,0.06477234981111937,0.125,0.0
8811aa0031fffff,2022,4,0,0.0,0.0839930864793957,0.0,0.25
8811aa0031fffff,2023,6,0,0.0,0.08278993895849195,0.0,0.0
8811aa0031fffff,2024,3,0,0.0,0.08399483805610457,0.0,0.0
8811aa0033fffff,2022,2,0,0.0,0.02989528132580769,0.0,0.0
8811aa0033fffff,2023,3,0,0.0,0.033618299142363146,0.0,0.0
8811aa0033fffff,2024,4,0,0.0,0.03112292270180841,0.0,0.0
8811aa0035fffff,2022,5,0,0.0,0.06607048936850393,0.4,0.8
8811aa0035fffff,2023,3,0,0.0,0.06640121403635815,0.0,0.0
8811aa0035fffff,2024,6,1,0.16666666666666666,0.06489252414080127,0.0,0.0
8811aa0037fffff,2022,1,0,0.0,0.1379497020455363,0.0,0.0
8811aa0037fffff,2023,2,0,0.0,0.1400530399668808,0.0,0.0
8811aa0037fffff,2024,2,0,0.0,0.1381621540282052,0.0,0.0
8811aa0039fffff,2024,1,0,0.0,0.16589425646347597,0.0,0.0
8811aa003dfffff,2022,1,0,0.0,0.018268556288903004,0.0,0.0
8811aa003dfffff,2023,2,1,0.5,0.01997111342812595,0.0,0.0
8811aa0055fffff,2022,1,0,0.0,0.04997575583849485,0.0,0.0
8811aa0063fffff,2022,4,0,0.0,0.08485564202843235,0.0,0.0
8811aa0063fffff,2023,1,0,0.0,0.0818936651014463,0.0,0.0
8811aa00e1fffff,2022,1,1,1.0,0.030412807423408694,1.0,0.0
8811aa00e1fffff,2023,1,0,0.0,0.024860397675596214,0.0,0.0
8811aa00e1fffff,2024,1,0,0.0,0.02636888807881276,0.0,0.0
8811aa00e5fffff,2022,2,0,0.0,0.12184900018239192,0.0,0.0
8811aa00e5fffff,2023,2,0,0.0,0.09593020523387964,0.5,0.0
8811aa00e5fffff,2024,11,0,0.0,0.09869171378319593,0.2727272727272727,0.0
8811aa00e9fffff,2022,2,0,0.0,0.024974512130462995,0.5,0.0
8811aa00e9fffff,2023,1,0,0.0,0.023814748481767865,0.0,0.0
8811aa00e9fffff,2024,1,0,0.0,0.019063801848602374,0.0,1.0
8811aa00edfffff,2022,3,0,0.0,0.06995840977683862,0.0,0.0
8811aa00edfffff,2023,2,0,0.0,0.07147360927400095,0.0,0.0
8811aa00edfffff,2024,3,0,0.0,0.07056101580827599,0.0,0.0
8811aa0113fffff,2022,1,0,0.0,0.06603833651845115,1.0,0.0
8811aa0113fffff,2023,1,0,0.0,0.06955796092855769,0.0,0.0
8811aa0113fffff,2024,2,0,0.0,0.0751456206248351,0.5,0.0
8811aa0117fffff,2022,2,0,0.0,0.0656538141081905,0.0,0.0
8811aa011bfffff,2022,4,1,0.25,0.07035028672295451,0.25,0.25
8811aa011bfffff,2023,3,0,0.0,0.06953279558240459,0.0,0.0
8811aa011bfffff,2024,4,0,0.0,0.07008896499447284,0.0,0.0
8811aa0153fffff,2022,4,0,0.0,0.05103500238032612,0.25,0.0
8811aa0153fffff,2023,2,0,0.0,0.051536351397910185,0.0,0.0
8811aa0153fffff,2024,3,0,0.0,0.04846614943321074,0.0,0.0
8811aa015bfffff,2023,1,0,0.0,0.03336900505202071,0.0,0.0
8811aa0183fffff,2022,1,0,0.0,0.03840401128399291,0.0,0.0
8811aa0183fffff,2024,1,0,0.0,0.037672539886153725,0.0,0.0
8811aa018bfffff,2022,1,0,0.0,0.022562920231817194,1.0,0.0
8811aa018bfffff,2023,2,0,0.0,0.0260854136102006,0.0,0.0
8811aa018bfffff,2024,2,0,0.0,0.025139970640862788,0.0,0.0
8811aa0191fffff,2024,1,0,0.0,0.10435845009731222,0.0,0.0
8811aa0199fffff,2023,1,0,0.0,0.03594620168183704,0.0,0.0
8811aa0199fffff,2024,1,0,0.0,0.03102989824128042,0.0,0.0
8811aa019dfffff,2023,2,0,0.0,0.10140997841174029,0.0,0.0
8811aa01b9fffff,2022,2,0,0.0,0.05672752244457749,0.0,0.0
8811aa01bbfffff,2023,1,2,1.0,0.05484661150350041,1.0,0.0
8811aa01c1fffff,2024,2,0,0.0,0.13555206702839137,0.0,0.0
8811aa01c3fffff,2022,1,0,0.0,0.028622235369518845,0.0,0.0
8811aa01c3fffff,2023,3,1,0.3333333333333333,0.0323742918469759,0.0,0.0
8811aa01c3fffff,2024,2,0,0.0,0.031292839072466015,0.0,0.0
8811aa01c9fffff,2022,5,0,0.0,0.07131490813816284,0.4,0.0
8811aa01c9fffff,2023,6,0,0.0,0.0714401119030177,0.16666666666666666,0.0
8811aa01c9fffff,2024,9,0,0.0,0.0709485445507519,0.2222222222222222,0.0
8811aa01cdfffff,2022,4,0,0.0,0.04676987711497634,0.25,0.25
8811aa01cdfffff,2023,2,0,0.0,0.047236487572327845,0.0,0.0
8811aa01cdfffff,2024,1,0,0.0,0.047263470831832084,0.0,0.0
8811aa01d1fffff,2023,7,0,0.0,0.04958348295171576,0.0,0.0
8811aa01d1fffff,2024,4,0,0.0,0.05063740318371227,0.25,0.25
8811aa01d3fffff,2022,3,1,0.3333333333333333,0.0735797461299636,0.0,0.6666666666666666
8811aa01d3fffff,2023,2,0,0.0,0.07196603235743562,0.0,0.0
8811aa01d3fffff,2024,2,0,0.0,0.07122422864464287,0.0,0.0
8811aa01d5fffff,2022,2,0,0.0,0.057251600423936386,0.0,0.0
8811aa01d5fffff,2023,4,0,0.0,0.057200771445791915,0.25,0.0
8811aa01d5fffff,2024,3,0,0.0,0.05697007393615503,0.0,0.0
8811aa01d7fffff,2022,1,0,0.0,0.10908611999329863,0.0,0.0
8811aa01d7fffff,2023,2,0,0.0,0.10946277759220399,0.0,0.0
8811aa01d7fffff,2024,1,0,0.0,0.11400090384502548,0.0,0.0
8811aa01d9fffff,2022,8,0,0.0,0.022789656449423542,0.0,0.125
8811aa01d9fffff,2023,10,2,0.2,0.02189535036643968,0.0,0.0
8811aa01d9fffff,2024,10,0,0.0,0.0228013956575791,0.2,0.0
8811aa01ddfffff,2022,7,0,0.0,0.03697509878868372,0.2857142857142857,0.14285714285714285
8811aa01ddfffff,2023,6,0,0.0,0.035849063821503074,0.16666666666666666,0.0
8811aa01ddfffff,2024,10,1,0.1,0.037886203466464374,0.0,0.0
8811aa01e9fffff,2022,1,0,0.0,0.021645914668890508,0.0,0.0
8811aa01edfffff,2023,1,0,0.0,0.0739828829668925,0.0,0.0
8811aa01edfffff,2024,1,0,0.0,0.07084799505418718,0.0,0.0
8811aa08a5fffff,2022,1,0,0.0,0.04111367702917618,0.0,0.0
8811aa08a5fffff,2023,1,0,0.0,0.04364488762283161,1.0,0.0
8811aa08a5fffff,2024,1,1,1.0,0.04262638578011667,0.0,0.0
8811aa08b3fffff,2023,1,0,0.0,0.06491447544146593,0.0,0.0
8811aa08b3fffff,2024,1,0,0.0,0.06324253032443898,0.0,0.0
8811aa08b7fffff,2022,4,0,0.0,0.04762311061115864,0.5,0.25
8811aa08b7fffff,2023,2,0,0.0,0.052139425837454664,0.5,0.5
8811aa08b7fffff,2024,1,0,0.0,0.05250614076496986,0.0,0.0
8811aa0929fffff,2024,1,0,0.0,0.08601554097959507,0.0,0.0
8811aa092dfffff,2024,1,0,0.0,0.15972382697659748,0.0,0.0
8811aa0931fffff,2022,3,0,0.0,0.0901871557353812,0.0,0.0
8811aa0931fffff,2023,2,0,0.0,0.08821665161366235,0.0,0.0
8811aa0931fffff,2024,2,0,0.0,0.08681341327354619,0.0,0.0
8811aa0933fffff,2022,1,0,0.0,0.11369948059895618,0.0,1.0
8811aa0937fffff,2023,2,0,0.0,0.07954778290834415,0.0,0.5
8811aa0937fffff,2024,2,0,0.0,0.08080192594495193,0.0,0.0
8811aa093dfffff,2022,1,0,0.0,0.1529453714358247,0.0,0.0
8811aa093dfffff,2023,1,0,0.0,0.15318767564627467,0.0,0.0
8811aa093dfffff,2024,1,0,0.0,0.15205314408306927,0.0,0.0
8811aa0981fffff,2022,1,0,0.0,0.10018783140686441,0.0,0.0
8811aa0981fffff,2023,1,0,0.0,0.10056600859459953,0.0,0.0
8811aa0981fffff,2024,1,0,0.0,0.10018783140686441,0.0,0.0
8811aa0983fffff,2022,8,0,0.0,0.03226533410567987,0.0,0.0
8811aa0983fffff,2023,5,0,0.0,0.03231760960118389,0.0,0.0
8811aa0983fffff,2024,13,1,0.07692307692307693,0.031064217305927545,0.15384615384615385,0.0
8811aa0987fffff,2022,4,0,0.0,0.008013671648468234,0.0,0.25
8811aa0987fffff,2023,4,0,0.0,0.006971274238868836,0.25,0.0
8811aa0987fffff,2024,6,0,0.0,0.008540636809873737,0.16666666666666666,0.0
8811aa0991fffff,2022,13,0,0.0,0.027146527220476023,0.15384615384615385,0.15384615384615385
8811aa0991fffff,2023,12,0,0.0,0.02622975745204259,0.08333333333333333,0.0
8811aa0991fffff,2024,8,0,0.0,0.026344669882110535,0.375,0.0
8811aa0993fffff,2022,1,0,0.0,0.0665505875442162,0.0,0.0
8811aa0993fffff,2023,4,0,0.0,0.06237655716289778,0.25,0.0
8811aa0995fffff,2022,10,0,0.0,0.0071287319279019585,0.0,0.0
8811aa0995fffff,2023,14,0,0.0,0.007221970357774371,0.07142857142857142,0.07142857142857142
8811aa0995fffff,2024,19,0,0.0,0.006473257290970221,0.10526315789473684,0.0
8811aa0997fffff,2022,6,0,0.0,0.041312654254276306,0.0,0.3333333333333333
8811aa0997fffff,2023,7,0,0.0,0.04429854009387087,0.2857142857142857,0.14285714285714285
8811aa0997fffff,2024,8,0,0.0,0.04406690280499477,0.125,0.0
8811aa0999fffff,2022,6,1,0.16666666666666666,0.07140571321619155,0.3333333333333333,0.0
8811aa0999fffff,2023,15,0,0.0,0.06303819667678065,0.06666666666666667,0.0
8811aa0999fffff,2024,7,1,0.14285714285714285,0.06392384058064489,0.14285714285714285,0.0
8811aa099bfffff,2024,1,0,0.0,0.06035636127185322,0.0,0.0
8811aa099dfffff,2022,9,0,0.0,0.0070891668737290735,0.1111111111111111,0.0
8811aa099dfffff,2023,10,0,0.0,0.006258924396111173,0.0,0.0
8811aa099dfffff,2024,9,0,0.0,0.006734892215177644,0.1111111111111111,0.1111111111111111
8811aa09a3fffff,2022,2,0,0.0,0.026421958879049696,0.0,0.0
8811aa09abfffff,2022,1,0,0.0,0.0709346158370644,0.0,0.0
8811aa09abfffff,2024,1,0,0.0,0.07449896648159673,0.0,0.0
8811aa09b1fffff,2022,1,0,0.0,0.12728622821131752,1.0,1.0
8811aa09b1fffff,2023,1,0,0.0,0.1295090034284871,0.0,0.0
8811aa09b1fffff,2024,1,0,0.0,0.1276165979009817,0.0,0.0
8811aa09b3fffff,2022,6,0,0.0,0.042636492681374226,0.16666666666666666,0.0
8811aa09b3fffff,2023,9,0,0.0,0.04266131577352483,0.0,0.0
8811aa09b3fffff,2024,23,0,0.0,0.041955328206283046,0.17391304347826086,0.043478260869565216
8811aa09b5fffff,2022,3,0,0.0,0.032686234384716545,0.0,0.0
8811aa09b5fffff,2023,2,0,0.0,0.030778509493478184,0.0,0.0
8811aa09b5fffff,2024,1,0,0.0,0.026313442114033827,1.0,0.0
8811aa09b7fffff,2022,2,0,0.0,0.11114752806608247,0.0,0.0
8811aa09b7fffff,2023,3,1,0.3333333333333333,0.1098560281368365,0.6666666666666666,0.0
8811aa09b7fffff,2024,2,0,0.0,0.1095282178725945,0.0,0.0
8811aa09b9fffff,2022,2,0,0.0,0.07233004585769726,0.0,0.0
8811aa09b9fffff,2023,4,0,0.0,0.07344493716804061,0.5,0.0
8811aa09b9fffff,2024,13,1,0.07692307692307693,0.07397243164512447,0.23076923076923078,0.07692307692307693
8811aa09bbfffff,2022,12,0,0.0,0.026766084614438638,0.16666666666666666,0.08333333333333333
8811aa09bbfffff,2023,15,0,0.0,0.025714865983699497,0.06666666666666667,0.0
8811aa09bbfffff,2024,9,0,0.0,0.026492159559374888,0.1111111111111111,0.0
8811aa0d0bfffff,2024,1,0,0.0,0.0932048338580933,1.0,0.0
8811aa0d0dfffff,2022,3,0,0.0,0.0608069971402802,0.3333333333333333,0.6666666666666666
8811aa0d0dfffff,2023,1,0,0.0,0.06045697039509446,1.0,0.0
8811aa0d0dfffff,2024,1,0,0.0,0.05894426164415397,1.0,0.0
8811aa0d25fffff,2022,2,0,0.0,0.04588625749614281,0.0,0.0
8811aa0d25fffff,2023,7,0,0.0,0.044141315710773905,0.0,0.14285714285714285
8811aa0d25fffff,2024,3,0,0.0,0.04265044299332762,0.0,0.3333333333333333
8811aa0d29fffff,2022,5,0,0.0,0.07059634415806668,0.6,0.0
8811aa0d29fffff,2023,2,0,0.0,0.07000872931668839,1.0,0.0
8811aa0d29fffff,2024,1,0,0.0,0.07350136157530189,0.0,0.0
8811aa0d2dfffff,2022,6,0,0.0,0.03094818992958427,0.3333333333333333,0.3333333333333333
8811aa0d2dfffff,2023,1,0,0.0,0.03099975266302436,0.0,0.0
8811aa0d2dfffff,2024,4,0,0.0,0.0299441678301762,0.0,0.5
8811aa0d41fffff,2022,3,0,0.0,0.06289288289697824,0.0,0.0
8811aa0d41fffff,2023,5,0,0.0,0.06270550597081295,0.6,0.8
8811aa0d41fffff,2024,5,0,0.0,0.06397893356137656,0.0,0.2
8811aa0d43fffff,2022,1,0,0.0,0.08412993552595731,0.0,0.0
8811aa0d43fffff,2023,2,0,0.0,0.08500476429075114,0.0,0.5
8811aa0d45fffff,2022,1,0,0.0,0.03566487952026696,0.0,0.0
8811aa0d45fffff,2023,1,1,1.0,0.03723195507894448,0.0,1.0
8811aa0d47fffff,2022,2,0,0.0,0.02913203722666524,0.0,0.0
8811aa0d47fffff,2023,1,0,0.0,0.026220308483332535,0.0,0.0
8811aa0d47fffff,2024,3,0,0.0,0.02753410539939542,0.0,0.3333333333333333
8811aa0d4bfffff,2022,7,1,0.14285714285714285,0.09977984454271945,0.5714285714285714,0.2857142857142857
8811aa0d4dfffff,2022,3,0,0.0,0.0985314499965736,0.3333333333333333,0.3333333333333333
8811aa0d4dfffff,2024,1,0,0.0,0.09839392413614613,0.0,0.0
8811aa0d51fffff,2024,1,1,1.0,0.23742885054321874,1.0,0.0
8811aa0d57fffff,2023,1,1,1.0,0.10764362250451927,1.0,0.0
8811aa0d5dfffff,2024,2,0,0.0,0.038432475997235066,0.0,0.0
8811aa0d61fffff,2022,5,0,0.0,0.02664990854781994,0.0,0.0
8811aa0d61fffff,2023,1,0,0.0,0.028084798240395885,1.0,1.0
8811aa0d61fffff,2024,3,0,0.0,0.027687379318422193,0.3333333333333333,0.0
8811aa0d63fffff,2022,3,0,0.0,0.051224123800477646,0.0,0.3333333333333333
8811aa0d63fffff,2023,2,0,0.0,0.04923384099279645,0.0,0.0
8811aa0d63fffff,2024,1,0,0.0,0.048312512314686015,0.0,0.0
8811aa0d65fffff,2022,2,0,0.0,0.039698294533275155,0.0,0.0
8811aa0d65fffff,2023,4,0,0.0,0.04041980063142247,0.25,0.0
8811aa0d65fffff,2024,5,0,0.0,0.04032371388252838,0.4,0.0
8811aa0d69fffff,2024,1,0,0.0,0.06367205957390089,0.0,0.0
8811aa0d6bfffff,2022,4,0,0.0,0.023818110597940166,0.25,0.25
8811aa0d6bfffff,2023,3,0,0.0,0.025559145513501264,0.0,0.3333333333333333
8811aa0d6bfffff,2024,3,1,0.3333333333333333,0.025876476072928197,0.0,0.6666666666666666
8811aa0f23fffff,2022,1,1,1.0,0.031121568605714363,0.0,1.0
8811aa0f23fffff,2023,1,0,0.0,0.030962332239627903,0.0,1.0
8811aa0f23fffff,2024,2,0,0.0,0.031393512748577164,0.0,0.0
8811aa0f27fffff,2022,1,0,0.0,0.09912516841294956,0.0,0.0
8811aa0f27fffff,2023,1,0,0.0,0.10215058591483056,0.0,0.0
8811aa0f27fffff,2024,1,0,0.0,0.10193738302973562,0.0,0.0
8811aa0f2bfffff,2023,1,0,0.0,0.0953999221272807,0.0,1.0
8811aa0f31fffff,2022,2,1,0.5,0.11286458341023098,0.0,0.5
8811aa0f31fffff,2023,2,0,0.0,0.11005272679329241,0.5,0.5
8811aa0f31fffff,2024,2,0,0.0,0.1117916484601828,0.5,0.0
8811aa0f35fffff,2022,4,1,0.25,0.043376641737516985,0.25,0.0
8811aa0f35fffff,2023,9,0,0.0,0.029626558579587514,0.3333333333333333,0.2222222222222222
8811aa0f35fffff,2024,1,0,0.0,0.0332071072623663,0.0,1.0
8811aa0f39fffff,2022,4,0,0.0,0.12136915361688035,0.25,0.25
8811aa0f39fffff,2023,4,0,0.0,0.12170284516991486,0.0,0.0
8811aa0f39fffff,2024,7,0,0.0,0.12090003815063588,0.2857142857142857,0.2857142857142857
8811aa0f3dfffff,2022,4,0,0.0,0.048666207247126114,0.0,0.25
8811aa0f3dfffff,2023,4,0,0.0,0.0495433233091175,0.0,0.0
8811aa0f3dfffff,2024,1,0,0.0,0.047742280511797665,0.0,0.0
8811aa4001fffff,2022,2,0,0.0,0.1567626681169771,0.0,0.0
8811aa4001fffff,2023,1,0,0.0,0.1598611444922352,1.0,0.0
8811aa4003fffff,2022,1,0,0.0,0.0592633805874621,0.0,0.0
8811aa4003fffff,2023,1,0,0.0,0.05993514752973908,0.0,0.0
8811aa4003fffff,2024,2,0,0.0,0.06301530023703222,0.0,0.0
8811aa4005fffff,2022,1,0,0.0,0.04765013794275157,0.0,0.0
8811aa4005fffff,2023,1,0,0.0,0.04975996470307586,0.0,0.0
8811aa4005fffff,2024,1,0,0.0,0.050297378256897445,0.0,0.0
8811aa4007fffff,2023,2,0,0.0,0.1457374129005693,0.5,0.0
8811aa4007fffff,2024,2,0,0.0,0.14757971225694264,0.0,0.0
8811aa400dfffff,2024,1,0,0.0,0.10687707260978747,0.0,0.0
8811aa4013fffff,2023,1,0,0.0,0.2876110490342648,0.0,0.0
8811aa4019fffff,2022,1,0,0.0,0.06133258575926946,0.0,0.0
8811aa4019fffff,2024,1,0,0.0,0.061198232370814065,0.0,0.0
8811aa4021fffff,2022,1,1,1.0,0.2156813748783992,0.0,1.0
8811aa4021fffff,2023,1,0,0.0,0.2165471996646938,0.0,1.0
8811aa4023fffff,2022,4,0,0.0,0.16321310257026095,0.25,0.25
8811aa4023fffff,2023,1,0,0.0,0.15985713030329005,1.0,1.0
8811aa4023fffff,2024,1,0,0.0,0.16612538653987094,1.0,1.0
8811aa402bfffff,2024,1,0,0.0,0.07522625999821754,0.0,0.0
8811aa402dfffff,2022,1,0,0.0,0.08094547480445094,0.0,1.0
8811aa402dfffff,2023,1,0,0.0,0.08232383016693605,0.0,1.0
8811aa402dfffff,2024,4,1,0.25,0.0851784202665248,0.25,0.5
8811aa4033fffff,2023,1,0,0.0,0.07490698791997885,0.0,0.0
8811aa4033fffff,2024,2,0,0.0,0.07277473646374419,0.5,0.0
8811aa4035fffff,2023,1,2,1.0,0.08596502954609647,1.0,1.0
8811aa4035fffff,2024,2,1,0.5,0.08434743712973074,1.0,0.0
8811aa4039fffff,2022,2,0,0.0,0.02500710279383577,0.5,0.0
8811aa4039fffff,2023,2,0,0.0,0.024107233195927644,0.0,0.0
8811aa4039fffff,2024,1,1,1.0,0.025215362192672185,0.0,0.0
8811aa403dfffff,2023,1,0,0.0,0.08994214148171449,0.0,1.0
8811aa403dfffff,2024,1,0,0.0,0.08734578642293196,0.0,0.0
8811aa4041fffff,2022,1,0,0.0,0.05284617223646891,1.0,0.0
8811aa4041fffff,2024,1,0,0.0,0.04788666215031627,0.0,0.0
8811aa4045fffff,2024,1,0,0.0,0.06208448361402688,0.0,0.0
8811aa4047fffff,2022,1,0,0.0,0.1582823383544413,0.0,0.0
8811aa404bfffff,2023,1,0,0.0,0.026890175221169713,0.0,0.0
8811aa404bfffff,2024,1,0,0.0,0.026352761667348127,0.0,0.0
8811aa4055fffff,2023,1,0,0.0,0.06024105951875968,0.0,0.0
8811aa4055fffff,2024,1,0,0.0,0.061540565384605235,0.0,0.0
8811aa4057fffff,2023,1,0,0.0,0.05835487821946212,0.0,0.0
8811aa4065fffff,2022,1,0,0.0,0.040061654246134074,0.0,0.0
8811aa4065fffff,2024,2,1,0.5,0.042337770032665326,0.5,0.0
8811aa4067fffff,2022,1,0,0.0,0.14246479716015323,0.0,0.0
8811aa4069fffff,2023,3,0,0.0,0.05043618979655375,0.0,0.3333333333333333
8811aa4069fffff,2024,1,0,0.0,0.05287545648917523,0.0,0.0
8811aa406bfffff,2022,1,0,0.0,0.008856804400699601,0.0,0.0
8811aa406bfffff,2023,1,0,0.0,0.015445052958283167,0.0,0.0
8811aa4085fffff,2022,1,0,0.0,0.0801656741529466,1.0,1.0
8811aa4085fffff,2023,1,0,0.0,0.07671313488118074,0.0,1.0
8811aa4085fffff,2024,1,0,0.0,0.07973395153058684,0.0,0.0
8811aa4087fffff,2022,1,0,0.0,0.11016785295579323,0.0,0.0
8811aa4087fffff,2024,1,0,0.0,0.11070564901436576,0.0,1.0
8811aa4089fffff,2022,1,0,0.0,0.04835748918078852,0.0,0.0
8811aa4089fffff,2024,1,0,0.0,0.052139261058139756,0.0,0.0
8811aa408dfffff,2022,1,0,0.0,0.0164921416024452,0.0,1.0
8811aa408dfffff,2023,1,0,0.0,0.013924887869017705,0.0,0.0
8811aa408dfffff,2024,2,0,0.0,0.014358560056579877,0.0,0.0
8811aa4091fffff,2024,1,0,0.0,0.10979308961364896,0.0,1.0
8811aa4095fffff,2022,3,1,0.3333333333333333,0.013746919210197333,0.0,0.3333333333333333
8811aa4095fffff,2023,1,0,0.0,0.01206284637558821,0.0,0.0
8811aa4097fffff,2023,1,1,1.0,0.10580440574767007,1.0,0.0
8811aa40a1fffff,2022,4,0,0.0,0.026848040628851617,0.0,0.25
8811aa40a1fffff,2023,7,0,0.0,0.02485089579195552,0.14285714285714285,0.0
8811aa40a1fffff,2024,6,0,0.0,0.025571372870087348,0.0,0.3333333333333333
8811aa40a3fffff,2022,2,0,0.0,0.018621782139688965,0.5,0.0
8811aa40a3fffff,2024,2,0,0.0,0.016489592262151784,0.0,0.0
8811aa40a7fffff,2022,1,0,0.0,0.10713239021600267,0.0,0.0
8811aa40a7fffff,2024,1,0,0.0,0.10297665949864027,0.0,0.0
8811aa40b1fffff,2022,3,0,0.0,0.04582127660593055,0.3333333333333333,0.0
8811aa40b1fffff,2023,2,0,0.0,0.046735300778199956,1.0,0.0
8811aa40b3fffff,2022,1,0,0.0,0.031177630273433368,0.0,0.0
8811aa40b7fffff,2023,1,1,1.0,0.19817816397745852,1.0,0.0
8811aa40b9fffff,2022,1,0,0.0,0.10941347881552911,1.0,0.0
8811aa40b9fffff,2023,3,0,0.0,0.10807027163046268,0.0,0.0
8811aa40bbfffff,2022,2,0,0.0,0.10070905368014253,0.5,0.0
8811aa40bbfffff,2023,1,0,0.0,0.09660711947530139,0.0,0.0
8811aa40bbfffff,2024,1,0,0.0,0.10011362526607573,1.0,0.0
8811aa40bdfffff,2023,1,0,0.0,0.09829059162058482,0.0,0.0
8811aa40bdfffff,2024,1,0,0.0,0.09263777706135268,1.0,0.0
8811aa40d1fffff,2023,1,0,0.0,0.07920206746123408,1.0,1.0
8811aa40d3fffff,2023,2,0,0.0,0.021370120774467385,0.0,0.0
8811aa40d5fffff,2022,1,0,0.0,0.07405508940965966,1.0,0.0
8811aa40e3fffff,2022,1,0,0.0,0.05597083040021431,0.0,0.0
8811aa40e3fffff,2024,1,0,0.0,0.05888677749127097,0.0,0.0
8811aa40e7fffff,2024,1,0,0.0,0.1183062466809178,0.0,0.0
8811aa40edfffff,2022,1,0,0.0,0.025749613736826535,0.0,1.0
8811aa40edfffff,2023,2,0,0.0,0.029747834757213522,0.0,0.0
8811aa4101fffff,2023,1,0,0.0,0.03906075440546234,0.0,0.0
8811aa4101fffff,2024,2,0,0.0,0.041062070693741445,0.0,0.5
8811aa4107fffff,2023,1,0,0.0,0.034750744418013534,0.0,0.0
8811aa4107fffff,2024,1,0,0.0,0.03387987991088262,1.0,0.0
8811aa4109fffff,2022,1,0,0.0,0.05829775034165312,1.0,0.0
8811aa4109fffff,2023,1,1,1.0,0.05729839354001552,0.0,0.0
8811aa4109fffff,2024,2,1,0.5,0.05597974263309262,0.0,0.0
8811aa4113fffff,2023,1,0,0.0,0.495194467852626,0.0,0.0
8811aa4129fffff,2023,1,1,1.0,0.17812026998661007,1.0,0.0
8811aa412bfffff,2022,1,0,0.0,0.010006223402900546,0.0,1.0
8811aa412bfffff,2024,1,0,0.0,0.011758155100645875,0.0,0.0
8811aa4135fffff,2022,1,0,0.0,0.07385029653734324,0.0,0.0
8811aa4143fffff,2024,1,0,0.0,0.02783603131382079,0.0,0.0
8811aa4149fffff,2022,2,0,0.0,0.06937733191071296,0.0,0.0
8811aa4149fffff,2023,2,0,0.0,0.0691882433168454,0.0,0.0
8811aa414bfffff,2022,1,1,1.0,0.031755155725343015,0.0,1.0
8811aa414bfffff,2023,2,0,0.0,0.030214503776119124,0.0,0.5
8811aa414bfffff,2024,2,0,0.0,0.03203745322615216,0.0,0.5
8811aa414dfffff,2022,1,0,0.0,0.15541574621294993,0.0,0.0
8811aa4183fffff,2023,1,0,0.0,0.02501363745505798,0.0,0.0
8811aa4183fffff,2024,2,0,0.0,0.021883718792502692,0.0,0.0
8811aa4189fffff,2022,1,0,0.0,0.18387348154937339,0.0,1.0
8811aa4199fffff,2022,4,0,0.0,0.27867148509281603,0.25,0.25
8811aa4199fffff,2023,3,0,0.0,0.2792053883680994,0.3333333333333333,1.0
8811aa4199fffff,2024,1,0,0.0,0.2826352650544778,0.0,0.0
8811aa419bfffff,2022,3,0,0.0,0.2269989093861724,0.0,0.0
8811aa419bfffff,2023,2,0,0.0,0.2276520713818908,0.5,0.0
8811aa419bfffff,2024,1,1,1.0,0.22917190973771318,0.0,1.0
8811aa41a3fffff,2024,1,0,0.0,0.14547201123785988,0.0,0.0
8811aa41a7fffff,2024,1,0,0.0,0.049268454097926136,0.0,0.0
8811aa41b5fffff,2024,1,0,0.0,0.07137618999225628,0.0,1.0
8811aa41c9fffff,2023,1,0,0.0,0.060820256842408216,1.0,0.0
8811aa41c9fffff,2024,1,0,0.0,0.06989498975922143,1.0,0.0
8811aa41cbfffff,2023,2,0,0.0,0.06660919690442448,0.0,0.5
8811aa41cdfffff,2022,1,0,0.0,0.28109035066281746,0.0,0.0
8811aa41d1fffff,2023,2,0,0.0,0.1349477976540977,0.5,0.0
8811aa41d3fffff,2022,4,1,0.25,0.3153951336567801,0.5,0.5
8811aa41d3fffff,2023,2,0,0.0,0.31644001926086074,0.0,0.0
8811aa41d7fffff,2022,1,0,0.0,0.11039928044482837,0.0,0.0
8811aa41ddfffff,2022,4,1,0.25,0.004898939711370795,0.0,0.5
8811aa41ddfffff,2023,3,0,0.0,0.005890472240797529,0.6666666666666666,0.0
8811aa41ddfffff,2024,2,1,0.5,0.005074827022007943,0.0,0.5
8811aa4221fffff,2023,1,0,0.0,0.19165993348743085,0.0,0.0
8811aa4229fffff,2023,2,1,0.5,0.0885402085735845,0.0,0.0
8811aa4229fffff,2024,1,0,0.0,0.08693257118250837,0.0,0.0
8811aa422dfffff,2022,2,2,1.0,0.03413726212826164,0.0,1.0
8811aa422dfffff,2023,1,0,0.0,0.03338127615046653,0.0,0.0
8811aa422dfffff,2024,2,0,0.0,0.03451389868417419,0.0,0.5
8811aa4263fffff,2024,1,0,0.0,0.10286469134895804,0.0,0.0
8811aa42d1fffff,2022,1,0,0.0,0.07967926709307417,0.0,0.0
8811aa42d1fffff,2024,3,2,0.3333333333333333,0.07992359742196382,0.0,0.0
8811aa42d5fffff,2023,1,0,0.0,0.07682874791462414,0.0,0.0
8811aa42d5fffff,2024,2,0,0.0,0.075773834534462,0.0,0.0
8811aa42d9fffff,2023,2,0,0.0,0.1280138175233101,0.0,0.0
8811aa4307fffff,2023,1,2,1.0,0.10096370051835435,0.0,0.0
8811aa4307fffff,2024,1,0,0.0,0.09674360812934435,1.0,1.0
8811aa4311fffff,2022,1,0,0.0,0.08300586712274678,0.0,0.0
8811aa4315fffff,2023,2,0,0.0,0.06104917936595694,0.0,0.0
8811aa4319fffff,2023,1,0,0.0,0.04253258715769909,0.0,0.0
8811aa4325fffff,2024,1,0,0.0,0.0405115626642831,0.0,0.0
8811aa4327fffff,2022,1,0,0.0,0.06936302718928591,0.0,0.0
8811aa4327fffff,2023,2,0,0.0,0.0739245168309087,0.0,0.0
8811aa432bfffff,2022,1,0,0.0,0.17731534216807726,0.0,0.0
8811aa4331fffff,2024,1,0,0.0,0.11633382709579597,1.0,0.0
8811aa4339fffff,2024,1,1,1.0,0.19374670109363248,0.0,1.0
8811aa4353fffff,2023,1,0,0.0,0.055711064002674233,0.0,0.0
8811aa4357fffff,2024,1,0,0.0,0.1434731271471094,0.0,1.0
8811aa4411fffff,2022,10,1,0.1,0.2080474143776918,0.8,0.2
8811aa4411fffff,2023,9,2,0.2222222222222222,0.20324139312044168,0.5555555555555556,0.3333333333333333
8811aa4411fffff,2024,3,0,0.0,0.20350692898624345,0.0,0.0
8811aa4415fffff,2022,4,0,0.0,0.11611932146906338,0.25,0.25
8811aa4415fffff,2023,5,0,0.0,0.11522426700005854,0.2,0.2
8811aa4415fffff,2024,4,1,0.25,0.11486624364233071,0.0,1.0
8811aa4417fffff,2023,6,0,0.0,0.0315027823002273,0.16666666666666666,0.0
8811aa441bfffff,2022,4,0,0.0,0.2127166113520425,0.0,0.5
8811aa441bfffff,2023,1,0,0.0,0.2164552261782416,0.0,1.0
8811aa441bfffff,2024,2,0,0.0,0.21229699489027748,0.0,0.0
8811aa4421fffff,2024,1,0,0.0,0.02915263969572026,0.0,0.0
8811aa4423fffff,2023,1,0,0.0,0.07053959195942616,0.0,0.0
8811aa442dfffff,2024,1,0,0.0,0.04626375328744856,0.0,0.0
8811aa4431fffff,2022,12,0,0.0,0.02000771598343763,0.16666666666666666,0.3333333333333333
8811aa4431fffff,2023,8,0,0.0,0.019685623556772197,0.0,0.25
8811aa4431fffff,2024,6,3,0.5,0.018815959824773364,0.6666666666666666,0.0
8811aa4433fffff,2022,3,0,0.0,0.03609544675189531,0.0,0.0
8811aa4433fffff,2023,6,0,0.0,0.036186672094248924,0.0,0.0
8811aa4433fffff,2024,7,1,0.14285714285714285,0.03565127787564337,0.14285714285714285,0.0
8811aa4435fffff,2022,12,0,0.0,0.06836096989451558,0.3333333333333333,0.5833333333333334
8811aa4435fffff,2023,10,0,0.0,0.06666008599566704,0.2,0.1
8811aa4435fffff,2024,6,0,0.0,0.06806487736123572,0.0,0.16666666666666666
8811aa4437fffff,2022,9,0,0.0,0.05053093681822162,0.2222222222222222,0.3333333333333333
8811aa4437fffff,2023,6,0,0.0,0.05253451728141149,0.0,0.0
8811aa4437fffff,2024,7,0,0.0,0.05007929104995463,0.2857142857142857,0.0
8811aa4439fffff,2022,1,0,0.0,0.07612918781456061,0.0,0.0
8811aa4439fffff,2023,2,0,0.0,0.07478890782094819,0.0,0.0
8811aa4439fffff,2024,3,0,0.0,0.07756521850216605,0.0,0.3333333333333333
8811aa443bfffff,2022,4,0,0.0,0.07591194687753712,0.25,0.0
8811aa443bfffff,2023,7,0,0.0,0.07497005877362624,0.0,0.14285714285714285
8811aa443bfffff,2024,5,2,0.4,0.07366241370462305,0.4,0.2
8811aa443dfffff,2024,1,1,1.0,0.020825413105558886,0.0,0.0
8811aa4481fffff,2022,3,0,0.0,0.04652346395940565,0.0,0.0
8811aa4481fffff,2023,5,0,0.0,0.04823168005893411,0.2,0.0
8811aa4481fffff,2024,1,0,0.0,0.04981030697154026,0.0,0.0
8811aa4485fffff,2022,2,0,0.0,0.08781042875895631,0.0,0.0
8811aa4485fffff,2023,1,0,0.0,0.08837980371442097,0.0,0.0
8811aa4485fffff,2024,4,1,0.25,0.08872763461408278,0.25,0.25
8811aa4487fffff,2022,2,1,0.5,0.06731705474851948,0.0,0.0
8811aa4487fffff,2023,4,0,0.0,0.0661832935012254,0.0,0.25
8811aa4489fffff,2022,1,0,0.0,0.038025392063453727,0.0,0.0
8811aa4489fffff,2023,3,0,0.0,0.04077878995499057,0.0,0.0
8811aa4489fffff,2024,3,0,0.0,0.04263369228633467,0.0,0.0
8811aa448bfffff,2022,3,0,0.0,0.028612439280092994,0.0,0.0
8811aa448bfffff,2023,1,0,0.0,0.02914487134147091,0.0,0.0
8811aa448bfffff,2024,3,0,0.0,0.029495359247751537,0.0,0.0
8811aa448dfffff,2022,4,0,0.0,0.05005727997051358,0.0,0.0
8811aa448dfffff,2023,4,0,0.0,0.05228317986882245,0.25,0.25
8811aa448dfffff,2024,7,0,0.0,0.049776886786378004,0.0,0.14285714285714285
8811aa4493fffff,2022,13,0,0.0,0.046857794154805475,0.15384615384615385,0.0
8811aa4493fffff,2023,15,0,0.0,0.047521745599452145,0.0,0.0
8811aa4493fffff,2024,16,2,0.125,0.04782077749268043,0.0,0.0
8811aa4497fffff,2022,1,0,0.0,0.0576570904030446,0.0,0.0
8811aa4497fffff,2023,2,0,0.0,0.05697078169007891,0.0,0.0
8811aa4499fffff,2022,6,1,0.16666666666666666,0.14054137857612808,0.3333333333333333,0.16666666666666666
8811aa4499fffff,2023,2,1,0.5,0.13951254475120564,0.5,0.0
8811aa4499fffff,2024,3,0,0.0,0.14173842612668178,0.3333333333333333,0.0
8811aa449bfffff,2022,10,0,0.0,0.03074129563399953,0.1,0.0
8811aa449bfffff,2023,9,0,0.0,0.030568019168959397,0.2222222222222222,0.1111111111111111
8811aa449bfffff,2024,7,1,0.14285714285714285,0.03108233172485644,0.0,0.0
8811aa44a1fffff,2022,3,1,0.3333333333333333,0.03189914825302092,0.3333333333333333,0.3333333333333333
8811aa44a1fffff,2023,5,1,0.2,0.03127760837346894,0.2,0.0
8811aa44a1fffff,2024,5,0,0.0,0.03119315702662363,0.4,0.0
8811aa44a3fffff,2022,2,0,0.0,0.09743404004679929,0.0,0.0
8811aa44a3fffff,2023,1,0,0.0,0.09999669292775187,0.0,0.0
8811aa44a5fffff,2022,18,1,0.05555555555555555,0.034264482138240085,0.05555555555555555,0.05555555555555555
8811aa44a5fffff,2023,14,1,0.07142857142857142,0.03502849633160677,0.07142857142857142,0.0
8811aa44a5fffff,2024,8,0,0.0,0.03362693900564006,0.375,0.0
8811aa44a7fffff,2022,1,0,0.0,0.04751437374538355,0.0,0.0
8811aa44a7fffff,2023,6,0,0.0,0.04611266976109845,0.16666666666666666,0.0
8811aa44a7fffff,2024,3,0,0.0,0.06285329436454778,0.0,0.0
8811aa44a9fffff,2022,8,0,0.0,0.011461248700526817,0.0,0.0
8811aa44a9fffff,2023,10,0,0.0,0.010558676483239276,0.1,0.0
8811aa44a9fffff,2024,8,0,0.0,0.009961783734438541,0.125,0.0
8811aa44adfffff,2022,2,0,0.0,0.009483352120257093,0.5,0.0
8811aa44adfffff,2023,4,0,0.0,0.0034358817745717704,0.25,0.0
8811aa44adfffff,2024,1,0,0.0,0.008137000448296119,0.0,1.0
8811aa44b5fffff,2024,1,0,0.0,0.10417800815529116,0.0,0.0
8811aa44b9fffff,2022,1,0,0.0,0.06969590423399945,1.0,1.0
8811aa44b9fffff,2023,3,1,0.3333333333333333,0.07304620933148359,0.0,0.0
8811aa44b9fffff,2024,3,0,0.0,0.07180806372033292,0.3333333333333333,0.6666666666666666
8811aa44bbfffff,2023,2,0,0.0,0.014829462410175479,0.0,0.0
8811aa44bbfffff,2024,3,0,0.0,0.01627722898430888,0.0,0.0
8811aa44c1fffff,2022,2,0,0.0,0.04967606370535851,0.0,0.5
8811aa44c1fffff,2023,2,0,0.0,0.048972144109062976,0.0,0.0
8811aa44c1fffff,2024,2,0,0.0,0.04804336097626465,0.0,0.0
8811aa44c3fffff,2022,6,0,0.0,0.04627327724565822,0.16666666666666666,0.16666666666666666
8811aa44c3fffff,2023,7,0,0.0,0.044904500051598524,0.2857142857142857,0.0
8811aa44c3fffff,2024,11,1,0.09090909090909091,0.04469318882439706,0.09090909090909091,0.0
8811aa44c7fffff,2022,8,0,0.0,0.01334617763907746,0.25,0.0
8811aa44c7fffff,2023,8,0,0.0,0.012918540516018873,0.0,0.0
8811aa44c7fffff,2024,18,0,0.0,0.015008337800640734,0.0,0.0
8811aa44c9fffff,2023,2,0,0.0,0.05650490478555965,0.0,0.0
8811aa44c9fffff,2024,2,0,0.0,0.05816535946056142,0.0,0.5
8811aa44cbfffff,2022,1,0,0.0,0.15461354969515897,1.0,0.0
8811aa44cbfffff,2023,1,0,0.0,0.14796711627084297,1.0,0.0
8811aa44d1fffff,2022,4,0,0.0,0.05749007222833046,0.25,0.5
8811aa44d1fffff,2023,4,0,0.0,0.055688279281503966,0.0,0.0
8811aa44d1fffff,2024,2,0,0.0,0.05521039163935828,0.0,0.0
8811aa44d5fffff,2022,1,0,0.0,0.06774578116498613,0.0,0.0
8811aa44d5fffff,2023,2,0,0.0,0.06567154456899668,0.0,0.0
8811aa44d5fffff,2024,2,0,0.0,0.0674347806714787,0.0,0.0
8811aa44d7fffff,2022,1,0,0.0,0.06619244461862529,0.0,0.0
8811aa44d7fffff,2023,3,0,0.0,0.07013587203719082,0.0,0.0
8811aa44d7fffff,2024,2,0,0.0,0.06751606477569823,0.0,0.0
8811aa44d9fffff,2022,3,0,0.0,0.09823133338028507,0.0,0.3333333333333333
8811aa44d9fffff,2023,2,0,0.0,0.10437491829229176,0.5,0.5
8811aa44d9fffff,2024,2,0,0.0,0.08185727336456246,0.0,0.0
8811aa44ddfffff,2022,7,0,0.0,0.01907278810340841,0.2857142857142857,0.0
8811aa44ddfffff,2023,4,0,0.0,0.022580760979162603,0.0,0.0
8811aa44ddfffff,2024,4,0,0.0,0.01970758757409215,0.0,0.25
8811aa44e1fffff,2022,12,1,0.08333333333333333,0.035984625504522846,0.16666666666666666,0.0
8811aa44e1fffff,2023,9,0,0.0,0.0368575308888503,0.0,0.0
8811aa44e1fffff,2024,17,1,0.058823529411764705,0.0361482591645826,0.058823529411764705,0.058823529411764705
8811aa44e3fffff,2022,12,0,0.0,0.03042872997366577,0.16666666666666666,0.0
8811aa44e3fffff,2023,2,0,0.0,0.030556326305506715,0.0,0.0
8811aa44e3fffff,2024,16,3,0.1875,0.03037088985954541,0.25,0.125
8811aa44e5fffff,2022,6,0,0.0,0.04466529150115553,0.0,0.16666666666666666
8811aa44e5fffff,2023,5,0,0.0,0.042389288654348975,0.2,0.0
8811aa44e5fffff,2024,17,0,0.0,0.04330461118852863,0.17647058823529413,0.0
8811aa44e7fffff,2022,8,0,0.0,0.051437017839248846,0.0,0.0
8811aa44e7fffff,2023,7,1,0.14285714285714285,0.051473831336306015,0.14285714285714285,0.14285714285714285
8811aa44e7fffff,2024,2,0,0.0,0.05063650168751559,0.0,0.0
8811aa44e9fffff,2022,1,0,0.0,0.02608103787836825,0.0,0.0
8811aa44e9fffff,2023,5,0,0.0,0.025455365327841144,0.2,0.0
8811aa44e9fffff,2024,3,0,0.0,0.026429499666209184,0.0,0.0
8811aa44ebfffff,2023,3,0,0.0,0.05506918492489176,0.0,0.0
8811aa44ebfffff,2024,3,0,0.0,0.054016434491056226,0.0,0.0
8811aa44edfffff,2022,1,0,0.0,0.09230371713979198,1.0,1.0
8811aa44edfffff,2024,2,0,0.0,0.09474239400095069,0.0,0.0
8811aa4501fffff,2022,2,0,0.0,0.09464650539773864,0.0,0.0
8811aa4505fffff,2022,1,0,0.0,0.05555846427213949,0.0,0.0
8811aa4505fffff,2023,1,0,0.0,0.04997039388930591,0.0,0.0
8811aa4507fffff,2022,1,0,0.0,0.11538834904429693,0.0,0.0
8811aa450dfffff,2022,3,0,0.0,0.017929024344733323,0.0,0.0
8811aa450dfffff,2023,2,0,0.0,0.019850090311085273,0.0,0.0
8811aa450dfffff,2024,3,0,0.0,0.01839868310362328,0.0,0.0
8811aa4521fffff,2022,5,1,0.2,0.025991865990771728,0.2,0.0
8811aa4521fffff,2024,1,0,0.0,0.02500355714774378,0.0,0.0
8811aa4523fffff,2022,2,0,0.0,0.027844954106445545,0.5,0.0
8811aa4523fffff,2023,3,0,0.0,0.03033649393813922,0.0,0.0
8811aa4523fffff,2024,3,0,0.0,0.029180148244228543,0.0,0.0
8811aa4525fffff,2022,1,0,0.0,0.1737962242310339,0.0,0.0
8811aa4527fffff,2022,2,0,0.0,0.017854314502658508,0.5,0.0
8811aa4527fffff,2023,3,1,0.3333333333333333,0.020065030904524828,0.0,0.0
8811aa4527fffff,2024,4,0,0.0,0.01904092088331481,0.25,0.5
8811aa4529fffff,2022,10,0,0.0,0.05267704839453974,0.1,0.1
8811aa4529fffff,2023,6,0,0.0,0.05411325636524552,0.0,0.0
8811aa4529fffff,2024,8,1,0.125,0.053562705030223146,0.0,0.0
8811aa452bfffff,2022,2,0,0.0,0.026437013463375097,0.0,0.0
8811aa452bfffff,2023,5,1,0.2,0.025593222402388864,0.2,0.0
8811aa452bfffff,2024,9,0,0.0,0.026355783340140583,0.0,0.1111111111111111
8811aa452dfffff,2022,3,0,0.0,0.03551555850435861,0.3333333333333333,0.0
8811aa452dfffff,2023,6,0,0.0,0.03712728039391982,0.3333333333333333,0.0
8811aa452dfffff,2024,5,0,0.0,0.034343835651222954,0.0,0.0
8811aa4531fffff,2022,2,0,0.0,0.08778439452538445,0.5,0.0
8811aa4531fffff,2023,1,0,0.0,0.08722116819302969,0.0,0.0
8811aa4531fffff,2024,1,0,0.0,0.08222909651947866,0.0,1.0
8811aa4533fffff,2024,1,0,0.0,0.12627722656195772,0.0,0.0
8811aa4535fffff,2022,5,2,0.2,0.04275057459036401,0.0,0.0
8811aa4535fffff,2023,7,0,0.0,0.04317986178224623,0.0,0.14285714285714285
8811aa4535fffff,2024,8,0,0.0,0.0416746597596837,0.25,0.0
8811aa4537fffff,2022,12,0,0.0,0.04794406227404793,0.0,0.25
8811aa4537fffff,2023,6,0,0.0,0.04911188422003939,0.16666666666666666,0.0
8811aa4537fffff,2024,7,0,0.0,0.0474521105187976,0.14285714285714285,0.14285714285714285
8811aa453dfffff,2022,5,0,0.0,0.0529790024500158,0.2,0.2
8811aa453dfffff,2023,3,0,0.0,0.053569472800709485,0.0,0.0
8811aa453dfffff,2024,3,0,0.0,0.05282307387019155,0.0,0.6666666666666666
8811aa4547fffff,2024,1,0,0.0,0.027319387948069217,0.0,0.0
8811aa4553fffff,2023,2,0,0.0,0.037830334020251544,0.0,0.0
8811aa4561fffff,2022,9,0,0.0,0.00947788742238229,0.0,0.2222222222222222
8811aa4561fffff,2023,8,1,0.125,0.009624375683520656,0.0,0.125
8811aa4561fffff,2024,5,0,0.0,0.009562836118869994,0.0,0.0
8811aa4563fffff,2022,2,0,0.0,0.04753026293930071,0.0,0.0
8811aa4563fffff,2023,3,0,0.0,0.04502732675620394,0.0,0.0
8811aa4563fffff,2024,2,0,0.0,0.0465176432757352,0.0,0.0
8811aa4565fffff,2022,4,0,0.0,0.023737393606092068,0.0,0.0
8811aa4565fffff,2023,4,0,0.0,0.020915501197671386,0.25,0.25
8811aa4565fffff,2024,8,1,0.125,0.021622190899018512,0.25,0.0
8811aa4567fffff,2022,6,0,0.0,0.03026447186721184,0.0,0.0
8811aa4567fffff,2023,11,0,0.0,0.03031952641008603,0.0,0.0
8811aa4567fffff,2024,19,0,0.0,0.03276560622744168,0.10526315789473684,0.05263157894736842
8811aa4569fffff,2022,1,0,0.0,0.027854443970761863,1.0,0.0
8811aa4569fffff,2023,1,0,0.0,0.0344228492715507,0.0,0.0
8811aa4569fffff,2024,1,0,0.0,0.03304601349789537,0.0,0.0
8811aa456dfffff,2022,2,0,0.0,0.02624766042931026,0.0,0.0
8811aa456dfffff,2023,4,0,0.0,0.027205924784671043,0.0,0.0
8811aa456dfffff,2024,2,0,0.0,0.02711348521560484,0.0,0.0
8811aa4583fffff,2023,1,0,0.0,0.05561532977443428,0.0,1.0
8811aa4583fffff,2024,2,0,0.0,0.058578122671606364,0.5,0.0
8811aa4585fffff,2022,1,0,0.0,0.06162912828348937,0.0,1.0
8811aa4585fffff,2023,2,0,0.0,0.059441571326626766,0.0,0.0
8811aa4585fffff,2024,3,0,0.0,0.058702326161182344,0.0,0.3333333333333333
8811aa4587fffff,2022,5,3,0.6,0.039575026616214384,0.2,0.2
8811aa4587fffff,2023,2,0,0.0,0.03671157319537577,0.0,0.5
8811aa4587fffff,2024,6,0,0.0,0.039191606567118724,0.0,0.3333333333333333
8811aa4589fffff,2022,2,0,0.0,0.06423717076226329,0.0,0.5
8811aa4589fffff,2023,4,0,0.0,0.0635784070443975,0.25,0.25
8811aa4589fffff,2024,3,0,0.0,0.06309329915137635,0.3333333333333333,0.0
8811aa458dfffff,2022,3,0,0.0,0.024489282012669176,0.0,0.3333333333333333
8811aa458dfffff,2023,6,0,0.0,0.02277540415754113,0.5,0.3333333333333333
8811aa4591fffff,2022,3,0,0.0,0.07968675514263847,0.0,0.0
8811aa4591fffff,2023,4,0,0.0,0.07847882614079764,0.0,0.0
8811aa4591fffff,2024,5,0,0.0,0.0786669745035496,0.0,0.0
8811aa4593fffff,2023,1,0,0.0,0.08104410666165413,0.0,0.0
8811aa4593fffff,2024,2,0,0.0,0.08155663723784463,0.0,0.0
8811aa4595fffff,2022,9,0,0.0,0.015694667562237644,0.2222222222222222,0.0
8811aa4595fffff,2023,8,0,0.0,0.01739069125883412,0.5,0.0
8811aa4595fffff,2024,4,0,0.0,0.017694978345333,0.0,0.25
8811aa4597fffff,2022,3,0,0.0,0.03473998265248037,0.0,0.3333333333333333
8811aa4597fffff,2023,7,0,0.0,0.033670501126521896,0.2857142857142857,0.0
8811aa4597fffff,2024,6,0,0.0,0.03514067487084977,0.0,0.0
8811aa4599fffff,2022,4,0,0.0,0.08275579613736728,0.25,0.0
8811aa4599fffff,2023,6,0,0.0,0.07977179305772127,0.0,0.0
8811aa4599fffff,2024,6,0,0.0,0.07953516740204461,0.16666666666666666,0.0
8811aa459bfffff,2022,6,0,0.0,0.05251815281833825,0.0,0.16666666666666666
8811aa459bfffff,2023,10,0,0.0,0.05160626896696615,0.4,0.0
8811aa459bfffff,2024,7,0,0.0,0.05213195473211825,0.0,0.0
8811aa459dfffff,2022,1,0,0.0,0.024709416780250685,0.0,0.0
8811aa459dfffff,2023,2,0,0.0,0.0219425649927024,0.0,0.5
8811aa459dfffff,2024,3,0,0.0,0.023214830298555866,0.0,0.3333333333333333
8811aa45a1fffff,2022,9,0,0.0,0.007212596901219654,0.0,0.1111111111111111
8811aa45a1fffff,2023,6,0,0.0,0.007667966315882527,0.0,0.0
8811aa45a1fffff,2024,5,0,0.0,0.006759775056298803,0.0,0.0
8811aa45a3fffff,2022,5,0,0.0,0.07136601878818268,0.2,0.0
8811aa45a3fffff,2023,5,1,0.2,0.07222098712848227,0.0,0.2
8811aa45a3fffff,2024,9,0,0.0,0.07120189506845648,0.3333333333333333,0.0
8811aa45a5fffff,2022,10,0,0.0,0.06489365803704268,0.2,0.1
8811aa45a5fffff,2023,7,0,0.0,0.06618502322817389,0.0,0.0
8811aa45a5fffff,2024,7,0,0.0,0.06618250276585601,0.0,0.0
8811aa45a7fffff,2022,4,0,0.0,0.06065693533157874,0.0,0.0
8811aa45a7fffff,2023,4,1,0.25,0.06180370304032155,0.25,0.0
8811aa45a7fffff,2024,6,0,0.0,0.061817166335659125,0.16666666666666666,0.0
8811aa45a9fffff,2022,1,0,0.0,0.05331402229761154,0.0,0.0
8811aa45a9fffff,2023,1,0,0.0,0.0536673165077156,0.0,0.0
8811aa45a9fffff,2024,2,0,0.0,0.056892744503449916,0.0,0.0
8811aa45abfffff,2022,1,0,0.0,0.018139753911091256,0.0,0.0
8811aa45abfffff,2023,3,0,0.0,0.01569155293340665,0.0,0.0
8811aa45abfffff,2024,4,0,0.0,0.016093367725661924,0.0,0.0
8811aa45adfffff,2022,4,0,0.0,0.03680374012099682,0.25,0.25
8811aa45adfffff,2023,1,0,0.0,0.03425401834315755,0.0,0.0
8811aa45adfffff,2024,5,0,0.0,0.03642471183710713,0.0,0.0
8811aa45b1fffff,2022,6,0,0.0,0.06418272925192266,0.16666666666666666,0.16666666666666666
8811aa45b1fffff,2023,5,0,0.0,0.06656331391825696,0.2,0.0
8811aa45b1fffff,2024,8,0,0.0,0.06706524990321813,0.125,0.0
8811aa45b3fffff,2022,1,0,0.0,0.08655061444344597,0.0,0.0
8811aa45b3fffff,2023,1,0,0.0,0.0863316736217973,0.0,0.0
8811aa45b5fffff,2022,7,0,0.0,0.0322389656682698,0.0,0.14285714285714285
8811aa45b5fffff,2023,5,0,0.0,0.03268950994201496,0.0,0.2
8811aa45b5fffff,2024,6,3,0.16666666666666666,0.03162097784925362,0.3333333333333333,0.16666666666666666
8811aa45b7fffff,2022,3,0,0.0,0.04209446278436846,0.0,0.0
8811aa45b7fffff,2023,6,1,0.16666666666666666,0.041231815326351874,0.3333333333333333,0.16666666666666666
8811aa45b7fffff,2024,7,0,0.0,0.04173568405000899,0.0,0.0
8811aa45b9fffff,2022,6,0,0.0,0.010051062218662914,0.3333333333333333,0.16666666666666666
8811aa45b9fffff,2023,8,0,0.0,0.011325099942503164,0.25,0.0
8811aa45b9fffff,2024,7,0,0.0,0.010912652141256276,0.14285714285714285,0.14285714285714285
8811aa45bbfffff,2022,5,0,0.0,0.011362853836581302,0.0,0.2
8811aa45bbfffff,2023,2,0,0.0,0.012389935436083879,0.0,0.0
8811aa45bbfffff,2024,5,0,0.0,0.011500192563707375,0.0,0.2
8811aa45bdfffff,2022,3,0,0.0,0.04250808302080746,0.0,0.0
8811aa45bdfffff,2023,2,0,0.0,0.04279013197323956,1.0,0.0
8811aa45bdfffff,2024,4,0,0.0,0.040892313714477914,0.0,0.0
8811aa45c1fffff,2022,8,1,0.125,0.07111264107535567,0.375,0.25
8811aa45c1fffff,2023,12,0,0.0,0.07033313582167304,0.16666666666666666,0.0
8811aa45c1fffff,2024,5,0,0.0,0.07052031564829275,0.4,0.0
8811aa45c3fffff,2022,1,0,0.0,0.02039069589829842,0.0,0.0
8811aa45c3fffff,2023,3,0,0.0,0.02035954749395675,0.3333333333333333,0.3333333333333333
8811aa45c7fffff,2022,6,1,0.16666666666666666,0.16340615601125397,0.16666666666666666,0.6666666666666666
8811aa45c7fffff,2023,7,0,0.0,0.16277972985778155,0.2857142857142857,0.14285714285714285
8811aa45c7fffff,2024,6,0,0.0,0.1650275747942118,0.0,0.16666666666666666
8811aa45c9fffff,2023,1,1,1.0,0.10594826696915732,0.0,0.0
8811aa45cbfffff,2022,11,1,0.09090909090909091,0.0057383626313627315,0.18181818181818182,0.18181818181818182
8811aa45cbfffff,2023,6,0,0.0,0.0053868759496701335,0.6666666666666666,0.3333333333333333
8811aa45cbfffff,2024,6,3,0.3333333333333333,0.007177944340387471,0.16666666666666666,0.0
8811aa45d1fffff,2022,2,0,0.0,0.03224761062625643,0.0,0.0
8811aa45d1fffff,2023,2,0,0.0,0.03041070009857809,0.0,0.0
8811aa45d1fffff,2024,8,0,0.0,0.028197414458310987,0.125,0.125
8811aa45d3fffff,2022,12,1,0.08333333333333333,0.06911623142988442,0.08333333333333333,0.16666666666666666
8811aa45d3fffff,2023,12,0,0.0,0.06821544278379714,0.08333333333333333,0.08333333333333333
8811aa45d3fffff,2024,17,0,0.0,0.06747636416190313,0.17647058823529413,0.11764705882352941
8811aa45d5fffff,2022,3,0,0.0,0.04100844402214445,0.0,0.3333333333333333
8811aa45d7fffff,2022,4,0,0.0,0.014717294726397106,0.25,0.0
8811aa45d7fffff,2023,1,0,0.0,0.013870520506484619,0.0,0.0
8811aa45d9fffff,2022,7,0,0.0,0.0473073692868358,0.14285714285714285,0.0
8811aa45d9fffff,2023,10,0,0.0,0.04794717209082721,0.2,0.2
8811aa45d9fffff,2024,11,0,0.0,0.047285351394648976,0.0,0.0
8811aa45dbfffff,2022,8,1,0.125,0.004924763228308576,0.25,0.125
8811aa45dbfffff,2023,11,0,0.0,0.006249371280508315,0.0,0.09090909090909091
8811aa45dbfffff,2024,12,1,0.08333333333333333,0.0073357466061663296,0.08333333333333333,0.08333333333333333
8811aa45ddfffff,2022,4,0,0.0,0.08685372057048038,0.0,0.0
8811aa45ddfffff,2023,4,0,0.0,0.08789370783675197,0.0,0.0
8811aa45ddfffff,2024,3,0,0.0,0.08826177631726422,0.0,0.0
8811aa45e1fffff,2022,6,0,0.0,0.03162729656832889,0.5,0.5
8811aa45e1fffff,2023,6,1,0.16666666666666666,0.030047853901978793,0.5,0.3333333333333333
8811aa45e1fffff,2024,3,0,0.0,0.03131363682811349,0.0,0.3333333333333333
8811aa45e3fffff,2022,5,0,0.0,0.07997766185813901,0.2,0.0
8811aa45e3fffff,2024,4,0,0.0,0.07743156267093779,0.0,0.0
8811aa45e7fffff,2022,12,0,0.0,0.07500094947992436,0.25,0.5
8811aa45e7fffff,2023,4,2,0.25,0.07337007379464838,0.5,0.25
8811aa45e7fffff,2024,12,2,0.16666666666666666,0.07397993054733266,0.4166666666666667,0.16666666666666666
8811aa45ebfffff,2022,7,0,0.0,0.056059755384508865,0.2857142857142857,0.2857142857142857
8811aa45ebfffff,2023,5,0,0.0,0.05582515118715128,0.2,0.2
8811aa45ebfffff,2024,5,0,0.0,0.05571736455862101,0.2,0.2
8811aa4605fffff,2022,1,0,0.0,0.09930864933499228,0.0,1.0
8811aa4605fffff,2024,2,0,0.0,0.09806501575863771,0.0,0.0
8811aa4607fffff,2022,1,0,0.0,0.02714986377633833,0.0,1.0
8811aa4607fffff,2023,2,0,0.0,0.031091240417451173,0.0,0.0
8811aa4607fffff,2024,2,0,0.0,0.03136281616263882,0.0,0.0
8811aa460dfffff,2022,3,1,0.3333333333333333,0.09239228260647092,0.3333333333333333,0.0
8811aa460dfffff,2024,2,0,0.0,0.09172104568403264,0.0,0.0
8811aa4621fffff,2022,1,0,0.0,0.037044374100479865,0.0,0.0
8811aa4621fffff,2023,2,0,0.0,0.040028257680179105,0.0,0.0
8811aa4621fffff,2024,1,0,0.0,0.03758178765430146,0.0,0.0
8811aa462bfffff,2022,1,0,0.0,0.15074105481313507,0.0,0.0
8811aa462dfffff,2023,1,0,0.0,0.03380230087480004,0.0,1.0
8811aa4631fffff,2024,1,0,0.0,0.11932615248187124,0.0,0.0
8811aa4633fffff,2023,1,0,0.0,0.2599456262428498,0.0,0.0
8811aa4639fffff,2022,1,0,0.0,0.07773135177908908,0.0,0.0
8811aa4639fffff,2024,2,0,0.0,0.076154535446562,0.0,0.5
8811aa4641fffff,2022,2,0,0.0,0.09835628450436948,0.0,0.0
8811aa4643fffff,2022,3,0,0.0,0.14580308447808035,0.0,0.0
8811aa4645fffff,2022,5,1,0.2,0.06612644436813511,0.0,0.2
8811aa4645fffff,2023,4,0,0.0,0.0674356285860361,0.0,0.0
8811aa4645fffff,2024,5,0,0.0,0.06569727038811583,0.2,0.0
8811aa464bfffff,2024,2,0,0.0,0.14862458074908713,0.0,0.5
8811aa4651fffff,2022,2,0,0.0,0.12990689933559704,0.5,0.0
8811aa465bfffff,2022,1,0,0.0,0.028242497100622113,0.0,0.0
8811aa465bfffff,2023,5,0,0.0,0.028217918040757,0.0,0.0
8811aa465bfffff,2024,2,1,0.5,0.030700648820900418,0.0,0.0
8811aa465dfffff,2022,1,0,0.0,0.056974644906715305,0.0,0.0
8811aa465dfffff,2023,3,0,0.0,0.061878688368897795,0.3333333333333333,0.3333333333333333
8811aa465dfffff,2024,3,0,0.0,0.0604863098192403,0.0,0.0
8811aa466bfffff,2023,1,0,0.0,0.12128490958715457,0.0,0.0
8811aa466bfffff,2024,3,0,0.0,0.12627036801055827,0.0,0.0
8811aa4681fffff,2022,1,0,0.0,0.189234376280288,1.0,0.0
8811aa4681fffff,2024,1,0,0.0,0.18456845594867718,0.0,0.0
8811aa4683fffff,2022,1,0,0.0,0.0539029644174081,0.0,0.0
8811aa4683fffff,2023,2,0,0.0,0.053822586439949985,0.0,0.0
8811aa4683fffff,2024,4,0,0.0,0.05216681893107131,0.0,0.0
8811aa4691fffff,2023,1,0,0.0,0.07474953248876161,1.0,1.0
8811aa4691fffff,2024,1,0,0.0,0.07684065307636999,0.0,0.0
8811aa4693fffff,2022,5,1,0.2,0.07363603286543619,0.2,0.0
8811aa4693fffff,2023,7,0,0.0,0.07450042284083978,0.42857142857142855,0.0
8811aa4693fffff,2024,2,0,0.0,0.07457170176277253,0.5,0.5
8811aa4695fffff,2022,9,0,0.0,0.006624727533850298,0.3333333333333333,0.2222222222222222
8811aa4695fffff,2023,4,2,0.25,0.0037760686981255496,0.25,0.0
8811aa4695fffff,2024,10,1,0.1,0.004235501262073866,0.4,0.2
8811aa4697fffff,2022,3,1,0.3333333333333333,0.0626325434586202,0.3333333333333333,0.3333333333333333
8811aa4697fffff,2023,11,0,0.0,0.06324623699268936,0.18181818181818182,0.18181818181818182
8811aa4697fffff,2024,4,1,0.25,0.06338946642467866,0.5,0.25
8811aa4699fffff,2022,4,0,0.0,0.1502295832342663,0.5,0.0
8811aa4699fffff,2023,4,0,0.0,0.15164518649590575,0.0,0.0
8811aa4699fffff,2024,5,1,0.2,0.1541739269398609,0.0,0.2
8811aa469dfffff,2022,3,0,0.0,0.036338455299192794,0.0,0.0
8811aa469dfffff,2023,4,0,0.0,0.0339499667062273,0.0,0.25
8811aa469dfffff,2024,9,1,0.1111111111111111,0.03609585783377373,0.1111111111111111,0.1111111111111111
8811aa46a3fffff,2022,6,1,0.16666666666666666,0.1463314454189358,0.16666666666666666,0.16666666666666666
8811aa46a3fffff,2023,10,1,0.1,0.1464911791492665,0.1,0.1
8811aa46a3fffff,2024,6,2,0.16666666666666666,0.14480315241986544,0.5,0.16666666666666666
8811aa46a7fffff,2022,5,0,0.0,0.02310663670257492,0.6,0.0
8811aa46a7fffff,2023,8,0,0.0,0.023156393207602682,0.75,0.25
8811aa46a7fffff,2024,6,1,0.16666666666666666,0.025280925533499494,0.16666666666666666,0.0
8811aa46a9fffff,2023,3,0,0.0,0.38340674017102766,0.0,0.0
8811aa46a9fffff,2024,2,0,0.0,0.3790498288651494,0.5,0.0
8811aa46abfffff,2022,1,0,0.0,0.2038965870334762,1.0,0.0
8811aa46abfffff,2024,1,0,0.0,0.19741863025982936,0.0,0.0
8811aa46b3fffff,2023,2,0,0.0,0.22070986981827118,0.5,0.0
8811aa46b3fffff,2024,3,0,0.0,0.21758222367932165,0.0,0.0
8811aa46b5fffff,2022,5,0,0.0,0.03778629348706704,0.2,0.4
8811aa46b5fffff,2023,4,0,0.0,0.04040298346426977,0.25,0.0
8811aa46b5fffff,2024,3,0,0.0,0.036398688992611276,0.3333333333333333,0.3333333333333333
8811aa46b9fffff,2022,9,0,0.0,0.14194905247873446,0.1111111111111111,0.2222222222222222
8811aa46b9fffff,2023,1,0,0.0,0.13983517145687271,1.0,0.0
8811aa46b9fffff,2024,9,1,0.1111111111111111,0.14163919848982467,0.5555555555555556,0.2222222222222222
8811aa46bbfffff,2022,1,0,0.0,0.111554909170322,0.0,0.0
8811aa46bbfffff,2023,1,0,0.0,0.111554909170322,0.0,0.0
8811aa46bdfffff,2022,2,0,0.0,0.039578359385066667,0.0,0.5
8811aa46bdfffff,2023,5,0,0.0,0.034210640630689196,0.2,0.0
8811aa46bdfffff,2024,5,0,0.0,0.03675429880167663,0.4,0.0
8811aa46d1fffff,2022,6,0,0.0,0.19097538483077212,0.16666666666666666,0.16666666666666666
8811aa46d1fffff,2023,1,0,0.0,0.19238328437971394,0.0,0.0
8811aa46d1fffff,2024,8,1,0.125,0.18955222028212718,0.0,0.375
8811aa46d3fffff,2023,1,0,0.0,0.05750327745054321,0.0,0.0
8811aa46d3fffff,2024,1,0,0.0,0.05270903015222218,1.0,0.0
8811aa46d7fffff,2023,2,1,0.5,0.08756728701899283,0.0,0.0
8811aa46d9fffff,2022,5,0,0.0,0.06320178123796746,0.0,0.2
8811aa46d9fffff,2023,6,0,0.0,0.06417641871025638,0.16666666666666666,0.16666666666666666
8811aa46d9fffff,2024,4,0,0.0,0.06441785920426416,0.0,0.0
8811aa46e5fffff,2023,2,0,0.0,0.4570879306712863,0.0,0.5
8811aa46e5fffff,2024,1,0,0.0,0.45759069747456266,0.0,0.0
8811aa46e7fffff,2024,1,0,0.0,0.5015272433406972,0.0,0.0
8811aa4701fffff,2022,5,0,0.0,0.026445548032086614,0.0,0.2
8811aa4701fffff,2023,4,0,0.0,0.02596551575909931,0.0,0.0
8811aa4701fffff,2024,6,0,0.0,0.025248906111541885,0.0,0.16666666666666666
8811aa4705fffff,2022,5,0,0.0,0.047852317436360446,0.2,0.2
8811aa4705fffff,2023,2,0,0.0,0.04805561373102554,0.0,0.0
8811aa4705fffff,2024,2,0,0.0,0.04684146398477694,0.0,0.0
8811aa4709fffff,2022,1,0,0.0,0.03962160391367609,0.0,0.0
8811aa4743fffff,2022,1,0,0.0,0.07766235238651821,0.0,1.0
8811aa474bfffff,2022,1,0,0.0,0.07041952962971199,0.0,0.0
8811aa474bfffff,2024,2,1,0.5,0.07060609836316138,0.5,0.0
8811aa4753fffff,2022,1,0,0.0,0.04843892344929803,0.0,0.0
8811aa4753fffff,2023,2,0,0.0,0.04657215180184979,0.0,0.0
8811aa4753fffff,2024,1,0,0.0,0.09580645893275058,0.0,0.0
8811aa4757fffff,2022,1,0,0.0,0.24395058488177443,0.0,1.0
8811aa4757fffff,2023,2,0,0.0,0.24486941298928316,0.0,0.0
8811aa4801fffff,2022,4,0,0.0,0.04972013284804917,0.0,0.0
8811aa4801fffff,2024,4,1,0.25,0.048062410451385526,0.75,0.25
8811aa4809fffff,2024,1,0,0.0,0.11401380530804602,0.0,0.0
8811aa480bfffff,2024,1,0,0.0,0.15295471502432467,1.0,0.0
8811aa480dfffff,2024,1,0,0.0,0.12047616690652736,0.0,1.0
8811aa4819fffff,2022,1,0,0.0,0.015602704298160023,0.0,1.0
8811aa4819fffff,2023,3,0,0.0,0.01978406188528055,0.3333333333333333,0.0
8811aa4819fffff,2024,1,0,0.0,0.01622010443269998,0.0,0.0
8811aa481bfffff,2022,1,0,0.0,0.12107811536835898,0.0,0.0
8811aa481bfffff,2023,2,0,0.0,0.12026163695878156,0.5,0.0
8811aa481bfffff,2024,1,0,0.0,0.1222084285838404,0.0,0.0
8811aa4821fffff,2023,1,1,1.0,0.0781520095789685,0.0,0.0
8811aa4835fffff,2022,1,0,0.0,0.11844201938862632,0.0,0.0
8811aa4835fffff,2023,1,1,1.0,0.11790308624597497,0.0,0.0
8811aa4839fffff,2022,1,0,0.0,0.12795566387113225,1.0,0.0
8811aa4839fffff,2024,1,0,0.0,0.1365523476767116,0.0,0.0
8811aa483bfffff,2023,1,0,0.0,0.2915624249581922,0.0,0.0
8811aa484dfffff,2022,1,0,0.0,0.08550955387306775,0.0,0.0
8811aa484dfffff,2023,1,0,0.0,0.08586436767200156,0.0,0.0
8811aa4851fffff,2022,1,0,0.0,0.11268649695531442,1.0,0.0
8811aa4851fffff,2023,1,0,0.0,0.10977710917392386,0.0,0.0
8811aa4853fffff,2022,2,0,0.0,0.04386298653809806,0.0,0.0
8811aa4853fffff,2023,2,0,0.0,0.04472881132439264,0.0,0.0
8811aa4853fffff,2024,2,0,0.0,0.04645625144124664,0.0,0.0
8811aa4857fffff,2022,1,0,0.0,0.032614386165360665,0.0,0.0
8811aa4857fffff,2023,5,2,0.4,0.0320834619659758,0.4,0.0
8811aa4857fffff,2024,4,0,0.0,0.0323654918347919,0.0,0.25
8811aa4861fffff,2022,1,0,0.0,0.1916336329423584,0.0,0.0
8811aa4861fffff,2023,1,0,0.0,0.1496856734070927,1.0,0.0
8811aa4863fffff,2022,2,0,0.0,0.05666090926003802,0.0,0.5
8811aa4863fffff,2024,2,0,0.0,0.05745725692586745,0.0,0.0
8811aa4865fffff,2022,1,0,0.0,0.04599436131451546,0.0,1.0
8811aa4865fffff,2023,1,0,0.0,0.04820483928546523,0.0,0.0
8811aa4865fffff,2024,4,0,0.0,0.04744399344224175,0.0,0.0
8811aa486bfffff,2022,1,0,0.0,0.05094626040201626,1.0,0.0
8811aa4887fffff,2024,1,0,0.0,0.1390044973942141,0.0,0.0
8811aa488dfffff,2023,1,0,0.0,0.08517142802576083,0.0,0.0
8811aa4895fffff,2023,1,1,1.0,0.14062363900596128,0.0,0.0
8811aa48b3fffff,2024,1,0,0.0,0.08387232617011389,0.0,0.0
8811aa48b9fffff,2022,1,0,0.0,0.031370458297563686,0.0,0.0
8811aa48b9fffff,2024,1,0,0.0,0.024782209739980108,0.0,0.0
8811aa48c5fffff,2024,1,0,0.0,0.17855253479748892,0.0,0.0
8811aa48c9fffff,2022,3,0,0.0,0.023004035708786105,0.0,0.0
8811aa48c9fffff,2023,1,0,0.0,0.027552191303695538,1.0,0.0
8811aa48d1fffff,2022,1,0,0.0,0.07799759782538915,0.0,0.0
8811aa48d3fffff,2024,1,0,0.0,0.13310714483083508,0.0,0.0
8811aa48d5fffff,2023,1,0,0.0,0.25007827691574824,0.0,0.0
8811aa48d9fffff,2023,2,0,0.0,0.031069442629821843,0.0,0.0
8811aa48d9fffff,2024,1,0,0.0,0.0339853897208785,0.0,0.0
8811aa48dbfffff,2022,2,0,0.0,0.02628876832445308,0.0,0.0
8811aa48dbfffff,2023,4,0,0.0,0.022927077809317933,0.25,0.5
8811aa48dbfffff,2024,2,0,0.0,0.022847849168390364,0.0,0.0
8811aa48e1fffff,2023,1,1,1.0,0.38004038044068,0.0,0.0
8811aa4907fffff,2022,2,1,0.5,0.669081201178225,0.0,1.0
8811aa4907fffff,2023,1,0,0.0,0.6681598725001147,0.0,1.0
8811aa490dfffff,2024,2,1,0.5,0.46413338643620167,0.5,0.5
8811aa4931fffff,2024,1,1,1.0,0.356202389209116,0.0,1.0
8811aa4937fffff,2022,2,1,0.5,0.1541428532184156,0.0,1.0
8811aa4937fffff,2024,1,1,1.0,0.15700616538593323,0.0,1.0
8811aa493dfffff,2023,1,0,0.0,0.4818609517336345,0.0,0.0
8811aa493dfffff,2024,3,1,0.3333333333333333,0.4801244540981779,0.0,0.3333333333333333
8811aa4941fffff,2022,1,0,0.0,0.11512393715915673,0.0,0.0
8811aa4947fffff,2022,2,0,0.0,0.2748511809143259,0.0,1.0
8811aa4949fffff,2023,2,0,0.0,0.1589321607313138,0.0,0.5
8811aa4951fffff,2022,1,1,1.0,0.2705829927933902,1.0,0.0
8811aa495bfffff,2022,1,0,0.0,0.09453962671966373,0.0,0.0
8811aa495bfffff,2023,2,0,0.0,0.09455206820847926,0.0,0.0
8811aa4981fffff,2023,1,0,0.0,0.08088820230819818,0.0,0.0
8811aa4989fffff,2023,1,0,0.0,0.07090298195763507,0.0,0.0
8811aa49a3fffff,2022,1,1,1.0,0.08646350627722746,0.0,0.0
8811aa49a3fffff,2023,1,0,0.0,0.09104483917564499,1.0,0.0
8811aa49a3fffff,2024,2,0,0.0,0.0872872374912897,0.0,0.5
8811aa49a9fffff,2022,1,0,0.0,0.3503523675107412,0.0,0.0
8811aa49a9fffff,2024,1,0,0.0,0.34681289984383995,0.0,0.0
8811aa49bdfffff,2023,2,0,0.0,0.06327180471124272,0.0,0.5
8811aa49bdfffff,2024,1,0,0.0,0.06387906378320458,0.0,0.0
8811aa49c9fffff,2022,1,0,0.0,0.08088957930976007,0.0,0.0
8811aa49c9fffff,2023,1,0,0.0,0.03478671043024433,0.0,0.0
8811aa49c9fffff,2024,1,0,0.0,0.036785547190914515,0.0,0.0
8811aa4a37fffff,2024,1,0,0.0,0.3364318953418264,0.0,0.0
8811aa4a85fffff,2022,2,0,0.0,0.12065982459173487,0.0,0.0
8811aa4a85fffff,2024,1,0,0.0,0.12327721267809964,0.0,0.0
8811aa4a8dfffff,2022,1,0,0.0,0.04905092390284116,0.0,0.0
8811aa4aa1fffff,2022,5,0,0.0,0.017759482646948807,0.4,0.0
8811aa4aa1fffff,2023,10,0,0.0,0.01782181817175362,0.0,0.0
8811aa4aa1fffff,2024,1,0,0.0,0.01609315014925449,0.0,0.0
8811aa4aa3fffff,2022,1,0,0.0,0.06937990178389553,0.0,0.0
8811aa4aa3fffff,2024,1,0,0.0,0.07039840362661047,1.0,0.0
8811aa4aa5fffff,2023,3,0,0.0,0.05474269030946194,0.3333333333333333,0.0
8811aa4aa5fffff,2024,1,0,0.0,0.0554310571514281,0.0,0.0
8811aa4aa7fffff,2022,2,2,0.5,0.07809132423504347,0.5,0.0
8811aa4aa7fffff,2023,1,0,0.0,0.08268746534811018,0.0,0.0
8811aa4aa9fffff,2022,2,0,0.0,0.14397606646897404,0.0,0.0
8811aa4aadfffff,2023,1,0,0.0,0.028134429257691995,0.0,0.0
8811aa4ab1fffff,2022,1,0,0.0,0.07829898121647252,0.0,0.0
8811aa4ab5fffff,2022,4,0,0.0,0.006673938796444447,0.0,0.0
8811aa4ab5fffff,2023,2,0,0.0,0.007838809841279368,0.0,0.0
8811aa4ab7fffff,2023,1,0,0.0,0.05918747261193703,0.0,0.0
8811aa4ab7fffff,2024,2,0,0.0,0.057582904333502036,0.0,0.5
8811aa4abbfffff,2024,1,0,0.0,0.029445211512699087,0.0,0.0
8811aa4abdfffff,2024,1,0,0.0,0.1454577653161115,0.0,0.0
8811aa4ac5fffff,2023,1,0,0.0,0.06451553088627948,1.0,0.0
8811aa4acdfffff,2022,1,0,0.0,0.0824848628407595,1.0,0.0
8811aa4acdfffff,2023,1,1,1.0,0.07787864696471092,0.0,0.0
8811aa4acdfffff,2024,2,0,0.0,0.07659465170032204,0.0,0.5
8811aa4ae5fffff,2022,1,0,0.0,0.012399543867498626,0.0,0.0
8811aa4ae5fffff,2023,3,0,0.0,0.013795500940957613,0.0,0.0
8811aa4ae5fffff,2024,1,0,0.0,0.00925961623395697,1.0,0.0
8811aa4aebfffff,2024,1,1,1.0,0.05135504954258301,0.0,0.0
8811aa4b21fffff,2022,3,0,0.0,0.03361100938876455,0.3333333333333333,0.6666666666666666
8811aa4b21fffff,2023,1,1,1.0,0.030749770865625487,1.0,1.0
8811aa4b21fffff,2024,2,0,0.0,0.03357750648169584,0.5,0.5
8811aa4b23fffff,2022,1,0,0.0,0.16378691892356506,0.0,0.0
8811aa4b31fffff,2022,3,0,0.0,0.08408774361808095,0.0,0.3333333333333333
8811aa4b31fffff,2024,1,0,0.0,0.08417130989138505,0.0,0.0
8811aa4b33fffff,2022,1,0,0.0,0.1291985733982953,0.0,0.0
8811aa4b35fffff,2024,1,0,0.0,0.14656028911707705,0.0,0.0
8811aa4b37fffff,2023,1,0,0.0,0.13761101076286134,0.0,0.0
8811aa4b39fffff,2023,1,0,0.0,0.27521838924926556,0.0,0.0
8811aa4b3dfffff,2024,1,0,0.0,0.2052039488401682,1.0,0.0
8811aa4b41fffff,2022,1,1,1.0,0.1594000778716595,0.0,1.0
8811aa4b43fffff,2022,1,0,0.0,0.24936680021758081,0.0,0.0
8811aa4b43fffff,2023,1,0,0.0,0.24623343189370528,0.0,0.0
8811aa4b45fffff,2022,1,0,0.0,0.051131017145882085,0.0,0.0
8811aa4b45fffff,2023,1,0,0.0,0.05431567101384954,0.0,0.0
8811aa4b45fffff,2024,1,0,0.0,0.04814880628959713,1.0,0.0
8811aa4b47fffff,2022,2,1,0.5,0.07570305910493985,0.0,0.0
8811aa4b47fffff,2024,2,0,0.0,0.07891469623241154,0.0,0.0
8811aa4b63fffff,2022,1,0,0.0,0.08152766827707181,0.0,0.0
8811aa4b63fffff,2023,1,0,0.0,0.0821247862864556,0.0,0.0
8811aa4b63fffff,2024,1,2,1.0,0.08401567222513123,0.0,0.0
8811aa4b6bfffff,2024,1,1,1.0,0.044253153472363076,1.0,0.0
8811aa4b6dfffff,2024,1,0,0.0,0.17163239183833862,0.0,0.0
8811aa4c03fffff,2024,1,0,0.0,0.036562908584520645,0.0,0.0
8811aa4c05fffff,2022,3,1,0.3333333333333333,0.04880863480743388,0.0,0.3333333333333333
8811aa4c05fffff,2023,1,0,0.0,0.03052313808235887,0.0,0.0
8811aa4c05fffff,2024,5,1,0.2,0.039994257289195825,0.4,0.0
8811aa4c07fffff,2022,3,1,0.3333333333333333,0.04202427233736682,0.6666666666666666,0.3333333333333333
8811aa4c07fffff,2023,2,0,0.0,0.04406434882414313,0.0,0.5
8811aa4c07fffff,2024,2,0,0.0,0.04372692472118207,0.0,0.0
8811aa4c09fffff,2024,1,0,0.0,0.007499584662762157,0.0,0.0
8811aa4c0bfffff,2022,1,0,0.0,0.00903238400143562,0.0,0.0
8811aa4c0bfffff,2024,1,0,0.0,0.013107745633328716,0.0,0.0
8811aa4c11fffff,2022,1,0,0.0,0.1041436264387907,0.0,1.0
8811aa4c11fffff,2024,1,0,0.0,0.10398439007270424,0.0,1.0
8811aa4c13fffff,2022,6,0,0.0,0.032787320453302765,0.16666666666666666,0.3333333333333333
8811aa4c13fffff,2023,5,0,0.0,0.03444475789348441,0.2,0.0
8811aa4c13fffff,2024,2,0,0.0,0.034737292370635886,0.0,0.5
8811aa4c15fffff,2022,1,0,0.0,0.025656767492261697,0.0,0.0
8811aa4c15fffff,2024,2,0,0.0,0.02122811165026454,0.0,0.0
8811aa4c17fffff,2022,2,0,0.0,0.13893690712686915,0.0,0.0
8811aa4c17fffff,2024,1,1,1.0,0.13417614971100975,1.0,0.0
8811aa4c19fffff,2024,1,0,0.0,0.05626317540795519,1.0,1.0
8811aa4c1bfffff,2022,4,0,0.0,0.03177305619994623,0.0,0.0
8811aa4c1bfffff,2023,1,0,0.0,0.03130033471527732,0.0,0.0
8811aa4c1bfffff,2024,3,0,0.0,0.030220415558259068,0.0,0.3333333333333333
8811aa4c1dfffff,2023,1,0,0.0,0.08051991200814192,0.0,0.0
8811aa4c1dfffff,2024,1,0,0.0,0.07825084888173117,0.0,0.0
8811aa4c21fffff,2024,1,0,0.0,0.04988476163285297,0.0,0.0
8811aa4c23fffff,2022,3,0,0.0,0.024272851234885786,0.3333333333333333,0.3333333333333333
8811aa4c23fffff,2023,2,0,0.0,0.02615508260752827,0.0,0.0
8811aa4c23fffff,2024,1,0,0.0,0.024264196668852656,0.0,0.0
8811aa4c25fffff,2024,1,0,0.0,0.11950710514119489,0.0,0.0
8811aa4c27fffff,2023,1,0,0.0,0.037685212796964476,0.0,0.0
8811aa4c29fffff,2022,1,0,0.0,0.09179855218844206,0.0,1.0
8811aa4c29fffff,2023,1,0,0.0,0.09236196801999594,0.0,0.0
8811aa4c29fffff,2024,3,0,0.0,0.08976983840571413,0.3333333333333333,0.0
8811aa4c31fffff,2022,2,0,0.0,0.07628992171230072,0.0,0.0
8811aa4c31fffff,2023,1,0,0.0,0.07628992171230072,0.0,0.0
8811aa4c31fffff,2024,1,0,0.0,0.07591174452456559,0.0,0.0
8811aa4c35fffff,2022,1,0,0.0,0.030338067057697145,0.0,0.0
8811aa4c35fffff,2023,7,0,0.0,0.028919190087463218,0.0,0.0
8811aa4c35fffff,2024,6,0,0.0,0.028972129693798813,0.3333333333333333,0.0
8811aa4c37fffff,2022,2,0,0.0,0.07399905661016824,0.0,0.0
8811aa4c37fffff,2024,1,0,0.0,0.07236595554841765,0.0,0.0
8811aa4c39fffff,2022,3,0,0.0,0.05091580395090282,0.3333333333333333,0.0
8811aa4c39fffff,2023,2,0,0.0,0.04779027712812717,0.5,0.0
8811aa4c39fffff,2024,6,0,0.0,0.05057215320972972,0.0,0.0
8811aa4c3bfffff,2024,2,0,0.0,0.15674565829508502,0.0,0.0
8811aa4c3dfffff,2022,3,0,0.0,0.01540455301144552,0.0,0.0
8811aa4c3dfffff,2023,2,0,0.0,0.017287722724948044,0.0,0.0
8811aa4c43fffff,2024,1,0,0.0,0.10880159693974145,0.0,0.0
8811aa4c45fffff,2022,1,0,0.0,0.026228724375471718,0.0,1.0
8811aa4c49fffff,2023,1,0,0.0,0.07808598775638231,0.0,0.0
8811aa4c53fffff,2022,1,0,0.0,0.015312112571387905,0.0,0.0
8811aa4c57fffff,2022,1,0,0.0,0.11792768672391545,0.0,0.0
8811aa4c5dfffff,2023,1,1,1.0,0.08694896432493504,0.0,0.0
8811aa4c5dfffff,2024,2,0,0.0,0.08960596841199506,0.0,0.5
8811aa4c63fffff,2023,2,0,0.0,0.06736516624701888,0.0,0.0
8811aa4c65fffff,2022,3,0,0.0,0.028146241202908897,0.0,0.6666666666666666
8811aa4c65fffff,2023,1,0,0.0,0.029650901226422464,0.0,0.0
8811aa4c65fffff,2024,1,0,0.0,0.030407255601892714,0.0,0.0
8811aa4c67fffff,2022,2,0,0.0,0.055311274616027,0.0,0.0
8811aa4c67fffff,2023,3,0,0.0,0.05525937919706355,0.6666666666666666,0.0
8811aa4c67fffff,2024,4,2,0.25,0.05650484247661047,0.25,0.25
8811aa4c81fffff,2022,6,0,0.0,0.01599216975977246,0.16666666666666666,0.0
8811aa4c81fffff,2023,1,0,0.0,0.012470112899468571,0.0,0.0
8811aa4c81fffff,2024,4,0,0.0,0.015935499900611758,0.5,0.0
8811aa4c83fffff,2022,3,0,0.0,0.008118017283753597,0.0,0.0
8811aa4c83fffff,2023,5,3,0.4,0.009139038845199758,0.2,0.2
8811aa4c83fffff,2024,1,0,0.0,0.013041424361660406,1.0,0.0
8811aa4c85fffff,2022,8,2,0.25,0.039253214380416096,0.0,0.0
8811aa4c85fffff,2023,7,0,0.0,0.039888309395043745,0.0,0.14285714285714285
8811aa4c85fffff,2024,11,1,0.09090909090909091,0.038734201022391786,0.09090909090909091,0.0
8811aa4c87fffff,2022,14,1,0.07142857142857142,0.050572802246886,0.14285714285714285,0.07142857142857142
8811aa4c87fffff,2023,10,0,0.0,0.051069443772874576,0.0,0.0
8811aa4c87fffff,2024,6,0,0.0,0.04985519710683703,0.16666666666666666,0.0
8811aa4c89fffff,2022,2,0,0.0,0.09540316218185618,0.5,0.0
8811aa4c89fffff,2023,2,0,0.0,0.09289355491099877,0.0,0.0
8811aa4c89fffff,2024,4,0,0.0,0.09308407798900475,0.0,0.0
8811aa4c8dfffff,2022,6,0,0.0,0.05237860850101498,0.0,0.16666666666666666
8811aa4c8dfffff,2023,4,0,0.0,0.05293724690204757,0.25,0.0
8811aa4c8dfffff,2024,8,1,0.125,0.05377929924968363,0.125,0.0
8811aa4c99fffff,2022,5,0,0.0,0.044723406057377714,0.0,0.0
8811aa4c99fffff,2023,2,0,0.0,0.04495498504777904,0.0,0.0
8811aa4c99fffff,2024,8,0,0.0,0.04474513111133937,0.0,0.25
8811aa4c9bfffff,2022,2,0,0.0,0.05512009331451541,0.0,0.0
8811aa4c9bfffff,2023,1,0,0.0,0.05038345018988341,1.0,0.0
8811aa4c9dfffff,2023,2,0,0.0,0.04522781934276808,0.0,0.0
8811aa4ca1fffff,2022,1,0,0.0,0.05981612724364732,0.0,0.0
8811aa4ca1fffff,2024,4,0,0.0,0.058125426352754375,0.25,0.0
8811aa4ca3fffff,2024,1,0,0.0,0.02895483666897547,0.0,0.0
8811aa4ca5fffff,2022,6,0,0.0,0.07578438553485985,0.16666666666666666,0.16666666666666666
8811aa4ca5fffff,2023,7,0,0.0,0.07626526738990007,0.2857142857142857,0.2857142857142857
8811aa4ca7fffff,2022,3,0,0.0,0.14171734642959738,0.6666666666666666,0.3333333333333333
8811aa4ca7fffff,2024,1,0,0.0,0.14527102894163993,0.0,1.0
8811aa4ca9fffff,2022,2,0,0.0,0.04018701598733766,0.0,0.0
8811aa4ca9fffff,2023,7,0,0.0,0.03994773378695228,0.0,0.0
8811aa4ca9fffff,2024,4,0,0.0,0.03889916547253841,0.5,0.0
8811aa4cabfffff,2022,2,0,0.0,0.04080790530404163,0.0,0.0
8811aa4cabfffff,2023,6,0,0.0,0.04233764657189267,0.0,0.0
8811aa4cabfffff,2024,3,0,0.0,0.04181350883639177,0.0,0.0
8811aa4cadfffff,2022,6,0,0.0,0.0031214550302208813,0.5,0.16666666666666666
8811aa4cadfffff,2023,6,0,0.0,0.005444132589133365,0.0,0.16666666666666666
8811aa4cadfffff,2024,8,0,0.0,0.004922387111367045,0.0,0.375
8811aa4cb3fffff,2022,1,0,0.0,0.10337463789765017,0.0,0.0
8811aa4cb3fffff,2024,1,0,0.0,0.09884224958138241,0.0,0.0
8811aa4cb7fffff,2024,2,0,0.0,0.04088567159266367,0.0,0.0
8811aa4cb9fffff,2022,1,0,0.0,0.037051296309717506,0.0,0.0
8811aa4cb9fffff,2023,2,0,0.0,0.040143890505826195,0.0,0.0
8811aa4cb9fffff,2024,1,0,0.0,0.040076713811598504,0.0,0.0
8811aa4cbdfffff,2024,1,0,0.0,0.1159503432589173,1.0,0.0
8811aa4cc1fffff,2022,9,0,0.0,0.044877111072522846,0.4444444444444444,0.3333333333333333
8811aa4cc1fffff,2023,10,0,0.0,0.04309754864164617,0.4,0.3
8811aa4cc1fffff,2024,5,0,0.0,0.042971511923165825,0.2,0.2
8811aa4cc3fffff,2022,16,2,0.125,0.024790338815333275,0.125,0.0625
8811aa4cc3fffff,2023,12,0,0.0,0.023512772594483543,0.08333333333333333,0.16666666666666666
8811aa4cc3fffff,2024,10,0,0.0,0.02295421202295251,0.1,0.0
8811aa4cc5fffff,2022,8,0,0.0,0.06832998547764531,0.5,0.625
8811aa4cc5fffff,2023,6,0,0.0,0.0688963416511172,0.16666666666666666,0.3333333333333333
8811aa4cc5fffff,2024,8,1,0.125,0.06846405106831205,0.5,0.375
8811aa4cc9fffff,2022,6,0,0.0,0.015478041518558269,0.5,0.3333333333333333
8811aa4cc9fffff,2023,8,1,0.125,0.016533268538698367,0.25,0.25
8811aa4cc9fffff,2024,11,1,0.09090909090909091,0.01548750813375331,0.2727272727272727,0.18181818181818182
8811aa4ccbfffff,2022,3,0,0.0,0.027723181051657306,0.0,0.6666666666666666
8811aa4ccbfffff,2023,5,1,0.2,0.028352396829625932,0.0,0.0
8811aa4ccbfffff,2024,6,0,0.0,0.02761153220784933,0.0,0.16666666666666666
8811aa4ccdfffff,2024,1,0,0.0,0.06497742582569925,0.0,1.0
8811aa4cd1fffff,2022,7,1,0.14285714285714285,0.006562872651542373,0.0,0.14285714285714285
8811aa4cd1fffff,2023,11,0,0.0,0.006737995598484555,0.0,0.09090909090909091
8811aa4cd1fffff,2024,8,0,0.0,0.0076594747628527015,0.125,0.0
8811aa4cd3fffff,2022,11,0,0.0,0.05382632807499432,0.2727272727272727,0.09090909090909091
8811aa4cd3fffff,2023,6,0,0.0,0.05419134846488249,0.0,0.0
8811aa4cd3fffff,2024,11,1,0.09090909090909091,0.05489513658083771,0.09090909090909091,0.0
8811aa4cd5fffff,2022,7,1,0.14285714285714285,0.05352132597451649,0.2857142857142857,0.14285714285714285
8811aa4cd5fffff,2023,10,2,0.2,0.05351156116586059,0.3,0.1
8811aa4cd5fffff,2024,5,0,0.0,0.05385300472930439,0.0,0.0
8811aa4cd7fffff,2022,2,0,0.0,0.04885916030049645,0.5,0.0
8811aa4cd7fffff,2023,1,0,0.0,0.05080806109941729,0.0,0.0
8811aa4cd7fffff,2024,3,0,0.0,0.04891600178340614,0.3333333333333333,0.0
8811aa4cd9fffff,2022,2,0,0.0,0.08643908935884392,0.0,0.5
8811aa4cd9fffff,2023,3,0,0.0,0.08814438985706972,0.0,0.0
8811aa4cd9fffff,2024,2,0,0.0,0.08827293966586994,0.0,0.0
8811aa4cdbfffff,2022,1,0,0.0,0.12388629267042417,0.0,0.0
8811aa4cdbfffff,2023,1,0,0.0,0.12464264704589441,0.0,0.0
8811aa4cdbfffff,2024,4,0,0.0,0.12361758589351338,0.0,0.0
8811aa4cddfffff,2023,1,0,0.0,0.14093851740273713,0.0,0.0
8811aa4ce1fffff,2022,6,0,0.0,0.07300859317953821,0.5,0.16666666666666666
8811aa4ce1fffff,2023,2,0,0.0,0.0707165675413165,0.5,0.0
8811aa4ce1fffff,2024,1,1,1.0,0.07069912862054568,1.0,1.0
8811aa4ce3fffff,2022,2,0,0.0,0.026445749372335473,0.0,0.0
8811aa4ce3fffff,2023,2,0,0.0,0.02417668624592473,0.0,0.0
8811aa4ce3fffff,2024,1,0,0.0,0.02829358179999958,0.0,0.0
8811aa4ce7fffff,2022,5,0,0.0,0.061911784067099365,0.4,0.4
8811aa4ce7fffff,2023,4,0,0.0,0.06113764387523554,0.25,0.5
8811aa4ce7fffff,2024,4,1,0.25,0.05843821902654839,0.75,0.25
8811aa4cebfffff,2022,10,0,0.0,0.047939960218429216,0.4,0.3
8811aa4cebfffff,2023,4,1,0.25,0.04645380914575431,0.5,0.5
8811aa4cebfffff,2024,8,0,0.0,0.04678659350811591,0.25,0.25
8811aa4d03fffff,2023,1,0,0.0,0.08927332412684322,0.0,0.0
8811aa4d09fffff,2024,3,0,0.0,0.05327498399258079,0.3333333333333333,0.6666666666666666
8811aa4d11fffff,2024,1,0,0.0,0.04972527259459429,0.0,0.0
8811aa4d13fffff,2022,1,0,0.0,0.01148184672370324,0.0,0.0
8811aa4d13fffff,2023,2,0,0.0,0.01191475911685053,0.0,0.0
8811aa4d13fffff,2024,5,0,0.0,0.01194760024009783,0.0,0.0
8811aa4d1bfffff,2023,1,0,0.0,0.1443746975386354,0.0,0.0
8811aa4d33fffff,2022,2,0,0.0,0.045713871902446905,0.0,0.0
8811aa4d33fffff,2024,1,0,0.0,0.046282657272879356,0.0,0.0
8811aa4d3bfffff,2024,1,0,0.0,0.15449886688748643,0.0,0.0
8811aa4d43fffff,2022,1,0,0.0,0.2112678552165167,0.0,0.0
8811aa4d43fffff,2024,1,0,0.0,0.2139399785082936,0.0,0.0
8811aa4d51fffff,2022,1,0,0.0,0.05661850770260116,0.0,1.0
8811aa4d51fffff,2023,1,0,0.0,0.05783302584652491,0.0,0.0
8811aa4d51fffff,2024,1,0,0.0,0.0563762034921512,0.0,1.0
8811aa4d53fffff,2024,1,0,0.0,0.1542359207721977,0.0,0.0
8811aa4d55fffff,2022,2,0,0.0,0.04660401362933336,0.0,0.0
8811aa4d55fffff,2023,2,0,0.0,0.04722273496151517,0.5,0.0
8811aa4d55fffff,2024,1,0,0.0,0.04603674784773068,0.0,0.0
8811aa4d57fffff,2022,1,0,0.0,0.04445521038423221,1.0,0.0
8811aa4d57fffff,2023,2,0,0.0,0.041436352192017314,0.0,0.0
8811aa4d63fffff,2024,1,0,0.0,0.057665251309051035,0.0,0.0
8811aa4d81fffff,2022,2,0,0.0,0.03736022900304492,0.5,0.0
8811aa4d81fffff,2023,2,0,0.0,0.03337944690342875,0.0,0.0
8811aa4d81fffff,2024,1,0,0.0,0.03443149131531403,0.0,0.0
8811aa4d85fffff,2022,7,0,0.0,0.043444242294107996,0.0,0.0
8811aa4d85fffff,2023,2,0,0.0,0.04424858002259803,0.0,0.0
8811aa4d85fffff,2024,4,0,0.0,0.042893185899757116,0.0,0.0
8811aa4d87fffff,2022,5,0,0.0,0.030756514964250192,0.0,0.2
8811aa4d87fffff,2023,10,0,0.0,0.030405895956269403,0.0,0.1
8811aa4d87fffff,2024,7,0,0.0,0.031103448436490495,0.14285714285714285,0.0
8811aa4d8dfffff,2022,3,0,0.0,0.028032604485434782,0.3333333333333333,0.3333333333333333
8811aa4d8dfffff,2023,5,0,0.0,0.030338135015363577,0.2,0.0
8811aa4d8dfffff,2024,4,0,0.0,0.03025437497813982,0.0,0.0
8811aa4d91fffff,2022,2,0,0.0,0.09956439821888473,0.0,0.0
8811aa4d91fffff,2024,3,0,0.0,0.10060923805722811,0.0,0.3333333333333333
8811aa4d93fffff,2022,9,0,0.0,0.01570334699715502,0.1111111111111111,0.5555555555555556
8811aa4d93fffff,2023,4,0,0.0,0.016195020493138555,0.25,0.0
8811aa4d93fffff,2024,6,0,0.0,0.017703146560300625,0.16666666666666666,0.16666666666666666
8811aa4d95fffff,2022,4,0,0.0,0.04443021819159495,0.25,0.25
8811aa4d95fffff,2023,3,0,0.0,0.04387683835386641,0.0,0.0
8811aa4d95fffff,2024,5,0,0.0,0.04544022688137777,0.0,0.0
8811aa4d97fffff,2022,10,1,0.1,0.0503878119927738,0.1,0.1
8811aa4d97fffff,2023,7,0,0.0,0.04974868631140517,0.0,0.0
8811aa4d97fffff,2024,8,0,0.0,0.04837769402997896,0.25,0.0
8811aa4d9bfffff,2022,3,0,0.0,0.20240337300054512,0.3333333333333333,0.6666666666666666
8811aa4d9bfffff,2023,6,1,0.16666666666666666,0.20403333937418497,0.16666666666666666,0.16666666666666666
8811aa4d9bfffff,2024,1,0,0.0,0.20632462443630672,0.0,1.0
8811aa4da3fffff,2022,2,1,0.5,0.046788021371142796,0.0,0.0
8811aa4da3fffff,2023,2,0,0.0,0.04798896983416098,0.0,0.0
8811aa4da3fffff,2024,2,0,0.0,0.049065486537121145,0.5,0.0
8811aa4da9fffff,2022,5,0,0.0,0.05207789190277581,0.2,0.0
8811aa4da9fffff,2023,6,0,0.0,0.051047803356157384,0.0,0.0
8811aa4da9fffff,2024,4,0,0.0,0.052675025006992775,0.0,0.0
8811aa4dabfffff,2022,4,1,0.25,0.04046210211167613,0.25,0.0
8811aa4dabfffff,2023,8,0,0.0,0.0409995198834734,0.125,0.0
8811aa4dabfffff,2024,5,0,0.0,0.042886184341153114,0.0,0.0
8811aa4dadfffff,2022,2,0,0.0,0.1070379102760968,0.5,0.0
8811aa4dadfffff,2023,1,0,0.0,0.10758281294048658,0.0,0.0
8811aa4dadfffff,2024,1,0,0.0,0.10909552169142707,0.0,0.0
8811aa4db1fffff,2023,1,0,0.0,0.1152159472054567,0.0,0.0
8811aa4db3fffff,2022,7,0,0.0,0.08285343646105707,0.42857142857142855,0.2857142857142857
8811aa4db3fffff,2023,6,1,0.16666666666666666,0.08453059220179591,0.0,0.16666666666666666
8811aa4db3fffff,2024,6,0,0.0,0.08416574611084719,0.0,0.0
8811aa4db5fffff,2022,3,0,0.0,0.06302253308426652,0.0,0.0
8811aa4db5fffff,2023,2,0,0.0,0.06517469898208136,0.5,0.0
8811aa4db5fffff,2024,2,0,0.0,0.06332938641483543,0.0,0.0
8811aa4db7fffff,2022,9,1,0.1111111111111111,0.04667581079769234,0.4444444444444444,0.1111111111111111
8811aa4db7fffff,2023,10,0,0.0,0.0472250288565187,0.1,0.3
8811aa4db7fffff,2024,9,1,0.1111111111111111,0.04666352107603643,0.4444444444444444,0.2222222222222222
8811aa4db9fffff,2022,6,0,0.0,0.08978705295843444,0.16666666666666666,0.16666666666666666
8811aa4db9fffff,2023,3,1,0.3333333333333333,0.09226447625067306,0.0,0.0
8811aa4db9fffff,2024,7,0,0.0,0.0909123729762643,0.2857142857142857,0.14285714285714285
8811aa4dbbfffff,2022,1,0,0.0,0.06014128633954876,0.0,0.0
8811aa4dbbfffff,2023,1,0,0.0,0.06295350095633481,0.0,0.0
8811aa4dbbfffff,2024,2,0,0.0,0.06202049058382372,0.0,0.0
8811aa4dbdfffff,2022,8,1,0.125,0.07277889482623476,0.125,0.0
8811aa4dbdfffff,2023,11,0,0.0,0.07104915137226211,0.18181818181818182,0.09090909090909091
8811aa4dbdfffff,2024,2,0,0.0,0.07157738073538109,0.0,0.0
8811aa4dc1fffff,2023,1,0,0.0,0.02894477031545205,0.0,0.0
8811aa4dc7fffff,2024,5,0,0.0,0.017675542932190074,0.2,0.0
8811aa4dc9fffff,2022,3,0,0.0,0.00667110097456591,0.0,0.0
8811aa4dc9fffff,2023,2,0,0.0,0.008406075622882054,0.0,0.0
8811aa4dc9fffff,2024,1,0,0.0,0.0074663705900979635,0.0,0.0
8811aa4dcbfffff,2023,1,0,0.0,0.07631878112319487,0.0,0.0
8811aa4dcbfffff,2024,2,0,0.0,0.0785878442496056,0.0,0.0
8811aa4dcdfffff,2022,1,0,0.0,0.018836513601245032,1.0,0.0
8811aa4dcdfffff,2023,3,0,0.0,0.016401240753708007,0.3333333333333333,0.6666666666666666
8811aa4dcdfffff,2024,1,0,0.0,0.02024631125102729,0.0,0.0
8811aa4ddbfffff,2024,1,0,0.0,0.24717812529653538,0.0,0.0
8811aa4de1fffff,2022,5,0,0.0,0.024440013459593422,0.0,0.0
8811aa4de1fffff,2023,4,0,0.0,0.023865379346272225,0.0,0.0
8811aa4de1fffff,2024,9,2,0.2222222222222222,0.025605458550344223,0.1111111111111111,0.0
8811aa4de3fffff,2022,8,0,0.0,0.07606959931772146,0.0,0.0
8811aa4de3fffff,2023,4,0,0.0,0.0753373122241497,0.0,0.0
8811aa4de3fffff,2024,8,0,0.0,0.07612887819925127,0.125,0.125
8811aa4de5fffff,2022,4,1,0.25,0.04528094049813451,0.5,0.25
8811aa4de5fffff,2023,4,1,0.25,0.044056478704784706,0.0,0.0
8811aa4de5fffff,2024,8,0,0.0,0.0430509869762999,0.0,0.0
8811aa4de7fffff,2022,3,0,0.0,0.06622323979257316,0.0,0.0
8811aa4de7fffff,2023,7,0,0.0,0.06519710529773788,0.0,0.0
8811aa4de7fffff,2024,3,1,0.3333333333333333,0.06388781081121112,0.3333333333333333,0.0
8811aa4de9fffff,2022,2,0,0.0,0.01578749100799423,0.0,0.0
8811aa4de9fffff,2023,4,0,0.0,0.0161833714682094,0.0,0.25
8811aa4de9fffff,2024,6,0,0.0,0.01680649235191885,0.0,0.0
8811aa4debfffff,2022,4,0,0.0,0.012847545751837972,0.25,0.0
8811aa4debfffff,2024,6,0,0.0,0.015471634073975634,0.16666666666666666,0.0
8811aa4dedfffff,2022,1,0,0.0,0.05392197500317163,0.0,1.0
8811aa4dedfffff,2023,4,0,0.0,0.05568076689970512,0.5,0.0
8811aa4dedfffff,2024,2,0,0.0,0.05384272521780353,0.0,0.0
8811aa4e01fffff,2022,4,0,0.0,0.023494147158585207,0.25,0.0
8811aa4e01fffff,2023,2,0,0.0,0.024278074480039637,0.0,0.0
8811aa4e01fffff,2024,2,0,0.0,0.023967833780947093,0.0,0.0
8811aa4e05fffff,2022,5,0,0.0,0.033079930341854545,0.2,0.0
8811aa4e05fffff,2023,1,0,0.0,0.03740580921640694,1.0,0.0
8811aa4e09fffff,2022,10,0,0.0,0.041094895951462096,0.3,0.3
8811aa4e09fffff,2023,5,0,0.0,0.04267157006890633,0.2,0.2
8811aa4e09fffff,2024,10,1,0.1,0.04251369320803239,0.6,0.0
8811aa4e0bfffff,2022,1,0,0.0,0.16115112836110793,0.0,0.0
8811aa4e0bfffff,2023,2,0,0.0,0.16052584771926,0.5,0.0
8811aa4e0bfffff,2024,5,0,0.0,0.16441415581739993,0.4,0.4
8811aa4e0dfffff,2022,2,0,0.0,0.02600923110321548,0.0,0.0
8811aa4e0dfffff,2023,5,0,0.0,0.025729759871022127,0.2,0.0
8811aa4e0dfffff,2024,3,0,0.0,0.023512098499773895,0.0,0.0
8811aa4e11fffff,2022,3,0,0.0,0.09445817635724203,0.3333333333333333,0.3333333333333333
8811aa4e11fffff,2023,2,0,0.0,0.09788274603006197,0.5,0.0
8811aa4e11fffff,2024,2,0,0.0,0.09729100795738443,0.0,0.0
8811aa4e15fffff,2023,2,0,0.0,0.03520862401466281,0.0,0.0
8811aa4e15fffff,2024,3,0,0.0,0.033513899537531006,0.0,0.0
8811aa4e17fffff,2022,3,0,0.0,0.18247324369526155,0.3333333333333333,0.6666666666666666
8811aa4e17fffff,2024,1,0,0.0,0.18484158312097937,0.0,0.0
8811aa4e1bfffff,2022,1,0,0.0,0.11119153834077677,0.0,1.0
8811aa4e1dfffff,2022,1,0,0.0,0.16241245509774266,1.0,0.0
8811aa4e1dfffff,2023,2,0,0.0,0.15750616062817246,0.0,0.0
8811aa4e25fffff,2022,2,0,0.0,0.018095716250369126,0.0,0.0
8811aa4e25fffff,2024,2,0,0.0,0.013560458965824498,0.0,0.0
8811aa4e27fffff,2024,1,1,1.0,0.0862474908055115,0.0,0.0
8811aa4e29fffff,2022,1,0,0.0,0.08059092591301192,0.0,0.0
8811aa4e29fffff,2023,1,0,0.0,0.08291127458351458,0.0,0.0
8811aa4e29fffff,2024,1,0,0.0,0.0837755797809794,0.0,0.0
8811aa4e2bfffff,2022,1,0,0.0,0.08430615281498967,0.0,0.0
8811aa4e2bfffff,2023,1,0,0.0,0.08266061026442355,0.0,0.0
8811aa4e2bfffff,2024,4,0,0.0,0.08323333699601912,0.0,0.0
8811aa4e31fffff,2022,1,0,0.0,0.08512581810320957,0.0,1.0
8811aa4e31fffff,2024,4,2,0.5,0.08470331597472155,0.25,0.0
8811aa4e37fffff,2022,4,0,0.0,0.00987358956768299,0.25,0.0
8811aa4e37fffff,2023,1,1,1.0,0.011618952058829063,0.0,1.0
8811aa4e37fffff,2024,2,0,0.0,0.014897923736011679,0.5,0.5
8811aa4e41fffff,2022,8,0,0.0,0.006185525538243473,0.0,0.125
8811aa4e41fffff,2023,5,1,0.2,0.004828932551138944,0.0,0.4
8811aa4e41fffff,2024,4,0,0.0,0.0038343302335979695,0.5,0.0
8811aa4e43fffff,2022,1,0,0.0,0.07777913534952703,0.0,0.0
8811aa4e43fffff,2023,1,0,0.0,0.07740095816179192,0.0,0.0
8811aa4e43fffff,2024,2,1,0.5,0.074860677290041,0.5,0.0
8811aa4e47fffff,2022,6,0,0.0,0.09806309088028636,0.3333333333333333,0.16666666666666666
8811aa4e47fffff,2023,1,0,0.0,0.09950084865263363,0.0,0.0
8811aa4e47fffff,2024,4,0,0.0,0.09736748829412536,0.0,0.0
8811aa4e4bfffff,2023,1,0,0.0,0.20493964798656544,0.0,0.0
8811aa4e4dfffff,2022,7,1,0.14285714285714285,0.02896368289026961,0.0,0.0
8811aa4e4dfffff,2023,7,1,0.14285714285714285,0.030823761437740866,0.42857142857142855,0.2857142857142857
8811aa4e4dfffff,2024,2,0,0.0,0.028582059699064417,0.0,0.0
8811aa4e51fffff,2023,1,0,0.0,0.18914442778883686,0.0,0.0
8811aa4e59fffff,2022,1,0,0.0,0.010791133415624224,0.0,1.0
8811aa4e59fffff,2023,1,0,0.0,0.008442820503845391,0.0,0.0
8811aa4e59fffff,2024,1,0,0.0,0.004331816020908779,1.0,0.0
8811aa4e5bfffff,2022,2,0,0.0,0.09716149894766964,0.0,0.0
8811aa4e5bfffff,2023,1,0,0.0,0.0971490574588541,0.0,0.0
8811aa4e5bfffff,2024,1,0,0.0,0.09617528185056495,0.0,0.0
8811aa4e5dfffff,2022,1,0,0.0,0.019699908235445485,0.0,1.0
8811aa4e5dfffff,2024,1,0,0.0,0.025068637507901875,0.0,0.0
8811aa4e63fffff,2024,2,0,0.0,0.05647285529715533,0.0,0.0
8811aa4e67fffff,2024,1,0,0.0,0.06527497890086321,0.0,0.0
8811aa4e6bfffff,2022,1,0,0.0,0.07682346437850983,0.0,0.0
8811aa4e6bfffff,2023,1,0,0.0,0.07176776782866148,1.0,0.0
8811aa4e6bfffff,2024,2,0,0.0,0.07984888188039083,0.0,0.0
8811aa4e81fffff,2022,1,0,0.0,0.11804916566812,0.0,0.0
8811aa4e81fffff,2023,2,0,0.0,0.11767385744866174,0.0,0.0
8811aa4e83fffff,2022,12,0,0.0,0.1762821164512811,0.3333333333333333,0.5833333333333334
8811aa4e83fffff,2023,5,0,0.0,0.17618673675524343,0.6,0.2
8811aa4e83fffff,2024,9,2,0.2222222222222222,0.17678418199508453,0.2222222222222222,0.3333333333333333
8811aa4e85fffff,2022,4,0,0.0,0.10659735747849078,0.0,0.25
8811aa4e85fffff,2023,3,0,0.0,0.10548949161602367,0.0,0.0
8811aa4e85fffff,2024,2,0,0.0,0.1047026217134351,0.5,0.5
8811aa4e87fffff,2022,7,0,0.0,0.06257987322483786,0.42857142857142855,0.14285714285714285
8811aa4e87fffff,2023,4,0,0.0,0.06368228465211093,0.0,0.0
8811aa4e87fffff,2024,5,0,0.0,0.0631415926355386,0.2,0.2
8811aa4e8dfffff,2022,6,0,0.0,0.07584028271967516,0.16666666666666666,0.0
8811aa4e8dfffff,2023,1,0,0.0,0.07362544537270221,0.0,0.0
8811aa4e8dfffff,2024,5,0,0.0,0.0760294016393472,0.0,0.0
8811aa4e91fffff,2022,1,0,0.0,0.055032878659248115,0.0,0.0
8811aa4e91fffff,2023,6,0,0.0,0.05751398580937465,0.16666666666666666,0.0
8811aa4e91fffff,2024,1,1,1.0,0.059841231277810165,0.0,0.0
8811aa4e93fffff,2022,8,0,0.0,0.06853575932165976,0.0,0.0
8811aa4e93fffff,2023,5,0,0.0,0.06933932104641893,0.0,0.0
8811aa4e93fffff,2024,11,0,0.0,0.06824155648004882,0.09090909090909091,0.0
8811aa4e95fffff,2022,1,0,0.0,0.040952758947068846,0.0,0.0
8811aa4e95fffff,2023,1,0,0.0,0.03685099474871492,0.0,0.0
8811aa4e95fffff,2024,3,0,0.0,0.03953294598386051,0.0,0.3333333333333333
8811aa4e97fffff,2022,5,0,0.0,0.05895835281567632,0.2,0.2
8811aa4e97fffff,2023,6,2,0.3333333333333333,0.05759620226851669,0.3333333333333333,0.16666666666666666
8811aa4e97fffff,2024,5,0,0.0,0.05715106613710409,0.0,0.0
8811aa4e99fffff,2023,1,0,0.0,0.09541758142274978,0.0,0.0
8811aa4e9bfffff,2022,7,0,0.0,0.03510578309125621,0.14285714285714285,0.14285714285714285
8811aa4e9bfffff,2023,3,0,0.0,0.03143113740373885,0.3333333333333333,0.0
8811aa4e9bfffff,2024,2,0,0.0,0.03740472570502876,0.0,0.0
8811aa4e9dfffff,2022,4,0,0.0,0.23552667606051314,0.5,0.0
8811aa4e9dfffff,2023,2,0,0.0,0.23454662418351677,0.0,0.5
8811aa4e9dfffff,2024,9,0,0.0,0.23564767059649286,0.2222222222222222,0.4444444444444444
8811aa4ea1fffff,2022,1,0,0.0,0.03688532877096211,0.0,0.0
8811aa4ea1fffff,2024,2,0,0.0,0.0331318895325622,0.0,0.0
8811aa4ea3fffff,2022,2,0,0.0,0.07783310916283617,0.0,0.0
8811aa4ea3fffff,2023,1,0,0.0,0.07285666239835593,1.0,1.0
8811aa4ea5fffff,2022,2,0,0.0,0.06091255041775855,0.0,0.0
8811aa4ea7fffff,2022,1,0,0.0,0.01164684579195881,0.0,0.0
8811aa4ea7fffff,2023,1,0,0.0,0.015209676847661389,0.0,0.0
8811aa4ea9fffff,2022,1,0,0.0,0.02040767831807076,0.0,0.0
8811aa4ea9fffff,2023,1,0,0.0,0.016167742672266023,0.0,1.0
8811aa4ea9fffff,2024,2,0,0.0,0.015515847168589024,0.5,0.0
8811aa4eadfffff,2024,1,0,0.0,0.01020065929220106,0.0,0.0
8811aa4eb1fffff,2022,1,0,0.0,0.039456515898906745,0.0,0.0
8811aa4eb1fffff,2024,7,0,0.0,0.04305908980871357,0.14285714285714285,0.0
8811aa4eb3fffff,2022,3,0,0.0,0.08164406436342714,0.0,0.0
8811aa4eb3fffff,2023,3,0,0.0,0.0826442425381771,0.0,0.0
8811aa4eb3fffff,2024,3,0,0.0,0.0798100765764903,0.0,0.0
8811aa4eb5fffff,2022,4,0,0.0,0.08363598330813253,0.25,0.25
8811aa4eb5fffff,2023,3,0,0.0,0.08455079757881523,0.3333333333333333,0.0
8811aa4eb5fffff,2024,10,0,0.0,0.08295434863861138,0.2,0.2
8811aa4eb9fffff,2022,3,1,0.3333333333333333,0.07586943077466611,0.3333333333333333,0.3333333333333333
8811aa4eb9fffff,2023,5,0,0.0,0.07758985109033882,0.2,0.0
8811aa4eb9fffff,2024,5,0,0.0,0.07673919867339686,0.0,0.0
8811aa4ebbfffff,2022,2,0,0.0,0.09247349237275425,0.0,0.0
8811aa4ebbfffff,2023,5,0,0.0,0.09255337687489137,0.0,0.0
8811aa4ebbfffff,2024,8,0,0.0,0.09268870403379317,0.0,0.0
8811aa4ebdfffff,2022,12,2,0.16666666666666666,0.013775054674732437,0.4166666666666667,0.16666666666666666
8811aa4ebdfffff,2023,8,1,0.125,0.01419372007526796,0.5,0.125
8811aa4ebdfffff,2024,6,1,0.16666666666666666,0.012833941708760207,0.6666666666666666,0.5
8811aa4ec1fffff,2022,2,0,0.0,0.057901135237713085,0.0,0.0
8811aa4ec1fffff,2023,2,0,0.0,0.05974972745979207,0.0,0.0
8811aa4ec1fffff,2024,6,1,0.16666666666666666,0.058870367966404276,0.16666666666666666,0.0
8811aa4ec3fffff,2023,1,0,0.0,0.07388086463556216,0.0,0.0
8811aa4ec5fffff,2022,4,0,0.0,0.017571028313982585,0.0,0.0
8811aa4ec5fffff,2023,1,0,0.0,0.015659665760737795,0.0,0.0
8811aa4ec5fffff,2024,1,0,0.0,0.018306906074883663,0.0,0.0
8811aa4ec7fffff,2022,1,0,0.0,0.05687524068252841,0.0,1.0
8811aa4ec7fffff,2023,2,0,0.0,0.054010187738823906,0.0,0.0
8811aa4ec7fffff,2024,1,0,0.0,0.05900534956800886,0.0,0.0
8811aa4ec9fffff,2022,3,0,0.0,0.032102700230661044,0.0,0.0
8811aa4ec9fffff,2023,2,0,0.0,0.03404002704887181,0.0,0.0
8811aa4ec9fffff,2024,5,0,0.0,0.03167112869078595,0.2,0.0
8811aa4ecbfffff,2022,3,0,0.0,0.03312709646879595,0.0,0.0
8811aa4ecbfffff,2023,8,0,0.0,0.032511777305885683,0.0,0.125
8811aa4ecbfffff,2024,5,0,0.0,0.03487600378250486,0.4,0.0
8811aa4ecdfffff,2022,2,1,0.5,0.07842893071294854,0.0,0.5
8811aa4ecdfffff,2023,1,0,0.0,0.07450380146864265,0.0,0.0
8811aa4ecdfffff,2024,1,0,0.0,0.07585153591694296,0.0,0.0
8811aa4ed1fffff,2022,3,0,0.0,0.026176787651174243,0.3333333333333333,0.3333333333333333
8811aa4ed1fffff,2023,2,0,0.0,0.030791929089497377,0.0,0.5
8811aa4ed1fffff,2024,4,0,0.0,0.030340543107958758,0.0,0.0
8811aa4ed3fffff,2022,4,0,0.0,0.028187928205868837,0.25,0.0
8811aa4ed3fffff,2023,4,0,0.0,0.026631661362128228,0.5,0.0
8811aa4ed3fffff,2024,3,0,0.0,0.025067333160660996,0.0,0.0
8811aa4ed7fffff,2022,7,1,0.14285714285714285,0.004305987677885594,0.2857142857142857,0.42857142857142855
8811aa4ed7fffff,2023,4,0,0.0,0.00421872816574086,0.5,0.0
8811aa4ed7fffff,2024,5,0,0.0,0.006913538446196105,0.6,0.0
8811aa4ed9fffff,2022,10,0,0.0,0.009156230115449282,0.2,0.1
8811aa4ed9fffff,2023,11,1,0.09090909090909091,0.00880634105792166,0.09090909090909091,0.18181818181818182
8811aa4ed9fffff,2024,9,0,0.0,0.009120518150591369,0.1111111111111111,0.1111111111111111
8811aa4edbfffff,2022,6,0,0.0,0.02705889299141447,0.5,0.16666666666666666
8811aa4edbfffff,2023,3,0,0.0,0.02709743968372348,0.3333333333333333,0.3333333333333333
8811aa4edbfffff,2024,11,0,0.0,0.028520658326353452,0.09090909090909091,0.09090909090909091
8811aa4eddfffff,2022,4,0,0.0,0.06800701320259837,0.25,0.25
8811aa4eddfffff,2023,1,0,0.0,0.06645048906068643,0.0,0.0
8811aa4eddfffff,2024,4,0,0.0,0.0686349647539039,0.0,0.0
8811aa4ee1fffff,2022,2,0,0.0,0.010377356094808741,0.0,0.5
8811aa4ee1fffff,2023,1,0,0.0,0.009123581455876094,0.0,0.0
8811aa4ee1fffff,2024,1,0,0.0,0.012681372790742341,1.0,0.0
8811aa4ee3fffff,2023,2,0,0.0,0.11191220344195876,0.0,0.0
8811aa4ee9fffff,2022,1,0,0.0,0.15518115192571955,0.0,0.0
8811aa4ee9fffff,2023,1,0,0.0,0.15331514896467502,0.0,0.0
8811aa4ee9fffff,2024,2,0,0.0,0.14919728307399333,0.5,0.5
8811aa4eebfffff,2022,4,0,0.0,0.006045327522906164,0.25,0.5
8811aa4eebfffff,2023,6,0,0.0,0.005444132589133365,0.0,0.16666666666666666
8811aa4eedfffff,2023,1,0,0.0,0.013774662562012275,0.0,0.0
8811aa4eedfffff,2024,1,0,0.0,0.014531016937482521,0.0,0.0
8811aa4f01fffff,2023,2,0,0.0,0.06958361103125558,0.0,0.0
8811aa4f05fffff,2022,1,0,0.0,0.02642874076672761,0.0,0.0
8811aa4f05fffff,2023,1,0,0.0,0.028697803893138356,0.0,0.0
8811aa4f05fffff,2024,1,0,0.0,0.030966867019549104,0.0,0.0
8811aa4f09fffff,2024,1,0,0.0,0.08591216220397875,0.0,0.0
8811aa4f1bfffff,2022,1,1,1.0,0.03234755662167856,0.0,0.0
8811aa4f1bfffff,2023,2,1,0.5,0.03215594816739283,0.5,0.0
8811aa4f21fffff,2022,2,0,0.0,0.051217156418645035,0.5,0.0
8811aa4f21fffff,2023,3,0,0.0,0.052995537722096746,0.0,0.3333333333333333
8811aa4f21fffff,2024,4,0,0.0,0.0509406198592587,0.25,0.0
8811aa4f2bfffff,2024,1,0,0.0,0.0839402319353312,1.0,0.0
8811aa4f2dfffff,2022,2,0,0.0,0.04564558039403119,0.5,0.5
8811aa4f2dfffff,2023,1,0,0.0,0.045851709576012825,0.0,0.0
8811aa4f2dfffff,2024,3,1,0.3333333333333333,0.04340924338761614,0.3333333333333333,0.3333333333333333
8811aa4f31fffff,2024,1,0,0.0,0.06516301881337695,0.0,0.0
8811aa4f35fffff,2022,1,0,0.0,0.21134431901003378,1.0,0.0
8811aa4f3dfffff,2022,2,1,0.5,0.009555147456453238,0.0,0.0
8811aa4f3dfffff,2023,1,0,0.0,0.010607191868338521,0.0,0.0
8811aa4f3dfffff,2024,3,0,0.0,0.010618038798919552,0.0,0.3333333333333333
8811aa4f49fffff,2022,1,0,0.0,0.019259777473627948,0.0,0.0
8811aa4f49fffff,2023,1,0,0.0,0.021503957622407626,0.0,0.0
8811aa4f49fffff,2024,1,0,0.0,0.01907565812991042,0.0,0.0
8811aa4f4bfffff,2022,6,0,0.0,0.06593808122237865,0.0,0.0
8811aa4f4bfffff,2023,4,0,0.0,0.058183543539293496,0.25,0.0
8811aa4f4bfffff,2024,9,1,0.1111111111111111,0.05856355271736562,0.0,0.2222222222222222
8811aa4f51fffff,2023,1,1,1.0,0.14286754726034878,0.0,0.0
8811aa4f51fffff,2024,1,0,0.0,0.1430849684931677,0.0,0.0
8811aa4f5bfffff,2022,3,0,0.0,0.019452212504764015,0.3333333333333333,0.3333333333333333
8811aa4f5bfffff,2024,2,0,0.0,0.022388457671270585,0.0,0.0
8811aa4f5dfffff,2023,2,0,0.0,0.09953633745118261,0.5,0.0
8811aa4f65fffff,2022,1,0,0.0,0.03690287294564096,0.0,0.0
8811aa4f65fffff,2023,2,0,0.0,0.03601064559288555,0.0,0.0
8811aa4f65fffff,2024,1,0,0.0,0.03752335434382604,0.0,0.0
8811aa5421fffff,2022,1,0,0.0,0.11288273530915033,0.0,0.0
8811aa5423fffff,2024,1,0,0.0,0.06129613037774643,0.0,0.0
8811aa542dfffff,2023,2,0,0.0,0.09740973697887181,0.0,0.5
8811aa542dfffff,2024,1,0,0.0,0.09855575009211358,0.0,0.0
8811aa5435fffff,2022,3,0,0.0,0.09600920853244481,0.0,0.3333333333333333
8811aa5435fffff,2023,2,1,0.5,0.08283115331519877,0.0,0.0
8811aa5435fffff,2024,2,0,0.0,0.10287953337028855,0.5,0.0
8811aa5437fffff,2023,2,0,0.0,0.19105443355709512,0.5,0.0
8811aa5445fffff,2023,1,0,0.0,0.11854843771348941,1.0,0.0
8811aa5445fffff,2024,1,0,0.0,0.12007192412181995,0.0,0.0
8811aa544dfffff,2024,2,0,0.0,0.19321273917086254,0.0,0.0
8811aa5461fffff,2022,4,0,0.0,0.029150984337944906,0.0,0.0
8811aa5461fffff,2023,3,0,0.0,0.027128621396407305,0.0,0.0
8811aa5461fffff,2024,3,0,0.0,0.030097134818557,0.0,0.0
8811aa5467fffff,2022,2,0,0.0,0.08349990771564239,0.5,0.0
8811aa5467fffff,2023,1,1,1.0,0.08320596885324183,0.0,0.0
8811aa546dfffff,2024,1,0,0.0,0.1015912189335306,0.0,0.0
8811aa54a1fffff,2022,3,0,0.0,0.06792906525836181,0.0,0.0
8811aa54a1fffff,2024,1,0,0.0,0.06310373093135759,0.0,0.0
8811aa54a3fffff,2023,1,0,0.0,0.10611112787236035,0.0,0.0
8811aa54a3fffff,2024,1,1,1.0,0.10951472256197646,0.0,0.0
8811aa54adfffff,2023,2,0,0.0,0.07780727994205056,0.5,0.0
8811aa54adfffff,2024,2,0,0.0,0.07536484936542082,0.0,0.0
8811aa54b5fffff,2022,1,0,0.0,0.10993787413356902,1.0,0.0
8811aa54e7fffff,2022,2,0,0.0,0.04450678667809503,0.5,0.0
8811aa54e7fffff,2023,1,0,0.0,0.04554010562744796,0.0,0.0
8811aa5511fffff,2022,1,0,0.0,0.09906537111274871,0.0,0.0
8811aa5511fffff,2023,1,0,0.0,0.10627562065734714,0.0,0.0
8811aa5511fffff,2024,3,0,0.0,0.10292893004746233,0.0,0.0
8811aa5517fffff,2022,1,0,0.0,0.07044544274567573,0.0,0.0
8811aa5517fffff,2023,1,0,0.0,0.07271450587208649,0.0,0.0
8811aa5517fffff,2024,1,0,0.0,0.06630533693738411,1.0,0.0
8811aa551bfffff,2024,1,0,0.0,0.2933063704056851,0.0,0.0
8811aa5533fffff,2022,2,0,0.0,0.06506451544369904,0.0,0.0
8811aa5533fffff,2024,1,0,0.0,0.0656346501935786,0.0,0.0
8811aa553bfffff,2022,1,0,0.0,0.0630890151391034,0.0,0.0
8811aa553bfffff,2023,1,0,0.0,0.0668650490799009,0.0,0.0
8811aa5543fffff,2024,1,0,0.0,0.07460631400029823,0.0,1.0
8811aa5547fffff,2024,1,0,0.0,0.17488014022465753,0.0,0.0
8811aa554bfffff,2024,1,1,1.0,0.06449619981028477,0.0,0.0
8811aa555bfffff,2022,1,0,0.0,0.13328913603095718,0.0,0.0
8811aa5563fffff,2022,2,0,0.0,0.11020968740581877,0.0,0.0
8811aa5563fffff,2023,1,0,0.0,0.08480881186219204,0.0,0.0
8811aa5563fffff,2024,1,0,0.0,0.12880337357021326,0.0,0.0
8811aa5583fffff,2022,1,0,0.0,0.025169201136098097,0.0,0.0
8811aa5583fffff,2023,1,0,0.0,0.02630373269930347,0.0,0.0
8811aa5583fffff,2024,2,0,0.0,0.024370553044031216,0.0,0.0
8811aa558bfffff,2023,1,0,0.0,0.034727207858986094,0.0,0.0
8811aa5591fffff,2022,3,0,0.0,0.044598839530518346,0.0,0.0
8811aa5591fffff,2023,3,0,0.0,0.04563564127178595,0.0,0.3333333333333333
8811aa5591fffff,2024,1,0,0.0,0.04416758355408774,0.0,0.0
8811aa5593fffff,2023,2,0,0.0,0.10355700867583062,0.0,0.0
8811aa5593fffff,2024,1,0,0.0,0.10488062883290354,0.0,0.0
8811aa55b1fffff,2023,1,0,0.0,0.15312260768599512,0.0,0.0
8811aa55b5fffff,2023,1,1,1.0,0.05536160561467136,0.0,0.0
8811aa55d5fffff,2023,1,0,0.0,0.11341662884225136,0.0,0.0
8811aa55d7fffff,2023,2,0,0.0,0.11767022120628642,0.0,0.0
8811aa55ddfffff,2022,1,1,1.0,0.013681370193062127,0.0,0.0
8811aa55ddfffff,2024,2,0,0.0,0.009194699490819757,0.5,0.0
8811aa5627fffff,2022,1,0,0.0,0.06202790372164312,0.0,0.0
8811aa5627fffff,2023,1,0,0.0,0.059167460522402314,0.0,0.0
8811aa5627fffff,2024,3,0,0.0,0.06078594189471498,0.0,0.3333333333333333
8811aa562dfffff,2022,1,0,0.0,0.14503304700877664,0.0,0.0
8811aa562dfffff,2024,1,1,1.0,0.14360492569102942,0.0,0.0
8811aa5661fffff,2022,2,0,0.0,0.025672967759803676,0.0,0.0
8811aa5661fffff,2023,2,0,0.0,0.02591755135349829,0.0,0.0
8811aa5661fffff,2024,1,1,1.0,0.02633726246341516,0.0,0.0
8811aa5703fffff,2024,1,0,0.0,0.09493027855287388,0.0,0.0
8811aa570bfffff,2022,3,0,0.0,0.01912543999562633,0.0,0.0
8811aa570bfffff,2024,2,0,0.0,0.01960600581986894,0.0,0.0
8811aa5733fffff,2024,1,0,0.0,0.10214646892415823,1.0,0.0
8811aa5737fffff,2022,2,0,0.0,0.12145281548487635,0.0,0.0
8811aa5737fffff,2024,1,0,0.0,0.12311329120287093,0.0,1.0
8811aa573bfffff,2022,1,0,0.0,0.0777496707233346,0.0,0.0
8811aa573bfffff,2023,1,0,0.0,0.07266839298013779,0.0,0.0
8811aa573bfffff,2024,2,1,0.5,0.0776671835720145,0.0,0.0
8811aa5893fffff,2022,1,0,0.0,0.3379403273708714,0.0,0.0
8811aa5893fffff,2024,1,0,0.0,0.341856452636678,0.0,0.0
8811aa589bfffff,2023,1,0,0.0,0.20921041273025962,0.0,0.0
8811aa589bfffff,2024,1,0,0.0,0.21174162332391502,1.0,0.0
8811aa5987fffff,2023,1,1,1.0,0.1941392549221967,0.0,1.0
8811aa59bdfffff,2024,1,0,0.0,0.13608102695601948,0.0,0.0
8811aa59d5fffff,2024,1,1,1.0,0.6166258083123317,0.0,0.0
8811aa59e3fffff,2023,1,1,1.0,0.12165044624636999,0.0,0.0
8811aa59e5fffff,2022,1,0,0.0,0.09264840856620461,0.0,0.0
8811aa5a0dfffff,2024,2,1,0.5,0.4510716052246535,0.5,0.0
8811aa5a4bfffff,2024,1,0,0.0,0.040705165887172164,0.0,0.0
8811aa5a4dfffff,2023,2,0,0.0,0.03679661787304439,0.0,0.0
8811aa5a65fffff,2022,1,0,0.0,0.054613339602391654,0.0,0.0
8811aa5a65fffff,2024,1,0,0.0,0.05498577885357306,0.0,0.0
8811aa5a69fffff,2022,1,1,1.0,0.08880609527626339,0.0,0.0
8811aa5a69fffff,2023,4,0,0.0,0.09029153649667992,0.0,0.25
8811aa5a69fffff,2024,3,0,0.0,0.0900060861762369,0.0,0.6666666666666666
8811aa5a6dfffff,2022,1,0,0.0,0.03791563056915108,0.0,0.0
8811aa5a6dfffff,2023,1,0,0.0,0.03850701064198114,0.0,0.0
8811aa5a6dfffff,2024,2,0,0.0,0.03936534631770752,0.5,0.0
8811aa5b3dfffff,2023,1,0,0.0,0.20697337128176807,1.0,0.0
8811aa5b4bfffff,2022,2,0,0.0,0.22684664773946803,0.0,0.0
8811aa5b55fffff,2022,1,1,1.0,0.11457019947304672,0.0,0.0
8811aa5b59fffff,2022,1,0,0.0,0.0770895707609078,0.0,0.0
8811aa5b59fffff,2023,1,0,0.0,0.07330779888355657,0.0,0.0
8811aa5b5dfffff,2022,1,0,0.0,0.040838859097919865,0.0,0.0
8811aa5b5dfffff,2023,1,0,0.0,0.043779689166607585,0.0,0.0
8811aa5b5dfffff,2024,1,0,0.0,0.0431079222243306,0.0,0.0
8811aa6005fffff,2022,4,0,0.0,0.019382671859006904,0.0,0.25
8811aa6005fffff,2023,5,0,0.0,0.020606473367944432,0.2,0.2
8811aa6007fffff,2022,1,0,0.0,0.05803259505050371,0.0,0.0
8811aa6013fffff,2022,3,0,0.0,0.725900413573732,0.6666666666666666,0.3333333333333333
8811aa6013fffff,2023,2,0,0.0,0.721445198617126,1.0,0.0
8811aa6013fffff,2024,2,0,0.0,0.7260960749356049,0.5,0.0
8811aa6017fffff,2022,5,1,0.2,0.007752121335709304,0.6,0.6
8811aa6017fffff,2023,1,0,0.0,0.009138698211875858,0.0,1.0
8811aa6017fffff,2024,2,0,0.0,0.0077865329175878725,0.5,0.0
8811aa601bfffff,2022,1,0,0.0,0.7123592778694087,0.0,0.0
8811aa601bfffff,2023,1,0,0.0,0.7098506092914421,0.0,0.0
8811aa601bfffff,2024,4,0,0.0,0.7141279614604749,0.25,0.0
8811aa6021fffff,2022,2,0,0.0,0.04073813046811048,0.0,0.5
8811aa6021fffff,2023,6,0,0.0,0.042657012961903336,0.3333333333333333,0.5
8811aa6021fffff,2024,11,0,0.0,0.042003847896483454,0.0,0.0
8811aa6023fffff,2022,5,0,0.0,0.044092264288087504,0.4,0.2
8811aa6023fffff,2023,4,0,0.0,0.04243111510910881,0.0,0.0
8811aa6023fffff,2024,6,0,0.0,0.04299611819821472,0.0,0.0
8811aa6025fffff,2022,7,0,0.0,0.03715735126185119,0.0,0.0
8811aa6025fffff,2023,10,0,0.0,0.03759019359667341,0.1,0.0
8811aa6025fffff,2024,5,0,0.0,0.03784619594005531,0.0,0.0
8811aa6027fffff,2022,15,2,0.13333333333333333,0.02515241729092228,0.13333333333333333,0.2
8811aa6027fffff,2023,6,0,0.0,0.025949632887097725,0.16666666666666666,0.0
8811aa6027fffff,2024,9,0,0.0,0.025340828170803766,0.3333333333333333,0.0
8811aa6029fffff,2024,2,0,0.0,0.12094688248752813,0.0,0.0
8811aa602bfffff,2022,1,0,0.0,0.049961586999768895,0.0,0.0
8811aa602bfffff,2023,2,0,0.0,0.04783931875062908,0.0,0.0
8811aa602dfffff,2022,5,0,0.0,0.028875878897539405,0.0,0.0
8811aa602dfffff,2023,5,0,0.0,0.02957474296715773,0.0,0.2
8811aa602dfffff,2024,8,0,0.0,0.029663963905072536,0.0,0.0
8811aa6035fffff,2022,1,0,0.0,0.0756302965136176,0.0,0.0
8811aa6035fffff,2023,3,0,0.0,0.07593549342746984,0.0,0.0
8811aa6035fffff,2024,3,0,0.0,0.07831122066088149,0.0,0.0
8811aa6037fffff,2022,3,0,0.0,0.05782410244968187,0.0,0.0
8811aa6037fffff,2023,2,0,0.0,0.0580660136034437,0.0,0.0
8811aa6037fffff,2024,2,0,0.0,0.05843250909677817,0.0,0.0
8811aa603dfffff,2024,1,0,0.0,0.13362854742767477,0.0,0.0
8811aa6045fffff,2022,1,0,0.0,0.03898376783028303,0.0,0.0
8811aa6045fffff,2023,1,0,0.0,0.03936194501801815,0.0,0.0
8811aa6045fffff,2024,1,0,0.0,0.036433700680741685,1.0,0.0
8811aa6047fffff,2022,2,0,0.0,0.10945948980142192,0.0,0.0
8811aa604dfffff,2022,2,0,0.0,0.10181856134708772,0.5,0.0
8811aa604dfffff,2023,3,0,0.0,0.09824064504251871,0.0,0.3333333333333333
8811aa604dfffff,2024,3,0,0.0,0.09869142940410297,0.0,0.6666666666666666
8811aa6061fffff,2022,10,0,0.0,0.02516966736113867,0.1,0.1
8811aa6061fffff,2023,7,0,0.0,0.02568939567856246,0.0,0.0
8811aa6061fffff,2024,6,1,0.16666666666666666,0.023653186617439145,0.0,0.0
8811aa6063fffff,2022,8,0,0.0,0.015353137240525897,0.25,0.0
8811aa6063fffff,2023,6,0,0.0,0.01518267451282422,0.0,0.16666666666666666
8811aa6063fffff,2024,7,1,0.14285714285714285,0.017287350613869826,0.2857142857142857,0.0
8811aa6065fffff,2024,1,0,0.0,0.14532446649835512,0.0,0.0
8811aa6067fffff,2022,1,0,0.0,0.1395306277771752,1.0,0.0
8811aa6067fffff,2023,4,2,0.25,0.13547530420275458,0.25,0.0
8811aa6067fffff,2024,1,0,0.0,0.1334308481912635,0.0,0.0
8811aa6069fffff,2022,7,0,0.0,0.04228315120398835,0.14285714285714285,0.0
8811aa6069fffff,2023,5,0,0.0,0.04005464599943128,0.0,0.2
8811aa6069fffff,2024,4,0,0.0,0.04192981525207727,0.0,0.0
8811aa606bfffff,2023,2,1,0.5,0.05306086435700391,1.0,0.5
8811aa606bfffff,2024,2,0,0.0,0.030694634448836862,0.0,0.0
8811aa606dfffff,2022,13,3,0.23076923076923078,0.06067931793492844,0.15384615384615385,0.07692307692307693
8811aa606dfffff,2023,3,1,0.3333333333333333,0.0622220469673937,0.0,0.0
8811aa606dfffff,2024,7,0,0.0,0.0616111657816548,0.2857142857142857,0.0
8811aa60e5fffff,2022,1,0,0.0,0.25319307975411703,0.0,0.0
8811aa60e5fffff,2023,2,0,0.0,0.2541076912670782,0.5,0.5
8811aa60e5fffff,2024,4,0,0.0,0.2534048602840999,0.0,0.5
8811aa60edfffff,2023,1,0,0.0,0.36756436162250483,0.0,1.0
8811aa60edfffff,2024,6,0,0.0,0.366862979462933,0.16666666666666666,0.3333333333333333
8811aa6101fffff,2023,2,0,0.0,0.1003041182457064,0.0,0.0
8811aa6105fffff,2023,2,0,0.0,0.11624491645682296,0.5,0.0
8811aa6105fffff,2024,1,0,0.0,0.11913774063625183,0.0,0.0
8811aa6109fffff,2023,4,1,0.25,0.024408536994229284,0.25,0.0
8811aa6109fffff,2024,5,0,0.0,0.032594255523858064,0.2,0.0
8811aa610bfffff,2024,1,0,0.0,0.055804544228208894,0.0,0.0
8811aa610dfffff,2022,2,0,0.0,0.09133464620701569,0.0,0.5
8811aa610dfffff,2023,2,0,0.0,0.08762216019775412,0.0,0.5
8811aa610dfffff,2024,7,0,0.0,0.09005766720649981,0.0,0.2857142857142857
8811aa6111fffff,2022,13,0,0.0,0.04461364283817538,0.07692307692307693,0.07692307692307693
8811aa6111fffff,2023,8,0,0.0,0.044970820993020674,0.0,0.0
8811aa6111fffff,2024,12,0,0.0,0.04492832045114781,0.25,0.0
8811aa6113fffff,2022,4,0,0.0,0.03406995710236867,0.0,0.0
8811aa6113fffff,2023,15,1,0.06666666666666667,0.032198776044247875,0.0,0.0
8811aa6113fffff,2024,11,0,0.0,0.03130670228218275,0.09090909090909091,0.0
8811aa6117fffff,2022,1,0,0.0,0.11154147797696624,0.0,0.0
8811aa6117fffff,2023,2,0,0.0,0.11127277120005546,0.0,0.0
8811aa6117fffff,2024,1,0,0.0,0.10559355407436251,1.0,0.0
8811aa6119fffff,2022,4,0,0.0,0.053194591861643346,0.0,0.0
8811aa6119fffff,2023,8,0,0.0,0.05393333214984841,0.125,0.0
8811aa6119fffff,2024,8,1,0.125,0.05307468732970407,0.0,0.125
8811aa611bfffff,2022,6,0,0.0,0.025199596643121287,0.0,0.0
8811aa611bfffff,2023,6,0,0.0,0.0259165233062755,0.0,0.0
8811aa611bfffff,2024,9,0,0.0,0.024828792268843422,0.1111111111111111,0.0
8811aa611dfffff,2022,2,0,0.0,0.10409315368958194,0.0,0.0
8811aa611dfffff,2023,1,1,1.0,0.1049291262480954,0.0,0.0
8811aa611dfffff,2024,1,0,0.0,0.1037961142737198,0.0,0.0
8811aa6121fffff,2022,5,0,0.0,0.04083283259011462,0.2,0.2
8811aa6121fffff,2023,5,0,0.0,0.0405130658787264,0.2,0.2
8811aa6121fffff,2024,4,0,0.0,0.04115337356653624,0.0,0.0
8811aa6123fffff,2022,5,1,0.2,0.028139662029104756,0.2,0.2
8811aa6123fffff,2023,5,0,0.0,0.02883056157489617,0.2,0.0
8811aa6123fffff,2024,4,0,0.0,0.028470314618768755,0.25,0.0
8811aa6125fffff,2022,2,0,0.0,0.05208469755418457,0.0,0.0
8811aa6125fffff,2023,5,0,0.0,0.05282512829304618,0.0,0.0
8811aa6125fffff,2024,4,0,0.0,0.05272574067163017,0.0,0.0
8811aa6127fffff,2022,5,1,0.2,0.06359093044162664,0.0,0.0
8811aa6127fffff,2023,11,0,0.0,0.06134934013716977,0.18181818181818182,0.0
8811aa6127fffff,2024,5,0,0.0,0.06096457626547839,0.2,0.0
8811aa6129fffff,2022,3,1,0.3333333333333333,0.0981204629404583,0.0,0.3333333333333333
8811aa6129fffff,2023,2,0,0.0,0.09839669642852905,0.0,0.5
8811aa6129fffff,2024,2,0,0.0,0.09871783798461456,0.0,0.0
8811aa612bfffff,2022,11,2,0.18181818181818182,0.0383357297816903,0.09090909090909091,0.09090909090909091
8811aa612bfffff,2023,4,0,0.0,0.037512765858079056,0.25,0.0
8811aa612bfffff,2024,10,1,0.1,0.038071681766400634,0.3,0.1
8811aa612dfffff,2022,9,0,0.0,0.033505103629822584,0.1111111111111111,0.0
8811aa612dfffff,2023,5,0,0.0,0.0316188406590031,0.2,0.2
8811aa612dfffff,2024,1,0,0.0,0.031286527109330005,0.0,0.0
8811aa6131fffff,2022,1,0,0.0,0.08773416677786905,1.0,0.0
8811aa6131fffff,2023,2,0,0.0,0.08901306070051618,0.0,0.0
8811aa6131fffff,2024,1,0,0.0,0.09341104294161985,1.0,0.0
8811aa6135fffff,2022,2,0,0.0,0.10826511380576298,0.0,0.0
8811aa6135fffff,2023,3,0,0.0,0.10632529624133036,0.0,0.0
8811aa6135fffff,2024,2,1,0.5,0.10600925196258264,0.0,0.0
8811aa6137fffff,2022,3,0,0.0,0.12980053288395937,0.0,0.3333333333333333
8811aa6137fffff,2023,3,0,0.0,0.12976925105004153,0.3333333333333333,0.3333333333333333
8811aa6137fffff,2024,2,0,0.0,0.12820941041551825,0.0,0.0
8811aa613dfffff,2022,5,0,0.0,0.029046316356096648,0.0,0.2
8811aa613dfffff,2023,4,0,0.0,0.0275856693460403,0.25,0.0
8811aa613dfffff,2024,8,0,0.0,0.029728890286899037,0.375,0.0
8811aa6141fffff,2022,4,0,0.0,0.028296183311321655,0.25,0.0
8811aa6141fffff,2023,4,0,0.0,0.0305839086709557,0.25,0.0
8811aa6141fffff,2024,2,0,0.0,0.02760864545749563,0.0,0.0
8811aa6143fffff,2022,10,0,0.0,0.006089619534581624,0.1,0.1
8811aa6143fffff,2023,4,0,0.0,0.007253261723660824,0.0,0.0
8811aa6143fffff,2024,9,0,0.0,0.004385321080411496,0.1111111111111111,0.1111111111111111
8811aa6145fffff,2022,6,1,0.16666666666666666,0.055108048121183445,0.0,0.16666666666666666
8811aa6145fffff,2023,9,0,0.0,0.05435504538167849,0.1111111111111111,0.0
8811aa6145fffff,2024,5,1,0.2,0.05539341388692511,0.0,0.0
8811aa6147fffff,2022,2,0,0.0,0.04654827111483607,0.0,0.0
8811aa6147fffff,2023,1,0,0.0,0.04682865958614751,0.0,0.0
8811aa6147fffff,2024,2,0,0.0,0.04693812999697184,0.0,0.0
8811aa6149fffff,2022,6,0,0.0,0.053562308303973065,0.16666666666666666,0.0
8811aa6149fffff,2023,6,0,0.0,0.05418016212804941,0.16666666666666666,0.0
8811aa6149fffff,2024,8,0,0.0,0.05398996579392578,0.0,0.0
8811aa614bfffff,2022,16,1,0.0625,0.04948267583336926,0.25,0.0625
8811aa614bfffff,2023,13,0,0.0,0.05089685173323996,0.07692307692307693,0.07692307692307693
8811aa614bfffff,2024,8,0,0.0,0.04877146807842847,0.125,0.0
8811aa614dfffff,2022,1,0,0.0,0.05237596744574209,0.0,1.0
8811aa614dfffff,2023,3,0,0.0,0.05101622554940286,0.0,0.0
8811aa614dfffff,2024,4,0,0.0,0.05005253751159433,0.0,0.0
8811aa6151fffff,2022,7,1,0.14285714285714285,0.0438547796930263,0.2857142857142857,0.42857142857142855
8811aa6151fffff,2023,4,0,0.0,0.041626313292336486,0.0,0.0
8811aa6151fffff,2024,6,0,0.0,0.042823367111255235,0.5,0.0
8811aa6155fffff,2022,5,0,0.0,0.04935616636151916,0.2,0.2
8811aa6155fffff,2023,1,0,0.0,0.055162114195567435,0.0,0.0
8811aa6155fffff,2024,4,0,0.0,0.05169400643672239,0.25,0.0
8811aa6157fffff,2022,3,0,0.0,0.05426788472112836,0.0,0.0
8811aa6157fffff,2023,2,0,0.0,0.05206255121996453,0.0,0.0
8811aa6159fffff,2022,1,0,0.0,0.06732088524152859,0.0,0.0
8811aa6159fffff,2023,5,1,0.2,0.06805280375707272,0.2,0.0
8811aa6159fffff,2024,4,1,0.25,0.06867662847222819,0.5,0.0
8811aa615bfffff,2022,9,1,0.1111111111111111,0.030087726055911646,0.2222222222222222,0.1111111111111111
8811aa615bfffff,2023,16,1,0.0625,0.03323095343185915,0.1875,0.0
8811aa615bfffff,2024,5,0,0.0,0.029225303871449622,0.2,0.0
8811aa615dfffff,2022,8,0,0.0,0.0330044732994515,0.0,0.25
8811aa615dfffff,2023,11,0,0.0,0.033614756397550134,0.09090909090909091,0.0
8811aa615dfffff,2024,10,0,0.0,0.03200462863955918,0.1,0.0
8811aa6161fffff,2022,3,0,0.0,0.02796784298289581,0.0,0.0
8811aa6161fffff,2023,4,0,0.0,0.027264396356391822,0.25,0.0
8811aa6161fffff,2024,4,0,0.0,0.028983529958418235,0.0,0.25
8811aa6163fffff,2022,7,0,0.0,0.044865219982586524,0.14285714285714285,0.14285714285714285
8811aa6163fffff,2023,11,1,0.09090909090909091,0.041602680119090005,0.45454545454545453,0.09090909090909091
8811aa6163fffff,2024,7,0,0.0,0.044580551734053286,0.0,0.0
8811aa6165fffff,2023,5,0,0.0,0.06543843597489667,0.2,0.4
8811aa6165fffff,2024,3,1,0.3333333333333333,0.06573545620246309,0.3333333333333333,0.0
8811aa6167fffff,2022,2,0,0.0,0.03478343342542049,0.0,0.0
8811aa6169fffff,2023,2,0,0.0,0.1369174146540279,0.0,0.0
8811aa6169fffff,2024,3,0,0.0,0.1383372416458981,0.0,0.0
8811aa616bfffff,2022,9,0,0.0,0.054004725941369826,0.0,0.1111111111111111
8811aa616bfffff,2023,2,0,0.0,0.05179428469646033,0.5,0.0
8811aa616bfffff,2024,8,1,0.125,0.053180801600235555,0.0,0.25
8811aa616dfffff,2022,3,0,0.0,0.0783235093213951,0.0,0.0
8811aa616dfffff,2023,4,0,0.0,0.0770914872641016,0.25,0.0
8811aa616dfffff,2024,3,0,0.0,0.07951087407484586,0.0,0.6666666666666666
8811aa6181fffff,2022,3,1,0.3333333333333333,0.03137907863007514,0.3333333333333333,0.3333333333333333
8811aa6181fffff,2023,5,0,0.0,0.03294728471538579,0.4,0.4
8811aa6181fffff,2024,6,0,0.0,0.03382397693592313,0.0,0.16666666666666666
8811aa6185fffff,2022,5,0,0.0,0.1334126172315338,0.4,0.6
8811aa6185fffff,2023,2,1,0.5,0.1337343920658625,0.0,0.5
8811aa6185fffff,2024,2,0,0.0,0.13373706978176386,0.0,0.0
8811aa6189fffff,2022,9,1,0.1111111111111111,0.04336375410224692,0.1111111111111111,0.1111111111111111
8811aa6189fffff,2023,9,0,0.0,0.04338577906490897,0.2222222222222222,0.1111111111111111
8811aa6189fffff,2024,9,0,0.0,0.044536469402873716,0.2222222222222222,0.0
8811aa618bfffff,2022,7,1,0.14285714285714285,0.04295994613430188,0.2857142857142857,0.42857142857142855
8811aa618bfffff,2023,3,1,0.3333333333333333,0.042996069700384415,0.3333333333333333,0.3333333333333333
8811aa618bfffff,2024,3,0,0.0,0.042768464600090796,0.0,0.3333333333333333
8811aa618dfffff,2023,2,0,0.0,0.020816841546925615,0.0,0.0
8811aa618dfffff,2024,5,0,0.0,0.022301685770145026,0.0,0.0
8811aa6195fffff,2022,1,0,0.0,0.10667572027593882,0.0,0.0
8811aa6195fffff,2023,1,0,0.0,0.10554118871273342,0.0,0.0
8811aa6195fffff,2024,1,0,0.0,0.10394849338107458,0.0,1.0
8811aa6197fffff,2023,2,0,0.0,0.035468192862774556,0.0,0.0
8811aa6197fffff,2024,4,1,0.25,0.033965905876025625,0.25,0.0
8811aa61a5fffff,2023,1,0,0.0,0.051948557653063936,1.0,1.0
8811aa61a9fffff,2022,4,0,0.0,0.1359853455497838,0.25,0.5
8811aa61a9fffff,2023,3,0,0.0,0.13930385071779688,0.6666666666666666,0.6666666666666666
8811aa61a9fffff,2024,5,1,0.2,0.1373299331652259,0.0,0.2
8811aa61adfffff,2022,8,0,0.0,0.05414627994879671,0.0,0.5
8811aa61adfffff,2023,6,0,0.0,0.053697257161851995,0.0,0.5
8811aa61adfffff,2024,5,0,0.0,0.054952252434848345,0.0,0.2
8811aa61bbfffff,2023,1,0,0.0,0.18257771259113598,0.0,0.0
8811aa61c1fffff,2022,10,0,0.0,0.005108269492614746,0.2,0.3
8811aa61c1fffff,2023,14,2,0.14285714285714285,0.006015802963037352,0.14285714285714285,0.0
8811aa61c1fffff,2024,11,0,0.0,0.008087943683312093,0.2727272727272727,0.09090909090909091
8811aa61c3fffff,2022,3,0,0.0,0.07314575323443401,0.0,0.0
8811aa61c3fffff,2023,4,0,0.0,0.07100418365474007,0.0,0.0
8811aa61c3fffff,2024,6,0,0.0,0.06948589325672262,0.0,0.0
8811aa61c5fffff,2022,6,0,0.0,0.04814865506272407,0.0,0.16666666666666666
8811aa61c5fffff,2023,5,0,0.0,0.05007476862880968,0.0,0.0
8811aa61c5fffff,2024,7,0,0.0,0.047151620023566446,0.2857142857142857,0.0
8811aa61c7fffff,2022,4,0,0.0,0.04650631562081467,0.0,0.0
8811aa61c7fffff,2023,7,1,0.14285714285714285,0.04544184378649274,0.0,0.0
8811aa61c7fffff,2024,5,0,0.0,0.04514722665439669,0.0,0.0
8811aa61c9fffff,2022,14,1,0.07142857142857142,0.029675700162158862,0.21428571428571427,0.0
8811aa61c9fffff,2023,17,1,0.058823529411764705,0.029362160681933425,0.058823529411764705,0.0
8811aa61c9fffff,2024,22,0,0.0,0.030024897812901095,0.13636363636363635,0.045454545454545456
8811aa61cbfffff,2022,2,0,0.0,0.022883758663548852,0.0,0.5
8811aa61cbfffff,2023,3,0,0.0,0.022405417798062332,0.0,0.0
8811aa61cbfffff,2024,8,0,0.0,0.022953177564884217,0.0,0.0
8811aa61cdfffff,2022,13,0,0.0,0.05347668205336617,0.0,0.07692307692307693
8811aa61cdfffff,2023,14,1,0.07142857142857142,0.054198964922872,0.07142857142857142,0.07142857142857142
8811aa61cdfffff,2024,13,0,0.0,0.05358625952768781,0.23076923076923078,0.0
8811aa61d1fffff,2022,3,1,0.3333333333333333,0.01682812798937613,0.3333333333333333,0.3333333333333333
8811aa61d1fffff,2023,7,0,0.0,0.015463689732268693,0.42857142857142855,0.14285714285714285
8811aa61d1fffff,2024,1,0,0.0,0.018467042092348816,0.0,0.0
8811aa61d5fffff,2022,2,0,0.0,0.04114611488337852,0.0,0.0
8811aa61d5fffff,2023,9,0,0.0,0.04095311630333249,0.0,0.1111111111111111
8811aa61d5fffff,2024,6,0,0.0,0.03959837884786546,0.0,0.0
8811aa61d7fffff,2022,3,0,0.0,0.1209528545062006,0.3333333333333333,0.6666666666666666
8811aa61d7fffff,2023,1,0,0.0,0.12009137440042938,0.0,0.0
8811aa61d7fffff,2024,2,0,0.0,0.11995087238886408,0.5,0.0
8811aa61d9fffff,2022,2,1,0.5,0.0504077892854506,0.5,0.5
8811aa61d9fffff,2023,1,0,0.0,0.05008666701918153,0.0,0.0
8811aa61d9fffff,2024,2,0,0.0,0.04894694677164541,0.5,0.5
8811aa61dbfffff,2022,1,0,0.0,0.14267371876952267,0.0,0.0
8811aa61dbfffff,2024,1,0,0.0,0.1473940059088705,1.0,1.0
8811aa61ddfffff,2022,5,0,0.0,0.030749837195148844,0.2,0.2
8811aa61ddfffff,2023,3,0,0.0,0.032871140131759236,0.3333333333333333,0.0
8811aa61ddfffff,2024,2,0,0.0,0.03250005633793287,0.0,0.0
8811aa61e1fffff,2022,3,0,0.0,0.022394110540624262,0.0,0.0
8811aa61e1fffff,2024,5,0,0.0,0.02496000502393392,0.0,0.2
8811aa61e5fffff,2022,1,0,0.0,0.0016734647058567224,1.0,0.0
8811aa61e5fffff,2024,1,0,0.0,0.008216987029014492,0.0,0.0
8811aa61e7fffff,2024,1,0,0.0,0.09321366863524555,1.0,0.0
8811aa61e9fffff,2022,5,0,0.0,0.04041565601407531,0.0,0.0
8811aa61e9fffff,2023,9,0,0.0,0.04118683062112613,0.1111111111111111,0.0
8811aa61e9fffff,2024,5,0,0.0,0.04013416467650729,0.0,0.0
8811aa61ebfffff,2022,2,0,0.0,0.039989862414166626,0.0,0.0
8811aa61ebfffff,2023,8,0,0.0,0.038028879357663144,0.0,0.0
8811aa61ebfffff,2024,4,0,0.0,0.03736872977251776,0.25,0.0
8811aa6201fffff,2022,6,0,0.0,0.04630876303915212,0.16666666666666666,0.16666666666666666
8811aa6201fffff,2023,6,0,0.0,0.04664674570582539,0.16666666666666666,0.0
8811aa6201fffff,2024,6,1,0.16666666666666666,0.04674090862355359,0.16666666666666666,0.0
8811aa6203fffff,2022,4,1,0.25,0.08514225037939653,0.0,0.25
8811aa6203fffff,2023,3,0,0.0,0.08482515544787185,0.0,0.0
8811aa6203fffff,2024,5,0,0.0,0.08325979819770517,0.0,0.0
8811aa6205fffff,2022,7,1,0.14285714285714285,0.0406728927843531,0.0,0.14285714285714285
8811aa6205fffff,2023,7,0,0.0,0.038308510674572846,0.14285714285714285,0.0
8811aa6205fffff,2024,14,0,0.0,0.03979407267026213,0.07142857142857142,0.0
8811aa6207fffff,2022,10,0,0.0,0.04287305410663474,0.1,0.2
8811aa6207fffff,2023,5,1,0.2,0.03774997240296428,0.0,0.0
8811aa6207fffff,2024,5,0,0.0,0.038511303373960734,0.0,0.0
8811aa6209fffff,2022,4,1,0.25,0.045694143742957785,0.5,0.25
8811aa6209fffff,2023,14,0,0.0,0.04800841923651989,0.14285714285714285,0.07142857142857142
8811aa6209fffff,2024,9,0,0.0,0.046564652185385025,0.3333333333333333,0.0
8811aa620bfffff,2022,8,0,0.0,0.03706212629451817,0.125,0.25
8811aa620bfffff,2023,9,2,0.2222222222222222,0.035903616783212765,0.1111111111111111,0.1111111111111111
8811aa620bfffff,2024,6,0,0.0,0.03619007235549448,0.16666666666666666,0.0
8811aa620dfffff,2022,1,0,0.0,0.023874460241028163,0.0,0.0
8811aa620dfffff,2023,7,0,0.0,0.024954308536228178,0.0,0.14285714285714285
8811aa620dfffff,2024,9,0,0.0,0.0252751371907374,0.1111111111111111,0.1111111111111111
8811aa6211fffff,2022,4,1,0.25,0.024532105199442513,0.0,0.0
8811aa6211fffff,2023,2,0,0.0,0.02419961928237844,1.0,0.0
8811aa6211fffff,2024,3,0,0.0,0.02139528095783624,0.3333333333333333,0.0
8811aa6213fffff,2022,6,0,0.0,0.04814246631336289,0.0,0.0
8811aa6213fffff,2023,2,0,0.0,0.050024614061005,0.0,0.0
8811aa6213fffff,2024,3,0,0.0,0.04728824868637869,0.0,0.0
8811aa6215fffff,2022,3,0,0.0,0.08282446413639562,0.0,0.0
8811aa6215fffff,2023,2,0,0.0,0.08394170695388922,0.0,0.0
8811aa6215fffff,2024,8,0,0.0,0.08531551101905914,0.125,0.0
8811aa6217fffff,2022,12,0,0.0,0.06375046891341075,0.0,0.16666666666666666
8811aa6217fffff,2023,11,2,0.18181818181818182,0.06378463039478212,0.2727272727272727,0.09090909090909091
8811aa6217fffff,2024,8,0,0.0,0.06546631840230985,0.0,0.0
8811aa6219fffff,2022,6,1,0.16666666666666666,0.028808138853590026,0.0,0.16666666666666666
8811aa6219fffff,2023,2,0,0.0,0.02677607290925678,0.0,0.0
8811aa6219fffff,2024,5,0,0.0,0.029475896454132323,0.2,0.0
8811aa621bfffff,2022,8,0,0.0,0.029214532732467772,0.0,0.0
8811aa621bfffff,2023,3,0,0.0,0.03007975346597946,0.0,0.0
8811aa621bfffff,2024,17,0,0.0,0.030442448210152497,0.17647058823529413,0.058823529411764705
8811aa621dfffff,2022,11,2,0.18181818181818182,0.023511196394864417,0.18181818181818182,0.0
8811aa621dfffff,2023,15,1,0.06666666666666667,0.02354270643583125,0.06666666666666667,0.0
8811aa621dfffff,2024,19,1,0.05263157894736842,0.02347597887641268,0.2631578947368421,0.0
8811aa6221fffff,2022,2,1,0.5,0.14172556799664593,0.0,0.5
8811aa6221fffff,2023,1,0,0.0,0.137430305604325,0.0,0.0
8811aa6227fffff,2022,2,0,0.0,0.06401317280432416,0.0,0.0
8811aa6227fffff,2023,2,0,0.0,0.06466235719520752,0.0,0.5
8811aa6229fffff,2023,1,0,0.0,0.07276638640445883,0.0,0.0
8811aa6229fffff,2024,4,0,0.0,0.07198091932777002,0.5,0.25
8811aa6239fffff,2022,6,0,0.0,0.08379055656221181,0.0,0.16666666666666666
8811aa6239fffff,2023,3,0,0.0,0.08263603627279846,0.3333333333333333,0.0
8811aa6239fffff,2024,5,0,0.0,0.08392451891935136,0.4,0.0
8811aa623bfffff,2022,2,0,0.0,0.11290758795758213,0.0,0.0
8811aa623bfffff,2023,1,1,1.0,0.11752246342516998,0.0,0.0
8811aa623bfffff,2024,4,0,0.0,0.11540411428524361,0.0,0.0
8811aa6241fffff,2023,1,0,0.0,0.06840558010245702,0.0,0.0
8811aa6241fffff,2024,4,0,0.0,0.06543565760040307,0.0,0.0
8811aa6243fffff,2022,5,0,0.0,0.011572447519024025,0.0,0.0
8811aa6243fffff,2023,4,0,0.0,0.010618808675766766,0.0,0.0
8811aa6243fffff,2024,4,0,0.0,0.010463983118736602,0.0,0.0
8811aa6245fffff,2022,6,0,0.0,0.013726998386297332,0.16666666666666666,0.0
8811aa6245fffff,2023,7,0,0.0,0.010969312719990146,0.2857142857142857,0.14285714285714285
8811aa6245fffff,2024,11,0,0.0,0.014016952959397066,0.09090909090909091,0.0
8811aa6247fffff,2022,8,0,0.0,0.03988500801316414,0.125,0.125
8811aa6247fffff,2023,7,0,0.0,0.039587332112600515,0.0,0.0
8811aa6247fffff,2024,7,0,0.0,0.03947714174165671,0.14285714285714285,0.0
8811aa6249fffff,2022,2,1,0.5,0.04509592511502199,0.0,0.0
8811aa6249fffff,2023,5,0,0.0,0.04535467870088035,0.0,0.0
8811aa6249fffff,2024,4,0,0.0,0.044480699323551684,0.25,0.0
8811aa624bfffff,2022,2,0,0.0,0.0341945528072773,0.0,0.0
8811aa624bfffff,2023,1,0,0.0,0.03199266637509425,0.0,0.0
8811aa624bfffff,2024,1,0,0.0,0.03169907662055239,0.0,0.0
8811aa624dfffff,2022,5,0,0.0,0.054075807064189685,0.2,0.0
8811aa624dfffff,2023,4,0,0.0,0.05449409901932059,0.25,0.0
8811aa624dfffff,2024,12,0,0.0,0.05333032416408551,0.08333333333333333,0.0
8811aa6251fffff,2022,3,0,0.0,0.04386010207843813,0.3333333333333333,0.0
8811aa6251fffff,2023,1,0,0.0,0.04517097643702907,0.0,0.0
8811aa6251fffff,2024,5,1,0.2,0.043706496250961194,0.0,0.0
8811aa6253fffff,2022,3,1,0.3333333333333333,0.04735211527791123,0.0,0.3333333333333333
8811aa6253fffff,2023,3,0,0.0,0.0460831028246668,0.0,0.0
8811aa6253fffff,2024,2,0,0.0,0.04658366636345912,0.5,0.0
8811aa6255fffff,2022,6,0,0.0,0.08262519481879065,0.3333333333333333,0.0
8811aa6255fffff,2023,11,1,0.09090909090909091,0.0833119770814869,0.0,0.0
8811aa6255fffff,2024,15,0,0.0,0.08356218428837552,0.2,0.0
8811aa6257fffff,2022,10,1,0.1,0.04220422108688816,0.0,0.1
8811aa6257fffff,2023,5,0,0.0,0.041954960606834735,0.0,0.0
8811aa6257fffff,2024,22,1,0.045454545454545456,0.04213119367112101,0.13636363636363635,0.0
8811aa6259fffff,2022,4,0,0.0,0.03490745333042419,0.0,0.0
8811aa6259fffff,2023,7,0,0.0,0.03466025098159964,0.0,0.0
8811aa6259fffff,2024,6,0,0.0,0.03577062959169614,0.0,0.0
8811aa625bfffff,2022,11,0,0.0,0.06369990052819893,0.09090909090909091,0.09090909090909091
8811aa625bfffff,2023,7,0,0.0,0.06495744565884788,0.42857142857142855,0.2857142857142857
8811aa625bfffff,2024,10,0,0.0,0.0625226393677132,0.1,0.1
8811aa625dfffff,2022,15,1,0.06666666666666667,0.02905957338578342,0.2,0.0
8811aa625dfffff,2023,12,1,0.08333333333333333,0.029841532935149115,0.0,0.0
8811aa625dfffff,2024,12,1,0.08333333333333333,0.029760668049009315,0.08333333333333333,0.0
8811aa6261fffff,2022,1,0,0.0,0.07859139708230797,0.0,0.0
8811aa6261fffff,2023,1,0,0.0,0.08264187573657,0.0,0.0
8811aa6261fffff,2024,2,0,0.0,0.08265431722538553,0.0,0.0
8811aa6263fffff,2022,5,0,0.0,0.09095670124114558,0.2,0.0
8811aa6263fffff,2023,5,0,0.0,0.09101175445846096,0.0,0.0
8811aa6263fffff,2024,10,0,0.0,0.09125595377547614,0.1,0.0
8811aa6265fffff,2022,8,0,0.0,0.026892529640838107,0.0,0.0
8811aa6265fffff,2023,9,0,0.0,0.027176490029063208,0.0,0.1111111111111111
8811aa6265fffff,2024,15,1,0.06666666666666667,0.027438155188216226,0.13333333333333333,0.06666666666666667
8811aa6267fffff,2022,10,1,0.1,0.01729110602993001,0.2,0.3
8811aa6267fffff,2023,14,0,0.0,0.018719971756900506,0.14285714285714285,0.07142857142857142
8811aa6267fffff,2024,9,1,0.1111111111111111,0.020119951540137546,0.0,0.0
8811aa6269fffff,2022,2,0,0.0,0.03668325486686097,0.0,0.0
8811aa6269fffff,2023,6,0,0.0,0.03808271567812981,0.16666666666666666,0.0
8811aa6269fffff,2024,7,0,0.0,0.03964091068868804,0.2857142857142857,0.2857142857142857
8811aa626bfffff,2022,4,0,0.0,0.0393441011298342,0.0,0.5
8811aa626bfffff,2023,4,0,0.0,0.04144579106271511,0.0,0.0
8811aa626bfffff,2024,7,0,0.0,0.03993021527601388,0.0,0.2857142857142857
8811aa626dfffff,2022,5,0,0.0,0.03782134308772357,0.2,0.0
8811aa626dfffff,2023,2,0,0.0,0.02962514728069849,0.0,0.0
8811aa626dfffff,2024,9,1,0.1111111111111111,0.03074666543991598,0.0,0.0
8811aa628dfffff,2022,2,0,0.0,0.005181428464555415,0.0,0.5
8811aa62a5fffff,2022,1,0,0.0,0.5628902633695049,0.0,1.0
8811aa62a5fffff,2023,2,1,0.5,0.5667784454370282,0.0,0.5
8811aa62a9fffff,2022,3,0,0.0,0.24644165384348896,0.3333333333333333,0.6666666666666666
8811aa62a9fffff,2023,2,2,1.0,0.24913506617007022,0.5,0.5
8811aa62a9fffff,2024,1,0,0.0,0.2446685455013923,0.0,0.0
8811aa62adfffff,2022,1,0,0.0,0.45595980502573713,0.0,0.0
8811aa62adfffff,2023,1,0,0.0,0.45382509528778175,0.0,0.0
8811aa62c1fffff,2022,3,0,0.0,0.017714838930552885,0.3333333333333333,0.0
8811aa62c1fffff,2023,1,0,0.0,0.02259453296851737,0.0,0.0
8811aa62c1fffff,2024,9,2,0.2222222222222222,0.019490472222468642,0.3333333333333333,0.2222222222222222
8811aa62c5fffff,2022,3,0,0.0,0.05094307199648063,0.0,0.6666666666666666
8811aa62c5fffff,2023,8,2,0.25,0.05323155171449778,0.0,0.0
8811aa62c5fffff,2024,6,0,0.0,0.05178443875601064,0.3333333333333333,0.0
8811aa62c7fffff,2022,2,0,0.0,0.09215810760106198,0.5,0.0
8811aa62c9fffff,2022,5,1,0.2,0.06813190664778809,0.8,0.2
8811aa62c9fffff,2023,5,1,0.2,0.06541738711136036,0.6,0.4
8811aa62c9fffff,2024,4,0,0.0,0.06374887442197791,0.25,0.5
8811aa62cdfffff,2023,2,0,0.0,0.015688602149756755,0.5,0.0
8811aa62cdfffff,2024,3,1,0.3333333333333333,0.01785559819288596,0.3333333333333333,0.0
8811aa62e3fffff,2022,3,0,0.0,0.10226427039153331,0.3333333333333333,0.0
8811aa62e3fffff,2023,2,0,0.0,0.10333177799068573,0.0,1.0
8811aa62e3fffff,2024,3,1,0.3333333333333333,0.10681071323482665,0.0,0.6666666666666666
8811aa62e9fffff,2022,8,0,0.0,0.015360438952322399,0.0,0.0
8811aa62e9fffff,2023,8,0,0.0,0.0165730579837664,0.0,0.0
8811aa62e9fffff,2024,11,0,0.0,0.01501101984527326,0.18181818181818182,0.0
8811aa62ebfffff,2022,11,1,0.09090909090909091,0.06322015448485319,0.45454545454545453,0.36363636363636365
8811aa62ebfffff,2023,9,1,0.1111111111111111,0.06409281061778163,0.0,0.1111111111111111
8811aa62ebfffff,2024,23,0,0.0,0.06378400677461771,0.21739130434782608,0.08695652173913043
8811aa62edfffff,2022,1,0,0.0,0.10841934747481913,0.0,0.0
8811aa62edfffff,2023,2,0,0.0,0.11046946977958122,0.0,0.0
8811aa6303fffff,2023,1,0,0.0,0.047922047563629666,0.0,0.0
8811aa6303fffff,2024,2,0,0.0,0.04981293350230529,0.0,0.0
8811aa6305fffff,2022,8,0,0.0,0.03565520671845535,0.125,0.0
8811aa6305fffff,2023,8,1,0.125,0.035050575011556784,0.125,0.125
8811aa6305fffff,2024,16,1,0.0625,0.03625295483231498,0.0,0.0
8811aa6307fffff,2022,3,0,0.0,0.06235951305981648,0.0,0.0
8811aa6307fffff,2023,4,0,0.0,0.06306577595150281,0.25,0.25
8811aa6307fffff,2024,6,0,0.0,0.06272920235732678,0.0,0.0
8811aa6309fffff,2022,2,0,0.0,0.07688467745074695,1.0,0.0
8811aa6309fffff,2024,2,0,0.0,0.08037865908880754,0.0,0.0
8811aa630bfffff,2022,1,0,0.0,0.044507411896210436,0.0,0.0
8811aa630dfffff,2022,2,0,0.0,0.030687329464193627,0.0,0.0
8811aa630dfffff,2023,6,0,0.0,0.03292710356126227,0.16666666666666666,0.0
8811aa630dfffff,2024,3,0,0.0,0.033541903440677784,0.0,0.0
8811aa6311fffff,2022,2,0,0.0,0.0650656038565351,0.0,0.0
8811aa6311fffff,2023,4,0,0.0,0.06371919701374734,0.25,0.0
8811aa6311fffff,2024,3,0,0.0,0.06286148290693146,0.0,0.0
8811aa6313fffff,2022,3,0,0.0,0.11077334517754715,0.3333333333333333,0.0
8811aa6313fffff,2024,3,0,0.0,0.11225953802436865,0.0,0.0
8811aa6315fffff,2022,1,0,0.0,0.10738456534136148,0.0,0.0
8811aa6315fffff,2023,3,0,0.0,0.10325993303588105,0.3333333333333333,0.0
8811aa6315fffff,2024,2,0,0.0,0.10682974104857433,0.0,0.0
8811aa6317fffff,2023,4,0,0.0,0.023191161151302472,0.0,0.0
8811aa6317fffff,2024,4,0,0.0,0.023607302259864592,0.5,0.0
8811aa6319fffff,2022,2,0,0.0,0.061149913624751265,0.0,0.0
8811aa6319fffff,2024,2,0,0.0,0.06413303741003562,0.0,0.0
8811aa631bfffff,2022,1,0,0.0,0.05674762925571072,0.0,0.0
8811aa631dfffff,2023,1,0,0.0,0.060565079251787036,0.0,0.0
8811aa6321fffff,2022,7,0,0.0,0.018713345039426118,0.0,0.14285714285714285
8811aa6321fffff,2023,4,1,0.25,0.017329352668757174,0.0,0.0
8811aa6321fffff,2024,6,1,0.16666666666666666,0.020432595041445987,0.16666666666666666,0.0
8811aa6323fffff,2022,10,0,0.0,0.022551845237411963,0.1,0.0
8811aa6323fffff,2023,8,0,0.0,0.022846418810905864,0.0,0.0
8811aa6323fffff,2024,10,0,0.0,0.021321320227083433,0.0,0.1
8811aa6325fffff,2022,8,0,0.0,0.004905335939922194,0.25,0.0
8811aa6325fffff,2023,6,0,0.0,0.0064913964589105025,0.0,0.3333333333333333
8811aa6325fffff,2024,10,1,0.1,0.006784875081624185,0.2,0.1
8811aa6327fffff,2022,1,0,0.0,0.08332911094378635,0.0,1.0
8811aa6327fffff,2023,2,0,0.0,0.0835981861183723,0.0,0.0
8811aa6327fffff,2024,1,0,0.0,0.08772828295567756,0.0,0.0
8811aa6329fffff,2022,3,0,0.0,0.1003740211648881,0.3333333333333333,0.3333333333333333
8811aa6329fffff,2023,9,0,0.0,0.10312925368773607,0.2222222222222222,0.0
8811aa6329fffff,2024,4,0,0.0,0.10158255138571361,0.5,0.25
8811aa632bfffff,2022,5,0,0.0,0.03537446361620957,0.0,0.0
8811aa632bfffff,2023,4,0,0.0,0.03648794488268744,0.0,0.0
8811aa632bfffff,2024,3,0,0.0,0.03941881808763465,0.0,0.0
8811aa632dfffff,2022,8,0,0.0,0.013444738109341088,0.125,0.0
8811aa632dfffff,2023,16,0,0.0,0.014029737568673872,0.0,0.0
8811aa632dfffff,2024,13,0,0.0,0.014353405803432147,0.0,0.0
8811aa6331fffff,2022,15,1,0.06666666666666667,0.007495514491408382,0.0,0.06666666666666667
8811aa6331fffff,2023,12,0,0.0,0.007442992378855478,0.0,0.0
8811aa6331fffff,2024,9,0,0.0,0.006711718498179072,0.0,0.0
8811aa6333fffff,2022,7,0,0.0,0.007208762387846198,0.14285714285714285,0.0
8811aa6333fffff,2023,5,0,0.0,0.007520270774947593,0.0,0.2
8811aa6333fffff,2024,5,2,0.4,0.006055710531134018,0.0,0.0
8811aa6335fffff,2022,4,1,0.25,0.05650794153280773,0.0,0.0
8811aa6335fffff,2023,3,0,0.0,0.055528786547949856,0.0,0.0
8811aa6335fffff,2024,5,0,0.0,0.0568670802628002,0.0,0.0
8811aa6337fffff,2022,3,0,0.0,0.14460115150346095,0.0,0.0
8811aa6337fffff,2023,2,0,0.0,0.14281973597560965,0.0,0.0
8811aa6337fffff,2024,1,0,0.0,0.14460115150346092,0.0,0.0
8811aa6339fffff,2022,5,1,0.2,0.05859111474368772,0.0,0.0
8811aa6339fffff,2023,3,1,0.3333333333333333,0.059907105590029035,0.0,0.0
8811aa6339fffff,2024,1,0,0.0,0.05736104136083047,0.0,0.0
8811aa633bfffff,2022,15,0,0.0,0.02799257258519564,0.0,0.0
8811aa633bfffff,2023,10,1,0.1,0.027213608589858922,0.0,0.1
8811aa633bfffff,2024,8,1,0.125,0.02798561818794329,0.0,0.0
8811aa633dfffff,2022,1,0,0.0,0.0775117293070686,0.0,0.0
8811aa633dfffff,2023,6,0,0.0,0.07615685932663858,0.0,0.0
8811aa633dfffff,2024,8,0,0.0,0.0774249428595962,0.0,0.0
8811aa6341fffff,2022,6,0,0.0,0.08611225559425857,0.0,0.0
8811aa6341fffff,2023,2,0,0.0,0.08645170812763166,0.0,0.0
8811aa6341fffff,2024,5,0,0.0,0.0847988975143403,0.2,0.0
8811aa6343fffff,2023,1,0,0.0,0.10383231384152163,0.0,0.0
8811aa6345fffff,2022,5,1,0.2,0.03834108169288754,0.2,0.2
8811aa6345fffff,2023,9,0,0.0,0.03777371449454835,0.3333333333333333,0.1111111111111111
8811aa6345fffff,2024,8,1,0.125,0.038007093473127446,0.25,0.125
8811aa6347fffff,2022,2,0,0.0,0.08345044094019313,0.0,0.0
8811aa6347fffff,2023,7,0,0.0,0.08177800502316572,0.5714285714285714,0.0
8811aa6347fffff,2024,1,0,0.0,0.08485232990086221,0.0,0.0
8811aa6349fffff,2022,1,0,0.0,0.03516541865427062,0.0,0.0
8811aa6349fffff,2023,1,0,0.0,0.03592177302974087,0.0,0.0
8811aa6349fffff,2024,3,0,0.0,0.03196277594663368,0.0,0.0
8811aa634bfffff,2022,7,1,0.14285714285714285,0.0377502551803278,0.2857142857142857,0.14285714285714285
8811aa634bfffff,2023,11,0,0.0,0.03829080418605125,0.2727272727272727,0.0
8811aa634bfffff,2024,18,1,0.05555555555555555,0.037976842316253215,0.16666666666666666,0.05555555555555555
8811aa634dfffff,2022,12,0,0.0,0.05978408217485806,0.4166666666666667,0.08333333333333333
8811aa634dfffff,2023,11,0,0.0,0.05953894963168607,0.2727272727272727,0.09090909090909091
8811aa634dfffff,2024,8,0,0.0,0.060485842081910275,0.125,0.125
8811aa6351fffff,2022,3,0,0.0,0.02232579612221818,0.3333333333333333,0.0
8811aa6351fffff,2023,4,0,0.0,0.02093266067952895,0.5,0.0
8811aa6351fffff,2024,12,0,0.0,0.018601387475850495,0.08333333333333333,0.08333333333333333
8811aa6353fffff,2023,2,0,0.0,0.09579238784762163,0.0,0.5
8811aa6353fffff,2024,1,0,0.0,0.09406340709894506,0.0,0.0
8811aa6355fffff,2022,1,0,0.0,0.10703436418967387,0.0,0.0
8811aa6357fffff,2022,3,0,0.0,0.10779384743145363,0.0,0.6666666666666666
8811aa6357fffff,2023,1,0,0.0,0.11390107566928695,0.0,0.0
8811aa6357fffff,2024,1,0,0.0,0.11085077518977489,0.0,0.0
8811aa6359fffff,2022,4,0,0.0,0.020320756329009742,0.25,0.0
8811aa6359fffff,2023,9,0,0.0,0.022135769322195964,0.0,0.0
8811aa6359fffff,2024,14,0,0.0,0.020397905526762645,0.07142857142857142,0.0
8811aa635bfffff,2022,3,0,0.0,0.06823356423809723,0.3333333333333333,0.0
8811aa635bfffff,2023,3,0,0.0,0.06731684709966253,0.0,0.0
8811aa635bfffff,2024,7,0,0.0,0.06782570562574684,0.14285714285714285,0.0
8811aa635dfffff,2022,6,0,0.0,0.022848751575456114,0.0,0.0
8811aa635dfffff,2023,5,0,0.0,0.021027692597754877,0.0,0.0
8811aa635dfffff,2024,11,0,0.0,0.022129272236131012,0.2727272727272727,0.0
8811aa6361fffff,2022,7,0,0.0,0.11366818591331347,0.0,0.0
8811aa6361fffff,2023,3,0,0.0,0.11294493117809425,0.0,0.0
8811aa6361fffff,2024,3,0,0.0,0.11438465965515186,0.0,0.0
8811aa6363fffff,2022,9,0,0.0,0.018258629961836498,0.1111111111111111,0.2222222222222222
8811aa6363fffff,2023,7,0,0.0,0.02029036456848461,0.14285714285714285,0.0
8811aa6363fffff,2024,6,1,0.16666666666666666,0.01888370908029044,0.16666666666666666,0.0
8811aa6365fffff,2022,11,0,0.0,0.047044816695762014,0.0,0.0
8811aa6365fffff,2023,2,0,0.0,0.050534330519094894,0.5,0.0
8811aa6365fffff,2024,12,0,0.0,0.04747918277565195,0.0,0.08333333333333333
8811aa6367fffff,2022,6,1,0.16666666666666666,0.057389266655455094,0.0,0.16666666666666666
8811aa6367fffff,2023,5,1,0.2,0.05766732178365608,0.0,0.0
8811aa6367fffff,2024,6,0,0.0,0.057731843314219634,0.0,0.0
8811aa6369fffff,2022,4,0,0.0,0.010631742662021871,0.0,0.0
8811aa6369fffff,2023,3,0,0.0,0.009021998867925762,0.0,0.0
8811aa6369fffff,2024,4,1,0.25,0.009707826448189818,0.0,0.0
8811aa636bfffff,2022,6,0,0.0,0.08858503155315002,0.0,0.3333333333333333
8811aa636bfffff,2023,7,0,0.0,0.0883589828717739,0.42857142857142855,0.14285714285714285
8811aa636bfffff,2024,4,0,0.0,0.08852769946856479,0.25,0.25
8811aa636dfffff,2022,5,0,0.0,0.09415897185997989,0.0,0.0
8811aa636dfffff,2023,4,0,0.0,0.0941215947753148,0.0,0.0
8811aa636dfffff,2024,7,0,0.0,0.09316356037980807,0.0,0.0
8811aa6659fffff,2024,1,0,0.0,0.08359917232562777,1.0,0.0
8811aa6801fffff,2022,8,0,0.0,0.05196241575498925,0.5,0.0
8811aa6801fffff,2023,11,1,0.09090909090909091,0.052186615207398764,0.0,0.0
8811aa6801fffff,2024,9,0,0.0,0.05168304426164802,0.1111111111111111,0.0
8811aa6803fffff,2022,1,0,0.0,0.043685866955604016,0.0,0.0
8811aa6803fffff,2023,2,0,0.0,0.043816940689226355,0.5,0.0
8811aa6803fffff,2024,1,0,0.0,0.0417949810169284,0.0,0.0
8811aa6805fffff,2022,13,0,0.0,0.034102010877447096,0.07692307692307693,0.0
8811aa6805fffff,2023,11,1,0.09090909090909091,0.03410134750210136,0.09090909090909091,0.0
8811aa6805fffff,2024,10,0,0.0,0.03376688756431171,0.2,0.0
8811aa6807fffff,2022,1,0,0.0,0.037593746021687136,0.0,0.0
8811aa6809fffff,2022,2,0,0.0,0.0891501424881919,0.5,0.0
8811aa6809fffff,2023,2,0,0.0,0.09002881944985819,0.0,0.0
8811aa6809fffff,2024,2,0,0.0,0.09030996771558453,0.0,0.0
8811aa680bfffff,2022,8,0,0.0,0.027895769358051277,0.125,0.0
8811aa680bfffff,2023,4,0,0.0,0.029204548455201138,0.25,0.0
8811aa680bfffff,2024,6,0,0.0,0.026099739182665473,0.16666666666666666,0.0
8811aa680dfffff,2022,5,0,0.0,0.005198690381415624,0.0,0.4
8811aa680dfffff,2023,6,0,0.0,0.00581708349194598,0.0,0.5
8811aa680dfffff,2024,6,0,0.0,0.007066376307661265,0.0,0.0
8811aa6811fffff,2022,4,0,0.0,0.01976109274853848,0.0,0.25
8811aa6811fffff,2023,10,0,0.0,0.01994816848953307,0.1,0.1
8811aa6811fffff,2024,7,0,0.0,0.020587210224261326,0.0,0.2857142857142857
8811aa6813fffff,2022,5,0,0.0,0.027194482426739507,0.4,0.0
8811aa6813fffff,2023,3,0,0.0,0.026940219914041275,0.0,0.3333333333333333
8811aa6813fffff,2024,3,0,0.0,0.027165921444075324,0.0,0.0
8811aa6815fffff,2024,1,1,1.0,0.01614411945834423,0.0,0.0
8811aa6817fffff,2022,4,0,0.0,0.022009489982025957,0.5,0.0
8811aa6817fffff,2023,1,0,0.0,0.02358098488715885,0.0,1.0
8811aa6817fffff,2024,1,0,0.0,0.02503124793186646,1.0,0.0
8811aa6819fffff,2022,7,1,0.14285714285714285,0.04186344040837298,0.2857142857142857,0.14285714285714285
8811aa6819fffff,2023,2,0,0.0,0.04070253454797877,0.0,0.0
8811aa6819fffff,2024,2,0,0.0,0.042309412144640006,0.0,0.0
8811aa681bfffff,2022,2,1,0.5,0.04901877674218244,0.0,0.5
8811aa681bfffff,2023,1,0,0.0,0.04699123698881398,0.0,0.0
8811aa681bfffff,2024,1,0,0.0,0.049638477302959845,0.0,0.0
8811aa681dfffff,2022,3,0,0.0,0.032199116237354636,0.3333333333333333,0.0
8811aa681dfffff,2023,3,0,0.0,0.030725084059910947,0.0,0.0
8811aa681dfffff,2024,3,0,0.0,0.030545946208637084,0.0,0.0
8811aa6829fffff,2022,11,1,0.09090909090909091,0.03677564603734258,0.36363636363636365,0.09090909090909091
8811aa6829fffff,2023,7,3,0.2857142857142857,0.038097763951275614,0.2857142857142857,0.2857142857142857
8811aa6829fffff,2024,9,1,0.1111111111111111,0.0379932490526188,0.3333333333333333,0.1111111111111111
8811aa6841fffff,2022,3,0,0.0,0.040711681625344324,0.0,0.0
8811aa6841fffff,2023,2,0,0.0,0.04121385077238496,0.5,0.0
8811aa6841fffff,2024,7,1,0.14285714285714285,0.03990861916806757,0.14285714285714285,0.0
8811aa6843fffff,2022,9,2,0.2222222222222222,0.06675357827073224,0.5555555555555556,0.2222222222222222
8811aa6843fffff,2023,6,0,0.0,0.06728548350677345,0.16666666666666666,0.5
8811aa6843fffff,2024,3,0,0.0,0.06857042946995372,0.3333333333333333,0.0
8811aa6847fffff,2022,3,0,0.0,0.11975544347194962,0.3333333333333333,0.6666666666666666
8811aa6847fffff,2023,6,1,0.16666666666666666,0.12258827507209201,0.0,0.3333333333333333
8811aa6847fffff,2024,9,1,0.1111111111111111,0.12207418537388588,0.2222222222222222,0.4444444444444444
8811aa6849fffff,2022,15,2,0.13333333333333333,0.012204803643776577,0.3333333333333333,0.3333333333333333
8811aa6849fffff,2023,13,1,0.07692307692307693,0.014670901018037558,0.3076923076923077,0.15384615384615385
8811aa6849fffff,2024,5,1,0.2,0.01103877144374083,0.0,0.2
8811aa684bfffff,2022,10,0,0.0,0.020368263864731402,0.0,0.1
8811aa684bfffff,2023,4,0,0.0,0.021508404128214077,0.0,0.0
8811aa684bfffff,2024,6,0,0.0,0.020003825803202986,0.0,0.0
8811aa6851fffff,2022,10,0,0.0,0.1198805023581474,0.4,0.7
8811aa6851fffff,2023,4,0,0.0,0.11752344132005374,0.25,0.25
8811aa6851fffff,2024,6,0,0.0,0.1198850014711762,0.3333333333333333,0.16666666666666666
8811aa6853fffff,2022,1,0,0.0,0.05501987375956448,0.0,0.0
8811aa6853fffff,2023,2,0,0.0,0.06044542812147856,0.5,0.0
8811aa6853fffff,2024,3,0,0.0,0.05766902671922825,0.0,0.0
8811aa6855fffff,2022,7,0,0.0,0.026331780667554015,0.0,0.0
8811aa6855fffff,2023,4,0,0.0,0.0272009595648509,0.0,0.25
8811aa6855fffff,2024,8,3,0.125,0.026131004603941698,0.25,0.0
8811aa6857fffff,2022,5,0,0.0,0.0519992185667964,0.0,0.0
8811aa6857fffff,2023,5,0,0.0,0.05226524036600695,0.0,0.0
8811aa6857fffff,2024,2,0,0.0,0.050504187096909445,0.0,0.0
8811aa6859fffff,2022,4,0,0.0,0.023124895580764613,0.0,0.25
8811aa6859fffff,2023,1,0,0.0,0.01811226427238106,1.0,0.0
8811aa6859fffff,2024,2,0,0.0,0.019562425363374,0.5,0.0
8811aa685bfffff,2022,5,1,0.2,0.07541510926545239,0.2,0.2
8811aa685bfffff,2023,4,0,0.0,0.07486096339885441,0.0,0.25
8811aa685bfffff,2024,4,0,0.0,0.0764181577844955,0.25,0.5
8811aa685dfffff,2022,10,1,0.1,0.051261312213483345,0.3,0.2
8811aa685dfffff,2023,7,1,0.14285714285714285,0.04611756713394821,0.14285714285714285,0.2857142857142857
8811aa685dfffff,2024,11,0,0.0,0.04601087332738316,0.18181818181818182,0.09090909090909091
8811aa6861fffff,2022,6,0,0.0,0.1699418539441131,0.3333333333333333,0.3333333333333333
8811aa6861fffff,2023,3,0,0.0,0.17024386001778577,0.3333333333333333,0.3333333333333333
8811aa6861fffff,2024,3,0,0.0,0.17143403107505997,0.3333333333333333,1.0
8811aa6863fffff,2022,2,0,0.0,0.11320623994743288,0.5,0.0
8811aa6863fffff,2023,3,0,0.0,0.11960693699458307,0.3333333333333333,0.0
8811aa6865fffff,2022,8,0,0.0,0.17876951056883583,0.125,0.25
8811aa6865fffff,2023,6,0,0.0,0.178168167890137,0.3333333333333333,0.3333333333333333
8811aa6865fffff,2024,2,1,0.5,0.1776525606850281,0.5,0.0
8811aa6867fffff,2024,1,0,0.0,0.15945897956337962,0.0,1.0
8811aa686bfffff,2022,7,0,0.0,0.10128905777445875,0.42857142857142855,0.5714285714285714
8811aa686bfffff,2023,7,0,0.0,0.0950592932573274,0.2857142857142857,0.0
8811aa686bfffff,2024,2,0,0.0,0.09334783432229812,0.5,0.0
8811aa6881fffff,2023,1,0,0.0,0.08714699823035754,1.0,0.0
8811aa6885fffff,2023,9,0,0.0,0.0715339142093167,0.2222222222222222,0.1111111111111111
8811aa6885fffff,2024,2,0,0.0,0.06921888055467584,0.5,0.0
8811aa6887fffff,2022,1,0,0.0,0.052672610791906174,0.0,0.0
8811aa688dfffff,2023,1,0,0.0,0.04583717746444955,0.0,0.0
8811aa688dfffff,2024,1,0,0.0,0.04545900027671442,0.0,0.0
8811aa68a1fffff,2022,3,0,0.0,0.05955906537516647,0.0,0.0
8811aa68a1fffff,2023,2,0,0.0,0.05467348167049642,0.5,0.0
8811aa68a1fffff,2024,2,0,0.0,0.05897106377887123,0.0,0.0
8811aa68a5fffff,2024,1,0,0.0,0.08358237371304159,0.0,0.0
8811aa68a9fffff,2022,11,0,0.0,0.05539898107789538,0.18181818181818182,0.18181818181818182
8811aa68a9fffff,2023,5,0,0.0,0.054435234846429384,0.0,0.0
8811aa68a9fffff,2024,6,1,0.16666666666666666,0.056357643507380255,0.16666666666666666,0.16666666666666666
8811aa68abfffff,2023,1,0,0.0,0.038024717232716866,0.0,0.0
8811aa68abfffff,2024,2,0,0.0,0.036493618514215204,0.5,0.5
8811aa68adfffff,2022,7,0,0.0,0.026513735946073615,0.14285714285714285,0.14285714285714285
8811aa68adfffff,2023,7,0,0.0,0.024634797644667777,0.7142857142857143,0.2857142857142857
8811aa68adfffff,2024,10,0,0.0,0.025633167084724635,0.0,0.1
8811aa68c5fffff,2022,2,0,0.0,0.035096932189999416,0.0,0.0
8811aa68c5fffff,2023,6,0,0.0,0.03380980216986793,0.0,0.0
8811aa68c5fffff,2024,3,0,0.0,0.032945103780451346,0.3333333333333333,0.0
8811aa68c7fffff,2023,1,0,0.0,0.040478127168287664,0.0,0.0
8811aa68c7fffff,2024,1,0,0.0,0.034556605832144746,1.0,0.0
8811aa68e1fffff,2022,8,0,0.0,0.006571934480316391,0.0,0.125
8811aa68e1fffff,2023,3,0,0.0,0.00690382414414518,0.0,0.0
8811aa68e1fffff,2024,8,3,0.25,0.007102387169241221,0.25,0.0
8811aa68e3fffff,2022,2,0,0.0,0.04611539142065026,0.0,0.0
8811aa68e3fffff,2023,1,0,0.0,0.042597286599373486,1.0,0.0
8811aa68e3fffff,2024,1,1,1.0,0.04221910941163837,1.0,0.0
8811aa68e5fffff,2022,2,0,0.0,0.02853030835400805,0.0,0.0
8811aa68e5fffff,2023,3,0,0.0,0.030435798727825803,0.0,0.0
8811aa68e5fffff,2024,4,0,0.0,0.027962932855315002,0.25,0.25
8811aa68e7fffff,2022,9,0,0.0,0.00998966475415476,0.4444444444444444,0.1111111111111111
8811aa68e7fffff,2023,7,0,0.0,0.011757895428640563,0.0,0.14285714285714285
8811aa68e7fffff,2024,8,0,0.0,0.01058384220735236,0.25,0.125
8811aa68e9fffff,2022,6,1,0.16666666666666666,0.025561845237673367,0.5,0.16666666666666666
8811aa68e9fffff,2023,10,1,0.1,0.026060372464705762,0.1,0.2
8811aa68e9fffff,2024,4,0,0.0,0.02978896195045451,0.0,0.0
8811aa68ebfffff,2023,1,0,0.0,0.06875722016892093,0.0,0.0
8811aa6949fffff,2022,5,0,0.0,0.10088964614872928,0.2,0.4
8811aa6949fffff,2023,4,0,0.0,0.10179027712419796,0.0,0.5
8811aa6949fffff,2024,10,1,0.1,0.0997106933517504,0.5,0.3
8811aa694bfffff,2022,13,0,0.0,0.07305030968270139,0.23076923076923078,0.23076923076923078
8811aa694bfffff,2023,5,1,0.2,0.07373295031061501,0.2,0.6
8811aa694bfffff,2024,2,0,0.0,0.07194528679718079,0.5,0.5
8811aa6959fffff,2022,13,0,0.0,0.005221027736514075,0.23076923076923078,0.23076923076923078
8811aa6959fffff,2023,15,0,0.0,0.00650486635504989,0.26666666666666666,0.2
8811aa6959fffff,2024,4,0,0.0,0.0065980522867395645,0.0,0.0
8811aa695bfffff,2023,2,0,0.0,0.10068729694317564,0.0,0.0
8811aa695bfffff,2024,2,0,0.0,0.1040487891685706,0.0,0.5
8811aa695dfffff,2022,5,0,0.0,0.12335031681371711,0.6,0.0
8811aa695dfffff,2023,1,0,0.0,0.11837709289572142,0.0,0.0
8811aa6999fffff,2023,1,0,0.0,0.19395043548481092,0.0,0.0
8811aa69d1fffff,2022,1,0,0.0,0.024825782528885,0.0,0.0
8811aa69d1fffff,2023,4,0,0.0,0.024703870629245138,0.0,0.0
8811aa69d1fffff,2024,5,0,0.0,0.02246117758282238,0.0,0.0
8811aa69d3fffff,2022,5,0,0.0,0.015872554994345447,0.6,0.4
8811aa69d3fffff,2023,4,0,0.0,0.0190603166449916,0.0,0.0
8811aa69d3fffff,2024,3,0,0.0,0.019680692361688096,0.0,0.0
8811aa69d5fffff,2023,2,0,0.0,0.062258443147740324,0.0,0.0
8811aa69d5fffff,2024,1,0,0.0,0.05927419117036594,0.0,1.0
8811aa69d9fffff,2022,1,0,0.0,0.030296023530622967,0.0,0.0
8811aa69d9fffff,2024,2,0,0.0,0.031694222149902807,1.0,0.0
8811aa69ddfffff,2022,1,0,0.0,0.05553185425490151,0.0,0.0
8811aa6a01fffff,2022,2,0,0.0,0.022069433288219455,0.0,0.0
8811aa6a01fffff,2023,2,0,0.0,0.023063462839859522,0.5,0.0
8811aa6a01fffff,2024,3,2,0.6666666666666666,0.021214003109675073,0.0,0.0
8811aa6a03fffff,2022,12,0,0.0,0.01845558847065613,0.25,0.08333333333333333
8811aa6a03fffff,2023,8,0,0.0,0.018771950435907923,0.25,0.125
8811aa6a03fffff,2024,6,0,0.0,0.01730747225366334,0.16666666666666666,0.0
8811aa6a05fffff,2022,17,1,0.058823529411764705,0.04069803942357504,0.29411764705882354,0.058823529411764705
8811aa6a05fffff,2023,13,0,0.0,0.04449797503143294,0.23076923076923078,0.15384615384615385
8811aa6a05fffff,2024,24,1,0.041666666666666664,0.04096729803305096,0.125,0.041666666666666664
8811aa6a07fffff,2022,5,0,0.0,0.043262324569556185,0.0,0.4
8811aa6a07fffff,2023,6,0,0.0,0.04361038513823983,0.0,0.0
8811aa6a07fffff,2024,3,0,0.0,0.04172688744157254,0.3333333333333333,0.3333333333333333
8811aa6a09fffff,2022,1,0,0.0,0.05499662554060144,0.0,0.0
8811aa6a09fffff,2023,1,0,0.0,0.05650933429154194,0.0,0.0
8811aa6a09fffff,2024,2,0,0.0,0.05470093550418641,0.0,0.0
8811aa6a0bfffff,2022,2,0,0.0,0.05602902451257842,0.5,0.0
8811aa6a0bfffff,2023,7,0,0.0,0.05815855758633752,0.14285714285714285,0.0
8811aa6a0bfffff,2024,11,0,0.0,0.057960630007543784,0.36363636363636365,0.09090909090909091
8811aa6a0dfffff,2022,10,0,0.0,0.06334707538572129,0.1,0.2
8811aa6a0dfffff,2023,7,1,0.14285714285714285,0.06176698970687665,0.42857142857142855,0.0
8811aa6a0dfffff,2024,7,0,0.0,0.06051605164204675,0.14285714285714285,0.0
8811aa6a15fffff,2022,5,1,0.2,0.036477717031080284,0.4,0.0
8811aa6a15fffff,2023,4,1,0.25,0.03508145054651135,0.0,0.25
8811aa6a15fffff,2024,8,0,0.0,0.03486241127119932,0.0,0.25
8811aa6a17fffff,2022,2,0,0.0,0.05538803109371701,0.0,0.5
8811aa6a17fffff,2023,1,0,0.0,0.05467167000860595,0.0,0.0
8811aa6a17fffff,2024,4,0,0.0,0.05815200946699404,0.0,0.0
8811aa6a19fffff,2022,1,1,1.0,0.0830494577406076,0.0,0.0
8811aa6a19fffff,2023,3,0,0.0,0.08117860671669554,0.0,0.3333333333333333
8811aa6a1bfffff,2022,1,0,0.0,0.05471513811718094,0.0,0.0
8811aa6a1bfffff,2023,3,0,0.0,0.05179919102612427,0.0,0.0
8811aa6a1bfffff,2024,3,0,0.0,0.052175181777304035,0.3333333333333333,0.0
8811aa6a1dfffff,2022,2,0,0.0,0.09171962632679675,0.0,0.0
8811aa6a1dfffff,2023,5,1,0.2,0.09150235519330488,0.2,0.0
8811aa6a1dfffff,2024,2,0,0.0,0.08965187384888838,0.5,0.5
8811aa6a21fffff,2022,1,0,0.0,0.08725857559154827,0.0,0.0
8811aa6a21fffff,2023,2,0,0.0,0.08837968643734251,0.5,0.5
8811aa6a21fffff,2024,4,0,0.0,0.08497665584377143,0.5,0.0
8811aa6a23fffff,2022,5,0,0.0,0.04692212211009858,0.0,0.0
8811aa6a23fffff,2023,8,0,0.0,0.04607703587224584,0.125,0.0
8811aa6a23fffff,2024,1,0,0.0,0.04872313654549325,0.0,0.0
8811aa6a25fffff,2023,1,0,0.0,0.12218589430694332,0.0,0.0
8811aa6a27fffff,2023,1,0,0.0,0.0850539071384754,0.0,0.0
8811aa6a29fffff,2022,2,0,0.0,0.061428713699734294,0.0,0.0
8811aa6a29fffff,2023,8,0,0.0,0.06201794203536788,0.0,0.0
8811aa6a29fffff,2024,10,0,0.0,0.06141014643209902,0.1,0.0
8811aa6a2bfffff,2022,7,1,0.14285714285714285,0.02452027683572056,0.2857142857142857,0.0
8811aa6a2bfffff,2023,10,0,0.0,0.0242740217717392,0.2,0.1
8811aa6a2bfffff,2024,7,0,0.0,0.023928146754549722,0.0,0.14285714285714285
8811aa6a2dfffff,2024,1,0,0.0,0.20563774996071604,0.0,0.0
8811aa6a31fffff,2022,8,0,0.0,0.055917883961483,0.125,0.0
8811aa6a31fffff,2023,5,0,0.0,0.05770224814018841,0.2,0.0
8811aa6a31fffff,2024,5,0,0.0,0.057975482124148894,0.0,0.2
8811aa6a33fffff,2022,7,0,0.0,0.0200162723093489,0.0,0.14285714285714285
8811aa6a33fffff,2023,8,0,0.0,0.019022625823921856,0.0,0.25
8811aa6a33fffff,2024,9,0,0.0,0.02165299844596211,0.1111111111111111,0.2222222222222222
8811aa6a35fffff,2022,1,0,0.0,0.05855209372936608,0.0,0.0
8811aa6a35fffff,2023,2,0,0.0,0.061910874841967396,0.5,0.0
8811aa6a35fffff,2024,4,0,0.0,0.061826221362978266,0.0,0.25
8811aa6a37fffff,2022,5,1,0.2,0.03261061386714083,0.0,0.0
8811aa6a37fffff,2023,11,2,0.09090909090909091,0.0312873779508642,0.09090909090909091,0.0
8811aa6a37fffff,2024,15,0,0.0,0.03195017606446839,0.13333333333333333,0.06666666666666667
8811aa6a39fffff,2022,13,0,0.0,0.03455046721960668,0.07692307692307693,0.07692307692307693
8811aa6a39fffff,2023,8,0,0.0,0.03199579522634292,0.25,0.125
8811aa6a39fffff,2024,11,0,0.0,0.03305125043124295,0.09090909090909091,0.09090909090909091
8811aa6a3bfffff,2022,2,0,0.0,0.031154775981521617,0.5,0.0
8811aa6a3bfffff,2023,1,0,0.0,0.033240899137174706,0.0,0.0
8811aa6a3bfffff,2024,4,0,0.0,0.034453024712804946,0.25,0.0
8811aa6a3dfffff,2022,5,0,0.0,0.03801262892419084,0.0,0.0
8811aa6a3dfffff,2023,1,0,0.0,0.03940093747772836,0.0,0.0
8811aa6a3dfffff,2024,5,0,0.0,0.03728459673148836,0.0,0.0
8811aa6a41fffff,2022,5,0,0.0,0.08090359219827391,0.0,0.2
8811aa6a41fffff,2023,9,3,0.3333333333333333,0.07897110450128204,0.2222222222222222,0.0
8811aa6a41fffff,2024,3,0,0.0,0.08017344211034226,0.0,0.0
8811aa6a43fffff,2022,1,0,0.0,0.05222124449160805,0.0,1.0
8811aa6a43fffff,2023,2,0,0.0,0.05284170484680035,0.0,0.5
8811aa6a43fffff,2024,3,0,0.0,0.049721471762074726,0.3333333333333333,0.0
8811aa6a45fffff,2022,10,0,0.0,0.0345087691727729,0.0,0.5
8811aa6a45fffff,2023,6,1,0.16666666666666666,0.034091488815761406,0.3333333333333333,0.16666666666666666
8811aa6a45fffff,2024,9,0,0.0,0.03436380202383968,0.0,0.0
8811aa6a47fffff,2022,7,0,0.0,0.038729542278504135,0.0,0.14285714285714285
8811aa6a47fffff,2023,8,0,0.0,0.0366291820971062,0.0,0.0
8811aa6a47fffff,2024,7,1,0.14285714285714285,0.03763841699612853,0.14285714285714285,0.0
8811aa6a49fffff,2022,1,0,0.0,0.07700539771822396,0.0,1.0
8811aa6a49fffff,2023,5,0,0.0,0.07747082970002964,0.0,0.0
8811aa6a49fffff,2024,2,0,0.0,0.07832686641255387,0.5,0.0
8811aa6a4bfffff,2022,2,1,0.5,0.06690347282693498,0.0,0.0
8811aa6a4bfffff,2023,4,0,0.0,0.06743016972260119,0.0,0.0
8811aa6a4bfffff,2024,2,0,0.0,0.06720127203721202,0.0,0.0
8811aa6a4dfffff,2022,5,0,0.0,0.03530037179017441,0.2,0.0
8811aa6a4dfffff,2023,5,1,0.2,0.03368851773982284,0.4,0.0
8811aa6a4dfffff,2024,6,1,0.16666666666666666,0.03412308412352769,0.16666666666666666,0.0
8811aa6a51fffff,2023,2,0,0.0,0.060317359990734856,0.0,0.0
8811aa6a51fffff,2024,1,0,0.0,0.055314879057468916,1.0,0.0
8811aa6a53fffff,2022,11,0,0.0,0.06008210235081481,0.0,0.09090909090909091
8811aa6a53fffff,2023,6,1,0.16666666666666666,0.0625222857891857,0.16666666666666666,0.16666666666666666
8811aa6a53fffff,2024,4,0,0.0,0.06217275745444934,0.0,0.0
8811aa6a55fffff,2022,5,0,0.0,0.019637040855504155,0.0,0.0
8811aa6a55fffff,2023,8,1,0.125,0.020609971719665523,0.125,0.125
8811aa6a55fffff,2024,7,0,0.0,0.019105721927591485,0.0,0.0
8811aa6a57fffff,2022,2,4,1.0,0.05563611627346654,0.0,0.0
8811aa6a57fffff,2023,2,0,0.0,0.05745906572349958,0.0,0.0
8811aa6a57fffff,2024,1,0,0.0,0.05337203128919464,0.0,0.0
8811aa6a59fffff,2022,1,0,0.0,0.09368529700441437,0.0,0.0
8811aa6a59fffff,2023,1,0,0.0,0.09470379884712933,1.0,0.0
8811aa6a59fffff,2024,4,2,0.5,0.093500324427087,0.0,0.0
8811aa6a5bfffff,2022,6,0,0.0,0.11530160153669888,0.16666666666666666,0.16666666666666666
8811aa6a5bfffff,2023,4,0,0.0,0.11287018953810156,0.5,0.0
8811aa6a5bfffff,2024,2,0,0.0,0.11254342656899644,0.0,0.0
8811aa6a5dfffff,2022,3,0,0.0,0.04312018642835669,0.3333333333333333,0.0
8811aa6a5dfffff,2023,7,0,0.0,0.041592967287121974,0.42857142857142855,0.2857142857142857
8811aa6a5dfffff,2024,4,1,0.25,0.04209042369571626,0.0,0.0
8811aa6a61fffff,2022,7,0,0.0,0.015538970002902793,0.0,0.0
8811aa6a61fffff,2023,2,0,0.0,0.01872269164717586,0.0,0.0
8811aa6a61fffff,2024,10,0,0.0,0.017089247432425392,0.2,0.0
8811aa6a63fffff,2022,8,0,0.0,0.026971375056549098,0.0,0.0
8811aa6a63fffff,2023,6,0,0.0,0.02446850252766701,0.0,0.16666666666666666
8811aa6a63fffff,2024,11,0,0.0,0.026589477482372184,0.18181818181818182,0.0
8811aa6a65fffff,2022,4,0,0.0,0.08980153726074852,0.25,0.0
8811aa6a65fffff,2023,2,0,0.0,0.08873544232197993,0.0,0.0
8811aa6a65fffff,2024,2,0,0.0,0.09131263697362124,0.0,0.0
8811aa6a67fffff,2022,3,0,0.0,0.048316881192318466,0.3333333333333333,0.0
8811aa6a67fffff,2023,1,0,0.0,0.05017295690099808,0.0,0.0
8811aa6a67fffff,2024,6,0,0.0,0.04780493730479571,0.16666666666666666,0.0
8811aa6a69fffff,2022,10,0,0.0,0.03588980679355826,0.0,0.4
8811aa6a69fffff,2023,13,1,0.07692307692307693,0.03725652171165597,0.15384615384615385,0.07692307692307693
8811aa6a69fffff,2024,7,0,0.0,0.0365871535919412,0.14285714285714285,0.0
8811aa6a6bfffff,2022,6,0,0.0,0.04151193797099654,0.0,0.0
8811aa6a6bfffff,2023,4,0,0.0,0.041642750472293516,0.0,0.0
8811aa6a6bfffff,2024,2,0,0.0,0.040009179962649744,0.0,0.0
8811aa6a6dfffff,2022,5,1,0.2,0.00646247483292431,0.2,0.2
8811aa6a6dfffff,2023,4,0,0.0,0.00729981223927968,0.0,0.0
8811aa6a6dfffff,2024,10,1,0.1,0.007510302695495873,0.2,0.0
8811aa6a81fffff,2022,1,0,0.0,0.055545566638412674,0.0,0.0
8811aa6a81fffff,2023,2,0,0.0,0.05341617053756735,1.0,0.5
8811aa6a81fffff,2024,2,1,0.5,0.0577384161893925,1.0,1.0
8811aa6a85fffff,2022,4,0,0.0,0.04291063967206789,0.0,0.25
8811aa6a85fffff,2023,1,0,0.0,0.03949307338331007,0.0,0.0
8811aa6a85fffff,2024,9,0,0.0,0.04269983354277545,0.1111111111111111,0.0
8811aa6a87fffff,2022,13,0,0.0,0.013902510193407498,0.38461538461538464,0.07692307692307693
8811aa6a87fffff,2023,10,1,0.1,0.015478674418309963,0.2,0.0
8811aa6a87fffff,2024,8,0,0.0,0.013228897358409463,0.25,0.0
8811aa6a89fffff,2022,5,0,0.0,0.05557701758731931,0.6,0.2
8811aa6a89fffff,2023,8,0,0.0,0.057742532980291535,0.375,0.0
8811aa6a89fffff,2024,4,0,0.0,0.056786187900912874,0.25,0.0
8811aa6a8bfffff,2022,2,1,0.5,0.04418857737896488,0.0,1.0
8811aa6a8bfffff,2023,4,2,0.5,0.047255779047661046,0.5,0.25
8811aa6a8bfffff,2024,3,0,0.0,0.04353250072777781,0.0,0.3333333333333333
8811aa6a8dfffff,2022,7,1,0.14285714285714285,0.05964141469137217,0.2857142857142857,0.42857142857142855
8811aa6a8dfffff,2023,8,0,0.0,0.059035534046031894,0.25,0.125
8811aa6a8dfffff,2024,2,0,0.0,0.06014898357722595,0.0,0.5
8811aa6aa1fffff,2022,2,0,0.0,0.05824581562194736,0.5,0.0
8811aa6aa1fffff,2024,2,0,0.0,0.05367364455751233,0.0,0.0
8811aa6aa5fffff,2022,2,0,0.0,0.04475378954974549,0.0,0.0
8811aa6aa5fffff,2023,2,0,0.0,0.04436603984147169,0.0,0.0
8811aa6aa5fffff,2024,2,0,0.0,0.04241985015534449,0.0,0.5
8811aa6aa9fffff,2022,1,0,0.0,0.03786154934437599,1.0,0.0
8811aa6aa9fffff,2023,4,0,0.0,0.03631100308814498,0.0,0.25
8811aa6aa9fffff,2024,6,0,0.0,0.03588439169713272,0.16666666666666666,0.0
8811aa6aabfffff,2022,7,0,0.0,0.056045449120497574,0.14285714285714285,0.14285714285714285
8811aa6aabfffff,2023,4,0,0.0,0.05758563553059244,0.0,0.0
8811aa6aabfffff,2024,6,0,0.0,0.05725587169388999,0.16666666666666666,0.0
8811aa6aadfffff,2024,2,0,0.0,0.03258016151329575,0.0,0.0
8811aa6ab1fffff,2022,3,0,0.0,0.06409128677158919,0.0,0.3333333333333333
8811aa6ab1fffff,2023,3,0,0.0,0.06281448652207768,0.0,0.0
8811aa6ab1fffff,2024,1,0,0.0,0.05879023280496949,1.0,0.0
8811aa6ab9fffff,2022,3,0,0.0,0.06149969618131872,0.0,0.3333333333333333
8811aa6ab9fffff,2023,5,0,0.0,0.06049166994104738,0.2,0.2
8811aa6ab9fffff,2024,3,0,0.0,0.0600543350046962,0.3333333333333333,0.0
8811aa6abdfffff,2022,2,0,0.0,0.0531253140313954,0.5,0.0
8811aa6abdfffff,2023,3,0,0.0,0.051979434197652184,0.3333333333333333,0.0
8811aa6abdfffff,2024,11,0,0.0,0.051875734071601946,0.0,0.09090909090909091
8811aa6ac1fffff,2022,19,1,0.05263157894736842,0.006806086274475449,0.15789473684210525,0.05263157894736842
8811aa6ac1fffff,2023,13,1,0.07692307692307693,0.008110067460323143,0.15384615384615385,0.0
8811aa6ac1fffff,2024,15,2,0.13333333333333333,0.007677808804921462,0.13333333333333333,0.0
8811aa6ac3fffff,2022,10,1,0.1,0.05955550670189018,0.1,0.1
8811aa6ac3fffff,2023,10,0,0.0,0.05993853831896743,0.2,0.0
8811aa6ac3fffff,2024,6,0,0.0,0.061163853749954,0.16666666666666666,0.0
8811aa6ac5fffff,2022,8,0,0.0,0.006928197531592916,0.0,0.0
8811aa6ac5fffff,2023,5,0,0.0,0.006705198448568974,0.0,0.2
8811aa6ac5fffff,2024,7,0,0.0,0.005893998335172643,0.14285714285714285,0.0
8811aa6ac7fffff,2022,3,1,0.3333333333333333,0.04155789477927093,0.0,0.0
8811aa6ac7fffff,2023,7,0,0.0,0.04099476678302083,0.0,0.0
8811aa6ac7fffff,2024,8,0,0.0,0.04098073860361657,0.0,0.0
8811aa6ac9fffff,2022,8,0,0.0,0.03913987116111164,0.125,0.125
8811aa6ac9fffff,2023,14,0,0.0,0.03790443288485096,0.07142857142857142,0.0
8811aa6ac9fffff,2024,7,0,0.0,0.038255228639302766,0.2857142857142857,0.0
8811aa6acdfffff,2022,3,0,0.0,0.03215727004129613,0.0,0.3333333333333333
8811aa6acdfffff,2023,1,0,0.0,0.028898102281954156,0.0,0.0
8811aa6acdfffff,2024,6,1,0.16666666666666666,0.030446338417138327,0.16666666666666666,0.3333333333333333
8811aa6ad1fffff,2022,6,0,0.0,0.04573389960090047,0.16666666666666666,0.3333333333333333
8811aa6ad1fffff,2023,5,0,0.0,0.04618778324765316,0.2,0.0
8811aa6ad1fffff,2024,2,0,0.0,0.04825464045325402,0.0,0.0
8811aa6ad3fffff,2022,17,0,0.0,0.062371319413850046,0.6470588235294118,0.17647058823529413
8811aa6ad3fffff,2023,7,1,0.14285714285714285,0.0632601257205518,0.42857142857142855,0.2857142857142857
8811aa6ad3fffff,2024,7,1,0.14285714285714285,0.06420170856564754,0.0,0.14285714285714285
8811aa6ad5fffff,2022,6,0,0.0,0.05744947384138982,0.16666666666666666,0.16666666666666666
8811aa6ad5fffff,2023,5,0,0.0,0.05718697752066319,0.0,0.0
8811aa6ad5fffff,2024,15,1,0.06666666666666667,0.0574354461862205,0.06666666666666667,0.26666666666666666
8811aa6ad7fffff,2022,3,0,0.0,0.04754239702688721,0.3333333333333333,0.3333333333333333
8811aa6ad7fffff,2023,1,0,0.0,0.054041039390988144,1.0,0.0
8811aa6ad7fffff,2024,5,1,0.2,0.051174424113833474,0.4,0.4
8811aa6ad9fffff,2022,13,1,0.07692307692307693,0.0496433743636355,0.15384615384615385,0.15384615384615385
8811aa6ad9fffff,2023,13,0,0.0,0.04562533072694049,0.3076923076923077,0.0
8811aa6ad9fffff,2024,18,1,0.05555555555555555,0.04666761547312641,0.1111111111111111,0.05555555555555555
8811aa6adbfffff,2022,7,1,0.14285714285714285,0.04309468751281613,0.14285714285714285,0.0
8811aa6adbfffff,2023,3,0,0.0,0.040898031097303264,0.3333333333333333,0.0
8811aa6adbfffff,2024,5,0,0.0,0.04556787558561097,0.0,0.0
8811aa6addfffff,2022,10,0,0.0,0.024352994244969138,0.1,0.0
8811aa6addfffff,2023,5,1,0.2,0.02700954235654256,0.0,0.0
8811aa6addfffff,2024,3,0,0.0,0.023455339358519067,0.0,0.0
8811aa6ae1fffff,2022,3,0,0.0,0.04757562211188112,0.0,0.0
8811aa6ae1fffff,2023,6,0,0.0,0.04797038795137029,0.0,0.0
8811aa6ae1fffff,2024,5,1,0.2,0.048022787630783124,0.2,0.0
8811aa6ae3fffff,2022,6,2,0.3333333333333333,0.03198036004024369,0.16666666666666666,0.5
8811aa6ae3fffff,2023,2,0,0.0,0.02274525436251292,0.0,0.0
8811aa6ae3fffff,2024,6,0,0.0,0.022880561109731,0.0,0.0
8811aa6ae5fffff,2022,3,0,0.0,0.03448487507166846,0.3333333333333333,0.0
8811aa6ae5fffff,2023,5,0,0.0,0.03326362358606819,0.0,0.0
8811aa6ae5fffff,2024,2,0,0.0,0.03323552500273198,0.0,0.0
8811aa6ae7fffff,2022,6,1,0.16666666666666666,0.0606772052094953,0.3333333333333333,0.5
8811aa6ae7fffff,2023,5,1,0.2,0.06190305878169559,0.2,0.2
8811aa6ae7fffff,2024,6,0,0.0,0.06195138959080548,0.16666666666666666,0.0
8811aa6ae9fffff,2022,2,0,0.0,0.028974540806815472,0.0,0.5
8811aa6ae9fffff,2023,1,0,0.0,0.027800384350926056,0.0,0.0
8811aa6ae9fffff,2024,3,1,0.3333333333333333,0.03250385485915566,0.3333333333333333,0.0
8811aa6aebfffff,2022,4,0,0.0,0.0528258934348591,0.0,0.0
8811aa6aebfffff,2023,6,0,0.0,0.053754546896300964,0.16666666666666666,0.0
8811aa6aebfffff,2024,5,0,0.0,0.053499261062002076,0.0,0.0
8811aa6aedfffff,2022,3,0,0.0,0.05201324742130048,0.3333333333333333,0.0
8811aa6aedfffff,2024,4,0,0.0,0.05068036135627707,0.0,0.0
8811aa6b01fffff,2022,3,0,0.0,0.047337154773795964,0.0,0.0
8811aa6b01fffff,2023,4,0,0.0,0.04597040657062125,0.0,0.0
8811aa6b01fffff,2024,7,0,0.0,0.04676065587317916,0.14285714285714285,0.0
8811aa6b03fffff,2022,4,0,0.0,0.06329485905834414,0.25,0.0
8811aa6b03fffff,2023,2,0,0.0,0.06554374046414954,0.0,0.0
8811aa6b03fffff,2024,7,0,0.0,0.06626408280861111,0.14285714285714285,0.14285714285714285
8811aa6b05fffff,2022,2,0,0.0,0.09823647848670394,0.0,0.0
8811aa6b05fffff,2023,2,0,0.0,0.10185076509298564,0.5,0.0
8811aa6b05fffff,2024,1,0,0.0,0.09676849597018926,1.0,0.0
8811aa6b07fffff,2024,1,0,0.0,0.0608150006543177,0.0,0.0
8811aa6b09fffff,2022,8,1,0.125,0.06421246548704933,0.375,0.0
8811aa6b09fffff,2023,11,0,0.0,0.06593503475650647,0.18181818181818182,0.09090909090909091
8811aa6b09fffff,2024,10,1,0.1,0.06652743288877865,0.0,0.0
8811aa6b0bfffff,2022,13,0,0.0,0.006534829205703585,0.0,0.15384615384615385
8811aa6b0bfffff,2023,6,0,0.0,0.005908359294768978,0.16666666666666666,0.0
8811aa6b0bfffff,2024,7,0,0.0,0.00417874922298663,0.14285714285714285,0.14285714285714285
8811aa6b0dfffff,2022,7,0,0.0,0.05869997914432795,0.0,0.0
8811aa6b0dfffff,2023,11,0,0.0,0.057912488062051785,0.0,0.09090909090909091
8811aa6b0dfffff,2024,13,0,0.0,0.05793389690820568,0.07692307692307693,0.0
8811aa6b11fffff,2022,2,0,0.0,0.019491486681465605,0.5,0.0
8811aa6b11fffff,2023,1,0,0.0,0.020292654633950653,0.0,0.0
8811aa6b11fffff,2024,3,0,0.0,0.023273287673013177,0.0,0.0
8811aa6b17fffff,2022,1,0,0.0,0.04937486911995667,0.0,1.0
8811aa6b17fffff,2024,3,0,0.0,0.04814999306967529,0.0,0.0
8811aa6b19fffff,2023,1,1,1.0,0.10108553251306046,0.0,0.0
8811aa6b19fffff,2024,2,0,0.0,0.09827080692784504,0.5,0.0
8811aa6b1dfffff,2022,3,0,0.0,0.06619549247588741,0.0,0.0
8811aa6b1dfffff,2023,6,0,0.0,0.06514368970921516,0.3333333333333333,0.0
8811aa6b1dfffff,2024,12,0,0.0,0.06668505584329941,0.08333333333333333,0.0
8811aa6b21fffff,2022,3,0,0.0,0.0729349548623588,0.6666666666666666,0.0
8811aa6b23fffff,2022,1,0,0.0,0.02338295028680373,0.0,0.0
8811aa6b23fffff,2024,2,0,0.0,0.023084391282111837,0.0,0.0
8811aa6b25fffff,2024,1,0,0.0,0.1325023968057966,0.0,0.0
8811aa6b27fffff,2022,3,0,0.0,0.032952118279872655,0.0,0.0
8811aa6b27fffff,2023,4,0,0.0,0.03528655469915893,0.25,0.25
8811aa6b27fffff,2024,2,3,0.5,0.035280823569048964,0.0,0.0
8811aa6b2bfffff,2023,2,0,0.0,0.0670192904152791,0.0,0.0
8811aa6b2dfffff,2024,1,0,0.0,0.12853334074462816,0.0,0.0
8811aa6b31fffff,2023,1,0,0.0,0.1076765925973966,0.0,0.0
8811aa6b31fffff,2024,1,0,0.0,0.10821974408777191,0.0,0.0
8811aa6b33fffff,2022,1,0,0.0,0.0720862465202589,1.0,0.0
8811aa6b33fffff,2023,3,0,0.0,0.0777479813358923,0.0,0.0
8811aa6b33fffff,2024,5,0,0.0,0.07482272593494983,0.0,0.2
8811aa6b37fffff,2022,1,0,0.0,0.15813331368174077,0.0,0.0
8811aa6b37fffff,2024,1,0,0.0,0.15926784524494614,0.0,0.0
8811aa6b39fffff,2022,3,0,0.0,0.01248563018109044,0.0,0.0
8811aa6b39fffff,2024,2,1,0.5,0.015406914080809145,0.5,0.5
8811aa6b3bfffff,2022,2,0,0.0,0.014911464473757153,0.5,0.5
8811aa6b3bfffff,2023,2,0,0.0,0.015955675388114245,0.0,0.0
8811aa6b41fffff,2022,17,0,0.0,0.045884112728269436,0.11764705882352941,0.23529411764705882
8811aa6b41fffff,2023,15,1,0.06666666666666667,0.04590775166533604,0.2,0.0
8811aa6b41fffff,2024,19,0,0.0,0.044369532918691064,0.15789473684210525,0.05263157894736842
8811aa6b43fffff,2022,6,3,0.16666666666666666,0.05267470034642024,0.16666666666666666,0.0
8811aa6b43fffff,2023,8,0,0.0,0.05251287707351061,0.0,0.0
8811aa6b43fffff,2024,6,0,0.0,0.053517569702866585,0.0,0.0
8811aa6b45fffff,2022,10,0,0.0,0.06142118826463431,0.2,0.1
8811aa6b45fffff,2023,10,0,0.0,0.05836511318528516,0.1,0.0
8811aa6b45fffff,2024,14,1,0.07142857142857142,0.059595177638866056,0.14285714285714285,0.07142857142857142
8811aa6b47fffff,2022,6,0,0.0,0.04177024667097431,0.16666666666666666,0.0
8811aa6b47fffff,2023,3,0,0.0,0.04402481876753287,0.3333333333333333,0.0
8811aa6b47fffff,2024,10,0,0.0,0.0433832620937915,0.0,0.0
8811aa6b49fffff,2022,3,0,0.0,0.025958076278967217,0.0,0.0
8811aa6b49fffff,2023,3,1,0.3333333333333333,0.026917292134668733,0.3333333333333333,0.3333333333333333
8811aa6b49fffff,2024,2,0,0.0,0.02576848115548973,0.0,0.0
8811aa6b4bfffff,2022,4,0,0.0,0.0502652878669914,0.25,0.25
8811aa6b4bfffff,2023,3,0,0.0,0.047608695502041776,0.3333333333333333,0.0
8811aa6b4bfffff,2024,1,0,0.0,0.04766524874633416,0.0,1.0
8811aa6b4dfffff,2022,3,0,0.0,0.06065491732818673,0.3333333333333333,0.6666666666666666
8811aa6b4dfffff,2023,10,0,0.0,0.06218411784262699,0.3,0.1
8811aa6b4dfffff,2024,10,2,0.2,0.06045561924752864,0.0,0.1
8811aa6b51fffff,2022,18,0,0.0,0.020148519994431787,0.1111111111111111,0.0
8811aa6b51fffff,2023,11,1,0.09090909090909091,0.01949557225588368,0.36363636363636365,0.0
8811aa6b51fffff,2024,14,2,0.14285714285714285,0.01940470944847253,0.07142857142857142,0.0
8811aa6b53fffff,2022,2,0,0.0,0.016936814785590778,0.0,0.0
8811aa6b53fffff,2023,2,0,0.0,0.017613550978017797,0.0,0.0
8811aa6b53fffff,2024,3,0,0.0,0.016714805117016358,0.0,0.0
8811aa6b55fffff,2022,3,0,0.0,0.019537345301319495,0.3333333333333333,0.3333333333333333
8811aa6b55fffff,2023,11,0,0.0,0.017620189057086108,0.36363636363636365,0.0
8811aa6b55fffff,2024,8,0,0.0,0.015872959423075386,0.125,0.0
8811aa6b57fffff,2022,8,1,0.125,0.05794243818623524,0.0,0.0
8811aa6b57fffff,2023,10,0,0.0,0.0594568479829671,0.1,0.0
8811aa6b57fffff,2024,14,1,0.07142857142857142,0.05803893794864563,0.0,0.0
8811aa6b59fffff,2022,5,1,0.2,0.02031564233722765,0.0,0.2
8811aa6b59fffff,2023,13,0,0.0,0.019414480415417473,0.07692307692307693,0.0
8811aa6b59fffff,2024,13,0,0.0,0.019651819680235518,0.23076923076923078,0.0
8811aa6b5bfffff,2022,1,0,0.0,0.09397935637918035,0.0,0.0
8811aa6b5bfffff,2023,2,0,0.0,0.09311353159288578,0.0,0.0
8811aa6b5bfffff,2024,2,0,0.0,0.09041114538677156,0.5,0.0
8811aa6b5dfffff,2022,5,0,0.0,0.019648021041428865,0.0,0.0
8811aa6b5dfffff,2023,4,0,0.0,0.019782135114438007,0.25,0.25
8811aa6b5dfffff,2024,10,0,0.0,0.019115580708752952,0.1,0.0
8811aa6b61fffff,2022,13,0,0.0,0.034030441982073764,0.0,0.0
8811aa6b61fffff,2023,11,0,0.0,0.03395125170662351,0.18181818181818182,0.0
8811aa6b61fffff,2024,8,0,0.0,0.0349067809583236,0.125,0.0
8811aa6b63fffff,2022,1,0,0.0,0.026044608270464766,0.0,0.0
8811aa6b63fffff,2023,5,1,0.2,0.026547325298746337,0.2,0.0
8811aa6b63fffff,2024,2,0,0.0,0.02377302528363586,0.5,0.0
8811aa6b65fffff,2022,6,0,0.0,0.036451997197046546,0.16666666666666666,0.16666666666666666
8811aa6b65fffff,2023,7,0,0.0,0.03679365963018633,0.0,0.14285714285714285
8811aa6b65fffff,2024,6,0,0.0,0.03834332591454027,0.16666666666666666,0.0
8811aa6b67fffff,2022,5,0,0.0,0.01674823529180744,0.0,0.2
8811aa6b67fffff,2023,8,0,0.0,0.01573358315475037,0.375,0.0
8811aa6b67fffff,2024,9,0,0.0,0.015407412599454226,0.3333333333333333,0.0
8811aa6b69fffff,2022,4,1,0.25,0.02882118356406802,0.0,0.25
8811aa6b69fffff,2023,2,0,0.0,0.02553499878484214,0.0,0.0
8811aa6b69fffff,2024,3,0,0.0,0.027566107334729816,0.0,0.0
8811aa6b6bfffff,2022,4,0,0.0,0.017278527016608983,0.25,0.25
8811aa6b6bfffff,2023,11,0,0.0,0.01912805722858874,0.36363636363636365,0.0
8811aa6b6bfffff,2024,2,0,0.0,0.019169898123588006,0.0,0.0
8811aa6b6dfffff,2022,3,0,0.0,0.05174802930262103,0.3333333333333333,0.0
8811aa6b6dfffff,2023,6,0,0.0,0.05533562477033383,0.0,0.16666666666666666
8811aa6b6dfffff,2024,5,0,0.0,0.05647362434949604,0.0,0.0
8811aa7001fffff,2022,2,0,0.0,0.03558448798610953,0.5,0.0
8811aa7001fffff,2023,8,1,0.125,0.034625952896877095,0.125,0.0
8811aa7001fffff,2024,2,0,0.0,0.03256235013906159,0.0,0.0
8811aa7003fffff,2022,2,0,0.0,0.048029806481714246,0.0,0.0
8811aa7003fffff,2023,6,0,0.0,0.04570157860795152,0.5,0.0
8811aa7003fffff,2024,10,1,0.1,0.047777019967031556,0.1,0.0
8811aa7005fffff,2022,1,0,0.0,0.03433145117429532,1.0,0.0
8811aa7005fffff,2023,2,0,0.0,0.030061318913749493,0.0,0.5
8811aa7005fffff,2024,3,0,0.0,0.031747161791944395,0.0,0.0
8811aa7007fffff,2022,3,1,0.3333333333333333,0.05070632209236401,0.0,0.3333333333333333
8811aa7007fffff,2024,2,0,0.0,0.0531938800172419,0.0,0.0
8811aa7009fffff,2022,4,1,0.25,0.007048867118695271,0.0,0.0
8811aa7009fffff,2023,9,0,0.0,0.008055542107305792,0.0,0.0
8811aa7009fffff,2024,8,0,0.0,0.006704365555038669,0.125,0.0
8811aa700bfffff,2022,6,1,0.16666666666666666,0.02031524365647099,0.16666666666666666,0.3333333333333333
8811aa700bfffff,2023,7,0,0.0,0.019594048032109287,0.14285714285714285,0.14285714285714285
8811aa700bfffff,2024,6,0,0.0,0.017928097387398742,0.0,0.0
8811aa700dfffff,2022,7,0,0.0,0.02985457557174908,0.14285714285714285,0.0
8811aa700dfffff,2023,14,0,0.0,0.03134776906484484,0.0,0.0
8811aa700dfffff,2024,7,1,0.14285714285714285,0.030445033641127803,0.0,0.0
8811aa7011fffff,2022,6,0,0.0,0.0582297342250914,0.0,0.16666666666666666
8811aa7011fffff,2023,1,0,0.0,0.05713508594139632,0.0,1.0
8811aa7011fffff,2024,3,0,0.0,0.05919334094987188,0.3333333333333333,0.0
8811aa7013fffff,2022,7,0,0.0,0.021477453334814996,0.0,0.0
8811aa7013fffff,2023,11,0,0.0,0.021374016981115115,0.0,0.0
8811aa7013fffff,2024,7,0,0.0,0.020577496402832424,0.14285714285714285,0.0
8811aa7015fffff,2023,2,0,0.0,0.10226158308222213,0.0,0.5
8811aa7015fffff,2024,3,0,0.0,0.1036873324026379,0.0,0.0
8811aa7017fffff,2022,2,0,0.0,0.03843536930270644,0.0,0.5
8811aa7017fffff,2023,6,2,0.3333333333333333,0.03718765775490323,0.16666666666666666,0.0
8811aa7017fffff,2024,3,0,0.0,0.0375939740848737,0.0,0.0
8811aa7019fffff,2022,3,0,0.0,0.06848224144785144,0.0,0.0
8811aa7019fffff,2023,9,0,0.0,0.06924283659273943,0.2222222222222222,0.0
8811aa7019fffff,2024,5,0,0.0,0.06799439372079188,0.0,0.2
8811aa701bfffff,2022,7,0,0.0,0.05864864201449554,0.0,0.14285714285714285
8811aa701bfffff,2023,4,0,0.0,0.05808047278518268,0.25,0.0
8811aa701bfffff,2024,11,1,0.09090909090909091,0.0582968645584045,0.0,0.0
8811aa701dfffff,2022,7,0,0.0,0.047925231708235615,0.0,0.0
8811aa701dfffff,2023,8,0,0.0,0.04841489717810894,0.125,0.0
8811aa701dfffff,2024,5,0,0.0,0.05134890458933239,0.2,0.0
8811aa7021fffff,2022,4,0,0.0,0.07409553261205076,0.0,0.0
8811aa7021fffff,2023,5,0,0.0,0.07271629675465513,0.0,0.0
8811aa7021fffff,2024,5,0,0.0,0.0733094393639189,0.0,0.0
8811aa7023fffff,2022,5,0,0.0,0.005973318443739132,0.4,0.0
8811aa7023fffff,2023,6,0,0.0,0.006940314281086623,0.0,0.0
8811aa7023fffff,2024,1,0,0.0,0.0024298190813269705,1.0,0.0
8811aa7025fffff,2022,3,0,0.0,0.04094038797307418,0.3333333333333333,0.6666666666666666
8811aa7025fffff,2023,6,1,0.16666666666666666,0.03980055169346867,0.3333333333333333,0.0
8811aa7025fffff,2024,11,1,0.09090909090909091,0.03861052119046973,0.18181818181818182,0.09090909090909091
8811aa7027fffff,2022,3,0,0.0,0.04879103427440371,0.0,0.0
8811aa7027fffff,2023,4,0,0.0,0.04850883586774081,0.0,0.0
8811aa7027fffff,2024,1,0,0.0,0.04741419850074839,0.0,0.0
8811aa7029fffff,2023,3,0,0.0,0.10051527218524993,0.0,0.0
8811aa7029fffff,2024,1,0,0.0,0.09981582188951099,0.0,0.0
8811aa702bfffff,2022,9,0,0.0,0.006587911418659728,0.1111111111111111,0.2222222222222222
8811aa702bfffff,2023,3,0,0.0,0.005939629576726726,0.0,0.0
8811aa702bfffff,2024,4,0,0.0,0.0067527927390783945,0.0,0.0
8811aa702dfffff,2022,6,0,0.0,0.045575195618596194,0.0,0.0
8811aa702dfffff,2023,3,0,0.0,0.044564235335743635,0.0,0.0
8811aa702dfffff,2024,5,0,0.0,0.047118310296440605,0.0,0.0
8811aa7031fffff,2022,7,0,0.0,0.012146572603884662,0.2857142857142857,0.14285714285714285
8811aa7031fffff,2023,3,0,0.0,0.009916417441992361,0.0,0.0
8811aa7033fffff,2022,7,0,0.0,0.05023708045031406,0.2857142857142857,0.2857142857142857
8811aa7033fffff,2023,4,0,0.0,0.04985304613002626,0.0,0.0
8811aa7033fffff,2024,6,0,0.0,0.051878832032480206,0.0,0.0
8811aa7035fffff,2022,3,0,0.0,0.02901772348077035,0.0,0.0
8811aa7035fffff,2023,8,0,0.0,0.0300858851920192,0.125,0.0
8811aa7035fffff,2024,3,0,0.0,0.029186654360649284,0.0,0.0
8811aa7037fffff,2022,8,0,0.0,0.05119854734248086,0.125,0.25
8811aa7037fffff,2023,7,0,0.0,0.050307425011321384,0.0,0.0
8811aa7037fffff,2024,3,0,0.0,0.04851594638377856,0.0,0.0
8811aa7039fffff,2022,3,0,0.0,0.06295989692998775,0.0,0.3333333333333333
8811aa7039fffff,2023,3,0,0.0,0.06525903717312764,0.6666666666666666,0.0
8811aa7039fffff,2024,5,0,0.0,0.06440651233847138,0.0,0.0
8811aa703bfffff,2022,3,0,0.0,0.07537268859627215,0.0,0.0
8811aa703bfffff,2023,5,0,0.0,0.07397430285117586,0.0,0.0
8811aa703bfffff,2024,2,0,0.0,0.07487094012818421,0.0,0.0
8811aa703dfffff,2022,7,0,0.0,0.034975721061189846,0.14285714285714285,0.0
8811aa703dfffff,2023,8,0,0.0,0.03486216952612848,0.125,0.0
8811aa703dfffff,2024,8,0,0.0,0.03407615708945653,0.0,0.0
8811aa7041fffff,2022,1,0,0.0,0.04020914065381343,0.0,0.0
8811aa7041fffff,2023,1,0,0.0,0.04225926295857551,0.0,0.0
8811aa7041fffff,2024,4,0,0.0,0.04169111714397118,0.25,0.0
8811aa7043fffff,2022,6,0,0.0,0.0645430456667566,0.16666666666666666,0.0
8811aa7043fffff,2023,8,2,0.25,0.06440768971144625,0.125,0.0
8811aa7043fffff,2024,4,0,0.0,0.0643235240726038,0.25,0.25
8811aa7045fffff,2023,1,0,0.0,0.07721526261276457,0.0,0.0
8811aa7045fffff,2024,1,0,0.0,0.07551843451810653,0.0,0.0
8811aa7047fffff,2022,4,0,0.0,0.02860986927386999,0.0,0.0
8811aa7047fffff,2023,2,0,0.0,0.029886784905289995,0.0,0.0
8811aa7047fffff,2024,5,0,0.0,0.02773301423317235,0.0,0.0
8811aa7049fffff,2022,10,0,0.0,0.0405761742513122,0.1,0.0
8811aa7049fffff,2023,6,0,0.0,0.040084115875039905,0.0,0.0
8811aa7049fffff,2024,6,1,0.16666666666666666,0.04146476950573743,0.0,0.16666666666666666
8811aa704bfffff,2022,4,2,0.25,0.0557346164557425,0.25,0.0
8811aa704bfffff,2023,2,0,0.0,0.0547213394303936,0.0,0.0
8811aa704bfffff,2024,2,1,0.5,0.05749467533602297,0.5,0.0
8811aa704dfffff,2022,4,0,0.0,0.03280232104488786,0.0,0.25
8811aa704dfffff,2023,9,2,0.2222222222222222,0.03526124651072189,0.2222222222222222,0.2222222222222222
8811aa704dfffff,2024,7,1,0.14285714285714285,0.034728929928930674,0.14285714285714285,0.0
8811aa7051fffff,2022,10,0,0.0,0.041808837317802314,0.0,0.1
8811aa7051fffff,2023,6,0,0.0,0.04196246768875531,0.0,0.0
8811aa7051fffff,2024,9,0,0.0,0.041691713369349334,0.1111111111111111,0.0
8811aa7053fffff,2022,8,2,0.25,0.0058051247525623875,0.375,0.0
8811aa7053fffff,2023,7,1,0.14285714285714285,0.006875040352818781,0.14285714285714285,0.14285714285714285
8811aa7055fffff,2022,6,0,0.0,0.05431604479763613,0.16666666666666666,0.16666666666666666
8811aa7055fffff,2023,3,0,0.0,0.053576331692414325,0.3333333333333333,0.0
8811aa7055fffff,2024,8,0,0.0,0.05519795745295927,0.25,0.0
8811aa7057fffff,2022,6,0,0.0,0.040024804739928185,0.0,0.16666666666666666
8811aa7057fffff,2023,9,0,0.0,0.038998658004548346,0.0,0.0
8811aa7057fffff,2024,5,1,0.2,0.040580366833396296,0.0,0.0
8811aa7059fffff,2022,10,1,0.1,0.020084285794178206,0.0,0.3
8811aa7059fffff,2023,5,0,0.0,0.020430649359358212,0.0,0.0
8811aa7059fffff,2024,7,0,0.0,0.02033582267928218,0.0,0.0
8811aa705bfffff,2022,3,0,0.0,0.07571533988863964,0.0,0.0
8811aa705bfffff,2023,6,0,0.0,0.07396472728736084,0.16666666666666666,0.0
8811aa705bfffff,2024,6,1,0.16666666666666666,0.07472702510200127,0.0,0.0
8811aa705dfffff,2022,5,1,0.2,0.061149615541848126,0.2,0.2
8811aa705dfffff,2023,2,0,0.0,0.062324344215325275,0.0,0.0
8811aa705dfffff,2024,4,0,0.0,0.06080541471997701,0.0,0.0
8811aa7063fffff,2022,6,0,0.0,0.035928528718273234,0.0,0.0
8811aa7063fffff,2023,8,0,0.0,0.03598522074597752,0.125,0.0
8811aa7063fffff,2024,8,0,0.0,0.03600828688025796,0.0,0.0
8811aa7067fffff,2022,8,0,0.0,0.03241615439290566,0.375,0.125
8811aa7067fffff,2023,10,1,0.1,0.03188676688091028,0.3,0.1
8811aa7067fffff,2024,5,0,0.0,0.030372811881009744,0.6,0.0
8811aa7069fffff,2023,1,0,0.0,0.03609249696885511,0.0,0.0
8811aa7069fffff,2024,1,0,0.0,0.031031062482453048,1.0,0.0
8811aa706bfffff,2022,5,0,0.0,0.06196462596340169,0.4,0.0
8811aa706bfffff,2023,8,1,0.125,0.0592564905740636,0.125,0.125
8811aa706bfffff,2024,4,0,0.0,0.06098609027733036,0.0,0.0
8811aa7081fffff,2022,8,0,0.0,0.03271668141112964,0.125,0.25
8811aa7081fffff,2023,8,0,0.0,0.03443268600924027,0.125,0.0
8811aa7081fffff,2024,13,1,0.07692307692307693,0.0340602989536257,0.38461538461538464,0.0
8811aa7083fffff,2022,5,0,0.0,0.060606046292404805,0.2,0.2
8811aa7083fffff,2023,2,0,0.0,0.05907777403363884,0.5,0.0
8811aa7083fffff,2024,6,0,0.0,0.06123350196528804,0.0,0.0
8811aa7085fffff,2022,8,0,0.0,0.02649839353885282,0.125,0.0
8811aa7085fffff,2023,5,0,0.0,0.02761519168880801,0.2,0.2
8811aa7085fffff,2024,7,0,0.0,0.026801605698339576,0.14285714285714285,0.0
8811aa7087fffff,2022,3,0,0.0,0.09346340438692591,0.0,0.0
8811aa7087fffff,2023,2,0,0.0,0.09150119459108408,0.0,0.0
8811aa7087fffff,2024,2,0,0.0,0.09263572615428946,0.0,0.0
8811aa7089fffff,2022,1,0,0.0,0.06279881705686417,0.0,0.0
8811aa7089fffff,2023,1,0,0.0,0.06479917340636411,0.0,0.0
8811aa7089fffff,2024,3,0,0.0,0.06171070288296518,0.3333333333333333,0.0
8811aa708bfffff,2022,13,2,0.15384615384615385,0.047430515015810776,0.07692307692307693,0.15384615384615385
8811aa708bfffff,2023,6,0,0.0,0.04688614627767237,0.16666666666666666,0.0
8811aa708bfffff,2024,14,0,0.0,0.047973279728974715,0.14285714285714285,0.07142857142857142
8811aa708dfffff,2022,1,0,0.0,0.011469873402174896,0.0,0.0
8811aa708dfffff,2023,4,0,0.0,0.011432160602569505,0.25,0.0
8811aa708dfffff,2024,1,0,0.0,0.01276364133146673,0.0,0.0
8811aa7091fffff,2022,15,1,0.06666666666666667,0.013131483302043738,0.06666666666666667,0.06666666666666667
8811aa7091fffff,2023,12,0,0.0,0.01260443719492397,0.3333333333333333,0.0
8811aa7091fffff,2024,14,0,0.0,0.012716559289343241,0.14285714285714285,0.07142857142857142
8811aa7093fffff,2022,5,0,0.0,0.03832134208023345,0.6,0.0
8811aa7093fffff,2023,5,0,0.0,0.04123225973912722,0.2,0.2
8811aa7093fffff,2024,3,1,0.3333333333333333,0.04131278662490703,0.0,0.6666666666666666
8811aa7095fffff,2022,8,0,0.0,0.04463759273423807,0.25,0.25
8811aa7095fffff,2023,11,0,0.0,0.04563028632611879,0.0,0.0
8811aa7095fffff,2024,10,0,0.0,0.04544097620027045,0.2,0.0
8811aa7097fffff,2022,4,0,0.0,0.04360261224492351,0.0,0.25
8811aa7097fffff,2023,12,0,0.0,0.04171436427595821,0.08333333333333333,0.0
8811aa7097fffff,2024,10,0,0.0,0.041425352193023915,0.0,0.0
8811aa7099fffff,2022,6,0,0.0,0.08397299926730088,0.16666666666666666,0.0
8811aa7099fffff,2023,6,0,0.0,0.08062784870484652,0.0,0.0
8811aa7099fffff,2024,12,0,0.0,0.08122013342780472,0.3333333333333333,0.0
8811aa709bfffff,2022,4,0,0.0,0.12799112975287108,0.0,0.0
8811aa709bfffff,2023,4,0,0.0,0.1274151541557912,0.0,0.0
8811aa709bfffff,2024,5,1,0.2,0.1283555513004577,0.0,0.2
8811aa709dfffff,2022,5,0,0.0,0.08836009710786438,0.2,0.0
8811aa709dfffff,2023,8,2,0.25,0.08900866471003276,0.0,0.0
8811aa709dfffff,2024,7,0,0.0,0.08922630599370356,0.14285714285714285,0.0
8811aa70a1fffff,2022,4,0,0.0,0.023034820217218404,0.0,0.0
8811aa70a1fffff,2023,2,0,0.0,0.021770721525826972,0.0,0.0
8811aa70a1fffff,2024,2,0,0.0,0.023283430276767467,0.0,0.0
8811aa70a3fffff,2022,10,0,0.0,0.045494810863324756,0.1,0.3
8811aa70a3fffff,2023,12,1,0.08333333333333333,0.0460298832077246,0.08333333333333333,0.0
8811aa70a3fffff,2024,20,0,0.0,0.04554540675014305,0.1,0.0
8811aa70a5fffff,2022,5,0,0.0,0.03191220935437381,0.0,0.4
8811aa70a5fffff,2023,5,0,0.0,0.031164643667092824,0.2,0.0
8811aa70a5fffff,2024,5,0,0.0,0.031753494017312464,0.2,0.2
8811aa70a7fffff,2022,2,0,0.0,0.011543867392772612,0.0,0.0
8811aa70a7fffff,2023,6,0,0.0,0.01271309578068402,0.16666666666666666,0.0
8811aa70a7fffff,2024,9,0,0.0,0.01357220135152633,0.1111111111111111,0.0
8811aa70a9fffff,2022,10,0,0.0,0.023662291747146076,0.1,0.1
8811aa70a9fffff,2023,11,0,0.0,0.021531171205476318,0.45454545454545453,0.18181818181818182
8811aa70a9fffff,2024,10,0,0.0,0.022848824020112922,0.1,0.0
8811aa70abfffff,2022,8,0,0.0,0.014663490531455107,0.125,0.0
8811aa70abfffff,2023,7,0,0.0,0.014898717670407418,0.0,0.0
8811aa70abfffff,2024,17,0,0.0,0.013843512963247892,0.11764705882352941,0.0
8811aa70adfffff,2022,14,0,0.0,0.03728721470435544,0.14285714285714285,0.14285714285714285
8811aa70adfffff,2023,11,0,0.0,0.037597803123191234,0.09090909090909091,0.0
8811aa70adfffff,2024,18,0,0.0,0.03781611695221564,0.16666666666666666,0.0
8811aa70b1fffff,2024,3,0,0.0,0.014906653898552877,0.0,0.0
8811aa70b3fffff,2022,2,0,0.0,0.09916790572905175,0.0,0.0
8811aa70b3fffff,2023,3,0,0.0,0.09737328891797004,0.0,0.0
8811aa70b3fffff,2024,5,1,0.2,0.09934807970295105,0.0,0.0
8811aa70b5fffff,2022,3,0,0.0,0.013652656231845507,0.0,0.0
8811aa70b5fffff,2023,3,0,0.0,0.013822993227632424,0.0,0.0
8811aa70b5fffff,2024,4,0,0.0,0.011545793739973853,0.0,0.0
8811aa70b7fffff,2022,1,0,0.0,0.057947144714113996,0.0,0.0
8811aa70b7fffff,2023,8,0,0.0,0.05762179240951042,0.0,0.0
8811aa70b7fffff,2024,10,1,0.1,0.0593120291492644,0.0,0.0
8811aa70b9fffff,2022,3,0,0.0,0.061623985693350126,0.0,0.0
8811aa70b9fffff,2023,3,0,0.0,0.06056243440402764,0.0,0.0
8811aa70b9fffff,2024,2,0,0.0,0.062307359794937484,0.0,0.0
8811aa70bbfffff,2024,6,1,0.16666666666666666,0.07809209234144017,0.0,0.16666666666666666
8811aa70bdfffff,2022,1,0,0.0,0.04922573601888368,0.0,1.0
8811aa70bdfffff,2023,5,0,0.0,0.04792828740761192,0.0,0.2
8811aa70bdfffff,2024,9,0,0.0,0.04807846620968889,0.1111111111111111,0.0
8811aa70c1fffff,2022,9,1,0.1111111111111111,0.05526200907485167,0.1111111111111111,0.1111111111111111
8811aa70c1fffff,2023,5,0,0.0,0.05483036076442416,0.2,0.0
8811aa70c1fffff,2024,14,0,0.0,0.05563024892927885,0.14285714285714285,0.0
8811aa70c3fffff,2022,11,0,0.0,0.04122598702260522,0.09090909090909091,0.09090909090909091
8811aa70c3fffff,2023,4,0,0.0,0.03886120673608694,0.0,0.0
8811aa70c3fffff,2024,9,0,0.0,0.03862662017737135,0.0,0.0
8811aa70c5fffff,2022,4,0,0.0,0.023783234054273267,0.25,0.25
8811aa70c5fffff,2023,7,0,0.0,0.02458830221042425,0.14285714285714285,0.2857142857142857
8811aa70c5fffff,2024,5,0,0.0,0.0226905975775948,0.2,0.0
8811aa70c7fffff,2022,3,0,0.0,0.04114775060749848,0.6666666666666666,0.0
8811aa70c7fffff,2023,5,0,0.0,0.038862642694228955,0.0,0.0
8811aa70c7fffff,2024,9,1,0.1111111111111111,0.0404148127352427,0.1111111111111111,0.0
8811aa70c9fffff,2022,8,0,0.0,0.03262177008052707,0.25,0.125
8811aa70c9fffff,2023,2,0,0.0,0.03144849414665725,0.0,0.0
8811aa70c9fffff,2024,10,0,0.0,0.032499001350568005,0.1,0.0
8811aa70cbfffff,2022,6,0,0.0,0.060904425708204625,0.16666666666666666,0.16666666666666666
8811aa70cbfffff,2023,8,1,0.125,0.060724266221712675,0.125,0.0
8811aa70cbfffff,2024,6,0,0.0,0.059917137425055854,0.0,0.0
8811aa70cdfffff,2022,6,0,0.0,0.026971124181506875,0.3333333333333333,0.0
8811aa70cdfffff,2023,13,1,0.07692307692307693,0.026798753349421386,0.07692307692307693,0.0
8811aa70cdfffff,2024,7,1,0.14285714285714285,0.027497413921775803,0.0,0.0
8811aa70d1fffff,2022,7,0,0.0,0.05089603563648061,0.14285714285714285,0.0
8811aa70d1fffff,2023,6,0,0.0,0.0495907130969284,0.0,0.0
8811aa70d1fffff,2024,7,0,0.0,0.052282103042249436,0.14285714285714285,0.0
8811aa70d3fffff,2022,9,0,0.0,0.03283593439913925,0.0,0.1111111111111111
8811aa70d3fffff,2023,6,0,0.0,0.031672621468971936,0.16666666666666666,0.0
8811aa70d3fffff,2024,9,1,0.1111111111111111,0.032707703633249104,0.0,0.0
8811aa70d5fffff,2022,3,0,0.0,0.02388473081287699,0.0,0.0
8811aa70d5fffff,2023,2,1,0.5,0.022643535142670722,0.0,0.0
8811aa70d5fffff,2024,2,0,0.0,0.018435492845736513,1.0,0.0
8811aa70d7fffff,2022,15,1,0.06666666666666667,0.05130888448527148,0.26666666666666666,0.06666666666666667
8811aa70d7fffff,2023,11,1,0.09090909090909091,0.051495503392278305,0.2727272727272727,0.0
8811aa70d7fffff,2024,18,2,0.1111111111111111,0.05047291119711435,0.3333333333333333,0.0
8811aa70d9fffff,2022,4,0,0.0,0.03484483940175479,0.0,0.0
8811aa70d9fffff,2023,3,0,0.0,0.0360473758675462,0.0,0.0
8811aa70d9fffff,2024,2,0,0.0,0.03399394072935076,0.0,0.0
8811aa70dbfffff,2022,6,0,0.0,0.0960070791313638,0.5,0.16666666666666666
8811aa70dbfffff,2023,3,0,0.0,0.09548723166267982,0.3333333333333333,0.6666666666666666
8811aa70dbfffff,2024,3,0,0.0,0.09742798286561387,0.6666666666666666,0.3333333333333333
8811aa70ddfffff,2022,3,0,0.0,0.021647174793622697,0.0,0.0
8811aa70ddfffff,2023,7,0,0.0,0.01874101313696084,0.42857142857142855,0.14285714285714285
8811aa70ddfffff,2024,5,0,0.0,0.02266921048774035,0.2,0.0
8811aa70e1fffff,2022,7,1,0.14285714285714285,0.013228281461734204,0.2857142857142857,0.14285714285714285
8811aa70e1fffff,2023,9,0,0.0,0.013463444571672374,0.0,0.0
8811aa70e1fffff,2024,14,0,0.0,0.014158474588185865,0.14285714285714285,0.07142857142857142
8811aa70e3fffff,2024,2,0,0.0,0.04980545667948898,0.0,0.0
8811aa70e5fffff,2022,5,0,0.0,0.018231403164598214,0.4,0.2
8811aa70e5fffff,2023,5,0,0.0,0.018417908648575076,0.0,0.0
8811aa70e5fffff,2024,10,0,0.0,0.019171655865096036,0.1,0.1
8811aa70e7fffff,2022,2,0,0.0,0.1049635943917033,0.0,0.0
8811aa70e7fffff,2023,3,0,0.0,0.10574648816152128,0.0,0.0
8811aa70e7fffff,2024,2,0,0.0,0.10551917847890535,0.0,0.0
8811aa70e9fffff,2022,9,0,0.0,0.040977254664107184,0.0,0.0
8811aa70e9fffff,2023,8,0,0.0,0.041865809811226666,0.0,0.125
8811aa70e9fffff,2024,14,2,0.14285714285714285,0.040801720175187836,0.14285714285714285,0.07142857142857142
8811aa70ebfffff,2022,7,0,0.0,0.03339155970077182,0.14285714285714285,0.0
8811aa70ebfffff,2023,11,0,0.0,0.03383201095679492,0.18181818181818182,0.09090909090909091
8811aa70ebfffff,2024,8,0,0.0,0.03521620598945775,0.0,0.0
8811aa70edfffff,2022,2,0,0.0,0.11519380188141737,0.5,0.5
8811aa70edfffff,2023,1,0,0.0,0.11215692211931645,0.0,0.0
8811aa7101fffff,2022,5,1,0.2,0.035337530605882496,0.0,0.0
8811aa7101fffff,2023,5,0,0.0,0.03410278810206051,0.0,0.0
8811aa7101fffff,2024,4,0,0.0,0.03475136853544138,0.0,0.0
8811aa7103fffff,2022,3,0,0.0,0.006157170210459938,0.0,0.0
8811aa7103fffff,2023,5,0,0.0,0.006219765966885299,0.0,0.0
8811aa7103fffff,2024,3,0,0.0,0.00885339023122802,0.3333333333333333,0.0
8811aa7105fffff,2022,2,0,0.0,0.04141587191463511,0.5,0.5
8811aa7105fffff,2023,10,0,0.0,0.04235133635172937,0.1,0.0
8811aa7105fffff,2024,8,0,0.0,0.04243032735689966,0.0,0.125
8811aa7107fffff,2022,2,0,0.0,0.0146714427282922,0.5,0.0
8811aa7107fffff,2023,4,0,0.0,0.01418200425327675,0.0,0.25
8811aa7107fffff,2024,5,0,0.0,0.014669745787599034,0.0,0.0
8811aa7109fffff,2022,5,0,0.0,0.024084443177252394,0.0,0.0
8811aa7109fffff,2023,6,0,0.0,0.02369823339277202,0.16666666666666666,0.0
8811aa7109fffff,2024,8,1,0.125,0.021785832580039476,0.125,0.0
8811aa710bfffff,2022,11,0,0.0,0.0433550565895171,0.0,0.09090909090909091
8811aa710bfffff,2023,6,0,0.0,0.04290802844339123,0.16666666666666666,0.0
8811aa710bfffff,2024,8,0,0.0,0.043151255485345104,0.0,0.0
8811aa710dfffff,2022,2,0,0.0,0.04118806905404187,0.0,0.0
8811aa710dfffff,2023,5,0,0.0,0.042055922444066425,0.0,0.2
8811aa710dfffff,2024,4,0,0.0,0.041398404578389884,0.0,0.25
8811aa7111fffff,2022,5,0,0.0,0.06269464511891065,0.0,0.0
8811aa7111fffff,2023,7,0,0.0,0.06252329476624315,0.0,0.0
8811aa7111fffff,2024,5,1,0.2,0.06238581491126312,0.2,0.0
8811aa7113fffff,2022,3,0,0.0,0.13758946887367968,0.0,0.0
8811aa7115fffff,2022,11,0,0.0,0.006495469130844597,0.45454545454545453,0.09090909090909091
8811aa7115fffff,2023,12,0,0.0,0.005894852169089756,0.4166666666666667,0.08333333333333333
8811aa7115fffff,2024,13,0,0.0,0.005247651004985496,0.07692307692307693,0.0
8811aa7117fffff,2022,7,0,0.0,0.03498516081494333,0.0,0.0
8811aa7117fffff,2023,8,0,0.0,0.03599919342294168,0.125,0.0
8811aa7117fffff,2024,7,0,0.0,0.03465827393387361,0.0,0.0
8811aa7119fffff,2022,2,0,0.0,0.0400411952261497,0.5,0.0
8811aa7119fffff,2023,8,0,0.0,0.04320883763699034,0.0,0.0
8811aa7119fffff,2024,1,0,0.0,0.04595521855973561,0.0,0.0
8811aa711bfffff,2022,2,0,0.0,0.08572286155444718,0.0,0.0
8811aa711dfffff,2022,12,0,0.0,0.06303704770745533,0.25,0.16666666666666666
8811aa711dfffff,2023,16,0,0.0,0.06167494324329693,0.0625,0.0
8811aa711dfffff,2024,7,1,0.14285714285714285,0.06140940862356891,0.0,0.0
8811aa7121fffff,2022,5,0,0.0,0.04903757705433619,0.2,0.4
8811aa7121fffff,2023,7,0,0.0,0.04936144143520976,0.0,0.0
8811aa7121fffff,2024,7,0,0.0,0.04950667095991769,0.0,0.0
8811aa7123fffff,2022,1,0,0.0,0.06457238560944326,0.0,0.0
8811aa7123fffff,2023,7,0,0.0,0.06829717526373055,0.14285714285714285,0.0
8811aa7123fffff,2024,4,0,0.0,0.06844019211261537,0.0,0.5
8811aa7125fffff,2022,5,0,0.0,0.046600603999552175,0.2,0.0
8811aa7125fffff,2023,9,0,0.0,0.04717109442904587,0.1111111111111111,0.2222222222222222
8811aa7125fffff,2024,9,0,0.0,0.04707753907047656,0.0,0.2222222222222222
8811aa7127fffff,2022,14,0,0.0,0.035531309858889124,0.35714285714285715,0.14285714285714285
8811aa7127fffff,2023,9,0,0.0,0.03745107549558626,0.0,0.0
8811aa7127fffff,2024,8,0,0.0,0.03557259674828221,0.0,0.0
8811aa7129fffff,2022,8,0,0.0,0.032270891495135394,0.25,0.25
8811aa7129fffff,2023,4,0,0.0,0.03174626387116629,0.0,0.0
8811aa7129fffff,2024,4,0,0.0,0.03464754440550536,0.5,0.0
8811aa712bfffff,2022,7,0,0.0,0.0066326964942081835,0.0,0.0
8811aa712bfffff,2023,17,1,0.058823529411764705,0.007001140356713261,0.17647058823529413,0.0
8811aa712bfffff,2024,15,0,0.0,0.007424570407822367,0.06666666666666667,0.0
8811aa712dfffff,2022,1,0,0.0,0.05240496819279463,0.0,0.0
8811aa712dfffff,2023,7,0,0.0,0.05349892475442548,0.0,0.0
8811aa712dfffff,2024,2,0,0.0,0.04940191380812654,0.5,0.0
8811aa7131fffff,2022,4,0,0.0,0.053661026791774535,0.0,0.0
8811aa7131fffff,2023,1,0,0.0,0.051020677465765586,0.0,0.0
8811aa7131fffff,2024,3,0,0.0,0.051832023275449224,0.0,0.0
8811aa7133fffff,2022,13,0,0.0,0.024048704605345247,0.07692307692307693,0.0
8811aa7133fffff,2023,23,0,0.0,0.023582366307815333,0.2608695652173913,0.08695652173913043
8811aa7133fffff,2024,26,1,0.038461538461538464,0.022926167981091962,0.15384615384615385,0.038461538461538464
8811aa7135fffff,2022,4,0,0.0,0.05701208641193638,0.0,0.0
8811aa7135fffff,2023,9,0,0.0,0.055300292811711574,0.2222222222222222,0.0
8811aa7135fffff,2024,6,0,0.0,0.05466043313192417,0.16666666666666666,0.16666666666666666
8811aa7137fffff,2022,16,0,0.0,0.0339778458662772,0.0625,0.1875
8811aa7137fffff,2023,18,1,0.05555555555555555,0.03413757570431858,0.1111111111111111,0.0
8811aa7137fffff,2024,16,0,0.0,0.034840525758236554,0.25,0.0
8811aa7139fffff,2022,4,0,0.0,0.05314971750345178,0.0,0.0
8811aa7139fffff,2023,13,0,0.0,0.052123291464483676,0.15384615384615385,0.0
8811aa7139fffff,2024,16,0,0.0,0.05314265216594104,0.25,0.125
8811aa713bfffff,2022,8,2,0.25,0.012547006691690241,0.0,0.25
8811aa713bfffff,2023,14,0,0.0,0.01290792697807364,0.07142857142857142,0.07142857142857142
8811aa713bfffff,2024,21,0,0.0,0.014305897398052773,0.09523809523809523,0.047619047619047616
8811aa713dfffff,2022,4,0,0.0,0.048744405136914346,0.0,0.0
8811aa713dfffff,2023,6,0,0.0,0.047843507142906416,0.3333333333333333,0.0
8811aa713dfffff,2024,7,0,0.0,0.04939157073076593,0.14285714285714285,0.0
8811aa7141fffff,2022,8,0,0.0,0.03513752617965291,0.125,0.0
8811aa7141fffff,2023,11,0,0.0,0.03425866573188331,0.2727272727272727,0.0
8811aa7141fffff,2024,5,1,0.2,0.03487688389268549,0.0,0.0
8811aa7143fffff,2022,7,0,0.0,0.037155467827340194,0.14285714285714285,0.0
8811aa7143fffff,2023,11,0,0.0,0.0371518742407482,0.18181818181818182,0.0
8811aa7143fffff,2024,9,0,0.0,0.033884000303285707,0.3333333333333333,0.2222222222222222
8811aa7145fffff,2022,13,0,0.0,0.06623098202839797,0.15384615384615385,0.0
8811aa7145fffff,2023,7,0,0.0,0.06691383979632227,0.0,0.14285714285714285
8811aa7145fffff,2024,3,0,0.0,0.06893118263185974,0.3333333333333333,0.0
8811aa7147fffff,2022,15,0,0.0,0.052604141798318106,0.2,0.06666666666666667
8811aa7147fffff,2023,10,0,0.0,0.051916438437351775,0.3,0.0
8811aa7147fffff,2024,8,0,0.0,0.0522325368830609,0.125,0.125
8811aa7149fffff,2022,6,0,0.0,0.07777344301849089,0.0,0.0
8811aa7149fffff,2023,8,1,0.125,0.07719708594196537,0.0,0.0
8811aa7149fffff,2024,5,0,0.0,0.07623305855299202,0.0,0.0
8811aa714bfffff,2022,3,0,0.0,0.08479493342841093,0.0,0.0
8811aa714bfffff,2023,4,0,0.0,0.08393219954297146,0.0,0.0
8811aa714bfffff,2024,3,0,0.0,0.08437247830746725,0.0,0.0
8811aa714dfffff,2022,5,0,0.0,0.025780330124812383,0.2,0.0
8811aa714dfffff,2023,10,0,0.0,0.0262214855083997,0.0,0.1
8811aa714dfffff,2024,6,1,0.16666666666666666,0.025675904540060624,0.0,0.0
8811aa7151fffff,2022,9,0,0.0,0.04278348520688848,0.1111111111111111,0.0
8811aa7151fffff,2023,6,0,0.0,0.04270642050543228,0.16666666666666666,0.16666666666666666
8811aa7151fffff,2024,7,1,0.14285714285714285,0.038956407506344506,0.2857142857142857,0.0
8811aa7153fffff,2022,5,0,0.0,0.0696235071286057,0.0,0.0
8811aa7153fffff,2023,5,0,0.0,0.07048824202462782,0.4,0.0
8811aa7153fffff,2024,10,1,0.1,0.06963628475808688,0.1,0.0
8811aa7155fffff,2022,10,0,0.0,0.05020570334488783,0.1,0.0
8811aa7155fffff,2023,5,0,0.0,0.04950894978452557,0.0,0.0
8811aa7155fffff,2024,8,1,0.125,0.04770039076316791,0.125,0.0
8811aa7157fffff,2022,15,1,0.06666666666666667,0.006541140052561896,0.0,0.13333333333333333
8811aa7157fffff,2023,18,0,0.0,0.007165287489871955,0.2777777777777778,0.0
8811aa7157fffff,2024,14,0,0.0,0.005948269998290909,0.07142857142857142,0.0
8811aa7159fffff,2022,4,0,0.0,0.015710861064249286,0.0,0.0
8811aa7159fffff,2023,7,0,0.0,0.015077476809486467,0.0,0.14285714285714285
8811aa7159fffff,2024,5,0,0.0,0.01424563710400889,0.0,0.0
8811aa715bfffff,2022,8,0,0.0,0.02919045273218996,0.0,0.0
8811aa715bfffff,2023,16,0,0.0,0.02956740004936269,0.1875,0.0
8811aa715bfffff,2024,12,1,0.08333333333333333,0.028910772463671536,0.08333333333333333,0.08333333333333333
8811aa715dfffff,2022,8,0,0.0,0.05104353707945109,0.125,0.0
8811aa715dfffff,2023,4,0,0.0,0.051304974965996,0.0,0.0
8811aa715dfffff,2024,7,0,0.0,0.05124568936473271,0.14285714285714285,0.0
8811aa7161fffff,2022,6,0,0.0,0.02518262204011926,0.16666666666666666,0.0
8811aa7161fffff,2023,9,1,0.1111111111111111,0.02684436007952571,0.1111111111111111,0.0
8811aa7161fffff,2024,3,0,0.0,0.02628909468777894,0.0,0.0
8811aa7163fffff,2022,18,1,0.05555555555555555,0.01724173943442979,0.16666666666666666,0.16666666666666666
8811aa7163fffff,2023,10,0,0.0,0.018433325648254353,0.1,0.1
8811aa7163fffff,2024,9,0,0.0,0.01645261384927451,0.1111111111111111,0.0
8811aa7165fffff,2022,2,0,0.0,0.06672797703667607,0.0,1.0
8811aa7165fffff,2023,2,0,0.0,0.06745484758204037,0.0,0.0
8811aa7165fffff,2024,4,0,0.0,0.06640901946856845,0.0,0.0
8811aa7167fffff,2022,3,0,0.0,0.08148313941698605,0.0,0.3333333333333333
8811aa7167fffff,2023,2,0,0.0,0.08150579192753118,0.0,0.5
8811aa7167fffff,2024,1,0,0.0,0.08154578521789037,0.0,0.0
8811aa7169fffff,2022,7,1,0.14285714285714285,0.023219788506504142,0.14285714285714285,0.14285714285714285
8811aa7169fffff,2023,14,1,0.07142857142857142,0.025168603456754476,0.21428571428571427,0.0
8811aa7169fffff,2024,12,0,0.0,0.024181155992174946,0.16666666666666666,0.0
8811aa716bfffff,2022,7,0,0.0,0.06345374285894631,0.42857142857142855,0.0
8811aa716bfffff,2023,6,0,0.0,0.06563708956172502,0.0,0.16666666666666666
8811aa716bfffff,2024,8,0,0.0,0.06589999829946577,0.125,0.0
8811aa716dfffff,2022,1,0,0.0,0.04483200141267621,0.0,0.0
8811aa716dfffff,2023,2,0,0.0,0.03794478316384456,0.5,0.0
8811aa716dfffff,2024,2,0,0.0,0.04470051699249768,0.0,0.0
8811aa7181fffff,2022,4,0,0.0,0.027218351793648864,0.0,0.0
8811aa7181fffff,2023,6,0,0.0,0.02660862839550193,0.0,0.0
8811aa7181fffff,2024,6,0,0.0,0.023852090708647036,0.3333333333333333,0.0
8811aa7183fffff,2022,4,0,0.0,0.03993992746365027,0.0,0.25
8811aa7183fffff,2023,5,1,0.2,0.03903776168567412,0.2,0.0
8811aa7183fffff,2024,9,0,0.0,0.03991326836241406,0.1111111111111111,0.0
8811aa7185fffff,2022,6,0,0.0,0.005301039937957831,0.0,0.0
8811aa7185fffff,2023,6,0,0.0,0.00568138146238292,0.16666666666666666,0.16666666666666666
8811aa7185fffff,2024,8,0,0.0,0.006651692575872274,0.0,0.0
8811aa7187fffff,2022,4,0,0.0,0.015055300552876972,0.0,0.0
8811aa7187fffff,2024,7,0,0.0,0.015941576823117132,0.0,0.14285714285714285
8811aa7189fffff,2022,12,1,0.08333333333333333,0.04490618927249621,0.0,0.08333333333333333
8811aa7189fffff,2023,13,0,0.0,0.0449930429384523,0.15384615384615385,0.0
8811aa7189fffff,2024,14,0,0.0,0.04489995287589153,0.14285714285714285,0.07142857142857142
8811aa718bfffff,2022,1,0,0.0,0.02845731489327592,0.0,0.0
8811aa718bfffff,2023,5,0,0.0,0.029798846387017512,0.0,0.0
8811aa718bfffff,2024,2,0,0.0,0.028676255714924583,0.0,0.0
8811aa718dfffff,2022,8,0,0.0,0.0517232133111863,0.25,0.0
8811aa718dfffff,2023,11,1,0.09090909090909091,0.05335240178805285,0.0,0.09090909090909091
8811aa718dfffff,2024,16,0,0.0,0.05201936504215748,0.125,0.0625
8811aa7193fffff,2022,5,0,0.0,0.08468523032084022,0.0,0.4
8811aa7193fffff,2023,8,0,0.0,0.08289915100115464,0.375,0.0
8811aa7193fffff,2024,7,0,0.0,0.0829681163553944,0.0,0.0
8811aa7195fffff,2023,2,0,0.0,0.03798292007542474,0.0,0.0
8811aa7195fffff,2024,4,0,0.0,0.03596724598437352,0.0,0.25
8811aa7197fffff,2022,1,0,0.0,0.05601319214555828,0.0,0.0
8811aa7197fffff,2023,2,0,0.0,0.058538520560064276,0.0,0.0
8811aa7197fffff,2024,3,0,0.0,0.05693260225015826,0.0,0.0
8811aa7199fffff,2024,2,2,0.5,0.15824534951754854,0.5,0.0
8811aa719bfffff,2022,4,0,0.0,0.08714124620025547,0.5,0.0
8811aa719bfffff,2023,6,0,0.0,0.09013361375299378,0.0,0.16666666666666666
8811aa719bfffff,2024,3,0,0.0,0.09042515257613565,0.0,0.0
8811aa719dfffff,2024,1,0,0.0,0.08408361269914448,0.0,0.0
8811aa71a1fffff,2022,3,0,0.0,0.09894017586298387,0.0,0.0
8811aa71a1fffff,2023,4,0,0.0,0.09662218111081615,0.0,0.0
8811aa71a1fffff,2024,4,0,0.0,0.09689337251280196,0.0,0.0
8811aa71a3fffff,2022,9,0,0.0,0.012438763974514258,0.2222222222222222,0.2222222222222222
8811aa71a3fffff,2023,9,0,0.0,0.013751706887436734,0.2222222222222222,0.0
8811aa71a3fffff,2024,15,0,0.0,0.014556054199110895,0.2,0.0
8811aa71a5fffff,2022,13,1,0.07692307692307693,0.030498696937248097,0.15384615384615385,0.15384615384615385
8811aa71a5fffff,2023,14,0,0.0,0.029905604382093987,0.21428571428571427,0.0
8811aa71a5fffff,2024,18,0,0.0,0.029830967022361488,0.16666666666666666,0.0
8811aa71a7fffff,2022,4,0,0.0,0.021483744892167127,0.0,0.0
8811aa71a7fffff,2023,9,0,0.0,0.022269875317405537,0.1111111111111111,0.0
8811aa71a7fffff,2024,15,0,0.0,0.021069521677824176,0.13333333333333333,0.0
8811aa71a9fffff,2022,5,0,0.0,0.04619928451692239,0.0,0.2
8811aa71a9fffff,2023,5,0,0.0,0.045011074740528144,0.2,0.0
8811aa71a9fffff,2024,9,0,0.0,0.04488524412229094,0.2222222222222222,0.1111111111111111
8811aa71abfffff,2022,6,0,0.0,0.028619659879476178,0.0,0.16666666666666666
8811aa71abfffff,2023,3,0,0.0,0.02752791585654704,0.3333333333333333,0.0
8811aa71abfffff,2024,3,0,0.0,0.029453379286646205,0.3333333333333333,0.0
8811aa71adfffff,2022,7,1,0.14285714285714285,0.09644168184038614,0.2857142857142857,0.0
8811aa71adfffff,2023,1,0,0.0,0.09223438625845438,1.0,0.0
8811aa71adfffff,2024,4,0,0.0,0.09471746462765825,0.25,0.0
8811aa71b1fffff,2022,6,0,0.0,0.06655271618750426,0.3333333333333333,0.0
8811aa71b1fffff,2023,6,1,0.16666666666666666,0.06777555604392115,0.0,0.0
8811aa71b1fffff,2024,10,0,0.0,0.06672738633932729,0.3,0.1
8811aa71b3fffff,2022,10,0,0.0,0.015744486798847088,0.1,0.0
8811aa71b3fffff,2023,15,2,0.13333333333333333,0.015588270400275096,0.26666666666666666,0.06666666666666667
8811aa71b3fffff,2024,19,1,0.05263157894736842,0.015510638444831734,0.2631578947368421,0.0
8811aa71b5fffff,2022,3,0,0.0,0.014531179245661783,0.3333333333333333,0.0
8811aa71b5fffff,2023,5,0,0.0,0.01631377326590117,0.2,0.0
8811aa71b5fffff,2024,5,0,0.0,0.015117702687739223,0.0,0.0
8811aa71b7fffff,2022,7,0,0.0,0.019843871228379606,0.42857142857142855,0.0
8811aa71b7fffff,2023,6,0,0.0,0.0204624970713017,0.3333333333333333,0.0
8811aa71b7fffff,2024,8,0,0.0,0.020859185906424764,0.125,0.125
8811aa71b9fffff,2022,7,0,0.0,0.05129348385467022,0.0,0.14285714285714285
8811aa71b9fffff,2023,4,0,0.0,0.05261907194062869,0.0,0.0
8811aa71b9fffff,2024,7,0,0.0,0.04954564041240191,0.0,0.0
8811aa71bbfffff,2022,1,0,0.0,0.03185976317594069,0.0,0.0
8811aa71bbfffff,2024,1,0,0.0,0.030701868223934017,0.0,0.0
8811aa71bdfffff,2022,4,0,0.0,0.05879086241755433,0.0,0.0
8811aa71bdfffff,2023,4,0,0.0,0.0584508544939243,0.25,0.0
8811aa71bdfffff,2024,7,0,0.0,0.061734534681105,0.0,0.0
8811aa71c1fffff,2022,2,0,0.0,0.07701883494951553,0.0,0.0
8811aa71c1fffff,2023,2,0,0.0,0.07675012817260474,0.0,0.0
8811aa71c1fffff,2024,2,1,0.5,0.07843451477844722,0.0,0.0
8811aa71c3fffff,2022,3,0,0.0,0.10421074071909397,0.0,0.0
8811aa71c3fffff,2023,3,0,0.0,0.10387058728579192,0.0,0.3333333333333333
8811aa71c3fffff,2024,2,0,0.0,0.10452174121260141,0.0,0.0
8811aa71c5fffff,2022,4,0,0.0,0.022399948090102085,0.0,0.0
8811aa71c7fffff,2022,1,0,0.0,0.07545785784474215,0.0,0.0
8811aa71c7fffff,2024,1,0,0.0,0.07523891702309349,0.0,0.0
8811aa71cbfffff,2022,3,0,0.0,0.043580765582130455,0.0,0.0
8811aa71cbfffff,2023,2,0,0.0,0.041165229450351476,0.0,0.0
8811aa71cbfffff,2024,1,0,0.0,0.044837530916878386,0.0,0.0
8811aa71d1fffff,2022,5,0,0.0,0.010816571518201073,0.0,0.2
8811aa71d1fffff,2023,5,0,0.0,0.011221315465861323,0.0,0.2
8811aa71d1fffff,2024,5,0,0.0,0.009365697201627804,0.4,0.0
8811aa71d3fffff,2022,19,1,0.05263157894736842,0.0313207025830413,0.2631578947368421,0.10526315789473684
8811aa71d3fffff,2023,14,0,0.0,0.03196104775342963,0.14285714285714285,0.0
8811aa71d3fffff,2024,19,0,0.0,0.03159870403020303,0.05263157894736842,0.05263157894736842
8811aa71d5fffff,2022,5,0,0.0,0.05603188274878167,0.2,0.0
8811aa71d5fffff,2023,5,0,0.0,0.05565532620114731,0.0,0.2
8811aa71d5fffff,2024,8,0,0.0,0.05400478307885756,0.25,0.0
8811aa71d7fffff,2022,1,0,0.0,0.04565749540389782,0.0,0.0
8811aa71d7fffff,2023,2,0,0.0,0.047548381342573436,0.0,0.0
8811aa71d9fffff,2022,14,0,0.0,0.01380763769946917,0.07142857142857142,0.14285714285714285
8811aa71d9fffff,2023,11,1,0.09090909090909091,0.013359106625672973,0.0,0.0
8811aa71d9fffff,2024,6,0,0.0,0.012039538071967247,0.16666666666666666,0.3333333333333333
8811aa71dbfffff,2022,3,0,0.0,0.06660049876580054,0.0,0.0
8811aa71dbfffff,2023,4,0,0.0,0.06666479174149895,0.25,0.0
8811aa71dbfffff,2024,9,0,0.0,0.06533739770120982,0.1111111111111111,0.0
8811aa71ddfffff,2022,1,0,0.0,0.10681585438765617,0.0,0.0
8811aa71ddfffff,2023,3,0,0.0,0.10711886486495303,0.3333333333333333,0.0
8811aa71ddfffff,2024,2,0,0.0,0.1093536242909777,0.0,0.0
8811aa71e1fffff,2022,8,0,0.0,0.044400591162333476,0.0,0.375
8811aa71e1fffff,2023,9,0,0.0,0.04449181916956671,0.0,0.0
8811aa71e1fffff,2024,4,0,0.0,0.0444152625013333,0.25,0.0
8811aa71e3fffff,2022,11,0,0.0,0.01568600734078672,0.09090909090909091,0.18181818181818182
8811aa71e3fffff,2023,13,1,0.07692307692307693,0.017237577444799725,0.3076923076923077,0.23076923076923078
8811aa71e3fffff,2024,15,1,0.06666666666666667,0.016778847813947288,0.13333333333333333,0.0
8811aa71e5fffff,2022,6,1,0.16666666666666666,0.016129868452611957,0.0,0.0
8811aa71e5fffff,2023,6,0,0.0,0.01425638762893434,0.16666666666666666,0.0
8811aa71e5fffff,2024,10,0,0.0,0.015405768278113343,0.0,0.0
8811aa71e7fffff,2022,8,0,0.0,0.028190935308695108,0.375,0.125
8811aa71e7fffff,2023,10,0,0.0,0.028864806215605426,0.1,0.0
8811aa71e7fffff,2024,11,0,0.0,0.028862084318320814,0.18181818181818182,0.09090909090909091
8811aa71e9fffff,2022,4,0,0.0,0.07214106485690523,0.0,0.0
8811aa71e9fffff,2023,1,0,0.0,0.07132375453161505,0.0,0.0
8811aa71ebfffff,2022,8,1,0.125,0.021103895683995743,0.0,0.25
8811aa71ebfffff,2023,9,1,0.1111111111111111,0.02062365833280408,0.1111111111111111,0.0
8811aa71ebfffff,2024,9,0,0.0,0.020844253926624742,0.2222222222222222,0.0
8811aa71edfffff,2022,15,0,0.0,0.017023256838241567,0.13333333333333333,0.06666666666666667
8811aa71edfffff,2023,9,0,0.0,0.01609513482402298,0.1111111111111111,0.1111111111111111
8811aa71edfffff,2024,9,0,0.0,0.01555589916413704,0.0,0.0
8811aa7201fffff,2022,3,0,0.0,0.19060563723532722,0.6666666666666666,0.6666666666666666
8811aa7201fffff,2023,6,0,0.0,0.19471246882478796,0.16666666666666666,0.3333333333333333
8811aa7201fffff,2024,5,0,0.0,0.19550491146387056,0.4,0.6
8811aa7203fffff,2022,8,0,0.0,0.11361004951979832,0.25,0.375
8811aa7203fffff,2023,7,0,0.0,0.11389435714983591,0.0,0.0
8811aa7203fffff,2024,11,0,0.0,0.11350852603259405,0.2727272727272727,0.0
8811aa7205fffff,2022,4,0,0.0,0.04801049691503431,0.0,0.25
8811aa7205fffff,2023,9,0,0.0,0.048023439810636497,0.1111111111111111,0.0
8811aa7205fffff,2024,6,0,0.0,0.04799486445318154,0.0,0.0
8811aa7207fffff,2022,6,0,0.0,0.045636878037280317,0.3333333333333333,0.0
8811aa7207fffff,2023,1,0,0.0,0.044877606612667965,0.0,0.0
8811aa7207fffff,2024,2,0,0.0,0.04290710249094912,0.0,0.0
8811aa7209fffff,2022,2,0,0.0,0.04920907058434485,0.0,0.0
8811aa7209fffff,2023,2,0,0.0,0.043427291465352354,0.5,0.0
8811aa7209fffff,2024,1,0,0.0,0.04509141523585512,0.0,0.0
8811aa720bfffff,2022,1,1,1.0,0.08256115889270928,1.0,0.0
8811aa720bfffff,2023,1,0,0.0,0.08405976232340875,0.0,0.0
8811aa720bfffff,2024,1,0,0.0,0.08322342136722014,0.0,1.0
8811aa720dfffff,2022,9,0,0.0,0.09456687079875094,0.4444444444444444,0.1111111111111111
8811aa720dfffff,2023,7,0,0.0,0.09304127840549055,0.2857142857142857,0.2857142857142857
8811aa720dfffff,2024,3,0,0.0,0.09224291135116942,0.3333333333333333,0.6666666666666666
8811aa7211fffff,2022,6,0,0.0,0.061839349791457394,0.16666666666666666,0.0
8811aa7211fffff,2023,6,1,0.16666666666666666,0.06914994613619112,0.5,0.16666666666666666
8811aa7211fffff,2024,5,0,0.0,0.0634894299577522,0.2,0.0
8811aa7215fffff,2022,5,0,0.0,0.06792278127316687,0.0,0.0
8811aa7215fffff,2023,6,0,0.0,0.07545719269221769,0.3333333333333333,0.16666666666666666
8811aa7215fffff,2024,11,1,0.09090909090909091,0.0683156076702801,0.2727272727272727,0.09090909090909091
8811aa7217fffff,2022,6,0,0.0,0.03015564684556397,0.5,0.0
8811aa7217fffff,2023,6,1,0.16666666666666666,0.035987315675092536,0.16666666666666666,0.16666666666666666
8811aa7217fffff,2024,4,0,0.0,0.0287121984740983,0.25,0.0
8811aa7219fffff,2022,8,1,0.125,0.03289072907320775,0.5,0.125
8811aa7219fffff,2023,2,1,0.5,0.03025650919595274,0.5,0.5
8811aa7219fffff,2024,3,0,0.0,0.03186313171778297,0.3333333333333333,0.6666666666666666
8811aa7221fffff,2022,4,0,0.0,0.01104562084292723,0.0,0.0
8811aa7221fffff,2023,6,0,0.0,0.0106406152104924,0.0,0.0
8811aa7221fffff,2024,7,0,0.0,0.009582948707199406,0.14285714285714285,0.0
8811aa7223fffff,2022,9,0,0.0,0.061928677634504964,0.2222222222222222,0.0
8811aa7223fffff,2023,11,0,0.0,0.06257379301121518,0.09090909090909091,0.0
8811aa7223fffff,2024,11,0,0.0,0.06235091456746078,0.09090909090909091,0.0
8811aa7225fffff,2022,5,0,0.0,0.06687600541561932,0.0,0.0
8811aa7225fffff,2023,7,0,0.0,0.0666948164692456,0.14285714285714285,0.14285714285714285
8811aa7225fffff,2024,5,0,0.0,0.06671208962301152,0.2,0.0
8811aa7227fffff,2022,10,0,0.0,0.05903762677653827,0.2,0.2
8811aa7227fffff,2023,16,1,0.0625,0.05888381246990431,0.125,0.125
8811aa7227fffff,2024,16,0,0.0,0.05856274347840371,0.0625,0.125
8811aa7229fffff,2022,5,0,0.0,0.0466419139368075,0.2,0.0
8811aa7229fffff,2023,5,0,0.0,0.04713140284352241,0.2,0.0
8811aa7229fffff,2024,11,0,0.0,0.046967449957570434,0.18181818181818182,0.0
8811aa722bfffff,2022,5,0,0.0,0.012884495357867004,0.0,0.0
8811aa722bfffff,2023,5,0,0.0,0.013164839108124281,0.0,0.0
8811aa722bfffff,2024,7,0,0.0,0.013778278720969345,0.0,0.0
8811aa722dfffff,2022,8,0,0.0,0.030726133551571066,0.25,0.0
8811aa722dfffff,2023,5,0,0.0,0.0296427030516428,0.2,0.0
8811aa722dfffff,2024,5,0,0.0,0.03288937443251185,0.0,0.0
8811aa7231fffff,2022,2,0,0.0,0.09787828676209051,0.5,0.0
8811aa7231fffff,2023,2,0,0.0,0.10093186689643562,0.0,0.0
8811aa7231fffff,2024,1,0,0.0,0.09734492154950565,0.0,0.0
8811aa7233fffff,2022,8,0,0.0,0.029866744787893706,0.125,0.125
8811aa7233fffff,2023,3,0,0.0,0.02899685482106118,0.3333333333333333,0.0
8811aa7233fffff,2024,4,0,0.0,0.029305401869707814,0.25,0.0
8811aa7235fffff,2022,3,0,0.0,0.0711157136393782,0.3333333333333333,0.0
8811aa7235fffff,2023,3,0,0.0,0.0719536164056458,0.0,0.0
8811aa7235fffff,2024,4,0,0.0,0.07229335057205429,0.0,0.0
8811aa7237fffff,2022,8,1,0.125,0.02421600603245789,0.0,0.375
8811aa7237fffff,2023,13,3,0.15384615384615385,0.02482288797760907,0.23076923076923078,0.15384615384615385
8811aa7237fffff,2024,9,0,0.0,0.02456088857954117,0.1111111111111111,0.0
8811aa7239fffff,2023,5,1,0.2,0.05464288121280755,0.4,0.0
8811aa7239fffff,2024,8,1,0.125,0.057414136988109966,0.125,0.25
8811aa723bfffff,2022,7,0,0.0,0.08432769246616958,0.14285714285714285,0.0
8811aa723bfffff,2023,5,0,0.0,0.08490016146246214,0.4,0.0
8811aa723bfffff,2024,8,0,0.0,0.08409545210259069,0.375,0.0
8811aa723dfffff,2022,7,0,0.0,0.08700979009752031,0.2857142857142857,0.0
8811aa723dfffff,2023,12,0,0.0,0.08748728930174442,0.16666666666666666,0.0
8811aa723dfffff,2024,5,0,0.0,0.08708975993499558,0.2,0.0
8811aa724dfffff,2024,3,0,0.0,0.07029318749842467,0.0,0.0
8811aa7251fffff,2022,1,0,0.0,0.04206390057964202,0.0,0.0
8811aa7251fffff,2023,1,0,0.0,0.042843618343913564,0.0,0.0
8811aa7251fffff,2024,7,0,0.0,0.04244438715786015,0.0,0.14285714285714285
8811aa7255fffff,2022,2,0,0.0,0.08850166802838724,0.0,0.0
8811aa7255fffff,2023,1,0,0.0,0.09020596594379703,0.0,1.0
8811aa7255fffff,2024,3,0,0.0,0.08871633969384358,0.0,0.0
8811aa7257fffff,2022,1,0,0.0,0.02185380516515461,0.0,0.0
8811aa7259fffff,2022,3,0,0.0,0.03942333754706898,0.0,0.0
8811aa7259fffff,2023,3,0,0.0,0.03738100303857401,0.0,0.0
8811aa7259fffff,2024,1,0,0.0,0.03899986936690548,0.0,0.0
8811aa725bfffff,2022,2,0,0.0,0.013543423092874908,0.0,0.0
8811aa725bfffff,2023,6,0,0.0,0.012764743200783519,0.0,0.16666666666666666
8811aa725bfffff,2024,6,0,0.0,0.011687863892132411,0.3333333333333333,0.16666666666666666
8811aa725dfffff,2023,2,0,0.0,0.03250533654345108,1.0,0.0
8811aa725dfffff,2024,1,1,1.0,0.033908574883567244,1.0,0.0
8811aa7261fffff,2022,4,1,0.25,0.04494184488575339,0.25,0.25
8811aa7261fffff,2023,3,0,0.0,0.04811763629806009,0.0,0.0
8811aa7261fffff,2024,7,0,0.0,0.04733594878286583,0.0,0.0
8811aa7263fffff,2022,2,0,0.0,0.03078202859853879,0.0,0.0
8811aa7263fffff,2023,1,0,0.0,0.031050735375449584,0.0,0.0
8811aa7263fffff,2024,4,0,0.0,0.03063770991039153,0.25,0.0
8811aa7265fffff,2022,1,0,0.0,0.09914832949228787,0.0,0.0
8811aa7265fffff,2023,2,0,0.0,0.09749547672962956,1.0,0.0
8811aa7265fffff,2024,8,2,0.125,0.09652187951722258,0.5,0.375
8811aa7267fffff,2022,5,0,0.0,0.05791169533997327,0.2,0.2
8811aa7267fffff,2023,8,0,0.0,0.05562217191803913,0.375,0.0
8811aa7267fffff,2024,6,0,0.0,0.05888829279524583,0.0,0.0
8811aa726bfffff,2022,5,0,0.0,0.0039986793570524195,0.4,0.2
8811aa726bfffff,2023,4,0,0.0,0.006138717160726822,0.25,0.25
8811aa726bfffff,2024,4,0,0.0,0.0034052624679169166,0.25,0.25
8811aa726dfffff,2022,5,0,0.0,0.0625635184150209,0.0,0.2
8811aa726dfffff,2023,4,0,0.0,0.0638123877972534,0.25,0.0
8811aa726dfffff,2024,5,0,0.0,0.06247424624891655,0.2,0.0
8811aa7285fffff,2022,7,0,0.0,0.17827323918993027,0.0,0.14285714285714285
8811aa7285fffff,2023,3,0,0.0,0.1793966328364379,0.3333333333333333,0.0
8811aa7285fffff,2024,5,0,0.0,0.1780720809524799,0.2,0.4
8811aa7287fffff,2022,3,0,0.0,0.20432233767348262,0.3333333333333333,0.6666666666666666
8811aa7287fffff,2023,1,0,0.0,0.2022464575206541,0.0,0.0
8811aa7287fffff,2024,3,0,0.0,0.2027240315773948,0.0,0.3333333333333333
8811aa7293fffff,2023,1,0,0.0,0.05756716777729876,0.0,0.0
8811aa7293fffff,2024,2,0,0.0,0.053978702841539036,0.0,0.0
8811aa72a1fffff,2022,2,0,0.0,0.07855393240079483,0.0,0.0
8811aa72a1fffff,2023,6,0,0.0,0.07916203201062154,0.0,0.0
8811aa72a1fffff,2024,1,0,0.0,0.07805308351900496,0.0,0.0
8811aa72a3fffff,2022,8,0,0.0,0.05048406298575631,0.0,0.125
8811aa72a3fffff,2023,7,0,0.0,0.05059855853399746,0.0,0.0
8811aa72a3fffff,2024,5,0,0.0,0.049579623663132275,0.0,0.0
8811aa72a5fffff,2022,3,0,0.0,0.02898836777284307,0.0,0.0
8811aa72a5fffff,2023,8,0,0.0,0.029931295059981076,0.25,0.0
8811aa72a5fffff,2024,1,0,0.0,0.03267686483443589,0.0,0.0
8811aa72a7fffff,2022,9,0,0.0,0.04602058908543511,0.1111111111111111,0.1111111111111111
8811aa72a7fffff,2023,6,0,0.0,0.04595577897661266,0.0,0.0
8811aa72a7fffff,2024,10,1,0.1,0.0465749628309798,0.0,0.0
8811aa72a9fffff,2022,3,0,0.0,0.10282931517941464,0.3333333333333333,0.3333333333333333
8811aa72a9fffff,2024,4,0,0.0,0.10183087291907342,0.0,0.25
8811aa72abfffff,2022,2,0,0.0,0.060224380522659104,0.0,0.5
8811aa72abfffff,2023,2,0,0.0,0.05581808779787485,0.5,0.5
8811aa72abfffff,2024,2,0,0.0,0.059441033995695815,0.0,0.5
8811aa72adfffff,2022,1,0,0.0,0.07059110836505676,0.0,0.0
8811aa72adfffff,2024,1,0,0.0,0.07150669910661346,0.0,0.0
8811aa72b1fffff,2023,1,0,0.0,0.10358226143316954,0.0,0.0
8811aa72b1fffff,2024,2,0,0.0,0.10138115583839416,0.0,0.5
8811aa72b3fffff,2022,16,1,0.0625,0.06857358820896249,0.125,0.125
8811aa72b3fffff,2023,8,1,0.125,0.06978552930483459,0.25,0.125
8811aa72b3fffff,2024,5,1,0.2,0.06882786763740806,0.0,0.2
8811aa72b5fffff,2022,1,0,0.0,0.03411386291192941,0.0,1.0
8811aa72b5fffff,2023,3,1,0.3333333333333333,0.03422702679615586,0.0,0.0
8811aa72b5fffff,2024,2,0,0.0,0.03504226353997679,0.0,0.0
8811aa72b7fffff,2022,8,0,0.0,0.042970294975442413,0.0,0.25
8811aa72b7fffff,2023,6,1,0.16666666666666666,0.04416999814483269,0.16666666666666666,0.0
8811aa72b7fffff,2024,10,1,0.1,0.04374390949648583,0.2,0.0
8811aa72b9fffff,2022,4,0,0.0,0.246877987561458,0.5,1.0
8811aa72b9fffff,2023,4,0,0.0,0.24776810920830994,0.5,0.25
8811aa72b9fffff,2024,5,0,0.0,0.2465222246271707,0.6,0.2
8811aa72bbfffff,2022,4,0,0.0,0.06466291480786922,0.0,0.25
8811aa72bbfffff,2023,7,1,0.14285714285714285,0.06424395712420919,0.2857142857142857,0.14285714285714285
8811aa72bbfffff,2024,3,0,0.0,0.06371012776723724,0.0,0.0
8811aa72bdfffff,2022,7,0,0.0,0.0981007667013738,0.42857142857142855,0.5714285714285714
8811aa72bdfffff,2023,3,1,0.3333333333333333,0.09772569477556214,0.3333333333333333,0.3333333333333333
8811aa72bdfffff,2024,7,2,0.2857142857142857,0.09711060225545934,0.14285714285714285,0.0
8811aa72e1fffff,2022,1,0,0.0,0.09472641318018848,0.0,0.0
8811aa72e1fffff,2023,6,0,0.0,0.09466853933342849,0.16666666666666666,0.16666666666666666
8811aa72e1fffff,2024,8,0,0.0,0.09450266285437983,0.375,0.125
8811aa72e3fffff,2022,3,0,0.0,0.04627790301018924,0.0,0.0
8811aa72e3fffff,2023,4,1,0.25,0.04668757785286716,0.5,0.25
8811aa72e3fffff,2024,6,0,0.0,0.04500587826321042,0.3333333333333333,0.0
8811aa72e5fffff,2022,2,0,0.0,0.06468435203243107,0.0,0.0
8811aa72e5fffff,2023,1,0,0.0,0.06616720855559047,0.0,0.0
8811aa72e5fffff,2024,4,0,0.0,0.0678291968088769,0.0,0.0
8811aa72e7fffff,2022,7,0,0.0,0.005713548761585921,0.14285714285714285,0.0
8811aa72e7fffff,2023,8,0,0.0,0.0067925864359256365,0.25,0.0
8811aa72e7fffff,2024,7,0,0.0,0.006648937745429366,0.0,0.0
8811aa72edfffff,2022,6,0,0.0,0.01788669726330649,0.6666666666666666,0.16666666666666666
8811aa72edfffff,2023,5,0,0.0,0.01856958881238848,0.2,0.6
8811aa72edfffff,2024,7,1,0.14285714285714285,0.018440149647190037,0.2857142857142857,0.14285714285714285
8811aa7303fffff,2024,1,0,0.0,0.02377216514657307,0.0,0.0
8811aa7305fffff,2022,2,0,0.0,0.06644783538840181,0.0,0.0
8811aa7305fffff,2023,4,0,0.0,0.06876818395745672,0.25,0.0
8811aa7305fffff,2024,7,0,0.0,0.06617217402467664,0.2857142857142857,0.0
8811aa7307fffff,2023,1,0,0.0,0.14063489737296125,0.0,0.0
8811aa7307fffff,2024,1,0,0.0,0.14371160041893413,0.0,0.0
8811aa7309fffff,2022,1,0,0.0,0.059166866105043826,0.0,0.0
8811aa7309fffff,2024,1,0,0.0,0.061809066698353364,1.0,0.0
8811aa730bfffff,2023,3,0,0.0,0.037605720165444174,0.0,0.3333333333333333
8811aa730bfffff,2024,1,0,0.0,0.03914509110995747,0.0,0.0
8811aa730dfffff,2022,10,0,0.0,0.05832539068861083,0.2,0.0
8811aa730dfffff,2023,7,0,0.0,0.05530311921000013,0.14285714285714285,0.0
8811aa730dfffff,2024,7,0,0.0,0.05631711309821226,0.42857142857142855,0.0
8811aa7311fffff,2022,4,0,0.0,0.025955490383047397,0.0,0.25
8811aa7311fffff,2023,4,0,0.0,0.024450336788470958,0.0,0.0
8811aa7311fffff,2024,6,1,0.16666666666666666,0.024504243785524783,0.0,0.0
8811aa7313fffff,2022,7,2,0.14285714285714285,0.04736722286902601,0.0,0.14285714285714285
8811aa7313fffff,2023,5,0,0.0,0.0463166486960304,0.2,0.2
8811aa7313fffff,2024,5,0,0.0,0.04816618711570836,0.4,0.0
8811aa7315fffff,2022,5,2,0.4,0.017471737921412454,0.0,0.0
8811aa7315fffff,2023,3,2,0.3333333333333333,0.017309345944567896,0.0,0.0
8811aa7315fffff,2024,5,0,0.0,0.017285016293341927,0.2,0.0
8811aa7317fffff,2022,2,0,0.0,0.068835830832924,0.0,0.0
8811aa7317fffff,2023,3,0,0.0,0.06925655796605697,0.0,0.0
8811aa7317fffff,2024,7,0,0.0,0.06788702210385679,0.0,0.0
8811aa731bfffff,2022,4,0,0.0,0.1431312450539884,0.25,0.25
8811aa731bfffff,2023,5,0,0.0,0.1441806605863494,0.0,0.0
8811aa731bfffff,2024,4,0,0.0,0.14482032628386945,0.0,0.0
8811aa731dfffff,2022,10,0,0.0,0.011587405890192375,0.0,0.1
8811aa731dfffff,2023,5,0,0.0,0.011279273721949836,0.0,0.0
8811aa731dfffff,2024,10,0,0.0,0.011236015464439333,0.1,0.1
8811aa7323fffff,2023,1,0,0.0,0.08096454132058639,0.0,0.0
8811aa7323fffff,2024,4,0,0.0,0.08232061013315085,0.0,0.0
8811aa7325fffff,2022,3,0,0.0,0.06013581715362152,0.0,0.0
8811aa7325fffff,2023,1,0,0.0,0.060275401949020715,0.0,0.0
8811aa7325fffff,2024,1,0,0.0,0.06153854896412776,0.0,0.0
8811aa7327fffff,2022,3,0,0.0,0.042954794850796986,0.0,0.3333333333333333
8811aa7327fffff,2023,5,0,0.0,0.042811956820703864,0.2,0.0
8811aa7327fffff,2024,9,0,0.0,0.04302639666623656,0.2222222222222222,0.0
8811aa7331fffff,2022,14,0,0.0,0.022061064825311505,0.0,0.07142857142857142
8811aa7331fffff,2023,11,0,0.0,0.02124370222766769,0.0,0.0
8811aa7331fffff,2024,10,0,0.0,0.021901504455367343,0.2,0.0
8811aa7333fffff,2022,1,0,0.0,0.026822143599459287,0.0,0.0
8811aa7333fffff,2023,8,1,0.125,0.033257413113763235,0.375,0.0
8811aa7333fffff,2024,3,0,0.0,0.026944883900611772,0.0,0.0
8811aa7335fffff,2022,1,0,0.0,0.05749993266219372,0.0,0.0
8811aa7335fffff,2023,6,0,0.0,0.055822183965511585,0.0,0.0
8811aa7335fffff,2024,1,0,0.0,0.05307279640902633,0.0,0.0
8811aa7337fffff,2022,3,0,0.0,0.0602081762284589,0.0,0.0
8811aa7337fffff,2023,12,0,0.0,0.06010948328658847,0.0,0.0
8811aa7337fffff,2024,12,0,0.0,0.05963828877424998,0.08333333333333333,0.0
8811aa7339fffff,2022,1,0,0.0,0.13551917402791155,0.0,0.0
8811aa7339fffff,2024,1,0,0.0,0.13109203777474415,0.0,0.0
8811aa733bfffff,2022,6,0,0.0,0.03621658431880911,0.0,0.3333333333333333
8811aa733bfffff,2023,8,0,0.0,0.035013851103577326,0.0,0.0
8811aa733bfffff,2024,6,0,0.0,0.03486705706021966,0.0,0.0
8811aa733dfffff,2022,1,0,0.0,0.0788826862812023,0.0,0.0
8811aa733dfffff,2023,6,1,0.16666666666666666,0.07846577881513755,0.16666666666666666,0.0
8811aa733dfffff,2024,3,0,0.0,0.07997153972328368,0.0,0.0
8811aa7341fffff,2022,8,0,0.0,0.04912891015037887,0.5,0.25
8811aa7341fffff,2023,11,1,0.09090909090909091,0.04764328783176925,0.2727272727272727,0.18181818181818182
8811aa7341fffff,2024,5,0,0.0,0.04793451656443128,0.0,0.0
8811aa7343fffff,2022,5,0,0.0,0.022800975702133842,0.4,0.4
8811aa7343fffff,2023,3,0,0.0,0.02360310038648029,0.0,0.0
8811aa7343fffff,2024,6,0,0.0,0.02424415728124225,0.3333333333333333,0.0
8811aa7345fffff,2022,18,0,0.0,0.006391755894634276,0.16666666666666666,0.05555555555555555
8811aa7345fffff,2023,11,0,0.0,0.004477755200001951,0.2727272727272727,0.09090909090909091
8811aa7345fffff,2024,21,0,0.0,0.006021554868858974,0.047619047619047616,0.047619047619047616
8811aa7347fffff,2022,5,0,0.0,0.04410498871012754,0.0,0.2
8811aa7347fffff,2023,4,1,0.25,0.04377764133453149,0.0,0.0
8811aa7347fffff,2024,7,0,0.0,0.04402004272470544,0.0,0.0
8811aa734bfffff,2022,6,0,0.0,0.03807915976106515,0.3333333333333333,0.0
8811aa734bfffff,2023,3,0,0.0,0.04051970977036956,0.3333333333333333,0.0
8811aa734bfffff,2024,4,1,0.25,0.03960352167883747,0.25,0.0
8811aa734dfffff,2022,2,0,0.0,0.10894112571256986,0.5,0.0
8811aa734dfffff,2023,2,0,0.0,0.10549829752700945,0.5,0.5
8811aa734dfffff,2024,1,0,0.0,0.10694404901790296,0.0,0.0
8811aa7351fffff,2022,8,0,0.0,0.08169081042621754,0.25,0.0
8811aa7351fffff,2023,7,0,0.0,0.08064655191178635,0.2857142857142857,0.0
8811aa7351fffff,2024,13,0,0.0,0.08604618502990481,0.07692307692307693,0.07692307692307693
8811aa7353fffff,2022,5,0,0.0,0.026017425510197135,0.0,0.0
8811aa7353fffff,2023,7,0,0.0,0.025550177205913162,0.14285714285714285,0.0
8811aa7353fffff,2024,5,0,0.0,0.02644406354002225,0.0,0.0
8811aa7357fffff,2022,11,0,0.0,0.041117376920787096,0.5454545454545454,0.09090909090909091
8811aa7357fffff,2023,2,0,0.0,0.04349617687709796,0.0,0.5
8811aa7357fffff,2024,4,1,0.25,0.04140890586877549,0.25,0.0
8811aa7359fffff,2022,12,0,0.0,0.08402543967881837,0.3333333333333333,0.25
8811aa7359fffff,2023,6,0,0.0,0.0840044258058877,0.16666666666666666,0.3333333333333333
8811aa7359fffff,2024,9,1,0.1111111111111111,0.08235034165376981,0.3333333333333333,0.3333333333333333
8811aa735bfffff,2022,2,0,0.0,0.04290512091705024,0.0,0.0
8811aa735bfffff,2023,2,0,0.0,0.04791061506118875,0.0,0.0
8811aa735bfffff,2024,4,0,0.0,0.0460109885176872,0.5,0.0
8811aa735dfffff,2022,3,0,0.0,0.13046679945656675,0.6666666666666666,0.6666666666666666
8811aa735dfffff,2023,3,0,0.0,0.12620172466117943,0.3333333333333333,0.0
8811aa735dfffff,2024,7,1,0.14285714285714285,0.12706383411921057,0.2857142857142857,0.14285714285714285
8811aa7361fffff,2022,2,0,0.0,0.04104178856877082,0.0,0.0
8811aa7361fffff,2023,6,0,0.0,0.03651251984026535,0.16666666666666666,0.0
8811aa7361fffff,2024,5,0,0.0,0.03855178957527522,0.0,0.0
8811aa7363fffff,2022,2,0,0.0,0.09026685345942954,0.0,0.0
8811aa7363fffff,2023,2,0,0.0,0.09195216986617413,0.5,0.0
8811aa7363fffff,2024,2,0,0.0,0.0930352458788004,0.0,0.0
8811aa7365fffff,2022,1,0,0.0,0.08705091526515668,0.0,0.0
8811aa7365fffff,2023,1,0,0.0,0.08516002932648105,0.0,0.0
8811aa7365fffff,2024,2,0,0.0,0.08834544298886338,0.0,0.0
8811aa7367fffff,2024,1,0,0.0,0.028204530205539834,0.0,0.0
8811aa7369fffff,2022,5,0,0.0,0.0477169495043178,0.2,0.0
8811aa7369fffff,2023,2,0,0.0,0.048544627594134415,0.0,0.0
8811aa7369fffff,2024,7,0,0.0,0.04705097169873245,0.0,0.0
8811aa736bfffff,2022,7,0,0.0,0.06229341125740077,0.0,0.0
8811aa736bfffff,2023,16,0,0.0,0.06210947810646719,0.0625,0.0
8811aa736bfffff,2024,18,0,0.0,0.06251410627250885,0.05555555555555555,0.05555555555555555
8811aa736dfffff,2022,7,0,0.0,0.014189225956624044,0.14285714285714285,0.14285714285714285
8811aa736dfffff,2023,7,1,0.14285714285714285,0.015773239682639505,0.14285714285714285,0.0
8811aa736dfffff,2024,4,0,0.0,0.013034956981543,0.25,0.0
8811aa7521fffff,2022,17,3,0.11764705882352941,0.024796010994192104,0.35294117647058826,0.29411764705882354
8811aa7521fffff,2023,11,0,0.0,0.025540047950909795,0.18181818181818182,0.0
8811aa7521fffff,2024,23,2,0.08695652173913043,0.025363897742464173,0.30434782608695654,0.043478260869565216
8811aa7523fffff,2022,4,0,0.0,0.0667546975878279,0.75,0.5
8811aa7523fffff,2023,1,0,0.0,0.06239176725747389,1.0,0.0
8811aa7523fffff,2024,2,0,0.0,0.0669634360794657,0.0,0.0
8811aa7525fffff,2022,9,0,0.0,0.04988579175879545,0.2222222222222222,0.0
8811aa7525fffff,2023,7,0,0.0,0.04996423697339787,0.0,0.0
8811aa7525fffff,2024,8,0,0.0,0.04810210371180273,0.375,0.0
8811aa7527fffff,2022,1,0,0.0,0.09204783554884727,0.0,0.0
8811aa7527fffff,2023,2,0,0.0,0.09148056976724458,0.0,0.0
8811aa7527fffff,2024,1,2,1.0,0.08890790791530563,1.0,0.0
8811aa7529fffff,2022,2,0,0.0,0.023016419134417182,0.0,0.0
8811aa7529fffff,2023,4,0,0.0,0.02417688381619021,0.0,0.0
8811aa7529fffff,2024,5,0,0.0,0.02720082756396446,0.0,0.0
8811aa752dfffff,2022,8,0,0.0,0.046825448551787816,0.0,0.125
8811aa752dfffff,2023,11,1,0.09090909090909091,0.05081874345755462,0.2727272727272727,0.09090909090909091
8811aa752dfffff,2024,14,0,0.0,0.04613513783701478,0.0,0.0
8811aa7561fffff,2022,4,0,0.0,0.12440966402650674,0.0,0.75
8811aa7561fffff,2023,3,1,0.3333333333333333,0.12516761414807873,0.0,1.0
8811aa7561fffff,2024,1,0,0.0,0.127585312308445,0.0,0.0
8811aa7563fffff,2023,1,2,1.0,0.1306942215023965,0.0,1.0
8811aa7563fffff,2024,1,0,0.0,0.1280232352946984,0.0,0.0
8811aa7565fffff,2022,12,1,0.08333333333333333,0.03305503026605268,0.25,0.16666666666666666
8811aa7565fffff,2023,4,0,0.0,0.035065671218810664,0.0,0.0
8811aa7565fffff,2024,6,1,0.16666666666666666,0.033427597069310706,0.16666666666666666,0.3333333333333333
8811aa7567fffff,2022,3,0,0.0,0.038825810803974355,0.6666666666666666,0.3333333333333333
8811aa7567fffff,2023,2,0,0.0,0.04364026768176854,0.0,0.0
8811aa7567fffff,2024,4,0,0.0,0.04237938470606331,0.75,0.25
8811aa7569fffff,2022,8,0,0.0,0.011750823360026384,0.0,0.25
8811aa7569fffff,2023,6,1,0.16666666666666666,0.010755092654816103,0.3333333333333333,0.3333333333333333
8811aa7569fffff,2024,6,0,0.0,0.010722258821129831,0.0,0.5
8811aa756dfffff,2022,2,0,0.0,0.045835428908380584,0.0,0.5
8811aa756dfffff,2023,3,0,0.0,0.046524475037704814,0.0,0.0
8811aa756dfffff,2024,8,0,0.0,0.04696459444848749,0.0,0.0
8811aa7709fffff,2024,1,0,0.0,0.2204521356061973,1.0,0.0
8811aa7725fffff,2022,10,2,0.2,0.10224663683135286,0.6,0.0
8811aa7725fffff,2023,2,1,0.5,0.10405738413158948,0.5,0.5
8811aa7725fffff,2024,5,0,0.0,0.10531449934846884,0.0,0.0
8811aa772dfffff,2023,2,0,0.0,0.05826630326437823,0.0,0.0
8811aa772dfffff,2024,1,0,0.0,0.054029236586850354,0.0,1.0
8811aa7741fffff,2022,1,0,0.0,0.07380581538248632,0.0,1.0
8811aa7741fffff,2023,2,0,0.0,0.07351410889355066,0.5,0.5
8811aa7741fffff,2024,3,0,0.0,0.07637071674114486,0.6666666666666666,0.3333333333333333
8811aa7745fffff,2022,2,0,0.0,0.033409680524753696,0.0,0.0
8811aa7745fffff,2023,1,0,0.0,0.03653303987764288,1.0,0.0
8811aa7745fffff,2024,6,0,0.0,0.03084982269968939,0.3333333333333333,0.0
8811aa7747fffff,2023,2,0,0.0,0.02512923900807019,0.0,0.0
8811aa7747fffff,2024,3,0,0.0,0.026286699850923727,0.6666666666666666,0.0
8811aa7749fffff,2022,2,0,0.0,0.05789337468126632,0.0,0.0
8811aa7749fffff,2023,1,0,0.0,0.05921623504392437,0.0,0.0
8811aa7749fffff,2024,4,0,0.0,0.05656315388257818,0.0,0.0
8811aa774bfffff,2022,1,0,0.0,0.011344193530393551,0.0,0.0
8811aa774bfffff,2023,3,0,0.0,0.012608736948796757,0.0,0.3333333333333333
8811aa774bfffff,2024,4,0,0.0,0.013676591960603285,0.25,0.25
8811aa774dfffff,2023,1,0,0.0,0.0542242188112375,0.0,0.0
8811aa774dfffff,2024,1,0,0.0,0.053248923614118586,0.0,0.0
8811aa7755fffff,2024,1,0,0.0,0.16560144292549894,0.0,0.0
8811aa775dfffff,2022,2,0,0.0,0.06066935065630655,0.0,0.5
8811aa775dfffff,2023,3,0,0.0,0.06062410369440874,0.3333333333333333,0.3333333333333333
8811aa775dfffff,2024,1,0,0.0,0.06144121563323346,0.0,1.0
8811aa7765fffff,2022,6,3,0.3333333333333333,0.030537617819528618,0.16666666666666666,0.3333333333333333
8811aa7765fffff,2023,2,0,0.0,0.03046700410227915,0.0,0.5
8811aa7765fffff,2024,8,2,0.125,0.03023465925357889,0.125,0.25
8811aa7769fffff,2022,12,0,0.0,0.03574282146295091,0.3333333333333333,0.25
8811aa7769fffff,2023,13,0,0.0,0.03594145182240315,0.23076923076923078,0.07692307692307693
8811aa7769fffff,2024,10,1,0.1,0.03461746931851286,0.4,0.1
8811aa776bfffff,2022,2,1,0.5,0.09734288466484015,0.5,0.0
8811aa776bfffff,2023,1,0,0.0,0.10231644317122708,0.0,0.0
8811aa776bfffff,2024,2,0,0.0,0.09837543492778938,0.0,0.0
8811aa776dfffff,2022,5,1,0.2,0.008929472351311378,0.0,0.2
8811aa776dfffff,2023,6,1,0.16666666666666666,0.009310190240966692,0.16666666666666666,0.0
8811aa776dfffff,2024,13,0,0.0,0.008693710526508015,0.07692307692307693,0.07692307692307693
8811aa7801fffff,2022,7,0,0.0,0.18640434613243645,0.2857142857142857,0.14285714285714285
8811aa7801fffff,2023,6,0,0.0,0.1871634384141642,0.6666666666666666,0.0
8811aa7801fffff,2024,7,0,0.0,0.18646482106194284,0.2857142857142857,0.0
8811aa7803fffff,2022,6,0,0.0,0.03530517233279636,0.16666666666666666,0.5
8811aa7803fffff,2023,10,0,0.0,0.03750496498150107,0.1,0.0
8811aa7803fffff,2024,11,0,0.0,0.037565005293387584,0.0,0.0
8811aa7805fffff,2024,4,0,0.0,0.09976625486677479,0.25,0.0
8811aa7807fffff,2022,17,0,0.0,0.004536836096426092,0.23529411764705882,0.11764705882352941
8811aa7807fffff,2023,15,0,0.0,0.006859520482788667,0.13333333333333333,0.06666666666666667
8811aa7807fffff,2024,15,1,0.06666666666666667,0.0061209711329546805,0.26666666666666666,0.0
8811aa7809fffff,2022,18,0,0.0,0.006909715304195662,0.05555555555555555,0.17647058823529413
8811aa7809fffff,2023,22,2,0.09090909090909091,0.006157977963775264,0.2727272727272727,0.045454545454545456
8811aa7809fffff,2024,19,1,0.05263157894736842,0.008547151423866065,0.10526315789473684,0.0
8811aa780bfffff,2022,4,0,0.0,0.10070108684641944,0.25,0.0
8811aa780bfffff,2023,5,0,0.0,0.1002574890463744,0.0,0.0
8811aa780bfffff,2024,10,0,0.0,0.10188455929197364,0.2,0.0
8811aa780dfffff,2022,4,0,0.0,0.06689655055114677,0.25,0.0
8811aa780dfffff,2023,2,1,0.5,0.06720086539979539,0.0,0.0
8811aa780dfffff,2024,3,0,0.0,0.06768582299618582,0.3333333333333333,0.0
8811aa7811fffff,2022,9,0,0.0,0.0057727667138651705,0.3333333333333333,0.0
8811aa7811fffff,2023,2,0,0.0,0.008146530679953745,0.5,0.0
8811aa7811fffff,2024,9,1,0.1111111111111111,0.006732642932341725,0.0,0.0
8811aa7813fffff,2022,10,0,0.0,0.07324345089450514,0.4,0.1
8811aa7813fffff,2023,6,0,0.0,0.07240290647084723,0.0,0.0
8811aa7813fffff,2024,10,0,0.0,0.07166660922957802,0.0,0.1
8811aa7815fffff,2022,12,1,0.08333333333333333,0.006055864126128257,0.0,0.16666666666666666
8811aa7815fffff,2023,12,0,0.0,0.0045140127825176995,0.3333333333333333,0.0
8811aa7815fffff,2024,18,0,0.0,0.005743296586220329,0.2222222222222222,0.0
8811aa7817fffff,2022,3,0,0.0,0.1409415599197205,0.3333333333333333,0.0
8811aa7817fffff,2023,3,0,0.0,0.13881821174262543,0.3333333333333333,0.6666666666666666
8811aa7817fffff,2024,3,0,0.0,0.13966656707873806,0.0,0.0
8811aa7819fffff,2022,8,0,0.0,0.04455512172440178,0.125,0.0
8811aa7819fffff,2023,14,1,0.07142857142857142,0.04354473668529103,0.07142857142857142,0.0
8811aa7819fffff,2024,18,0,0.0,0.04538511950468756,0.05555555555555555,0.0
8811aa781bfffff,2022,6,2,0.3333333333333333,0.03850272779913314,0.5,0.0
8811aa781bfffff,2023,14,1,0.07142857142857142,0.040081120149748975,0.07142857142857142,0.0
8811aa781bfffff,2024,9,0,0.0,0.03976986163825758,0.2222222222222222,0.0
8811aa781dfffff,2022,10,0,0.0,0.08329935241520456,0.0,0.0
8811aa781dfffff,2023,10,0,0.0,0.08171486832244641,0.1,0.1
8811aa781dfffff,2024,11,0,0.0,0.08323254606045115,0.0,0.0
8811aa7821fffff,2022,9,0,0.0,0.06627886481507049,0.3333333333333333,0.1111111111111111
8811aa7821fffff,2023,5,1,0.2,0.06840217002634416,0.4,0.4
8811aa7821fffff,2024,9,0,0.0,0.0670153682418188,0.1111111111111111,0.0
8811aa7823fffff,2022,5,0,0.0,0.019146490569694988,0.0,0.2
8811aa7823fffff,2023,8,0,0.0,0.01836620282985409,0.375,0.125
8811aa7823fffff,2024,6,0,0.0,0.02028487305935307,0.0,0.0
8811aa7825fffff,2022,1,0,0.0,0.10260473844776272,0.0,0.0
8811aa7825fffff,2023,3,1,0.3333333333333333,0.10647030618972471,0.6666666666666666,0.0
8811aa7825fffff,2024,1,0,0.0,0.10919298700534628,0.0,0.0
8811aa7827fffff,2022,10,1,0.1,0.018503565234106345,0.3,0.2
8811aa7827fffff,2023,13,3,0.07692307692307693,0.018064243181503577,0.38461538461538464,0.23076923076923078
8811aa7827fffff,2024,12,0,0.0,0.018951083664025068,0.3333333333333333,0.08333333333333333
8811aa7829fffff,2022,10,0,0.0,0.033193564996223536,0.0,0.0
8811aa7829fffff,2023,8,2,0.25,0.0321272585121188,0.375,0.0
8811aa7829fffff,2024,6,0,0.0,0.03138770457265356,0.0,0.0
8811aa782bfffff,2022,9,0,0.0,0.10092365550299641,0.2222222222222222,0.0
8811aa782bfffff,2023,13,1,0.07692307692307693,0.09923165299804082,0.0,0.0
8811aa782bfffff,2024,12,0,0.0,0.10083170057854536,0.08333333333333333,0.0
8811aa782dfffff,2022,1,0,0.0,0.033178934551155975,0.0,1.0
8811aa782dfffff,2023,1,0,0.0,0.03530904343663643,0.0,0.0
8811aa782dfffff,2024,3,0,0.0,0.03570534289361723,0.0,0.3333333333333333
8811aa7831fffff,2022,12,0,0.0,0.03438116981823463,0.3333333333333333,0.16666666666666666
8811aa7831fffff,2023,11,0,0.0,0.033865066403802796,0.18181818181818182,0.0
8811aa7831fffff,2024,8,0,0.0,0.03471449771716018,0.0,0.0
8811aa7833fffff,2022,6,0,0.0,0.05137111064690115,0.0,0.0
8811aa7833fffff,2023,8,0,0.0,0.05111709396376457,0.0,0.0
8811aa7833fffff,2024,12,0,0.0,0.04985437988342648,0.0,0.0
8811aa7837fffff,2022,2,0,0.0,0.007502907080324429,0.5,1.0
8811aa7837fffff,2023,4,0,0.0,0.00365194842902975,0.5,0.5
8811aa7837fffff,2024,4,0,0.0,0.007144171210043935,0.0,0.0
8811aa7839fffff,2022,10,0,0.0,0.0316350866247621,0.2,0.0
8811aa7839fffff,2023,13,3,0.23076923076923078,0.030849194176491554,0.15384615384615385,0.07692307692307693
8811aa7839fffff,2024,14,1,0.07142857142857142,0.031330717948547526,0.21428571428571427,0.07142857142857142
8811aa783bfffff,2022,4,0,0.0,0.03120876380632465,0.25,0.25
8811aa783bfffff,2023,4,0,0.0,0.033386918682952224,0.25,0.0
8811aa783bfffff,2024,5,0,0.0,0.03131814915298806,0.0,0.0
8811aa783dfffff,2022,1,0,0.0,0.038998777334240564,0.0,1.0
8811aa783dfffff,2023,3,0,0.0,0.04179515921195187,0.0,0.0
8811aa783dfffff,2024,9,0,0.0,0.04234161604690497,0.2222222222222222,0.0
8811aa7841fffff,2022,2,0,0.0,0.027727589334222008,0.0,0.0
8811aa7841fffff,2023,4,1,0.25,0.02725944876654434,0.25,0.0
8811aa7841fffff,2024,2,0,0.0,0.025083217988352998,0.0,0.0
8811aa7843fffff,2022,10,0,0.0,0.07400002438628173,0.2,0.2
8811aa7843fffff,2023,5,0,0.0,0.07632089897501462,0.4,0.0
8811aa7843fffff,2024,8,0,0.0,0.0749451351692825,0.125,0.125
8811aa7845fffff,2022,3,0,0.0,0.037813008604876595,0.0,0.0
8811aa7845fffff,2023,5,0,0.0,0.03569695027327742,0.0,0.0
8811aa7845fffff,2024,6,0,0.0,0.037987996329215686,0.0,0.0
8811aa7847fffff,2022,4,0,0.0,0.04039383613798084,0.25,0.0
8811aa7847fffff,2023,10,0,0.0,0.04390425611159078,0.1,0.2
8811aa7847fffff,2024,13,0,0.0,0.04239818189786197,0.15384615384615385,0.0
8811aa7849fffff,2022,1,0,0.0,0.12093043445737434,0.0,0.0
8811aa7849fffff,2023,2,0,0.0,0.12017694905018096,0.0,0.0
8811aa7849fffff,2024,3,0,0.0,0.13625159304744902,0.3333333333333333,0.0
8811aa784bfffff,2022,12,1,0.08333333333333333,0.025858742283298503,0.3333333333333333,0.25
8811aa784bfffff,2023,9,0,0.0,0.02425201964772337,0.3333333333333333,0.1111111111111111
8811aa784bfffff,2024,8,0,0.0,0.02555074825215065,0.125,0.125
8811aa784dfffff,2022,2,0,0.0,0.09220790773862131,0.0,0.5
8811aa784dfffff,2023,3,1,0.3333333333333333,0.09480984788798284,0.0,0.0
8811aa784dfffff,2024,2,0,0.0,0.09572824493336297,0.0,0.0
8811aa7851fffff,2022,4,1,0.25,0.029051074258823018,0.25,0.25
8811aa7851fffff,2023,2,0,0.0,0.02389475317407224,0.5,0.0
8811aa7851fffff,2024,4,0,0.0,0.02788381941401464,0.0,0.0
8811aa7853fffff,2022,8,0,0.0,0.08765631521463225,0.375,0.0
8811aa7853fffff,2023,1,0,0.0,0.08728566991782974,0.0,0.0
8811aa7853fffff,2024,10,0,0.0,0.08689117338465521,0.3,0.1
8811aa7855fffff,2022,5,0,0.0,0.06435920125855925,0.0,0.0
8811aa7855fffff,2023,1,0,0.0,0.06328353759496233,0.0,0.0
8811aa7855fffff,2024,10,0,0.0,0.06226861582559927,0.1,0.0
8811aa7857fffff,2022,7,0,0.0,0.04043718376075066,0.14285714285714285,0.0
8811aa7857fffff,2023,6,0,0.0,0.041379328094784666,0.0,0.0
8811aa7857fffff,2024,12,0,0.0,0.041037674401385026,0.0,0.08333333333333333
8811aa7859fffff,2022,4,0,0.0,0.0976378974720887,0.0,0.0
8811aa7859fffff,2023,7,0,0.0,0.09641664092700843,0.0,0.0
8811aa7859fffff,2024,11,0,0.0,0.09670873920548972,0.0,0.0
8811aa785bfffff,2022,5,0,0.0,0.08070875370311062,0.2,0.0
8811aa785bfffff,2023,4,0,0.0,0.08079165442720881,0.0,0.0
8811aa785bfffff,2024,10,0,0.0,0.08155652750959307,0.0,0.0
8811aa785dfffff,2022,4,0,0.0,0.05872378387484568,0.25,0.25
8811aa785dfffff,2023,4,0,0.0,0.057685720707010314,0.0,0.0
8811aa785dfffff,2024,8,1,0.125,0.05879374064186679,0.125,0.0
8811aa7861fffff,2022,9,0,0.0,0.04859165504136418,0.1111111111111111,0.1111111111111111
8811aa7861fffff,2023,9,0,0.0,0.04815934157427621,0.0,0.0
8811aa7861fffff,2024,6,0,0.0,0.047735690889298334,0.16666666666666666,0.0
8811aa7863fffff,2022,3,0,0.0,0.06007366553249732,0.0,0.0
8811aa7863fffff,2023,2,0,0.0,0.06000457619275171,0.0,0.0
8811aa7863fffff,2024,6,0,0.0,0.059028699930932606,0.0,0.0
8811aa7865fffff,2023,2,0,0.0,0.041313762740100006,0.0,0.0
8811aa7865fffff,2024,3,1,0.3333333333333333,0.037240942899290246,0.3333333333333333,0.0
8811aa7867fffff,2022,5,0,0.0,0.035925744053299846,0.2,0.0
8811aa7867fffff,2023,12,0,0.0,0.03600299381513381,0.08333333333333333,0.08333333333333333
8811aa7867fffff,2024,11,0,0.0,0.035817175107736535,0.09090909090909091,0.09090909090909091
8811aa7869fffff,2022,10,2,0.2,0.04316420063305114,0.0,0.2
8811aa7869fffff,2023,5,0,0.0,0.039415599340234385,0.2,0.0
8811aa7869fffff,2024,9,0,0.0,0.04188904014294242,0.0,0.0
8811aa786bfffff,2022,7,0,0.0,0.04756327345553526,0.2857142857142857,0.0
8811aa786bfffff,2023,9,0,0.0,0.04725920931452603,0.1111111111111111,0.0
8811aa786bfffff,2024,10,0,0.0,0.0462244269676248,0.2,0.0
8811aa786dfffff,2022,9,0,0.0,0.02426322831589255,0.2222222222222222,0.1111111111111111
8811aa786dfffff,2023,11,0,0.0,0.02584800421361821,0.18181818181818182,0.0
8811aa786dfffff,2024,14,0,0.0,0.02541510117975451,0.07142857142857142,0.0
8811aa7881fffff,2022,3,1,0.3333333333333333,0.03936043229268576,0.0,0.0
8811aa7881fffff,2023,6,0,0.0,0.039396922429627196,0.0,0.0
8811aa7881fffff,2024,9,0,0.0,0.03797603563647126,0.0,0.1111111111111111
8811aa7883fffff,2022,9,0,0.0,0.09269420491905547,0.3333333333333333,0.1111111111111111
8811aa7883fffff,2023,2,1,0.5,0.08870549125022958,1.0,0.5
8811aa7883fffff,2024,2,1,0.5,0.09388902888864696,0.0,1.0
8811aa7885fffff,2022,4,0,0.0,0.06124043271498723,0.0,0.0
8811aa7885fffff,2023,6,1,0.16666666666666666,0.06065587818767278,0.0,0.0
8811aa7885fffff,2024,8,0,0.0,0.06064745982406954,0.25,0.0
8811aa7887fffff,2022,2,0,0.0,0.03020958048024264,0.0,0.0
8811aa7887fffff,2023,4,0,0.0,0.034355157882575246,0.25,0.0
8811aa7887fffff,2024,6,0,0.0,0.032821403349492254,0.16666666666666666,0.0
8811aa7889fffff,2022,5,1,0.2,0.005574087286588413,0.4,0.0
8811aa7889fffff,2023,8,1,0.125,0.006841009401989687,0.25,0.0
8811aa7889fffff,2024,10,0,0.0,0.007033186733869541,0.1,0.0
8811aa788bfffff,2022,3,0,0.0,0.030867834084411936,0.0,0.0
8811aa788bfffff,2023,4,0,0.0,0.029260482772365627,0.0,0.0
8811aa788bfffff,2024,5,0,0.0,0.028981964858769037,0.6,0.0
8811aa788dfffff,2022,7,0,0.0,0.05156964462963298,0.0,0.2857142857142857
8811aa788dfffff,2023,8,0,0.0,0.05031952859780915,0.25,0.125
8811aa788dfffff,2024,11,2,0.18181818181818182,0.04980611429867519,0.18181818181818182,0.09090909090909091
8811aa7891fffff,2022,6,0,0.0,0.06738904773870467,0.3333333333333333,0.16666666666666666
8811aa7891fffff,2023,3,0,0.0,0.06922487552837879,0.3333333333333333,0.0
8811aa7891fffff,2024,6,0,0.0,0.06941615055880172,0.0,0.0
8811aa7893fffff,2022,4,0,0.0,0.031606677086018914,0.0,0.25
8811aa7893fffff,2023,4,0,0.0,0.03279937455850897,0.25,0.0
8811aa7893fffff,2024,6,0,0.0,0.03017795083430615,0.0,0.0
8811aa7895fffff,2022,10,0,0.0,0.005561285408401019,0.1,0.4
8811aa7895fffff,2023,11,0,0.0,0.0070862773225074584,0.09090909090909091,0.18181818181818182
8811aa7895fffff,2024,5,0,0.0,0.00673220876940353,0.2,0.2
8811aa7897fffff,2022,15,0,0.0,0.0306828502749142,0.2,0.26666666666666666
8811aa7897fffff,2023,12,0,0.0,0.030251779466299342,0.4166666666666667,0.08333333333333333
8811aa7897fffff,2024,12,0,0.0,0.03112665053088788,0.08333333333333333,0.08333333333333333
8811aa7899fffff,2022,12,0,0.0,0.036115703642389536,0.08333333333333333,0.16666666666666666
8811aa7899fffff,2023,5,0,0.0,0.03521408315876361,0.0,0.2
8811aa7899fffff,2024,11,0,0.0,0.03496108406562937,0.18181818181818182,0.2727272727272727
8811aa789bfffff,2022,5,1,0.2,0.031178102570166216,0.0,0.0
8811aa789bfffff,2023,5,0,0.0,0.03282715240962212,0.0,0.0
8811aa789bfffff,2024,5,0,0.0,0.0306742133230949,0.2,0.0
8811aa789dfffff,2022,15,0,0.0,0.030534017897713605,0.4,0.2
8811aa789dfffff,2023,7,0,0.0,0.029412532180603943,0.0,0.0
8811aa789dfffff,2024,7,1,0.14285714285714285,0.03080372966359843,0.2857142857142857,0.2857142857142857
8811aa78a1fffff,2022,11,0,0.0,0.021745259738937997,0.18181818181818182,0.18181818181818182
8811aa78a1fffff,2023,14,2,0.14285714285714285,0.023762803092469566,0.14285714285714285,0.0
8811aa78a1fffff,2024,13,1,0.07692307692307693,0.023682973226541264,0.15384615384615385,0.0
8811aa78a3fffff,2022,4,1,0.25,0.05661707706125593,0.25,0.75
8811aa78a3fffff,2023,6,0,0.0,0.055324997604514016,0.16666666666666666,0.0
8811aa78a3fffff,2024,2,0,0.0,0.05416473452224103,0.5,0.0
8811aa78a5fffff,2023,1,0,0.0,0.05468276691704358,0.0,0.0
8811aa78a7fffff,2022,3,0,0.0,0.02648818954634546,0.0,0.0
8811aa78a7fffff,2023,8,0,0.0,0.028583494286094677,0.25,0.0
8811aa78a7fffff,2024,3,0,0.0,0.02586362309474897,0.3333333333333333,0.3333333333333333
8811aa78a9fffff,2022,2,0,0.0,0.05106562097787202,0.5,0.0
8811aa78a9fffff,2024,4,0,0.0,0.05366140574143877,0.0,0.0
8811aa78abfffff,2022,3,0,0.0,0.08047871348742884,0.3333333333333333,0.3333333333333333
8811aa78abfffff,2024,2,0,0.0,0.07953149229139009,0.0,0.0
8811aa78adfffff,2022,11,1,0.09090909090909091,0.05114987874850221,0.18181818181818182,0.09090909090909091
8811aa78adfffff,2023,9,0,0.0,0.05036181802443877,0.1111111111111111,0.0
8811aa78adfffff,2024,8,0,0.0,0.04929434852278914,0.0,0.0
8811aa78b1fffff,2022,2,0,0.0,0.04250142176756274,0.0,0.0
8811aa78b1fffff,2023,2,0,0.0,0.04035427054079185,0.0,0.0
8811aa78b1fffff,2024,4,0,0.0,0.040218277324919935,0.25,0.0
8811aa78b3fffff,2023,1,0,0.0,0.11291240641308196,1.0,0.0
8811aa78b3fffff,2024,3,0,0.0,0.10601313277135449,0.3333333333333333,0.0
8811aa78b5fffff,2022,2,0,0.0,0.07563523531491183,0.0,0.5
8811aa78b5fffff,2023,4,0,0.0,0.07157182912694268,0.0,0.0
8811aa78b5fffff,2024,3,0,0.0,0.07195839890472687,0.0,0.0
8811aa78b7fffff,2022,3,0,0.0,0.032752471155457465,0.0,0.0
8811aa78b7fffff,2023,6,0,0.0,0.03527115603683556,0.16666666666666666,0.0
8811aa78b7fffff,2024,7,1,0.14285714285714285,0.039066538426812174,0.0,0.2857142857142857
8811aa78b9fffff,2022,2,0,0.0,0.0672692046113326,0.0,0.0
8811aa78b9fffff,2023,1,0,0.0,0.0677285195709407,0.0,0.0
8811aa78b9fffff,2024,2,0,0.0,0.06719950805668672,0.5,0.0
8811aa78bbfffff,2022,3,0,0.0,0.061469936445799095,0.0,0.3333333333333333
8811aa78bbfffff,2023,5,0,0.0,0.06257672628050844,0.0,0.0
8811aa78bbfffff,2024,6,0,0.0,0.06107880422530759,0.0,0.16666666666666666
8811aa78bdfffff,2022,16,0,0.0,0.061339618794433365,0.3125,0.3125
8811aa78bdfffff,2023,18,0,0.0,0.062062863358405794,0.1111111111111111,0.05555555555555555
8811aa78bdfffff,2024,9,0,0.0,0.0607930878107754,0.1111111111111111,0.2222222222222222
8811aa78c1fffff,2022,7,0,0.0,0.03176552628906833,0.42857142857142855,0.0
8811aa78c1fffff,2023,5,1,0.2,0.032457027890216004,0.0,0.0
8811aa78c1fffff,2024,11,1,0.09090909090909091,0.03347857314175992,0.09090909090909091,0.0
8811aa78c3fffff,2022,7,0,0.0,0.031592583073271126,0.2857142857142857,0.0
8811aa78c3fffff,2023,11,0,0.0,0.03186484213173655,0.09090909090909091,0.09090909090909091
8811aa78c3fffff,2024,10,0,0.0,0.030864906990182916,0.2,0.0
8811aa78c5fffff,2022,10,1,0.1,0.09148453013505889,0.3,0.1
8811aa78c5fffff,2023,10,0,0.0,0.09146432794232902,0.1,0.0
8811aa78c5fffff,2024,7,0,0.0,0.09121043406693884,0.14285714285714285,0.0
8811aa78c7fffff,2022,5,0,0.0,0.021437919022670587,0.0,0.0
8811aa78c7fffff,2023,12,1,0.08333333333333333,0.023130391876976936,0.08333333333333333,0.08333333333333333
8811aa78c7fffff,2024,14,0,0.0,0.023077824644543592,0.14285714285714285,0.0
8811aa78c9fffff,2022,4,0,0.0,0.01966361912213479,0.0,0.25
8811aa78c9fffff,2023,8,0,0.0,0.01954012343384826,0.0,0.0
8811aa78c9fffff,2024,6,0,0.0,0.016838727523504588,0.16666666666666666,0.0
8811aa78cbfffff,2022,10,0,0.0,0.045412737543174944,0.1,0.0
8811aa78cbfffff,2023,8,0,0.0,0.04446590236533298,0.375,0.0
8811aa78cbfffff,2024,9,0,0.0,0.043135958849039785,0.1111111111111111,0.0
8811aa78cdfffff,2022,4,0,0.0,0.04805724816178735,0.0,0.0
8811aa78cdfffff,2023,5,1,0.2,0.049095800943920506,0.0,0.0
8811aa78cdfffff,2024,5,0,0.0,0.04743548605147896,0.2,0.0
8811aa78d1fffff,2023,1,0,0.0,0.05252226651650288,0.0,0.0
8811aa78d1fffff,2024,1,0,0.0,0.054791329642913625,0.0,0.0
8811aa78d3fffff,2022,4,0,0.0,0.03230786008960134,0.25,0.25
8811aa78d3fffff,2023,3,0,0.0,0.03297972618182747,0.0,0.0
8811aa78d3fffff,2024,1,0,0.0,0.03313398105547027,0.0,0.0
8811aa78d5fffff,2022,4,0,0.0,0.06461146932978475,0.25,0.0
8811aa78d5fffff,2023,4,0,0.0,0.06416535565340704,0.25,0.0
8811aa78d5fffff,2024,3,0,0.0,0.06334014545654545,0.0,0.0
8811aa78d7fffff,2022,6,0,0.0,0.026346385562311992,0.0,0.0
8811aa78d7fffff,2023,4,0,0.0,0.026403194349193415,0.0,0.0
8811aa78d7fffff,2024,5,0,0.0,0.025881601121648584,0.2,0.0
8811aa78d9fffff,2022,14,0,0.0,0.026185410537544702,0.42857142857142855,0.07142857142857142
8811aa78d9fffff,2023,13,0,0.0,0.027455208706839256,0.15384615384615385,0.0
8811aa78d9fffff,2024,10,0,0.0,0.026904526296384023,0.0,0.1
8811aa78dbfffff,2022,5,1,0.2,0.031494764373874426,0.0,0.0
8811aa78dbfffff,2023,5,0,0.0,0.031598494577373466,0.0,0.2
8811aa78dbfffff,2024,6,0,0.0,0.03262348990896589,0.0,0.0
8811aa78ddfffff,2022,4,1,0.25,0.015324739686144123,0.25,0.25
8811aa78ddfffff,2023,13,3,0.23076923076923078,0.01554902148258046,0.15384615384615385,0.0
8811aa78ddfffff,2024,9,1,0.1111111111111111,0.01596677665277085,0.3333333333333333,0.0
8811aa78e1fffff,2022,7,0,0.0,0.06570931551491334,0.14285714285714285,0.0
8811aa78e1fffff,2023,6,0,0.0,0.06417835877284488,0.16666666666666666,0.0
8811aa78e1fffff,2024,12,0,0.0,0.06566287373788829,0.16666666666666666,0.08333333333333333
8811aa78e3fffff,2022,6,0,0.0,0.03272087805591347,0.16666666666666666,0.0
8811aa78e3fffff,2023,5,0,0.0,0.031476973001672716,0.0,0.0
8811aa78e3fffff,2024,7,0,0.0,0.03202400830922479,0.14285714285714285,0.0
8811aa78e5fffff,2022,11,0,0.0,0.0380443317279927,0.0,0.09090909090909091
8811aa78e5fffff,2023,7,0,0.0,0.037376783855301667,0.0,0.0
8811aa78e5fffff,2024,10,0,0.0,0.03876930326105541,0.1,0.0
8811aa78e7fffff,2022,7,0,0.0,0.0581920198338217,0.14285714285714285,0.14285714285714285
8811aa78e7fffff,2023,5,0,0.0,0.05663977965421495,0.0,0.2
8811aa78e7fffff,2024,9,1,0.1111111111111111,0.057105637401077644,0.3333333333333333,0.0
8811aa78e9fffff,2022,4,0,0.0,0.05735950778534801,0.5,0.0
8811aa78e9fffff,2023,5,0,0.0,0.05697620082388251,0.2,0.0
8811aa78e9fffff,2024,6,0,0.0,0.05981791073822929,0.0,0.0
8811aa78ebfffff,2022,6,0,0.0,0.026924335347930647,0.0,0.16666666666666666
8811aa78ebfffff,2023,4,0,0.0,0.025563252901892358,0.25,0.0
8811aa78ebfffff,2024,8,1,0.125,0.025893212466841526,0.0,0.0
8811aa78edfffff,2022,5,1,0.2,0.04286067188752006,0.2,0.2
8811aa78edfffff,2023,5,0,0.0,0.04336317277170797,0.2,0.0
8811aa78edfffff,2024,7,1,0.14285714285714285,0.04347126826173909,0.5714285714285714,0.0
8811aa7901fffff,2022,9,0,0.0,0.053229920783627566,0.1111111111111111,0.0
8811aa7901fffff,2023,5,0,0.0,0.05658111116207567,0.0,0.0
8811aa7901fffff,2024,6,1,0.16666666666666666,0.053930970799826256,0.0,0.0
8811aa7903fffff,2022,10,0,0.0,0.029203621992996587,0.4,0.1
8811aa7903fffff,2023,9,1,0.1111111111111111,0.028233776026900803,0.3333333333333333,0.1111111111111111
8811aa7903fffff,2024,9,1,0.1111111111111111,0.030114389837272566,0.0,0.2222222222222222
8811aa7905fffff,2022,10,0,0.0,0.07484458690441376,0.2,0.1
8811aa7905fffff,2023,5,0,0.0,0.0750212080747302,0.0,0.0
8811aa7905fffff,2024,6,0,0.0,0.0733990240160479,0.0,0.0
8811aa7907fffff,2022,7,0,0.0,0.023374737927410374,0.2857142857142857,0.14285714285714285
8811aa7907fffff,2023,10,1,0.1,0.02434630125923485,0.4,0.2
8811aa7907fffff,2024,6,0,0.0,0.02505828905683011,0.16666666666666666,0.0
8811aa7909fffff,2022,7,1,0.14285714285714285,0.03657369259950919,0.0,0.14285714285714285
8811aa7909fffff,2023,4,0,0.0,0.035864280184247394,0.25,0.0
8811aa7909fffff,2024,6,0,0.0,0.036347816439231254,0.16666666666666666,0.0
8811aa790bfffff,2022,9,0,0.0,0.03379674026469899,0.1111111111111111,0.2222222222222222
8811aa790bfffff,2023,9,1,0.1111111111111111,0.032242865005095406,0.0,0.1111111111111111
8811aa790bfffff,2024,11,0,0.0,0.03320634405904132,0.0,0.0
8811aa790dfffff,2022,9,0,0.0,0.013622194710011326,0.1111111111111111,0.0
8811aa790dfffff,2023,10,0,0.0,0.011244592466717279,0.2,0.0
8811aa790dfffff,2024,6,0,0.0,0.010329175798371074,0.16666666666666666,0.0
8811aa7911fffff,2022,4,0,0.0,0.05360355119592877,0.25,0.0
8811aa7911fffff,2023,7,0,0.0,0.05343263548387618,0.0,0.2857142857142857
8811aa7911fffff,2024,18,1,0.05555555555555555,0.05413042815534442,0.0,0.0
8811aa7913fffff,2024,4,0,0.0,0.10252997725735978,0.0,0.0
8811aa7915fffff,2023,1,0,0.0,0.12727861128517304,0.0,0.0
8811aa7917fffff,2022,6,0,0.0,0.06426774992281507,0.16666666666666666,0.0
8811aa7917fffff,2023,12,0,0.0,0.06387384510590909,0.16666666666666666,0.0
8811aa7917fffff,2024,6,0,0.0,0.06457160900918031,0.0,0.0
8811aa7919fffff,2022,3,0,0.0,0.04797735802487221,0.0,0.0
8811aa7919fffff,2023,1,0,0.0,0.046580501365115164,0.0,0.0
8811aa7919fffff,2024,7,0,0.0,0.047155451528847106,0.42857142857142855,0.0
8811aa791bfffff,2022,5,0,0.0,0.06616025883730865,0.2,0.2
8811aa791bfffff,2023,13,0,0.0,0.06626959892913972,0.15384615384615385,0.0
8811aa791bfffff,2024,9,0,0.0,0.06485256116088904,0.1111111111111111,0.2222222222222222
8811aa791dfffff,2022,14,0,0.0,0.005724132599432899,0.14285714285714285,0.21428571428571427
8811aa791dfffff,2023,13,0,0.0,0.004860367281861336,0.3076923076923077,0.23076923076923078
8811aa791dfffff,2024,11,0,0.0,0.0059877286758275505,0.0,0.09090909090909091
8811aa7921fffff,2022,2,1,0.5,0.057756265636481466,0.0,0.0
8811aa7921fffff,2023,7,0,0.0,0.05597133498773054,0.2857142857142857,0.14285714285714285
8811aa7921fffff,2024,8,0,0.0,0.05590297021312215,0.25,0.0
8811aa7923fffff,2022,1,0,0.0,0.07064924740905537,0.0,0.0
8811aa7923fffff,2023,1,0,0.0,0.07200120020507965,0.0,0.0
8811aa7923fffff,2024,1,0,0.0,0.07329496813437149,0.0,0.0
8811aa7925fffff,2023,4,1,0.25,0.04462162959265384,0.5,0.0
8811aa7925fffff,2024,3,0,0.0,0.043699244964111435,0.0,0.3333333333333333
8811aa7927fffff,2024,2,0,0.0,0.15568820673829945,0.0,0.0
8811aa7929fffff,2022,6,0,0.0,0.050530509742879516,0.0,0.0
8811aa7929fffff,2023,10,0,0.0,0.05265959795025373,0.2,0.1
8811aa7929fffff,2024,5,0,0.0,0.05178068900409625,0.0,0.0
8811aa792bfffff,2022,5,0,0.0,0.0483056201609896,0.2,0.2
8811aa792bfffff,2023,10,0,0.0,0.050229310750835185,0.2,0.1
8811aa792bfffff,2024,5,0,0.0,0.04884999801039741,0.2,0.2
8811aa792dfffff,2022,10,0,0.0,0.03219854228974358,0.2,0.1
8811aa792dfffff,2023,19,1,0.05263157894736842,0.03182524491767889,0.3157894736842105,0.15789473684210525
8811aa792dfffff,2024,19,0,0.0,0.03180675960516847,0.10526315789473684,0.05263157894736842
8811aa7931fffff,2022,2,0,0.0,0.029237585748992167,0.5,0.5
8811aa7931fffff,2023,2,0,0.0,0.030255394096888426,0.0,0.0
8811aa7931fffff,2024,2,0,0.0,0.031011748472358675,0.0,0.0
8811aa7933fffff,2022,2,0,0.0,0.060266753967511195,0.0,0.0
8811aa7933fffff,2023,6,1,0.16666666666666666,0.05925866297161223,0.16666666666666666,0.0
8811aa7933fffff,2024,7,0,0.0,0.05982356070438227,0.14285714285714285,0.0
8811aa7935fffff,2022,6,0,0.0,0.05979843051225734,0.0,0.16666666666666666
8811aa7935fffff,2023,3,0,0.0,0.05951250170442288,0.0,0.3333333333333333
8811aa7935fffff,2024,4,0,0.0,0.057222031983747125,0.0,0.25
8811aa7937fffff,2022,4,1,0.25,0.03169027632187354,0.25,0.25
8811aa7937fffff,2023,5,0,0.0,0.03325121499897541,0.2,0.2
8811aa7937fffff,2024,16,0,0.0,0.03257371134842292,0.125,0.0
8811aa7939fffff,2022,1,0,0.0,0.027904031879836283,0.0,0.0
8811aa7939fffff,2023,1,0,0.0,0.026988441138279574,0.0,0.0
8811aa793bfffff,2022,4,0,0.0,0.06597094782259115,0.0,0.0
8811aa793bfffff,2023,6,0,0.0,0.06363027178866225,0.0,0.0
8811aa793bfffff,2024,9,0,0.0,0.06490614494033232,0.2222222222222222,0.2222222222222222
8811aa793dfffff,2022,2,0,0.0,0.05448917572797904,0.0,0.5
8811aa793dfffff,2023,2,0,0.0,0.054880354054580305,0.0,0.0
8811aa7941fffff,2022,7,0,0.0,0.05891260313940254,0.42857142857142855,0.14285714285714285
8811aa7941fffff,2023,1,0,0.0,0.057347747053800906,0.0,0.0
8811aa7941fffff,2024,7,1,0.14285714285714285,0.05829045865454676,0.0,0.14285714285714285
8811aa7943fffff,2022,6,1,0.16666666666666666,0.05206174314079362,0.0,0.0
8811aa7943fffff,2023,6,1,0.16666666666666666,0.0517848087527939,0.0,0.16666666666666666
8811aa7943fffff,2024,6,0,0.0,0.05173791099814697,0.16666666666666666,0.0
8811aa7947fffff,2022,2,0,0.0,0.04661617157731686,0.0,0.5
8811aa7947fffff,2023,3,0,0.0,0.04415498991862208,0.3333333333333333,0.0
8811aa7947fffff,2024,4,1,0.25,0.04511444424061854,0.25,0.0
8811aa7949fffff,2022,7,0,0.0,0.03005694113584311,0.2857142857142857,0.0
8811aa7949fffff,2023,8,1,0.125,0.032689339070727644,0.125,0.0
8811aa7949fffff,2024,9,0,0.0,0.031757818986626635,0.1111111111111111,0.0
8811aa794bfffff,2022,11,0,0.0,0.013008584730631404,0.09090909090909091,0.09090909090909091
8811aa794bfffff,2023,11,1,0.09090909090909091,0.012754671789728344,0.0,0.0
8811aa794bfffff,2024,11,2,0.18181818181818182,0.011491315412055393,0.09090909090909091,0.0
8811aa794dfffff,2022,1,0,0.0,0.0418763494650642,0.0,0.0
8811aa794dfffff,2023,1,0,0.0,0.03717746725732648,0.0,0.0
8811aa794dfffff,2024,1,0,0.0,0.039472932950198054,0.0,0.0
8811aa7951fffff,2022,6,0,0.0,0.014069372837946703,0.0,0.0
8811aa7951fffff,2023,5,0,0.0,0.014921457849161893,0.0,0.0
8811aa7951fffff,2024,6,0,0.0,0.01347791854870311,0.16666666666666666,0.0
8811aa7953fffff,2022,2,0,0.0,0.04634785406009202,0.0,0.5
8811aa7953fffff,2023,3,0,0.0,0.047861196996173395,0.0,0.0
8811aa7953fffff,2024,4,0,0.0,0.047632716475536796,0.0,0.0
8811aa7955fffff,2022,7,0,0.0,0.028051526547615564,0.0,0.0
8811aa7955fffff,2023,6,0,0.0,0.028348093818772888,0.0,0.0
8811aa7955fffff,2024,7,1,0.14285714285714285,0.02946848432780683,0.14285714285714285,0.14285714285714285
8811aa7957fffff,2022,7,1,0.14285714285714285,0.020639246199233397,0.0,0.14285714285714285
8811aa7957fffff,2023,10,0,0.0,0.020199686577587105,0.0,0.0
8811aa7957fffff,2024,6,0,0.0,0.021228637994044463,0.0,0.0
8811aa7959fffff,2022,5,0,0.0,0.02829031760155514,0.0,0.0
8811aa7959fffff,2023,6,0,0.0,0.029524697667875757,0.0,0.0
8811aa7959fffff,2024,8,0,0.0,0.028784689154811537,0.0,0.0
8811aa795bfffff,2022,11,0,0.0,0.03971416356971455,0.18181818181818182,0.09090909090909091
8811aa795bfffff,2023,8,0,0.0,0.03935539422044359,0.25,0.25
8811aa795bfffff,2024,11,0,0.0,0.04107925479609558,0.36363636363636365,0.0
8811aa795dfffff,2022,7,0,0.0,0.026266784738518158,0.2857142857142857,0.0
8811aa795dfffff,2023,9,0,0.0,0.02672935827394246,0.0,0.0
8811aa795dfffff,2024,5,0,0.0,0.024676438607103994,0.6,0.4
8811aa7961fffff,2024,1,0,0.0,0.11116870006993065,1.0,0.0
8811aa7963fffff,2022,8,1,0.125,0.007770335975968981,0.125,0.125
8811aa7963fffff,2023,6,0,0.0,0.00627108912989298,0.3333333333333333,0.0
8811aa7963fffff,2024,15,0,0.0,0.00717719763791026,0.06666666666666667,0.0
8811aa7965fffff,2022,1,0,0.0,0.06562660468413457,0.0,0.0
8811aa7965fffff,2023,4,0,0.0,0.0641935141162373,0.0,0.0
8811aa7965fffff,2024,4,0,0.0,0.06667654881414667,0.0,0.0
8811aa7967fffff,2022,8,0,0.0,0.0343248574577605,0.25,0.0
8811aa7967fffff,2023,7,0,0.0,0.032743581284924425,0.0,0.0
8811aa7967fffff,2024,7,1,0.14285714285714285,0.03417080742859955,0.2857142857142857,0.14285714285714285
8811aa796bfffff,2022,1,0,0.0,0.05001089832897891,0.0,0.0
8811aa796bfffff,2023,2,0,0.0,0.04833895321195196,0.0,0.0
8811aa796bfffff,2024,2,0,0.0,0.05165796046837481,0.0,0.0
8811aa7981fffff,2022,4,0,0.0,0.041004579005102744,0.25,0.0
8811aa7981fffff,2023,10,0,0.0,0.03859653959510132,0.1,0.0
8811aa7981fffff,2024,13,0,0.0,0.03850586636694812,0.0,0.0
8811aa7983fffff,2022,3,0,0.0,0.07139071724269756,0.0,0.0
8811aa7983fffff,2023,4,0,0.0,0.0689967449408152,0.0,0.0
8811aa7983fffff,2024,2,0,0.0,0.06775022310636733,0.5,0.0
8811aa7987fffff,2022,2,0,0.0,0.047452612420555096,0.0,0.0
8811aa7987fffff,2023,3,0,0.0,0.04815083260249764,0.3333333333333333,0.0
8811aa7987fffff,2024,6,0,0.0,0.04770957217864052,0.16666666666666666,0.0
8811aa7989fffff,2022,10,2,0.1,0.07738422216755447,0.1,0.0
8811aa7989fffff,2023,11,1,0.09090909090909091,0.0766539514143194,0.09090909090909091,0.0
8811aa7989fffff,2024,7,0,0.0,0.07822110286596375,0.0,0.14285714285714285
8811aa798bfffff,2022,2,0,0.0,0.05210619701090494,0.0,0.0
8811aa798bfffff,2024,6,0,0.0,0.05293993208800154,0.0,0.0
8811aa798dfffff,2022,6,0,0.0,0.007110586170947241,0.16666666666666666,0.0
8811aa798dfffff,2024,3,0,0.0,0.005663909851095254,0.0,0.0
8811aa7991fffff,2022,2,0,0.0,0.041041961516906984,0.5,0.5
8811aa7991fffff,2023,1,0,0.0,0.039589568052449155,0.0,1.0
8811aa7991fffff,2024,1,0,0.0,0.03702231431902166,0.0,0.0
8811aa7993fffff,2022,1,0,0.0,0.07547825482306082,0.0,1.0
8811aa7993fffff,2023,1,0,0.0,0.07219937294858889,1.0,0.0
8811aa7993fffff,2024,3,1,0.3333333333333333,0.07517647759157325,0.3333333333333333,0.0
8811aa7995fffff,2022,1,0,0.0,0.08537859780939883,1.0,0.0
8811aa7995fffff,2023,4,0,0.0,0.09036115657923238,0.25,0.0
8811aa7995fffff,2024,1,0,0.0,0.08717231058346993,0.0,0.0
8811aa7997fffff,2022,5,1,0.2,0.07246700104082932,0.0,0.4
8811aa7997fffff,2023,2,0,0.0,0.07476576362490592,0.0,0.0
8811aa7997fffff,2024,6,1,0.16666666666666666,0.0719087586026571,0.0,0.0
8811aa7999fffff,2023,1,0,0.0,0.08935940343999327,0.0,0.0
8811aa7999fffff,2024,2,0,0.0,0.08698086990275819,0.0,0.0
8811aa799bfffff,2022,1,0,0.0,0.05341434553637827,0.0,1.0
8811aa799bfffff,2023,1,0,0.0,0.055657006096328177,0.0,1.0
8811aa799dfffff,2022,1,0,0.0,0.11545335840339847,0.0,1.0
8811aa79a1fffff,2024,1,0,0.0,0.03258092057610867,0.0,0.0
8811aa79a3fffff,2022,1,0,0.0,0.0732979046982732,0.0,1.0
8811aa79a3fffff,2023,3,1,0.3333333333333333,0.0728361518325168,0.0,0.0
8811aa79a3fffff,2024,2,0,0.0,0.07262001731469156,0.0,0.0
8811aa79a5fffff,2022,3,0,0.0,0.012736286756758591,0.3333333333333333,0.0
8811aa79a5fffff,2023,3,0,0.0,0.015723434905756412,0.3333333333333333,0.3333333333333333
8811aa79a5fffff,2024,6,0,0.0,0.013964296813661028,0.0,0.16666666666666666
8811aa79a7fffff,2022,1,0,0.0,0.04047498797611858,0.0,0.0
8811aa79a7fffff,2023,3,0,0.0,0.044542561811744576,0.0,0.0
8811aa79a7fffff,2024,3,0,0.0,0.04112429111589233,0.0,0.0
8811aa79adfffff,2024,1,0,0.0,0.11347376191059194,0.0,0.0
8811aa79b1fffff,2022,2,0,0.0,0.023649690066192663,0.0,0.0
8811aa79b1fffff,2023,7,0,0.0,0.02392107169405967,0.14285714285714285,0.14285714285714285
8811aa79b1fffff,2024,11,1,0.09090909090909091,0.02416329210187592,0.18181818181818182,0.2727272727272727
8811aa79b3fffff,2022,4,0,0.0,0.03186969214589245,0.25,0.0
8811aa79b3fffff,2023,7,0,0.0,0.030166722043625267,0.0,0.14285714285714285
8811aa79b3fffff,2024,14,0,0.0,0.031045878848009932,0.21428571428571427,0.0
8811aa79b5fffff,2022,1,0,0.0,0.032517682078266164,0.0,1.0
8811aa79b5fffff,2023,2,1,0.5,0.0334577555087254,0.0,0.0
8811aa79b5fffff,2024,7,1,0.14285714285714285,0.03289682656094423,0.14285714285714285,0.14285714285714285
8811aa79b7fffff,2022,5,0,0.0,0.039622924515462114,0.2,0.0
8811aa79b7fffff,2023,7,0,0.0,0.038428156646426834,0.14285714285714285,0.0
8811aa79b7fffff,2024,5,0,0.0,0.0410577026542341,0.2,0.0
8811aa79b9fffff,2022,2,0,0.0,0.07487880136743773,0.0,0.5
8811aa79b9fffff,2023,2,0,0.0,0.07497025020837604,0.5,0.0
8811aa79b9fffff,2024,1,0,0.0,0.07397335168845912,0.0,0.0
8811aa79bbfffff,2022,5,1,0.2,0.0441492933503564,0.0,0.0
8811aa79bbfffff,2023,6,0,0.0,0.04556420556457103,0.0,0.16666666666666666
8811aa79bbfffff,2024,3,0,0.0,0.04247235549295064,0.3333333333333333,0.0
8811aa79c1fffff,2022,7,1,0.14285714285714285,0.07295645809210446,0.0,0.14285714285714285
8811aa79c1fffff,2023,3,0,0.0,0.07115099626901265,0.0,0.0
8811aa79c1fffff,2024,5,1,0.2,0.07259559195265218,0.2,0.0
8811aa79c3fffff,2022,5,0,0.0,0.06049026471964876,0.0,0.2
8811aa79c3fffff,2023,4,0,0.0,0.060886447501321356,0.0,0.0
8811aa79c3fffff,2024,7,0,0.0,0.06859973637900754,0.0,0.14285714285714285
8811aa79c5fffff,2022,6,0,0.0,0.014893852876743283,0.0,0.16666666666666666
8811aa79c5fffff,2023,2,0,0.0,0.0172251787256974,0.0,0.0
8811aa79c5fffff,2024,10,1,0.1,0.016343876293904405,0.2,0.1
8811aa79c7fffff,2022,11,0,0.0,0.0145336559507165,0.09090909090909091,0.2727272727272727
8811aa79c7fffff,2023,12,0,0.0,0.012736453358124905,0.25,0.0
8811aa79c7fffff,2024,22,0,0.0,0.01324479340359121,0.09090909090909091,0.045454545454545456
8811aa79c9fffff,2022,2,0,0.0,0.04771696797378212,1.0,0.5
8811aa79c9fffff,2024,1,0,0.0,0.04657923194732871,0.0,0.0
8811aa79cbfffff,2024,1,0,0.0,0.08932750782781461,0.0,0.0
8811aa79cdfffff,2022,3,0,0.0,0.1402469995979776,0.0,0.0
8811aa79cdfffff,2023,7,1,0.14285714285714285,0.1385149528762919,0.42857142857142855,0.0
8811aa79cdfffff,2024,10,0,0.0,0.1399849166360899,0.2,0.0
8811aa79d1fffff,2022,5,0,0.0,0.051209436365855045,0.0,0.0
8811aa79d1fffff,2023,2,1,0.5,0.05281244936581164,0.0,0.0
8811aa79d1fffff,2024,2,0,0.0,0.053985994990780606,0.5,0.0
8811aa79d3fffff,2022,11,0,0.0,0.016645544758881012,0.0,0.0
8811aa79d3fffff,2023,5,0,0.0,0.015473701231855583,0.0,0.0
8811aa79d3fffff,2024,4,0,0.0,0.016478552084365817,0.0,0.0
8811aa79d5fffff,2024,2,0,0.0,0.0841680204676071,0.0,0.5
8811aa79d7fffff,2022,1,0,0.0,0.08836248131456155,0.0,1.0
8811aa79d7fffff,2023,1,0,0.0,0.08869051004228361,0.0,0.0
8811aa79d7fffff,2024,2,0,0.0,0.0856575945378456,0.5,0.0
8811aa79d9fffff,2022,8,3,0.125,0.03424920844139823,0.5,0.0
8811aa79d9fffff,2023,13,1,0.07692307692307693,0.03926609289801429,0.3076923076923077,0.07692307692307693
8811aa79d9fffff,2024,15,1,0.06666666666666667,0.033775729926568486,0.26666666666666666,0.06666666666666667
8811aa79dbfffff,2022,13,1,0.07692307692307693,0.022895925141532485,0.3076923076923077,0.3076923076923077
8811aa79dbfffff,2023,13,0,0.0,0.02569333538401005,0.23076923076923078,0.0
8811aa79dbfffff,2024,17,0,0.0,0.022366432533258387,0.0,0.058823529411764705
8811aa79ddfffff,2022,1,1,1.0,0.08475598243006167,1.0,0.0
8811aa79ddfffff,2023,3,0,0.0,0.03974878431746287,0.0,0.3333333333333333
8811aa79ddfffff,2024,6,0,0.0,0.040608410241757285,0.16666666666666666,0.0
8811aa79e9fffff,2022,4,0,0.0,0.013145347602676511,0.0,0.0
8811aa79e9fffff,2023,10,0,0.0,0.01236177969190323,0.3,0.0
8811aa79e9fffff,2024,6,0,0.0,0.014853557557084772,0.0,0.16666666666666666
8811aa79ebfffff,2022,2,0,0.0,0.05779992031586572,0.0,0.0
8811aa79ebfffff,2023,3,0,0.0,0.055632036238398554,0.0,0.0
8811aa79ebfffff,2024,7,1,0.14285714285714285,0.0563378493489509,0.0,0.0
8811aa79edfffff,2023,4,0,0.0,0.08709782557337545,0.25,0.0
8811aa79edfffff,2024,2,0,0.0,0.08998623050779667,0.0,0.0
8811aa7a01fffff,2023,1,1,1.0,0.0953221041538392,0.0,0.0
8811aa7a01fffff,2024,4,0,0.0,0.09328317837517437,0.25,0.25
8811aa7a03fffff,2022,3,0,0.0,0.10265949064634095,0.3333333333333333,0.0
8811aa7a03fffff,2023,6,0,0.0,0.10219565410102903,0.0,0.16666666666666666
8811aa7a03fffff,2024,5,0,0.0,0.10127964945024515,0.4,0.2
8811aa7a05fffff,2022,6,0,0.0,0.04699890328943707,0.0,0.16666666666666666
8811aa7a05fffff,2023,7,0,0.0,0.04678059240016059,0.0,0.0
8811aa7a05fffff,2024,3,0,0.0,0.04789050066133358,0.0,0.0
8811aa7a07fffff,2022,8,0,0.0,0.03416117660939847,0.0,0.0
8811aa7a07fffff,2023,1,0,0.0,0.032174021253397515,0.0,0.0
8811aa7a07fffff,2024,5,0,0.0,0.03452522668967996,0.0,0.0
8811aa7a09fffff,2022,3,0,0.0,0.04389707072367516,0.6666666666666666,0.6666666666666666
8811aa7a09fffff,2023,3,1,0.3333333333333333,0.04316332365943523,0.0,0.0
8811aa7a09fffff,2024,6,0,0.0,0.04304629661728337,0.5,0.16666666666666666
8811aa7a0bfffff,2022,9,0,0.0,0.02728825640378504,0.1111111111111111,0.2222222222222222
8811aa7a0bfffff,2023,10,1,0.1,0.028584324558627583,0.2,0.0
8811aa7a0bfffff,2024,9,1,0.1111111111111111,0.02937470105137386,0.0,0.1111111111111111
8811aa7a0dfffff,2022,3,0,0.0,0.0037866512800718926,0.3333333333333333,0.0
8811aa7a0dfffff,2023,3,0,0.0,0.0043397710752771275,0.0,0.0
8811aa7a11fffff,2022,11,0,0.0,0.04710668113403124,0.18181818181818182,0.0
8811aa7a11fffff,2023,10,0,0.0,0.046541061889930777,0.1,0.0
8811aa7a11fffff,2024,12,0,0.0,0.04706690904897049,0.16666666666666666,0.0
8811aa7a13fffff,2022,2,0,0.0,0.038752020965024114,0.0,0.0
8811aa7a13fffff,2023,2,0,0.0,0.04046625979864771,0.0,0.0
8811aa7a13fffff,2024,5,0,0.0,0.03738670924994632,0.2,0.2
8811aa7a15fffff,2022,15,2,0.13333333333333333,0.05018256069341542,0.26666666666666666,0.13333333333333333
8811aa7a15fffff,2023,10,0,0.0,0.0496338375500032,0.2,0.1
8811aa7a15fffff,2024,9,1,0.1111111111111111,0.04801726824065105,0.2222222222222222,0.0
8811aa7a17fffff,2022,9,0,0.0,0.06661486582195758,0.4444444444444444,0.0
8811aa7a17fffff,2023,8,2,0.125,0.06639221240727536,0.75,0.0
8811aa7a17fffff,2024,9,1,0.1111111111111111,0.06728484302117149,0.3333333333333333,0.0
8811aa7a19fffff,2022,4,0,0.0,0.047966568466563546,0.25,0.0
8811aa7a19fffff,2023,6,0,0.0,0.03842636019316963,0.0,0.0
8811aa7a19fffff,2024,5,0,0.0,0.039918401950736135,0.2,0.0
8811aa7a1bfffff,2022,13,0,0.0,0.0371544636654385,0.07692307692307693,0.38461538461538464
8811aa7a1bfffff,2023,8,0,0.0,0.03836611935618647,0.25,0.0
8811aa7a1bfffff,2024,5,0,0.0,0.03737010725735356,0.0,0.2
8811aa7a1dfffff,2022,7,0,0.0,0.10480499163316755,0.2857142857142857,0.14285714285714285
8811aa7a1dfffff,2023,5,0,0.0,0.10427634490548325,0.2,0.0
8811aa7a1dfffff,2024,9,0,0.0,0.10464743211968079,0.4444444444444444,0.0
8811aa7a21fffff,2022,5,0,0.0,0.056373794474470586,0.4,0.2
8811aa7a21fffff,2023,4,0,0.0,0.05808081411841935,0.0,0.0
8811aa7a21fffff,2024,4,0,0.0,0.05845277056174671,0.0,0.0
8811aa7a23fffff,2022,2,1,0.5,0.08419672840231679,0.5,0.0
8811aa7a23fffff,2023,4,0,0.0,0.08517310897571544,0.0,0.0
8811aa7a23fffff,2024,3,0,0.0,0.08605293804251889,0.0,0.0
8811aa7a25fffff,2022,6,0,0.0,0.03423737475128774,0.16666666666666666,0.0
8811aa7a25fffff,2023,2,0,0.0,0.035523721486775586,0.5,0.0
8811aa7a25fffff,2024,5,0,0.0,0.03519092833590918,0.0,0.0
8811aa7a27fffff,2022,1,0,0.0,0.06731118792913693,1.0,0.0
8811aa7a27fffff,2024,1,0,0.0,0.06175455983360051,0.0,0.0
8811aa7a29fffff,2022,2,0,0.0,0.07096607119449817,0.0,0.0
8811aa7a29fffff,2023,4,0,0.0,0.06965775704852323,0.0,0.0
8811aa7a29fffff,2024,4,0,0.0,0.07097267183611337,0.0,0.0
8811aa7a2bfffff,2023,1,0,0.0,0.11488070346966685,0.0,0.0
8811aa7a2dfffff,2022,5,1,0.2,0.04985842945664308,0.0,0.0
8811aa7a2dfffff,2023,8,0,0.0,0.05055663122233748,0.0,0.0
8811aa7a2dfffff,2024,5,0,0.0,0.05041888112314476,0.0,0.0
8811aa7a31fffff,2022,8,0,0.0,0.0917229993023721,0.25,0.125
8811aa7a31fffff,2023,6,0,0.0,0.09294799776632424,0.16666666666666666,0.0
8811aa7a31fffff,2024,8,0,0.0,0.09287925987588645,0.125,0.0
8811aa7a33fffff,2022,6,1,0.16666666666666666,0.03714909313433796,0.16666666666666666,0.16666666666666666
8811aa7a33fffff,2023,6,0,0.0,0.03889050770547519,0.16666666666666666,0.0
8811aa7a33fffff,2024,5,0,0.0,0.03846113919211986,0.2,0.2
8811aa7a35fffff,2022,4,1,0.25,0.10955613575899237,0.0,0.0
8811aa7a35fffff,2023,6,0,0.0,0.10911332781008232,0.16666666666666666,0.0
8811aa7a35fffff,2024,2,0,0.0,0.11020512445150586,0.0,0.0
8811aa7a37fffff,2022,9,0,0.0,0.014861070883497708,0.0,0.3333333333333333
8811aa7a37fffff,2023,9,0,0.0,0.015405699964169036,0.1111111111111111,0.0
8811aa7a37fffff,2024,3,0,0.0,0.012972601709269784,0.0,0.0
8811aa7a39fffff,2022,7,0,0.0,0.056107967122654756,0.14285714285714285,0.14285714285714285
8811aa7a39fffff,2023,8,0,0.0,0.05691345129762486,0.0,0.0
8811aa7a39fffff,2024,7,0,0.0,0.05559646597469288,0.2857142857142857,0.14285714285714285
8811aa7a3bfffff,2023,2,0,0.0,0.09875436182199854,0.0,0.0
8811aa7a3bfffff,2024,1,0,0.0,0.10234569572603512,0.0,0.0
8811aa7a3dfffff,2023,2,1,0.5,0.13591757071346308,0.0,0.0
8811aa7a3dfffff,2024,2,0,0.0,0.1346710488790152,0.5,0.0
8811aa7a41fffff,2022,5,0,0.0,0.067674131232183,0.4,0.0
8811aa7a41fffff,2023,4,2,0.5,0.06626852791176761,0.25,0.0
8811aa7a41fffff,2024,12,3,0.16666666666666666,0.06629388362481302,0.3333333333333333,0.08333333333333333
8811aa7a43fffff,2022,8,0,0.0,0.05438306961301154,0.125,0.125
8811aa7a43fffff,2023,5,0,0.0,0.05373045042415727,0.2,0.0
8811aa7a43fffff,2024,3,0,0.0,0.05374038544685211,0.0,0.0
8811aa7a45fffff,2022,4,0,0.0,0.04672895229111607,0.0,0.0
8811aa7a45fffff,2023,2,0,0.0,0.048134675256307255,0.0,0.0
8811aa7a45fffff,2024,2,0,0.0,0.04583938866480715,0.0,0.0
8811aa7a47fffff,2022,13,0,0.0,0.014711841787005778,0.15384615384615385,0.07692307692307693
8811aa7a47fffff,2023,10,0,0.0,0.014081400946974285,0.2,0.0
8811aa7a47fffff,2024,5,0,0.0,0.013401028385890667,0.2,0.2
8811aa7a49fffff,2022,7,0,0.0,0.028792320268125362,0.0,0.0
8811aa7a49fffff,2023,5,0,0.0,0.029842795109670184,0.2,0.0
8811aa7a49fffff,2024,7,0,0.0,0.030538400948650034,0.14285714285714285,0.0
8811aa7a4bfffff,2022,6,0,0.0,0.02743263925151693,0.16666666666666666,0.16666666666666666
8811aa7a4bfffff,2023,5,0,0.0,0.027830016816669752,0.2,0.0
8811aa7a4bfffff,2024,12,0,0.0,0.02718651870716471,0.08333333333333333,0.0
8811aa7a4dfffff,2022,9,0,0.0,0.00672403598711926,0.3333333333333333,0.1111111111111111
8811aa7a4dfffff,2023,14,1,0.07142857142857142,0.006686024993275628,0.2857142857142857,0.0
8811aa7a4dfffff,2024,10,2,0.2,0.006836047137317789,0.3,0.0
8811aa7a51fffff,2022,9,0,0.0,0.015657508744303217,0.2222222222222222,0.0
8811aa7a51fffff,2023,5,0,0.0,0.01473079718749834,0.0,0.0
8811aa7a51fffff,2024,7,0,0.0,0.01474487300394378,0.0,0.0
8811aa7a53fffff,2022,4,0,0.0,0.012799220637391582,0.25,0.25
8811aa7a53fffff,2023,5,0,0.0,0.011087825671478604,0.0,0.0
8811aa7a53fffff,2024,3,0,0.0,0.010880589752406073,0.0,0.0
8811aa7a55fffff,2022,1,0,0.0,0.039546117768451405,0.0,0.0
8811aa7a55fffff,2023,6,0,0.0,0.0386473689434537,0.0,0.0
8811aa7a55fffff,2024,9,0,0.0,0.038303677838691465,0.1111111111111111,0.1111111111111111
8811aa7a57fffff,2022,2,0,0.0,0.014034636493813837,0.0,0.0
8811aa7a57fffff,2023,1,0,0.0,0.014504873353407723,0.0,0.0
8811aa7a57fffff,2024,7,0,0.0,0.014748242849968578,0.2857142857142857,0.0
8811aa7a59fffff,2024,1,0,0.0,0.030694047853628573,0.0,0.0
8811aa7a5bfffff,2022,2,0,0.0,0.018810829725756623,0.0,0.0
8811aa7a5bfffff,2023,3,0,0.0,0.018348127397624876,0.0,0.0
8811aa7a5bfffff,2024,3,0,0.0,0.018877753155179363,0.0,0.0
8811aa7a5dfffff,2022,5,1,0.2,0.04204129046755837,0.0,0.2
8811aa7a5dfffff,2023,4,0,0.0,0.04282433890140318,0.0,0.0
8811aa7a5dfffff,2024,7,0,0.0,0.04178154773949322,0.0,0.0
8811aa7a61fffff,2023,2,0,0.0,0.036016491516670815,0.0,0.0
8811aa7a61fffff,2024,1,0,0.0,0.03716270477427683,0.0,0.0
8811aa7a63fffff,2023,5,0,0.0,0.05833430228860583,0.2,0.0
8811aa7a63fffff,2024,3,1,0.3333333333333333,0.05496702353049684,0.0,0.0
8811aa7a65fffff,2022,3,0,0.0,0.03046435996777209,0.0,0.0
8811aa7a65fffff,2023,4,1,0.25,0.03147605613012938,0.0,0.0
8811aa7a65fffff,2024,6,0,0.0,0.030517687483643374,0.16666666666666666,0.16666666666666666
8811aa7a67fffff,2022,5,0,0.0,0.045050017865551344,0.0,0.0
8811aa7a67fffff,2023,5,0,0.0,0.04458625204921677,0.0,0.0
8811aa7a67fffff,2024,10,0,0.0,0.04433398603939736,0.4,0.0
8811aa7a69fffff,2023,2,0,0.0,0.08961022778873796,0.0,0.0
8811aa7a69fffff,2024,1,0,0.0,0.0894211391948704,0.0,0.0
8811aa7a6bfffff,2022,1,0,0.0,0.10439940677477014,0.0,0.0
8811aa7a6bfffff,2023,2,0,0.0,0.10819244965996583,0.5,0.0
8811aa7a6bfffff,2024,1,0,0.0,0.10803874636517011,1.0,0.0
8811aa7a6dfffff,2022,8,0,0.0,0.04729394066785151,0.125,0.125
8811aa7a6dfffff,2023,10,0,0.0,0.046607511220366674,0.0,0.0
8811aa7a6dfffff,2024,5,0,0.0,0.045689877410392335,0.4,0.2
8811aa7a81fffff,2022,1,0,0.0,0.09637117057238401,0.0,0.0
8811aa7a81fffff,2023,14,0,0.0,0.0992785860452314,0.07142857142857142,0.0
8811aa7a81fffff,2024,17,0,0.0,0.09687671186075253,0.11764705882352941,0.0
8811aa7a83fffff,2022,14,1,0.07142857142857142,0.036929050557081226,0.14285714285714285,0.0
8811aa7a83fffff,2023,17,1,0.058823529411764705,0.036221467898727426,0.35294117647058826,0.0
8811aa7a83fffff,2024,29,0,0.0,0.03626113398393966,0.2413793103448276,0.0
8811aa7a85fffff,2022,14,1,0.07142857142857142,0.04011324148232421,0.14285714285714285,0.21428571428571427
8811aa7a85fffff,2023,23,2,0.08695652173913043,0.040142190858856744,0.21739130434782608,0.0
8811aa7a85fffff,2024,20,0,0.0,0.04038091052732797,0.35,0.05
8811aa7a87fffff,2022,2,0,0.0,0.06347303572785556,0.0,0.0
8811aa7a87fffff,2023,5,0,0.0,0.06285699109225967,0.2,0.0
8811aa7a87fffff,2024,8,0,0.0,0.06313267506468939,0.5,0.0
8811aa7a89fffff,2022,12,0,0.0,0.006775652081934404,0.25,0.08333333333333333
8811aa7a89fffff,2023,7,0,0.0,0.006212580453535308,0.0,0.0
8811aa7a89fffff,2024,6,0,0.0,0.00661132899824437,0.0,0.16666666666666666
8811aa7a8bfffff,2022,16,0,0.0,0.037355647651861244,0.25,0.125
8811aa7a8bfffff,2023,17,1,0.058823529411764705,0.03705249605819788,0.35294117647058826,0.0
8811aa7a8bfffff,2024,8,0,0.0,0.03710456529520291,0.375,0.125
8811aa7a8dfffff,2022,9,0,0.0,0.013628854332487526,0.2222222222222222,0.0
8811aa7a8dfffff,2023,10,0,0.0,0.015146788220676435,0.1,0.0
8811aa7a8dfffff,2024,10,0,0.0,0.014702689053891448,0.3,0.2
8811aa7a91fffff,2022,8,0,0.0,0.038496852655419994,0.125,0.125
8811aa7a91fffff,2023,6,0,0.0,0.0387184173231512,0.0,0.0
8811aa7a91fffff,2024,4,0,0.0,0.036884718586566306,0.0,0.0
8811aa7a93fffff,2022,10,0,0.0,0.08150526901188351,0.1,0.2
8811aa7a93fffff,2023,12,0,0.0,0.08033868657434125,0.16666666666666666,0.0
8811aa7a93fffff,2024,9,0,0.0,0.08106237549333192,0.0,0.0
8811aa7a95fffff,2022,6,1,0.16666666666666666,0.01338515666431943,0.16666666666666666,0.0
8811aa7a95fffff,2023,7,0,0.0,0.014699281388969806,0.14285714285714285,0.0
8811aa7a95fffff,2024,10,0,0.0,0.014166366452971663,0.1,0.0
8811aa7a97fffff,2022,13,0,0.0,0.03971869976572933,0.23076923076923078,0.0
8811aa7a97fffff,2023,6,0,0.0,0.041276333628465826,0.16666666666666666,0.0
8811aa7a97fffff,2024,9,1,0.1111111111111111,0.04187013108056558,0.3333333333333333,0.0
8811aa7a99fffff,2022,1,0,0.0,0.12168830408913969,1.0,0.0
8811aa7a99fffff,2024,4,1,0.25,0.11769987974437081,0.0,0.0
8811aa7a9bfffff,2022,13,0,0.0,0.020883027971502297,0.15384615384615385,0.07692307692307693
8811aa7a9bfffff,2023,15,0,0.0,0.020686948246270657,0.2,0.06666666666666667
8811aa7a9bfffff,2024,12,0,0.0,0.02126094284857792,0.16666666666666666,0.0
8811aa7a9dfffff,2022,10,0,0.0,0.023648361909161024,0.2,0.0
8811aa7a9dfffff,2023,14,0,0.0,0.01718290164272006,0.07142857142857142,0.0
8811aa7a9dfffff,2024,7,0,0.0,0.018400027765596426,0.14285714285714285,0.0
8811aa7aa1fffff,2022,5,0,0.0,0.04828635914472734,0.0,0.0
8811aa7aa1fffff,2023,3,0,0.0,0.04503121258420383,0.3333333333333333,0.0
8811aa7aa1fffff,2024,12,0,0.0,0.046621727823303004,0.08333333333333333,0.0
8811aa7aa3fffff,2022,2,0,0.0,0.055021703051848656,0.5,0.5
8811aa7aa3fffff,2023,2,0,0.0,0.05592717202064372,0.0,0.0
8811aa7aa3fffff,2024,7,0,0.0,0.05633354215182705,0.42857142857142855,0.0
8811aa7aa5fffff,2022,3,0,0.0,0.03471574332533389,0.3333333333333333,0.0
8811aa7aa5fffff,2023,6,0,0.0,0.03415588383527026,0.16666666666666666,0.0
8811aa7aa5fffff,2024,14,0,0.0,0.03423458371490665,0.14285714285714285,0.14285714285714285
8811aa7aa7fffff,2022,6,0,0.0,0.03223103430111419,0.0,0.16666666666666666
8811aa7aa7fffff,2023,10,0,0.0,0.03197606985579268,0.0,0.0
8811aa7aa7fffff,2024,10,2,0.2,0.032048714801890726,0.1,0.0
8811aa7aa9fffff,2022,6,0,0.0,0.03750352063573797,0.0,0.0
8811aa7aa9fffff,2023,5,0,0.0,0.035827968929205374,0.0,0.0
8811aa7aa9fffff,2024,8,0,0.0,0.03619967691002523,0.0,0.0
8811aa7aabfffff,2022,10,2,0.1,0.00462283701093107,0.2,0.1
8811aa7aabfffff,2023,11,0,0.0,0.006530180941656787,0.09090909090909091,0.0
8811aa7aabfffff,2024,11,1,0.09090909090909091,0.00720834560351423,0.09090909090909091,0.0
8811aa7aadfffff,2022,2,0,0.0,0.053887586804809776,0.5,0.0
8811aa7aadfffff,2023,6,0,0.0,0.054129449877706355,0.16666666666666666,0.0
8811aa7aadfffff,2024,7,0,0.0,0.05635540764198196,0.14285714285714285,0.0
8811aa7ab1fffff,2022,7,0,0.0,0.02824106303898791,0.14285714285714285,0.0
8811aa7ab1fffff,2023,6,0,0.0,0.025719578918941166,0.3333333333333333,0.0
8811aa7ab1fffff,2024,10,0,0.0,0.028675027006123864,0.3,0.0
8811aa7ab3fffff,2022,15,0,0.0,0.05697888374058399,0.26666666666666666,0.13333333333333333
8811aa7ab3fffff,2023,9,1,0.1111111111111111,0.0545741433673443,0.2222222222222222,0.0
8811aa7ab3fffff,2024,10,0,0.0,0.05415805716537754,0.1,0.0
8811aa7ab5fffff,2022,6,0,0.0,0.014977148135427346,0.16666666666666666,0.0
8811aa7ab5fffff,2023,17,0,0.0,0.016434821865788263,0.35294117647058826,0.0
8811aa7ab5fffff,2024,16,1,0.0625,0.015976211130818346,0.5625,0.0
8811aa7ab7fffff,2022,12,0,0.0,0.0472752816274643,0.4166666666666667,0.0
8811aa7ab7fffff,2023,9,0,0.0,0.04932153542792429,0.1111111111111111,0.0
8811aa7ab7fffff,2024,11,0,0.0,0.04929767258710546,0.0,0.0
8811aa7ab9fffff,2022,7,0,0.0,0.010568446012372923,0.2857142857142857,0.0
8811aa7ab9fffff,2023,15,1,0.06666666666666667,0.00966526218606026,0.26666666666666666,0.0
8811aa7ab9fffff,2024,9,0,0.0,0.009563558476407793,0.2222222222222222,0.0
8811aa7abbfffff,2022,10,1,0.1,0.01575909804738482,0.4,0.0
8811aa7abbfffff,2023,9,1,0.1111111111111111,0.017351298627399238,0.2222222222222222,0.0
8811aa7abbfffff,2024,6,0,0.0,0.015280492196546232,0.16666666666666666,0.0
8811aa7abdfffff,2022,11,0,0.0,0.06300142337347771,0.18181818181818182,0.09090909090909091
8811aa7abdfffff,2023,15,0,0.0,0.06239488896111842,0.0,0.0
8811aa7abdfffff,2024,21,1,0.047619047619047616,0.06323838201078956,0.23809523809523808,0.047619047619047616
8811aa7ac1fffff,2022,12,3,0.16666666666666666,0.00704568801576716,0.16666666666666666,0.16666666666666666
8811aa7ac1fffff,2023,12,1,0.08333333333333333,0.011041145974401234,0.16666666666666666,0.0
8811aa7ac1fffff,2024,19,1,0.05263157894736842,0.007930362370006607,0.21052631578947367,0.0
8811aa7ac3fffff,2022,5,0,0.0,0.04241092606897272,0.0,0.0
8811aa7ac3fffff,2023,4,0,0.0,0.030662139902265483,0.25,0.0
8811aa7ac3fffff,2024,6,0,0.0,0.03303858326873115,0.0,0.0
8811aa7ac5fffff,2022,6,0,0.0,0.02834140637222153,0.16666666666666666,0.0
8811aa7ac5fffff,2023,12,0,0.0,0.02622250914115819,0.25,0.0
8811aa7ac5fffff,2024,14,0,0.0,0.0271737340552294,0.0,0.07142857142857142
8811aa7ac7fffff,2022,7,0,0.0,0.04049467320616127,0.14285714285714285,0.14285714285714285
8811aa7ac7fffff,2023,10,0,0.0,0.04021179587634281,0.1,0.0
8811aa7ac7fffff,2024,11,1,0.09090909090909091,0.03989624048516943,0.09090909090909091,0.0
8811aa7ac9fffff,2022,3,0,0.0,0.004779047586547301,0.3333333333333333,0.0
8811aa7ac9fffff,2023,2,0,0.0,0.00530390890623469,0.0,0.0
8811aa7ac9fffff,2024,3,0,0.0,0.00845033006586183,0.3333333333333333,0.0
8811aa7acbfffff,2022,6,0,0.0,0.09409121146251481,0.5,0.0
8811aa7acbfffff,2023,3,0,0.0,0.09294909976368382,0.3333333333333333,0.3333333333333333
8811aa7acbfffff,2024,7,1,0.14285714285714285,0.09611764007052288,0.14285714285714285,0.0
8811aa7acdfffff,2022,7,0,0.0,0.08029956023444414,0.14285714285714285,0.0
8811aa7acdfffff,2023,3,0,0.0,0.08066648475443737,0.0,0.3333333333333333
8811aa7acdfffff,2024,12,1,0.08333333333333333,0.0803615627946434,0.16666666666666666,0.0
8811aa7ad1fffff,2022,6,0,0.0,0.060944442161588126,0.5,0.16666666666666666
8811aa7ad1fffff,2023,10,0,0.0,0.059696667655110766,0.3,0.0
8811aa7ad1fffff,2024,13,0,0.0,0.05954946776403166,0.3076923076923077,0.0
8811aa7ad3fffff,2022,9,0,0.0,0.01846097171410322,0.2222222222222222,0.1111111111111111
8811aa7ad3fffff,2023,15,0,0.0,0.0172798449179943,0.3333333333333333,0.0
8811aa7ad3fffff,2024,14,0,0.0,0.018879236393721334,0.14285714285714285,0.0
8811aa7ad5fffff,2022,24,2,0.041666666666666664,0.027582360957928195,0.2916666666666667,0.041666666666666664
8811aa7ad5fffff,2023,29,1,0.034482758620689655,0.028683092196246006,0.2413793103448276,0.034482758620689655
8811aa7ad5fffff,2024,30,0,0.0,0.0288177293049938,0.06666666666666667,0.06666666666666667
8811aa7ad7fffff,2022,7,0,0.0,0.07894838662420413,0.14285714285714285,0.14285714285714285
8811aa7ad7fffff,2023,3,1,0.3333333333333333,0.07952873233494322,0.3333333333333333,0.0
8811aa7ad7fffff,2024,7,1,0.14285714285714285,0.07979228722597054,0.14285714285714285,0.0
8811aa7ad9fffff,2022,16,0,0.0,0.004955625651558064,0.25,0.3125
8811aa7ad9fffff,2023,30,1,0.03333333333333333,0.006282908850353823,0.26666666666666666,0.06666666666666667
8811aa7ad9fffff,2024,7,0,0.0,0.00589448361726001,0.2857142857142857,0.0
8811aa7adbfffff,2022,18,0,0.0,0.018525053070432434,0.16666666666666666,0.2222222222222222
8811aa7adbfffff,2023,17,0,0.0,0.019075139390410927,0.23529411764705882,0.11764705882352941
8811aa7adbfffff,2024,24,0,0.0,0.020079546445034093,0.041666666666666664,0.16666666666666666
8811aa7addfffff,2022,6,1,0.16666666666666666,0.08351881378955352,0.3333333333333333,0.16666666666666666
8811aa7addfffff,2023,10,0,0.0,0.08387896035347608,0.3,0.0
8811aa7addfffff,2024,7,0,0.0,0.08375488871919574,0.42857142857142855,0.0
8811aa7ae1fffff,2022,4,0,0.0,0.04591712579829535,0.0,0.25
8811aa7ae1fffff,2023,7,0,0.0,0.04634566861196775,0.14285714285714285,0.0
8811aa7ae1fffff,2024,7,0,0.0,0.04626260553017774,0.14285714285714285,0.0
8811aa7ae3fffff,2022,22,1,0.045454545454545456,0.061433952682696476,0.13636363636363635,0.18181818181818182
8811aa7ae3fffff,2023,16,0,0.0,0.060525065649366376,0.1875,0.0
8811aa7ae3fffff,2024,25,1,0.04,0.06019718238025882,0.12,0.0
8811aa7ae5fffff,2022,6,0,0.0,0.012959190068325799,0.0,0.0
8811aa7ae5fffff,2023,11,0,0.0,0.011347361754290526,0.09090909090909091,0.0
8811aa7ae5fffff,2024,6,0,0.0,0.012620693857711677,0.0,0.0
8811aa7ae7fffff,2022,16,3,0.0625,0.03618193026474513,0.25,0.0
8811aa7ae7fffff,2023,13,0,0.0,0.035568661529915446,0.38461538461538464,0.0
8811aa7ae7fffff,2024,12,0,0.0,0.03669880175714873,0.0,0.0
8811aa7ae9fffff,2022,15,0,0.0,0.04014219943417598,0.13333333333333333,0.06666666666666667
8811aa7ae9fffff,2023,11,1,0.09090909090909091,0.04136152474630015,0.18181818181818182,0.0
8811aa7ae9fffff,2024,13,0,0.0,0.03987315967772819,0.23076923076923078,0.0
8811aa7aebfffff,2022,14,0,0.0,0.04954136169367001,0.14285714285714285,0.0
8811aa7aebfffff,2023,12,0,0.0,0.045143399283866285,0.16666666666666666,0.0
8811aa7aebfffff,2024,10,0,0.0,0.04983007408638921,0.3,0.0
8811aa7aedfffff,2022,4,0,0.0,0.07034229704699785,0.0,0.0
8811aa7aedfffff,2023,7,0,0.0,0.06852954381741293,0.14285714285714285,0.0
8811aa7aedfffff,2024,7,0,0.0,0.07053340630472096,0.0,0.0
8811aa7b01fffff,2022,10,0,0.0,0.038072543231247494,0.1,0.1
8811aa7b01fffff,2023,10,0,0.0,0.03931282380851157,0.3,0.1
8811aa7b01fffff,2024,11,1,0.09090909090909091,0.03942879557307474,0.0,0.0
8811aa7b03fffff,2022,6,0,0.0,0.04076618627606899,0.16666666666666666,0.0
8811aa7b03fffff,2023,9,0,0.0,0.0412410061663662,0.3333333333333333,0.1111111111111111
8811aa7b03fffff,2024,10,0,0.0,0.04176890027827025,0.0,0.0
8811aa7b05fffff,2022,1,0,0.0,0.03191296787285303,0.0,0.0
8811aa7b05fffff,2023,4,0,0.0,0.029004676010342567,0.0,0.0
8811aa7b05fffff,2024,4,1,0.25,0.030465795988723707,0.25,0.0
8811aa7b07fffff,2022,4,0,0.0,0.034219107573705436,0.0,0.0
8811aa7b07fffff,2023,4,0,0.0,0.03393404019876566,0.0,0.0
8811aa7b07fffff,2024,4,0,0.0,0.03273970289885908,0.0,0.25
8811aa7b09fffff,2022,2,0,0.0,0.013257191048065473,0.0,0.0
8811aa7b09fffff,2023,5,0,0.0,0.014487264430922723,0.0,0.0
8811aa7b09fffff,2024,15,0,0.0,0.015132325255770759,0.2,0.0
8811aa7b0bfffff,2022,2,0,0.0,0.05439644061822248,0.0,0.0
8811aa7b0bfffff,2023,5,0,0.0,0.053153498457831225,0.2,0.2
8811aa7b0bfffff,2024,6,0,0.0,0.05311977083429087,0.0,0.0
8811aa7b0dfffff,2022,9,1,0.1111111111111111,0.03960027798749474,0.3333333333333333,0.3333333333333333
8811aa7b0dfffff,2023,9,0,0.0,0.040245163378658085,0.2222222222222222,0.0
8811aa7b0dfffff,2024,11,0,0.0,0.0385034781948199,0.2727272727272727,0.0
8811aa7b11fffff,2022,8,0,0.0,0.023403164308708254,0.125,0.0
8811aa7b11fffff,2023,18,0,0.0,0.02296596528220385,0.05555555555555555,0.05555555555555555
8811aa7b11fffff,2024,16,0,0.0,0.022525782271849235,0.125,0.0625
8811aa7b13fffff,2022,12,0,0.0,0.01423757676552693,0.16666666666666666,0.16666666666666666
8811aa7b13fffff,2023,6,0,0.0,0.015237317295227879,0.0,0.0
8811aa7b13fffff,2024,14,0,0.0,0.01638276757571312,0.14285714285714285,0.0
8811aa7b15fffff,2022,3,0,0.0,0.021112504081859218,0.0,0.0
8811aa7b15fffff,2023,5,0,0.0,0.021905046302266546,0.4,0.0
8811aa7b15fffff,2024,10,0,0.0,0.022189308169805688,0.1,0.0
8811aa7b17fffff,2022,4,0,0.0,0.09252187599041883,0.0,0.0
8811aa7b17fffff,2023,10,0,0.0,0.0945413837487001,0.2,0.0
8811aa7b17fffff,2024,8,0,0.0,0.0944295496616785,0.125,0.0
8811aa7b19fffff,2022,12,0,0.0,0.03443745457721096,0.16666666666666666,0.0
8811aa7b19fffff,2023,7,0,0.0,0.03437091529349649,0.0,0.0
8811aa7b19fffff,2024,6,0,0.0,0.03379428080648141,0.0,0.16666666666666666
8811aa7b1bfffff,2022,7,0,0.0,0.02880230569293617,0.0,0.14285714285714285
8811aa7b1bfffff,2023,6,0,0.0,0.028724200025802043,0.0,0.0
8811aa7b1bfffff,2024,4,0,0.0,0.0281241296981171,0.25,0.0
8811aa7b1dfffff,2022,9,0,0.0,0.00584389124137078,0.1111111111111111,0.2222222222222222
8811aa7b1dfffff,2023,7,0,0.0,0.008150374921452356,0.14285714285714285,0.0
8811aa7b1dfffff,2024,8,0,0.0,0.006326573525259186,0.125,0.125
8811aa7b21fffff,2022,6,0,0.0,0.04667603223516434,0.3333333333333333,0.5
8811aa7b21fffff,2023,6,0,0.0,0.0471897121140695,0.16666666666666666,0.0
8811aa7b21fffff,2024,5,0,0.0,0.04843121509371781,0.2,0.0
8811aa7b23fffff,2022,1,0,0.0,0.0634970390878675,0.0,0.0
8811aa7b23fffff,2023,3,0,0.0,0.06295644613018875,0.0,0.3333333333333333
8811aa7b23fffff,2024,4,0,0.0,0.06465826801004981,0.0,0.0
8811aa7b25fffff,2022,11,0,0.0,0.04528437652373105,0.18181818181818182,0.0
8811aa7b25fffff,2023,10,0,0.0,0.04433359490306604,0.0,0.1
8811aa7b25fffff,2024,2,0,0.0,0.04773324735964155,0.0,0.0
8811aa7b27fffff,2022,8,0,0.0,0.03457299718166582,0.0,0.125
8811aa7b27fffff,2023,1,0,0.0,0.03126513906542992,0.0,0.0
8811aa7b27fffff,2024,6,0,0.0,0.03426727472793082,0.0,0.16666666666666666
8811aa7b29fffff,2022,3,0,0.0,0.03823765029712947,0.6666666666666666,0.0
8811aa7b29fffff,2023,8,0,0.0,0.035861602101989985,0.0,0.0
8811aa7b29fffff,2024,11,0,0.0,0.036187052259978876,0.0,0.0
8811aa7b2bfffff,2022,3,0,0.0,0.08525348876891303,0.0,0.0
8811aa7b2bfffff,2023,4,0,0.0,0.08831243362128097,0.0,0.0
8811aa7b2bfffff,2024,10,0,0.0,0.08705330996124773,0.3,0.0
8811aa7b2dfffff,2022,14,1,0.07142857142857142,0.04867119490193652,0.07142857142857142,0.0
8811aa7b2dfffff,2023,15,0,0.0,0.04696158718315572,0.2,0.13333333333333333
8811aa7b2dfffff,2024,8,0,0.0,0.04853227386209102,0.25,0.0
8811aa7b31fffff,2022,11,0,0.0,0.0649206430319888,0.09090909090909091,0.0
8811aa7b31fffff,2023,8,0,0.0,0.0645895261140674,0.25,0.0
8811aa7b31fffff,2024,10,0,0.0,0.06563803268252648,0.0,0.0
8811aa7b33fffff,2022,7,0,0.0,0.040682843705884,0.14285714285714285,0.14285714285714285
8811aa7b33fffff,2023,7,0,0.0,0.041609145962253194,0.14285714285714285,0.0
8811aa7b33fffff,2024,4,0,0.0,0.04207210205866509,0.0,0.0
8811aa7b35fffff,2022,3,0,0.0,0.020288141978174808,0.0,0.3333333333333333
8811aa7b35fffff,2023,7,0,0.0,0.019132289357536608,0.14285714285714285,0.0
8811aa7b35fffff,2024,2,0,0.0,0.01874321305245643,0.0,0.0
8811aa7b37fffff,2023,1,0,0.0,0.020523928359391937,0.0,0.0
8811aa7b37fffff,2024,6,0,0.0,0.019850636204317623,0.16666666666666666,0.0
8811aa7b39fffff,2022,5,0,0.0,0.03605859667860045,0.0,0.0
8811aa7b39fffff,2023,5,0,0.0,0.036709985489588634,0.2,0.0
8811aa7b39fffff,2024,9,0,0.0,0.034433328261585044,0.1111111111111111,0.0
8811aa7b3bfffff,2022,11,0,0.0,0.05883103825524005,0.09090909090909091,0.18181818181818182
8811aa7b3bfffff,2023,12,1,0.08333333333333333,0.05893586254425135,0.16666666666666666,0.0
8811aa7b3bfffff,2024,15,0,0.0,0.05964242438046881,0.3333333333333333,0.06666666666666667
8811aa7b3dfffff,2022,11,0,0.0,0.01767505924895558,0.18181818181818182,0.09090909090909091
8811aa7b3dfffff,2023,4,0,0.0,0.018574331245299742,0.25,0.0
8811aa7b3dfffff,2024,8,0,0.0,0.018409075260107932,0.125,0.0
8811aa7b41fffff,2022,5,0,0.0,0.041917176070710424,0.0,0.0
8811aa7b41fffff,2023,3,0,0.0,0.042760044194075364,0.3333333333333333,0.0
8811aa7b41fffff,2024,3,0,0.0,0.04223898655343536,0.0,0.0
8811aa7b43fffff,2022,2,0,0.0,0.044155283403613986,0.0,0.0
8811aa7b43fffff,2023,6,0,0.0,0.045515393697628366,0.0,0.0
8811aa7b43fffff,2024,8,0,0.0,0.04759744042621981,0.0,0.0
8811aa7b45fffff,2022,9,0,0.0,0.06002903932852626,0.1111111111111111,0.0
8811aa7b45fffff,2023,4,0,0.0,0.062191019313396746,0.0,0.0
8811aa7b45fffff,2024,6,0,0.0,0.05853089432576603,0.16666666666666666,0.0
8811aa7b47fffff,2022,11,0,0.0,0.005435791842369628,0.36363636363636365,0.0
8811aa7b47fffff,2023,6,0,0.0,0.004711754523033371,0.16666666666666666,0.0
8811aa7b47fffff,2024,7,0,0.0,0.007052480652314696,0.14285714285714285,0.0
8811aa7b49fffff,2022,2,0,0.0,0.06594033714177558,0.0,0.0
8811aa7b49fffff,2023,2,0,0.0,0.06538551284898843,0.0,0.0
8811aa7b49fffff,2024,2,0,0.0,0.06486130057839724,0.0,0.0
8811aa7b4bfffff,2022,4,0,0.0,0.08161865387909191,0.0,0.0
8811aa7b4bfffff,2023,4,0,0.0,0.08076880979361886,0.0,0.0
8811aa7b4bfffff,2024,4,0,0.0,0.08004153496956909,0.25,0.0
8811aa7b4dfffff,2022,6,0,0.0,0.04535339401096016,0.0,0.0
8811aa7b4dfffff,2023,4,0,0.0,0.04413090849550406,0.25,0.0
8811aa7b4dfffff,2024,6,0,0.0,0.04350480178888117,0.0,0.0
8811aa7b51fffff,2024,2,0,0.0,0.06351083543836564,0.0,0.0
8811aa7b55fffff,2022,2,0,0.0,0.07298150608395251,0.5,0.0
8811aa7b55fffff,2023,4,0,0.0,0.07990028850927963,0.25,0.0
8811aa7b57fffff,2022,7,0,0.0,0.03153728478398785,0.2857142857142857,0.14285714285714285
8811aa7b57fffff,2023,5,0,0.0,0.033076539992606374,0.0,0.2
8811aa7b57fffff,2024,5,0,0.0,0.03342922150677693,0.0,0.0
8811aa7b59fffff,2022,2,0,0.0,0.028392082218699204,0.0,0.5
8811aa7b59fffff,2023,7,1,0.14285714285714285,0.02691969365457982,0.0,0.0
8811aa7b59fffff,2024,9,1,0.1111111111111111,0.029461896466763973,0.1111111111111111,0.1111111111111111
8811aa7b5bfffff,2022,10,0,0.0,0.0635066049723965,0.0,0.0
8811aa7b5bfffff,2023,10,0,0.0,0.0631358926779507,0.0,0.0
8811aa7b5bfffff,2024,12,0,0.0,0.06448050184018979,0.0,0.0
8811aa7b5dfffff,2024,1,0,0.0,0.1305385908897083,1.0,0.0
8811aa7b61fffff,2022,11,0,0.0,0.022913058621357233,0.0,0.0
8811aa7b61fffff,2023,13,0,0.0,0.021653968156779217,0.15384615384615385,0.15384615384615385
8811aa7b61fffff,2024,6,0,0.0,0.024592038720606713,0.16666666666666666,0.0
8811aa7b63fffff,2022,4,0,0.0,0.07102783980898711,0.25,0.0
8811aa7b63fffff,2023,5,0,0.0,0.06996891436694054,0.4,0.0
8811aa7b65fffff,2022,5,0,0.0,0.011161249526519491,0.2,0.0
8811aa7b65fffff,2023,6,0,0.0,0.00970818043102725,0.16666666666666666,0.0
8811aa7b65fffff,2024,1,0,0.0,0.011063580363664121,0.0,0.0
8811aa7b67fffff,2022,8,1,0.125,0.03913517792636195,0.0,0.125
8811aa7b67fffff,2023,12,1,0.08333333333333333,0.04063721339807542,0.08333333333333333,0.0
8811aa7b67fffff,2024,9,0,0.0,0.041696960386416716,0.2222222222222222,0.0
8811aa7b69fffff,2022,4,0,0.0,0.04508148392548544,0.25,0.0
8811aa7b69fffff,2023,9,0,0.0,0.04323041613216775,0.0,0.0
8811aa7b69fffff,2024,1,0,0.0,0.043026780703732115,0.0,0.0
8811aa7b6bfffff,2023,4,0,0.0,0.08449347528954805,0.5,0.0
8811aa7b6bfffff,2024,3,1,0.3333333333333333,0.09009021815268187,0.6666666666666666,0.0
8811aa7b6dfffff,2022,6,1,0.16666666666666666,0.06660201870195591,0.0,0.0
8811aa7b6dfffff,2023,3,0,0.0,0.06616154259551833,0.6666666666666666,0.0
8811aa7b6dfffff,2024,7,0,0.0,0.0661125098386586,0.0,0.0
8811aacd95fffff,2024,1,0,0.0,0.27571713632673384,0.0,0.0
8811aacdb5fffff,2024,1,0,0.0,0.09752290435390713,0.0,0.0
8811aacdd3fffff,2023,1,0,0.0,0.08702735471813632,0.0,0.0
,2020,7992,377,0.042917917917917915,0.00640457585349863,0.1679179179179179,0.1384057064197222
,2021,8586,359,0.03878406708595388,0.006443997146857471,0.1663172606568833,0.13980876865671643
,2023,1,0,0.0,0.008832428706363245,1.0,
